{
"T":15.644513130187988,
"H":95.02784729003906,
"P":997.076171875,
"PM10":93.9,
"PM25":131.5,
"S":114.0,
"utciso":"2023-05-14T06:20:02Z"
}