{
"T":30.027820587158203,
"H":42.066864013671875,
"P":1001.468505859375,
"PM10":127.2,
"PM25":211.7,
"S":126.0,
"utciso":"2023-06-24T10:50:02Z"
}