{
"T":19.661128997802734,
"H":102.96511840820312,
"P":998.19091796875,
"PM10":116.3,
"PM25":174.7,
"S":192.0,
"utciso":"2023-05-22T07:50:03Z"
}