{
"T":35.555450439453125,
"H":53.90556335449219,
"P":1002.265380859375,
"PM10":7.7,
"PM25":8.3,
"S":225.0,
"utciso":"2022-07-17T14:10:03Z"
}