{
"T":22.224111557006836,
"H":122.8296890258789,
"P":993.352783203125,
"PM10":107.6,
"PM25":161.0,
"S":157.0,
"utciso":"2023-06-13T10:50:02Z"
}