{
"T":17.09814453125,
"H":80.12178039550781,
"P":992.3251953125,
"PM10":98.8,
"PM25":144.3,
"S":112.0,
"utciso":"2023-05-14T23:40:03Z"
}