{
"T":23.467350006103516,
"H":89.2047348022461,
"P":997.0244140625,
"PM10":130.9,
"PM25":218.1,
"S":132.0,
"utciso":"2023-06-30T00:30:03Z"
}