{
"T":33.48976135253906,
"H":64.54052734375,
"P":991.950439453125,
"PM10":147.0,
"PM25":267.0,
"S":167.0,
"utciso":"2023-06-27T17:30:03Z"
}