{
"T":20.693971633911133,
"H":129.11106872558594,
"P":999.9111328125,
"PM10":131.5,
"PM25":222.0,
"S":125.0,
"utciso":"2023-05-31T17:10:03Z"
}