{
"T":23.142194747924805,
"H":93.40861511230469,
"P":994.89599609375,
"PM10":131.6,
"PM25":222.7,
"S":174.0,
"utciso":"2023-06-30T07:50:03Z"
}