{
"T":19.182960510253906,
"H":88.73423767089844,
"P":999.398681640625,
"PM10":99.7,
"PM25":142.1,
"S":143.0,
"utciso":"2023-05-08T00:30:03Z"
}