{
"T":25.207881927490234,
"H":65.23404693603516,
"P":998.742431640625,
"PM10":114.2,
"PM25":179.7,
"S":144.0,
"utciso":"2023-05-26T19:30:03Z"
}