{
"T":27.962133407592773,
"H":76.01260375976562,
"P":998.220947265625,
"PM10":127.3,
"PM25":211.0,
"S":133.0,
"utciso":"2023-06-18T14:20:03Z"
}