{
"T":26.60413360595703,
"H":77.55239868164062,
"P":998.498046875,
"PM10":132.4,
"PM25":226.4,
"S":137.0,
"utciso":"2023-06-26T00:10:03Z"
}