{
"T":16.409582138061523,
"H":88.64258575439453,
"P":997.6572265625,
"PM10":94.4,
"PM25":127.9,
"S":142.0,
"utciso":"2023-04-29T07:00:03Z"
}