{
"T":26.891035079956055,
"H":72.13867950439453,
"P":1000.578369140625,
"PM10":,
"PM25":,
"S":,
"utciso":"2022-07-10T08:20:17Z"
}