{
"T":27.751739501953125,
"H":78.67058563232422,
"P":994.449951171875,
"PM10":163.2,
"PM25":336.0,
"S":174.0,
"utciso":"2023-07-03T21:00:03Z"
}