{
"T":19.64200210571289,
"H":83.17692565917969,
"P":998.5126953125,
"PM10":105.1,
"PM25":159.9,
"S":125.0,
"utciso":"2023-05-02T10:00:02Z"
}