{
"T":17.767581939697266,
"H":108.07943725585938,
"P":996.596435546875,
"PM10":112.1,
"PM25":166.7,
"S":136.0,
"utciso":"2023-05-01T09:10:03Z"
}