{
"T":27.50309181213379,
"H":76.18370056152344,
"P":998.55224609375,
"PM10":3.3,
"PM25":4.9,
"S":304.0,
"utciso":"2022-07-06T00:10:17Z"
}