{
"T":28.727203369140625,
"H":53.404518127441406,
"P":1003.38232421875,
"PM10":2.3,
"PM25":3.1,
"S":215.0,
"utciso":"2022-07-08T21:00:21Z"
}