{
"T":30.69725799560547,
"H":74.16119384765625,
"P":999.6376953125,
"PM10":7.2,
"PM25":7.7,
"S":280.0,
"utciso":"2022-07-16T09:30:03Z"
}