{
"T":27.8856258392334,
"H":62.255279541015625,
"P":1001.595947265625,
"PM10":,
"PM25":,
"S":,
"utciso":"2022-07-09T22:00:24Z"
}