{
"T":28.191654205322266,
"H":71.3382339477539,
"P":995.777587890625,
"PM10":148.7,
"PM25":285.3,
"S":171.0,
"utciso":"2023-07-04T21:20:03Z"
}