{
"T":18.93431282043457,
"H":89.09780883789062,
"P":1000.504150390625,
"PM10":103.0,
"PM25":150.3,
"S":156.0,
"utciso":"2023-05-08T06:00:02Z"
}