{
"T":34.73299789428711,
"H":58.98321533203125,
"P":992.2705078125,
"PM10":148.9,
"PM25":272.7,
"S":152.0,
"utciso":"2023-06-27T15:40:02Z"
}