{
"T":19.25946617126465,
"H":80.75724792480469,
"P":994.311767578125,
"PM10":99.7,
"PM25":145.0,
"S":110.0,
"utciso":"2023-05-10T21:00:03Z"
}