{
"T":20.34969139099121,
"H":87.84213256835938,
"P":1000.5595703125,
"PM10":102.0,
"PM25":142.6,
"S":145.0,
"utciso":"2023-05-09T05:30:03Z"
}