{
"T":26.718894958496094,
"H":85.11083984375,
"P":996.203125,
"PM10":122.1,
"PM25":194.2,
"S":135.0,
"utciso":"2023-06-01T15:40:02Z"
}