{
"T":26.871910095214844,
"H":63.83784484863281,
"P":999.153076171875,
"PM10":151.2,
"PM25":294.4,
"S":136.0,
"utciso":"2023-06-19T22:00:03Z"
}