{
"T":21.631181716918945,
"H":100.6065444946289,
"P":994.455810546875,
"PM10":107.9,
"PM25":150.4,
"S":129.0,
"utciso":"2023-05-09T17:00:03Z"
}