{
"T":33.71928024291992,
"H":42.36627197265625,
"P":997.669677734375,
"PM10":135.5,
"PM25":233.0,
"S":115.0,
"utciso":"2023-06-23T18:30:02Z"
}