{
"T":22.664026260375977,
"H":78.48117065429688,
"P":995.314453125,
"PM10":114.8,
"PM25":177.1,
"S":163.0,
"utciso":"2023-05-24T08:40:02Z"
}