{
"T":24.328052520751953,
"H":92.20488739013672,
"P":994.396240234375,
"PM10":116.0,
"PM25":177.3,
"S":184.0,
"utciso":"2023-06-10T22:20:03Z"
}