{
"T":21.688562393188477,
"H":125.96121215820312,
"P":992.179443359375,
"PM10":103.4,
"PM25":149.4,
"S":199.0,
"utciso":"2023-06-13T04:40:23Z"
}