{
"T":25.705177307128906,
"H":105.84612274169922,
"P":998.60595703125,
"PM10":130.9,
"PM25":218.0,
"S":159.0,
"utciso":"2023-06-01T11:50:03Z"
}