{
"T":25.533037185668945,
"H":87.33192443847656,
"P":996.2880859375,
"PM10":144.5,
"PM25":269.6,
"S":184.0,
"utciso":"2023-07-06T01:40:03Z"
}