{
"T":25.246135711669922,
"H":69.98175048828125,
"P":995.58984375,
"PM10":101.1,
"PM25":135.9,
"S":121.0,
"utciso":"2023-05-09T14:40:03Z"
}