{
"T":28.765457153320312,
"H":57.45564270019531,
"P":996.802001953125,
"PM10":127.6,
"PM25":213.7,
"S":133.0,
"utciso":"2023-06-16T11:40:02Z"
}