{
"T":29.147991180419922,
"H":64.60469055175781,
"P":998.3046875,
"PM10":134.7,
"PM25":233.4,
"S":126.0,
"utciso":"2023-06-25T21:30:03Z"
}