{
"T":34.19744873046875,
"H":46.857337951660156,
"P":996.547119140625,
"PM10":3.4,
"PM25":3.7,
"S":156.0,
"utciso":"2022-07-07T18:30:18Z"
}