{
"T":30.314722061157227,
"H":69.0713119506836,
"P":1001.988525390625,
"PM10":11.0,
"PM25":12.1,
"S":261.0,
"utciso":"2022-07-20T02:00:02Z"
}