{
"T":26.718894958496094,
"H":86.38177490234375,
"P":999.341552734375,
"PM10":5.6,
"PM25":6.2,
"S":290.0,
"utciso":"2022-07-07T04:40:17Z"
}