{
"T":28.765457153320312,
"H":56.12665557861328,
"P":996.04541015625,
"PM10":138.9,
"PM25":246.2,
"S":116.0,
"utciso":"2023-05-30T14:00:03Z"
}