{
"T":24.060277938842773,
"H":102.14022827148438,
"P":998.92626953125,
"PM10":119.0,
"PM25":183.0,
"S":123.0,
"utciso":"2023-06-04T14:00:02Z"
}