{
"T":25.66692352294922,
"H":79.96902465820312,
"P":997.377685546875,
"PM10":116.0,
"PM25":180.9,
"S":118.0,
"utciso":"2023-06-05T13:00:03Z"
}