{
"T":27.73261260986328,
"H":87.05696105957031,
"P":999.198486328125,
"PM10":9.3,
"PM25":10.2,
"S":299.0,
"utciso":"2022-07-16T05:50:03Z"
}