{
"T":32.629058837890625,
"H":36.460670471191406,
"P":999.509033203125,
"PM10":134.5,
"PM25":230.8,
"S":115.0,
"utciso":"2023-06-24T14:10:03Z"
}