{
"T":28.574188232421875,
"H":76.59919738769531,
"P":997.7587890625,
"PM10":133.0,
"PM25":226.9,
"S":137.0,
"utciso":"2023-06-18T18:10:02Z"
}