{
"T":36.817813873291016,
"H":53.428958892822266,
"P":994.583984375,
"PM10":3.3,
"PM25":3.6,
"S":196.0,
"utciso":"2022-07-15T15:00:03Z"
}