{
"T":24.04115104675293,
"H":95.5655517578125,
"P":997.561767578125,
"PM10":115.8,
"PM25":176.8,
"S":164.0,
"utciso":"2023-06-08T08:40:03Z"
}