{
"T":22.836166381835938,
"H":109.46341705322266,
"P":998.448974609375,
"PM10":4.6,
"PM25":6.1,
"S":318.0,
"utciso":"2022-07-04T18:10:17Z"
}