{
"T":26.718894958496094,
"H":85.48356628417969,
"P":997.742919921875,
"PM10":148.1,
"PM25":274.9,
"S":213.0,
"utciso":"2023-07-05T08:20:03Z"
}