{
"T":21.191267013549805,
"H":83.50077819824219,
"P":998.78466796875,
"PM10":93.8,
"PM25":128.1,
"S":129.0,
"utciso":"2023-05-07T19:50:03Z"
}