{
"T":25.99207878112793,
"H":64.14335632324219,
"P":998.212646484375,
"PM10":101.3,
"PM25":140.2,
"S":124.0,
"utciso":"2023-05-07T11:30:02Z"
}