{
"T":31.19455337524414,
"H":63.38874053955078,
"P":999.00634765625,
"PM10":7.3,
"PM25":8.0,
"S":248.0,
"utciso":"2022-07-21T23:20:03Z"
}