{
"T":20.56008529663086,
"H":103.70140838623047,
"P":995.495361328125,
"PM10":111.0,
"PM25":167.8,
"S":131.0,
"utciso":"2023-06-03T01:50:02Z"
}