{
"T":24.997488021850586,
"H":102.9192886352539,
"P":998.943603515625,
"PM10":4.7,
"PM25":5.1,
"S":301.0,
"utciso":"2022-07-04T01:50:23Z"
}