{
"T":24.251544952392578,
"H":86.53759002685547,
"P":998.492431640625,
"PM10":107.9,
"PM25":161.7,
"S":123.0,
"utciso":"2023-06-07T11:40:03Z"
}