{
"T":15.510625839233398,
"H":81.8143310546875,
"P":987.668212890625,
"PM10":103.5,
"PM25":154.8,
"S":126.0,
"utciso":"2023-05-16T06:20:03Z"
}