{
"T":19.431608200073242,
"H":129.11106872558594,
"P":1000.660888671875,
"PM10":131.5,
"PM25":222.0,
"S":125.0,
"utciso":"2023-05-31T01:40:03Z"
}