{
"T":36.35877227783203,
"H":48.6934814453125,
"P":1001.613037109375,
"PM10":8.5,
"PM25":9.2,
"S":188.0,
"utciso":"2022-07-18T14:30:03Z"
}