{
"T":19.10645294189453,
"H":78.8630599975586,
"P":994.6962890625,
"PM10":96.7,
"PM25":138.7,
"S":107.0,
"utciso":"2023-05-14T11:40:03Z"
}