{
"T":16.256568908691406,
"H":84.13319396972656,
"P":1003.765869140625,
"PM10":102.8,
"PM25":152.1,
"S":122.0,
"utciso":"2023-05-04T02:20:03Z"
}