{
"T":21.822450637817383,
"H":95.85884857177734,
"P":994.825439453125,
"PM10":133.5,
"PM25":222.0,
"S":162.0,
"utciso":"2023-06-30T05:30:03Z"
}