{
"T":18.532649993896484,
"H":84.95502471923828,
"P":994.67578125,
"PM10":100.9,
"PM25":146.6,
"S":128.0,
"utciso":"2023-05-12T10:30:02Z"
}