{
"T":25.81993865966797,
"H":71.98592376708984,
"P":997.8193359375,
"PM10":117.6,
"PM25":182.5,
"S":127.0,
"utciso":"2023-05-27T20:00:03Z"
}