{
"T":23.83075714111328,
"H":87.70159912109375,
"P":996.661376953125,
"PM10":117.8,
"PM25":186.2,
"S":164.0,
"utciso":"2023-06-16T01:40:04Z"
}