{
"T":23.543855667114258,
"H":115.2804183959961,
"P":992.91455078125,
"PM10":109.4,
"PM25":165.2,
"S":156.0,
"utciso":"2023-06-13T11:50:02Z"
}