{
"T":28.74633026123047,
"H":74.25895690917969,
"P":1000.688720703125,
"PM10":12.9,
"PM25":14.2,
"S":249.0,
"utciso":"2022-07-21T06:50:05Z"
}