{
"T":19.948028564453125,
"H":92.33625793457031,
"P":996.843994140625,
"PM10":109.1,
"PM25":158.3,
"S":195.0,
"utciso":"2023-05-23T07:10:02Z"
}