{
"T":26.96754264831543,
"H":62.25833511352539,
"P":1001.566650390625,
"PM10":,
"PM25":,
"S":,
"utciso":"2022-07-09T22:50:17Z"
}