{
"T":20.12017059326172,
"H":120.26335906982422,
"P":1003.02685546875,
"PM10":106.5,
"PM25":154.4,
"S":130.0,
"utciso":"2023-05-25T17:10:03Z"
}