{
"T":24.80622100830078,
"H":95.18060302734375,
"P":992.701416015625,
"PM10":141.4,
"PM25":260.7,
"S":177.0,
"utciso":"2023-07-02T07:10:03Z"
}