{
"T":18.51352310180664,
"H":81.93042755126953,
"P":1001.287841796875,
"PM10":100.2,
"PM25":145.5,
"S":113.0,
"utciso":"2023-05-02T21:40:03Z"
}