{
"T":31.768354415893555,
"H":59.42315673828125,
"P":1003.18212890625,
"PM10":10.0,
"PM25":11.2,
"S":252.0,
"utciso":"2022-07-20T08:20:03Z"
}