{
"T":24.710586547851562,
"H":45.29615783691406,
"P":989.28857421875,
"PM10":102.6,
"PM25":150.5,
"S":112.0,
"utciso":"2023-05-15T13:00:03Z"
}