{
"T":19.469860076904297,
"H":77.1705093383789,
"P":1000.88525390625,
"PM10":101.1,
"PM25":147.4,
"S":113.0,
"utciso":"2023-05-02T20:40:03Z"
}