{
"T":22.644899368286133,
"H":106.88792419433594,
"P":994.98876953125,
"PM10":175.5,
"PM25":320.2,
"S":173.0,
"utciso":"2023-06-14T22:10:05Z"
}