{
"T":26.776275634765625,
"H":81.98542022705078,
"P":996.107177734375,
"PM10":128.9,
"PM25":213.5,
"S":173.0,
"utciso":"2023-06-27T02:20:03Z"
}