{
"T":34.426971435546875,
"H":47.349212646484375,
"P":996.1728515625,
"PM10":2.2,
"PM25":2.4,
"S":210.0,
"utciso":"2022-07-05T14:50:17Z"
}