{
"T":34.00618362426758,
"H":56.154151916503906,
"P":996.389892578125,
"PM10":2.3,
"PM25":2.5,
"S":209.0,
"utciso":"2022-07-05T14:00:18Z"
}