{
"T":23.964645385742188,
"H":80.28064727783203,
"P":1001.116943359375,
"PM10":,
"PM25":,
"S":,
"utciso":"2022-07-10T05:10:24Z"
}