{
"T":29.68354034423828,
"H":73.61126708984375,
"P":996.884521484375,
"PM10":157.6,
"PM25":304.6,
"S":191.0,
"utciso":"2023-07-05T11:20:03Z"
}