{
"T":19.029945373535156,
"H":92.68760681152344,
"P":998.998291015625,
"PM10":125.8,
"PM25":207.4,
"S":151.0,
"utciso":"2023-05-30T05:40:03Z"
}