{
"T":24.5384464263916,
"H":110.67936706542969,
"P":993.5810546875,
"PM10":121.6,
"PM25":192.0,
"S":174.0,
"utciso":"2023-06-14T12:50:03Z"
}