{
"T":31.844860076904297,
"H":63.67286682128906,
"P":1000.212646484375,
"PM10":11.3,
"PM25":12.5,
"S":247.0,
"utciso":"2022-07-22T08:50:03Z"
}