{
"T":15.816654205322266,
"H":109.66505432128906,
"P":995.58837890625,
"PM10":95.7,
"PM25":136.1,
"S":121.0,
"utciso":"2023-05-12T16:30:03Z"
}