{
"T":28.229907989501953,
"H":77.47602844238281,
"P":996.7568359375,
"PM10":129.6,
"PM25":208.2,
"S":162.0,
"utciso":"2023-06-28T09:10:03Z"
}