{
"T":14.688176155090332,
"H":122.91828155517578,
"P":998.446533203125,
"PM10":102.0,
"PM25":146.1,
"S":131.0,
"utciso":"2023-05-01T20:00:03Z"
}