{
"T":18.83867835998535,
"H":107.15372467041016,
"P":996.1943359375,
"PM10":99.9,
"PM25":130.3,
"S":119.0,
"utciso":"2023-04-30T17:50:02Z"
}