{
"T":20.67484474182129,
"H":88.34928894042969,
"P":997.501220703125,
"PM10":97.0,
"PM25":135.7,
"S":119.0,
"utciso":"2023-05-24T23:50:03Z"
}