{
"T":21.994590759277344,
"H":126.67611694335938,
"P":1000.5595703125,
"PM10":131.5,
"PM25":222.0,
"S":125.0,
"utciso":"2023-05-31T15:30:02Z"
}