{
"T":29.052356719970703,
"H":76.78861999511719,
"P":997.649169921875,
"PM10":132.3,
"PM25":224.4,
"S":135.0,
"utciso":"2023-06-18T16:40:02Z"
}