{
"T":19.85239601135254,
"H":62.200286865234375,
"P":1001.310302734375,
"PM10":111.2,
"PM25":171.1,
"S":113.0,
"utciso":"2023-04-28T09:30:02Z"
}