{
"T":14.669049263000488,
"H":123.01299285888672,
"P":998.41455078125,
"PM10":104.2,
"PM25":153.3,
"S":131.0,
"utciso":"2023-05-01T19:50:03Z"
}