{
"T":21.43991470336914,
"H":70.53472900390625,
"P":992.797119140625,
"PM10":100.8,
"PM25":146.9,
"S":109.0,
"utciso":"2023-05-10T17:00:03Z"
}