{
"T":25.896446228027344,
"H":76.34255981445312,
"P":997.34716796875,
"PM10":110.1,
"PM25":166.4,
"S":118.0,
"utciso":"2023-06-07T13:10:03Z"
}