{
"T":21.669435501098633,
"H":109.2098388671875,
"P":996.589599609375,
"PM10":115.5,
"PM25":178.3,
"S":137.0,
"utciso":"2023-05-21T13:20:03Z"
}