{
"T":19.775888442993164,
"H":79.33966064453125,
"P":998.120361328125,
"PM10":92.4,
"PM25":123.3,
"S":123.0,
"utciso":"2023-05-07T01:20:02Z"
}