{
"T":28.363794326782227,
"H":48.717918395996094,
"P":998.9169921875,
"PM10":119.1,
"PM25":192.1,
"S":127.0,
"utciso":"2023-05-26T16:40:03Z"
}