{
"T":26.43199348449707,
"H":70.92884063720703,
"P":997.386962890625,
"PM10":118.6,
"PM25":185.0,
"S":125.0,
"utciso":"2023-05-27T19:30:03Z"
}