{
"T":34.369590759277344,
"H":48.73930740356445,
"P":1000.294189453125,
"PM10":4.8,
"PM25":5.1,
"S":189.0,
"utciso":"2022-07-12T16:00:03Z"
}