{
"T":26.04945945739746,
"H":94.3770980834961,
"P":995.647705078125,
"PM10":119.6,
"PM25":185.3,
"S":134.0,
"utciso":"2023-06-01T19:00:02Z"
}