{
"T":27.330951690673828,
"H":66.30946350097656,
"P":1000.581298828125,
"PM10":126.5,
"PM25":211.0,
"S":126.0,
"utciso":"2023-06-29T10:40:03Z"
}