{
"T":23.256954193115234,
"H":107.31259155273438,
"P":998.303466796875,
"PM10":4.2,
"PM25":6.6,
"S":315.0,
"utciso":"2022-07-05T05:30:17Z"
}