{
"T":21.726816177368164,
"H":62.98240280151367,
"P":996.94921875,
"PM10":106.6,
"PM25":162.4,
"S":112.0,
"utciso":"2023-05-13T14:00:03Z"
}