{
"T":18.743045806884766,
"H":89.45220184326172,
"P":1000.2666015625,
"PM10":102.5,
"PM25":150.2,
"S":156.0,
"utciso":"2023-05-08T05:40:03Z"
}