{
"T":30.467735290527344,
"H":68.58248901367188,
"P":989.077392578125,
"PM10":138.5,
"PM25":248.2,
"S":125.0,
"utciso":"2023-07-01T17:50:02Z"
}