{
"T":19.69938087463379,
"H":95.44945526123047,
"P":998.681396484375,
"PM10":106.2,
"PM25":157.5,
"S":117.0,
"utciso":"2023-05-25T05:20:02Z"
}