{
"T":30.467735290527344,
"H":64.83993530273438,
"P":1000.068115234375,
"PM10":11.3,
"PM25":12.3,
"S":229.0,
"utciso":"2022-07-21T00:30:03Z"
}