{
"T":23.467350006103516,
"H":78.57893371582031,
"P":996.62109375,
"PM10":119.4,
"PM25":189.6,
"S":155.0,
"utciso":"2023-06-17T00:40:03Z"
}