{
"T":15.663639068603516,
"H":118.22863006591797,
"P":997.157958984375,
"PM10":99.1,
"PM25":140.4,
"S":122.0,
"utciso":"2023-05-20T07:00:03Z"
}