{
"T":21.573802947998047,
"H":83.10054779052734,
"P":1000.407470703125,
"PM10":103.0,
"PM25":140.6,
"S":149.0,
"utciso":"2023-05-09T07:40:03Z"
}