{
"T":29.052356719970703,
"H":79.57796478271484,
"P":999.05615234375,
"PM10":161.8,
"PM25":320.4,
"S":168.0,
"utciso":"2023-06-19T11:00:03Z"
}