{
"T":30.00869369506836,
"H":72.61222839355469,
"P":993.0908203125,
"PM10":156.0,
"PM25":311.4,
"S":176.0,
"utciso":"2023-07-03T18:00:03Z"
}