{
"T":21.87982940673828,
"H":109.35037231445312,
"P":995.43359375,
"PM10":113.0,
"PM25":175.5,
"S":182.0,
"utciso":"2023-06-15T00:00:03Z"
}