{
"T":22.14760398864746,
"H":70.74858856201172,
"P":996.099853515625,
"PM10":87.5,
"PM25":111.4,
"S":126.0,
"utciso":"2023-04-29T10:50:03Z"
}