{
"T":31.424072265625,
"H":48.75458526611328,
"P":998.4736328125,
"PM10":134.1,
"PM25":231.5,
"S":119.0,
"utciso":"2023-06-25T13:10:02Z"
}