{
"T":36.9708251953125,
"H":46.59764862060547,
"P":1001.177001953125,
"PM10":8.1,
"PM25":8.7,
"S":188.0,
"utciso":"2022-07-18T16:00:03Z"
}