{
"T":18.66653823852539,
"H":84.2126235961914,
"P":1000.826416015625,
"PM10":98.2,
"PM25":138.7,
"S":119.0,
"utciso":"2023-05-18T23:00:02Z"
}