{
"T":22.109350204467773,
"H":77.00247192382812,
"P":999.5693359375,
"PM10":100.5,
"PM25":140.3,
"S":132.0,
"utciso":"2023-05-07T08:30:03Z"
}