{
"T":27.273571014404297,
"H":78.47505187988281,
"P":999.2041015625,
"PM10":4.9,
"PM25":5.3,
"S":264.0,
"utciso":"2022-07-01T23:50:19Z"
}