{
"T":29.4157657623291,
"H":73.2507553100586,
"P":994.807861328125,
"PM10":157.6,
"PM25":314.9,
"S":171.0,
"utciso":"2023-07-05T19:30:02Z"
}