{
"T":22.319744110107422,
"H":68.78718566894531,
"P":997.29052734375,
"PM10":104.2,
"PM25":152.4,
"S":111.0,
"utciso":"2023-04-28T17:40:02Z"
}