{
"T":30.792890548706055,
"H":64.87659454345703,
"P":1003.781005859375,
"PM10":6.4,
"PM25":7.0,
"S":231.0,
"utciso":"2022-07-13T21:00:03Z"
}