{
"T":17.671947479248047,
"H":96.59513854980469,
"P":997.39892578125,
"PM10":104.3,
"PM25":156.9,
"S":120.0,
"utciso":"2023-05-17T15:00:02Z"
}