{
"T":26.470247268676758,
"H":79.4802017211914,
"P":992.895263671875,
"PM10":135.4,
"PM25":236.8,
"S":136.0,
"utciso":"2023-06-30T15:40:03Z"
}