{
"T":30.98415756225586,
"H":61.46399688720703,
"P":993.15869140625,
"PM10":2.6,
"PM25":3.3,
"S":242.0,
"utciso":"2022-06-30T18:40:17Z"
}