{
"T":18.628284454345703,
"H":91.1630859375,
"P":996.281005859375,
"PM10":93.2,
"PM25":124.1,
"S":165.0,
"utciso":"2023-04-30T05:10:03Z"
}