{
"T":22.989181518554688,
"H":60.911014556884766,
"P":996.707275390625,
"PM10":104.9,
"PM25":157.8,
"S":111.0,
"utciso":"2023-05-02T14:50:03Z"
}