{
"T":19.068199157714844,
"H":104.38575744628906,
"P":996.40185546875,
"PM10":105.2,
"PM25":151.7,
"S":152.0,
"utciso":"2023-06-02T04:30:03Z"
}