{
"T":29.874807357788086,
"H":51.907493591308594,
"P":999.784423828125,
"PM10":5.1,
"PM25":5.4,
"S":213.0,
"utciso":"2022-07-07T22:20:18Z"
}