{
"T":18.819551467895508,
"H":83.96515655517578,
"P":1000.1025390625,
"PM10":105.6,
"PM25":160.2,
"S":127.0,
"utciso":"2023-05-18T08:00:03Z"
}