{
"T":30.085201263427734,
"H":75.49323272705078,
"P":998.12109375,
"PM10":170.4,
"PM25":344.9,
"S":164.0,
"utciso":"2023-06-19T12:30:02Z"
}