{
"T":26.986669540405273,
"H":83.33580017089844,
"P":997.503662109375,
"PM10":137.1,
"PM25":239.7,
"S":142.0,
"utciso":"2023-06-01T13:20:03Z"
}