{
"T":29.702667236328125,
"H":70.98994445800781,
"P":999.074462890625,
"PM10":5.5,
"PM25":6.0,
"S":246.0,
"utciso":"2022-07-06T21:20:18Z"
}