{
"T":22.30061912536621,
"H":95.66331481933594,
"P":994.24169921875,
"PM10":109.2,
"PM25":162.2,
"S":185.0,
"utciso":"2023-06-09T03:00:03Z"
}