{
"T":23.00830841064453,
"H":128.52142333984375,
"P":993.037109375,
"PM10":103.9,
"PM25":151.2,
"S":153.0,
"utciso":"2023-06-12T20:20:03Z"
}