{
"T":31.48145294189453,
"H":66.58136749267578,
"P":996.139892578125,
"PM10":155.3,
"PM25":303.7,
"S":166.0,
"utciso":"2023-07-04T12:50:02Z"
}