{
"T":17.480680465698242,
"H":82.26954650878906,
"P":997.601806640625,
"PM10":86.4,
"PM25":110.9,
"S":114.0,
"utciso":"2023-04-29T01:00:03Z"
}