{
"T":21.0,
"H":103.31340789794922,
"P":996.145263671875,
"PM10":115.5,
"PM25":178.3,
"S":137.0,
"utciso":"2023-05-21T18:30:02Z"
}