{
"T":22.14760398864746,
"H":78.12371826171875,
"P":1002.31201171875,
"PM10":100.9,
"PM25":136.4,
"S":147.0,
"utciso":"2023-05-05T08:50:03Z"
}