{
"T":19.661128997802734,
"H":108.85543823242188,
"P":996.8193359375,
"PM10":113.4,
"PM25":173.9,
"S":134.0,
"utciso":"2023-06-03T04:30:03Z"
}