{
"T":38.30970001220703,
"H":38.61149597167969,
"P":998.350830078125,
"PM10":5.5,
"PM25":5.9,
"S":168.0,
"utciso":"2022-07-20T16:30:03Z"
}