{
"T":15.089838027954102,
"H":94.04103088378906,
"P":1002.85302734375,
"PM10":92.8,
"PM25":125.3,
"S":141.0,
"utciso":"2023-05-03T05:30:03Z"
}