{
"T":22.931800842285156,
"H":109.0112533569336,
"P":998.491943359375,
"PM10":4.1,
"PM25":5.1,
"S":317.0,
"utciso":"2022-07-04T18:30:19Z"
}