{
"T":28.8610897064209,
"H":74.68667602539062,
"P":1004.4072265625,
"PM10":15.3,
"PM25":16.9,
"S":270.0,
"utciso":"2022-07-19T06:50:02Z"
}