{
"T":18.915185928344727,
"H":129.06219482421875,
"P":1000.3984375,
"PM10":108.9,
"PM25":158.9,
"S":152.0,
"utciso":"2023-06-01T00:50:04Z"
}