{
"T":22.874420166015625,
"H":89.98990631103516,
"P":997.637451171875,
"PM10":109.1,
"PM25":162.5,
"S":153.0,
"utciso":"2023-06-08T00:40:03Z"
}