{
"T":15.87403392791748,
"H":90.38401794433594,
"P":1002.232177734375,
"PM10":88.1,
"PM25":116.4,
"S":129.0,
"utciso":"2023-05-03T01:40:03Z"
}