{
"T":19.603748321533203,
"H":89.98379516601562,
"P":995.041259765625,
"PM10":104.2,
"PM25":155.9,
"S":127.0,
"utciso":"2023-05-10T09:10:03Z"
}