{
"T":19.871522903442383,
"H":107.63643646240234,
"P":996.36865234375,
"PM10":113.4,
"PM25":174.0,
"S":130.0,
"utciso":"2023-06-03T03:30:02Z"
}