{
"T":32.89683151245117,
"H":51.86777877807617,
"P":1002.869140625,
"PM10":6.7,
"PM25":9.6,
"S":235.0,
"utciso":"2022-07-20T09:30:03Z"
}