{
"T":20.3879451751709,
"H":90.60704803466797,
"P":997.52587890625,
"PM10":99.7,
"PM25":141.2,
"S":119.0,
"utciso":"2023-05-25T00:40:03Z"
}