{
"T":21.554676055908203,
"H":62.206398010253906,
"P":999.905029296875,
"PM10":108.3,
"PM25":166.9,
"S":113.0,
"utciso":"2023-05-18T14:00:03Z"
}