{
"T":28.841962814331055,
"H":79.99652099609375,
"P":999.0810546875,
"PM10":160.9,
"PM25":316.6,
"S":168.0,
"utciso":"2023-06-19T10:40:03Z"
}