{
"T":27.50309181213379,
"H":76.1134262084961,
"P":993.7822265625,
"PM10":114.1,
"PM25":173.3,
"S":166.0,
"utciso":"2023-06-10T12:30:03Z"
}