{
"T":18.857805252075195,
"H":84.25233459472656,
"P":998.4306640625,
"PM10":90.3,
"PM25":118.0,
"S":131.0,
"utciso":"2023-05-06T02:20:03Z"
}