{
"T":24.729713439941406,
"H":102.54656219482422,
"P":991.877197265625,
"PM10":139.0,
"PM25":241.2,
"S":171.0,
"utciso":"2023-07-01T09:00:03Z"
}