{
"T":22.30061912536621,
"H":113.03488159179688,
"P":994.403564453125,
"PM10":106.3,
"PM25":155.6,
"S":213.0,
"utciso":"2023-06-10T02:00:04Z"
}