{
"T":25.896446228027344,
"H":60.75520324707031,
"P":999.629150390625,
"PM10":101.6,
"PM25":143.7,
"S":109.0,
"utciso":"2023-05-08T18:20:02Z"
}