{
"T":18.39876365661621,
"H":128.98580932617188,
"P":999.92529296875,
"PM10":110.4,
"PM25":162.0,
"S":159.0,
"utciso":"2023-06-01T03:20:03Z"
}