{
"T":27.94300651550293,
"H":84.48147583007812,
"P":999.1318359375,
"PM10":157.7,
"PM25":307.9,
"S":176.0,
"utciso":"2023-06-19T09:30:02Z"
}