{
"T":27.216190338134766,
"H":76.35478210449219,
"P":996.49755859375,
"PM10":123.4,
"PM25":196.8,
"S":132.0,
"utciso":"2023-06-01T15:00:02Z"
}