{
"T":27.330951690673828,
"H":84.37149047851562,
"P":997.894287109375,
"PM10":150.0,
"PM25":277.6,
"S":215.0,
"utciso":"2023-07-05T08:50:03Z"
}