{
"T":22.568391799926758,
"H":78.05955505371094,
"P":996.751953125,
"PM10":108.5,
"PM25":162.8,
"S":127.0,
"utciso":"2023-05-24T20:10:02Z"
}