{
"T":17.15552520751953,
"H":104.07719421386719,
"P":1002.16259765625,
"PM10":106.5,
"PM25":157.5,
"S":160.0,
"utciso":"2023-05-26T02:30:03Z"
}