{
"T":22.491886138916016,
"H":99.86109161376953,
"P":998.493896484375,
"PM10":119.6,
"PM25":185.5,
"S":134.0,
"utciso":"2023-06-03T08:10:02Z"
}