{
"T":24.978361129760742,
"H":92.93507385253906,
"P":995.81640625,
"PM10":111.2,
"PM25":169.0,
"S":134.0,
"utciso":"2023-06-12T10:10:03Z"
}