{
"T":23.696870803833008,
"H":95.31197357177734,
"P":998.505126953125,
"PM10":123.6,
"PM25":197.0,
"S":174.0,
"utciso":"2023-06-18T06:30:03Z"
}