{
"T":20.67484474182129,
"H":105.37257385253906,
"P":993.924560546875,
"PM10":105.9,
"PM25":149.8,
"S":129.0,
"utciso":"2023-05-09T18:00:03Z"
}