{
"T":24.74884033203125,
"H":103.65863800048828,
"P":998.800048828125,
"PM10":166.5,
"PM25":332.1,
"S":190.0,
"utciso":"2023-06-19T05:30:03Z"
}