{
"T":24.002897262573242,
"H":88.8350601196289,
"P":997.652099609375,
"PM10":114.4,
"PM25":174.7,
"S":147.0,
"utciso":"2023-06-07T22:50:03Z"
}