{
"T":20.693971633911133,
"H":105.55282592773438,
"P":996.29833984375,
"PM10":105.0,
"PM25":151.8,
"S":152.0,
"utciso":"2023-06-02T07:00:02Z"
}