{
"T":27.005796432495117,
"H":73.5409927368164,
"P":998.478759765625,
"PM10":2.9,
"PM25":3.1,
"S":243.0,
"utciso":"2022-07-11T00:50:03Z"
}