{
"T":24.5384464263916,
"H":110.51744079589844,
"P":999.815185546875,
"PM10":7.0,
"PM25":8.7,
"S":277.0,
"utciso":"2022-07-03T21:40:29Z"
}