{
"T":20.94261932373047,
"H":129.11106872558594,
"P":993.388427734375,
"PM10":100.3,
"PM25":146.7,
"S":183.0,
"utciso":"2023-06-13T07:20:02Z"
}