{
"T":27.962133407592773,
"H":74.82720947265625,
"P":998.159912109375,
"PM10":3.4,
"PM25":3.9,
"S":303.0,
"utciso":"2022-07-05T23:30:17Z"
}