{
"T":24.63408088684082,
"H":91.56941986083984,
"P":993.569091796875,
"PM10":129.2,
"PM25":223.8,
"S":196.0,
"utciso":"2023-07-03T03:50:02Z"
}