{
"T":23.409969329833984,
"H":99.05147552490234,
"P":995.48828125,
"PM10":115.2,
"PM25":176.5,
"S":124.0,
"utciso":"2023-06-02T22:30:03Z"
}