{
"T":19.393354415893555,
"H":72.43197631835938,
"P":997.6591796875,
"PM10":100.3,
"PM25":147.4,
"S":107.0,
"utciso":"2023-05-13T19:00:03Z"
}