{
"T":23.314334869384766,
"H":78.7133560180664,
"P":1001.41650390625,
"PM10":112.3,
"PM25":163.8,
"S":118.0,
"utciso":"2023-05-25T10:30:02Z"
}