{
"T":19.622875213623047,
"H":114.83741760253906,
"P":1003.146484375,
"PM10":108.0,
"PM25":158.3,
"S":127.0,
"utciso":"2023-05-25T15:30:03Z"
}