{
"T":27.8282470703125,
"H":77.80292510986328,
"P":999.3359375,
"PM10":5.1,
"PM25":5.6,
"S":259.0,
"utciso":"2022-07-07T00:20:27Z"
}