{
"T":18.87693214416504,
"H":80.2928695678711,
"P":1002.30126953125,
"PM10":92.2,
"PM25":123.7,
"S":123.0,
"utciso":"2023-05-05T00:40:02Z"
}