{
"T":25.035741806030273,
"H":103.14231872558594,
"P":999.51513671875,
"PM10":4.9,
"PM25":5.5,
"S":303.0,
"utciso":"2022-07-04T02:30:25Z"
}