{
"T":27.483964920043945,
"H":88.16903686523438,
"P":993.525390625,
"PM10":113.2,
"PM25":169.5,
"S":121.0,
"utciso":"2023-06-02T17:50:03Z"
}