{
"T":32.76294708251953,
"H":37.96685791015625,
"P":998.373291015625,
"PM10":132.9,
"PM25":226.4,
"S":114.0,
"utciso":"2023-06-24T16:50:03Z"
}