{
"T":21.822450637817383,
"H":116.62467956542969,
"P":992.083984375,
"PM10":108.4,
"PM25":164.3,
"S":175.0,
"utciso":"2023-06-14T01:50:03Z"
}