{
"T":27.101428985595703,
"H":73.42184448242188,
"P":996.103759765625,
"PM10":124.3,
"PM25":203.8,
"S":148.0,
"utciso":"2023-06-15T11:30:03Z"
}