{
"T":25.18875503540039,
"H":41.953826904296875,
"P":989.137939453125,
"PM10":101.5,
"PM25":147.2,
"S":109.0,
"utciso":"2023-05-15T13:50:02Z"
}