{
"T":26.04945945739746,
"H":79.89569854736328,
"P":996.355224609375,
"PM10":126.0,
"PM25":204.2,
"S":159.0,
"utciso":"2023-06-15T10:20:02Z"
}