{
"T":24.672334671020508,
"H":96.19490814208984,
"P":999.33984375,
"PM10":121.2,
"PM25":188.8,
"S":126.0,
"utciso":"2023-06-04T11:20:03Z"
}