{
"T":22.77878761291504,
"H":119.3132095336914,
"P":994.0615234375,
"PM10":119.3,
"PM25":185.1,
"S":180.0,
"utciso":"2023-06-14T11:20:03Z"
}