{
"T":20.61746597290039,
"H":71.58875274658203,
"P":1002.868896484375,
"PM10":96.9,
"PM25":134.9,
"S":126.0,
"utciso":"2023-05-03T10:20:02Z"
}