{
"T":14.936823844909668,
"H":88.11404418945312,
"P":991.77294921875,
"PM10":98.6,
"PM25":141.9,
"S":114.0,
"utciso":"2023-05-15T03:50:03Z"
}