{
"T":19.393354415893555,
"H":90.84840393066406,
"P":998.462646484375,
"PM10":109.7,
"PM25":171.2,
"S":130.0,
"utciso":"2023-05-02T09:20:03Z"
}