{
"T":28.019512176513672,
"H":81.09942626953125,
"P":996.32080078125,
"PM10":137.9,
"PM25":240.4,
"S":193.0,
"utciso":"2023-06-27T07:40:03Z"
}