{
"T":30.98415756225586,
"H":70.83718872070312,
"P":992.607421875,
"PM10":143.5,
"PM25":255.9,
"S":176.0,
"utciso":"2023-06-27T19:30:03Z"
}