{
"T":20.005409240722656,
"H":87.34720611572266,
"P":1000.54541015625,
"PM10":99.0,
"PM25":137.2,
"S":144.0,
"utciso":"2023-05-09T05:10:02Z"
}