{
"T":27.94300651550293,
"H":68.6985855102539,
"P":998.4453125,
"PM10":2.5,
"PM25":2.6,
"S":238.0,
"utciso":"2022-07-10T23:50:03Z"
}