{
"T":28.134273529052734,
"H":73.94732666015625,
"P":993.07958984375,
"PM10":116.7,
"PM25":181.8,
"S":125.0,
"utciso":"2023-06-12T14:30:02Z"
}