{
"T":24.04115104675293,
"H":75.49323272705078,
"P":1001.35986328125,
"PM10":112.9,
"PM25":164.7,
"S":121.0,
"utciso":"2023-05-25T11:00:03Z"
}