{
"T":16.027048110961914,
"H":109.69561004638672,
"P":997.332763671875,
"PM10":114.7,
"PM25":173.1,
"S":178.0,
"utciso":"2023-05-22T04:40:03Z"
}