{
"T":22.989181518554688,
"H":61.86116409301758,
"P":996.73486328125,
"PM10":104.6,
"PM25":156.9,
"S":109.0,
"utciso":"2023-05-02T15:10:03Z"
}