{
"T":31.04153823852539,
"H":68.77191162109375,
"P":1003.6591796875,
"PM10":7.8,
"PM25":8.5,
"S":263.0,
"utciso":"2022-07-17T22:40:03Z"
}