{
"T":33.03071975708008,
"H":46.70152282714844,
"P":1000.48486328125,
"PM10":6.5,
"PM25":7.2,
"S":208.0,
"utciso":"2022-07-09T15:30:21Z"
}