{
"T":28.21078109741211,
"H":51.418670654296875,
"P":1000.779296875,
"PM10":143.4,
"PM25":267.1,
"S":128.0,
"utciso":"2023-06-20T20:30:03Z"
}