{
"T":22.817039489746094,
"H":73.61431884765625,
"P":1001.701171875,
"PM10":98.3,
"PM25":130.5,
"S":143.0,
"utciso":"2023-05-05T09:30:03Z"
}