{
"T":28.535934448242188,
"H":59.059593200683594,
"P":1000.71533203125,
"PM10":2.0,
"PM25":2.6,
"S":227.0,
"utciso":"2022-07-11T23:30:03Z"
}