{
"T":30.410354614257812,
"H":61.980316162109375,
"P":989.103271484375,
"PM10":139.3,
"PM25":251.2,
"S":124.0,
"utciso":"2023-07-01T15:40:03Z"
}