{
"T":31.500579833984375,
"H":68.57637786865234,
"P":997.63916015625,
"PM10":178.1,
"PM25":368.0,
"S":157.0,
"utciso":"2023-06-19T14:40:02Z"
}