{
"T":26.60413360595703,
"H":58.98321533203125,
"P":997.04345703125,
"PM10":97.9,
"PM25":133.2,
"S":120.0,
"utciso":"2023-05-07T15:00:03Z"
}