{
"T":27.063175201416016,
"H":70.66609954833984,
"P":1001.31103515625,
"PM10":2.9,
"PM25":3.2,
"S":242.0,
"utciso":"2022-07-12T03:20:02Z"
}