{
"T":19.22121238708496,
"H":127.80040740966797,
"P":998.11962890625,
"PM10":110.2,
"PM25":163.7,
"S":123.0,
"utciso":"2023-05-29T03:20:02Z"
}