{
"T":31.175426483154297,
"H":46.741241455078125,
"P":1002.473876953125,
"PM10":2.2,
"PM25":2.5,
"S":155.0,
"utciso":"2022-07-08T11:50:23Z"
}