{
"T":32.323028564453125,
"H":39.55553436279297,
"P":1000.072509765625,
"PM10":134.7,
"PM25":233.4,
"S":129.0,
"utciso":"2023-06-21T16:20:03Z"
}