{
"T":26.60413360595703,
"H":89.94713592529297,
"P":994.250732421875,
"PM10":4.0,
"PM25":4.6,
"S":256.0,
"utciso":"2022-06-29T22:10:25Z"
}