{
"T":28.937597274780273,
"H":68.72914123535156,
"P":1001.4111328125,
"PM10":129.5,
"PM25":212.9,
"S":145.0,
"utciso":"2023-06-21T10:00:02Z"
}