{
"T":38.080177307128906,
"H":38.608436584472656,
"P":999.242919921875,
"PM10":6.1,
"PM25":6.6,
"S":180.0,
"utciso":"2022-07-20T15:10:02Z"
}