{
"T":25.55216407775879,
"H":82.00985717773438,
"P":1000.04345703125,
"PM10":4.6,
"PM25":5.6,
"S":259.0,
"utciso":"2022-07-11T05:20:02Z"
}