{
"T":27.08230209350586,
"H":53.49311828613281,
"P":997.959716796875,
"PM10":95.2,
"PM25":126.8,
"S":115.0,
"utciso":"2023-05-05T17:00:03Z"
}