{
"T":31.63446807861328,
"H":65.02935791015625,
"P":995.25341796875,
"PM10":253.8,
"PM25":551.2,
"S":170.0,
"utciso":"2023-07-05T13:30:02Z"
}