{
"T":26.43199348449707,
"H":75.51156616210938,
"P":996.1884765625,
"PM10":110.5,
"PM25":162.1,
"S":111.0,
"utciso":"2023-06-05T15:40:03Z"
}