{
"T":26.565881729125977,
"H":80.37535858154297,
"P":993.78466796875,
"PM10":114.3,
"PM25":173.9,
"S":158.0,
"utciso":"2023-06-08T19:30:03Z"
}