{
"T":26.068586349487305,
"H":73.52265930175781,
"P":996.70556640625,
"PM10":111.1,
"PM25":167.3,
"S":110.0,
"utciso":"2023-06-05T14:40:03Z"
}