{
"T":25.800811767578125,
"H":86.54981231689453,
"P":995.20947265625,
"PM10":110.8,
"PM25":165.4,
"S":180.0,
"utciso":"2023-06-09T11:40:02Z"
}