{
"T":16.313949584960938,
"H":89.55607604980469,
"P":996.83447265625,
"PM10":94.1,
"PM25":131.6,
"S":119.0,
"utciso":"2023-05-14T03:50:03Z"
}