{
"T":25.45652961730957,
"H":75.15716552734375,
"P":996.373046875,
"PM10":200.0,
"PM25":375.8,
"S":146.0,
"utciso":"2023-06-16T22:10:04Z"
}