{
"T":27.388330459594727,
"H":73.58682250976562,
"P":996.772216796875,
"PM10":122.9,
"PM25":196.8,
"S":132.0,
"utciso":"2023-06-01T14:40:03Z"
}