{
"T":24.04115104675293,
"H":106.17607879638672,
"P":998.300048828125,
"PM10":5.3,
"PM25":6.5,
"S":313.0,
"utciso":"2022-07-05T06:10:17Z"
}