{
"T":24.940109252929688,
"H":80.41201782226562,
"P":998.1279296875,
"PM10":125.3,
"PM25":200.5,
"S":161.0,
"utciso":"2023-06-17T08:20:02Z"
}