{
"T":31.098918914794922,
"H":68.77801513671875,
"P":995.61669921875,
"PM10":228.6,
"PM25":492.3,
"S":170.0,
"utciso":"2023-07-05T13:00:03Z"
}