{
"T":30.00869369506836,
"H":64.06086730957031,
"P":999.72607421875,
"PM10":15.4,
"PM25":16.8,
"S":234.0,
"utciso":"2022-07-03T20:20:19Z"
}