{
"T":16.677356719970703,
"H":101.38560485839844,
"P":1002.735595703125,
"PM10":108.9,
"PM25":164.0,
"S":170.0,
"utciso":"2023-05-26T05:30:03Z"
}