{
"T":22.950927734375,
"H":117.52289581298828,
"P":1000.004638671875,
"PM10":131.5,
"PM25":222.0,
"S":125.0,
"utciso":"2023-05-31T14:00:02Z"
}