{
"T":26.623260498046875,
"H":74.19174194335938,
"P":1002.256103515625,
"PM10":122.4,
"PM25":196.2,
"S":177.0,
"utciso":"2023-06-22T07:40:03Z"
}