{
"T":25.207881927490234,
"H":72.19673156738281,
"P":1001.125732421875,
"PM10":,
"PM25":,
"S":,
"utciso":"2022-07-10T01:20:18Z"
}