{
"T":24.289798736572266,
"H":84.50286102294922,
"P":997.4384765625,
"PM10":152.6,
"PM25":278.6,
"S":131.0,
"utciso":"2023-06-29T22:20:03Z"
}