{
"T":16.696483612060547,
"H":126.00704193115234,
"P":996.603271484375,
"PM10":99.9,
"PM25":143.6,
"S":125.0,
"utciso":"2023-05-20T14:50:02Z"
}