{
"T":30.945903778076172,
"H":60.541343688964844,
"P":995.025634765625,
"PM10":136.8,
"PM25":238.0,
"S":120.0,
"utciso":"2023-06-17T17:20:02Z"
}