{
"T":26.852783203125,
"H":54.23551940917969,
"P":1000.6025390625,
"PM10":116.9,
"PM25":187.6,
"S":137.0,
"utciso":"2023-05-26T13:00:02Z"
}