{
"T":14.573415756225586,
"H":88.74951171875,
"P":991.812744140625,
"PM10":99.3,
"PM25":143.6,
"S":119.0,
"utciso":"2023-05-15T04:40:02Z"
}