{
"T":33.355873107910156,
"H":63.02823257446289,
"P":998.57470703125,
"PM10":6.7,
"PM25":7.2,
"S":252.0,
"utciso":"2022-07-16T11:50:02Z"
}