{
"T":16.39045524597168,
"H":128.683349609375,
"P":996.62353515625,
"PM10":101.3,
"PM25":148.2,
"S":127.0,
"utciso":"2023-05-20T18:10:03Z"
}