{
"T":32.265647888183594,
"H":59.14208221435547,
"P":998.705078125,
"PM10":60.4,
"PM25":67.4,
"S":241.0,
"utciso":"2022-07-21T22:10:04Z"
}