{
"T":26.948415756225586,
"H":70.19866180419922,
"P":996.63525390625,
"PM10":113.1,
"PM25":173.4,
"S":114.0,
"utciso":"2023-06-07T14:10:02Z"
}