{
"T":29.951313018798828,
"H":75.09300994873047,
"P":996.6357421875,
"PM10":5.2,
"PM25":5.6,
"S":271.0,
"utciso":"2022-07-15T23:10:02Z"
}