{
"T":22.874420166015625,
"H":115.0604476928711,
"P":992.61962890625,
"PM10":109.7,
"PM25":167.9,
"S":156.0,
"utciso":"2023-06-13T20:40:02Z"
}