{
"T":20.94261932373047,
"H":108.7912826538086,
"P":996.0048828125,
"PM10":113.2,
"PM25":175.3,
"S":190.0,
"utciso":"2023-06-15T02:30:03Z"
}