{
"T":21.53554916381836,
"H":97.24893951416016,
"P":994.75927734375,
"PM10":105.5,
"PM25":154.2,
"S":206.0,
"utciso":"2023-06-11T03:10:02Z"
}