{
"T":17.09814453125,
"H":103.49365997314453,
"P":1002.123046875,
"PM10":105.0,
"PM25":153.5,
"S":161.0,
"utciso":"2023-05-26T02:50:03Z"
}