{
"T":29.396638870239258,
"H":64.77272033691406,
"P":1003.586181640625,
"PM10":3.2,
"PM25":4.5,
"S":234.0,
"utciso":"2022-07-12T09:30:03Z"
}