{
"T":29.874807357788086,
"H":68.95521545410156,
"P":1003.272705078125,
"PM10":10.3,
"PM25":11.2,
"S":237.0,
"utciso":"2022-07-19T00:30:03Z"
}