{
"T":24.13678550720215,
"H":77.52490234375,
"P":997.981689453125,
"PM10":100.1,
"PM25":136.2,
"S":127.0,
"utciso":"2023-05-07T17:10:02Z"
}