{
"T":27.4648380279541,
"H":60.41302490234375,
"P":1000.29296875,
"PM10":124.2,
"PM25":203.9,
"S":140.0,
"utciso":"2023-06-23T22:40:02Z"
}