{
"T":25.28438949584961,
"H":103.63725280761719,
"P":998.31787109375,
"PM10":6.0,
"PM25":7.6,
"S":311.0,
"utciso":"2022-07-05T07:10:17Z"
}