{
"T":28.91847038269043,
"H":57.37926483154297,
"P":997.84130859375,
"PM10":122.8,
"PM25":198.4,
"S":133.0,
"utciso":"2023-06-22T21:30:03Z"
}