{
"T":26.814529418945312,
"H":82.61172485351562,
"P":997.587158203125,
"PM10":141.6,
"PM25":252.2,
"S":146.0,
"utciso":"2023-06-01T13:10:03Z"
}