{
"T":23.60123634338379,
"H":86.8736572265625,
"P":997.95361328125,
"PM10":107.0,
"PM25":156.0,
"S":135.0,
"utciso":"2023-06-07T00:00:02Z"
}