{
"T":26.623260498046875,
"H":81.60963439941406,
"P":1003.38427734375,
"PM10":10.5,
"PM25":11.5,
"S":258.0,
"utciso":"2022-07-14T04:20:02Z"
}