{
"T":25.360897064208984,
"H":77.87625122070312,
"P":997.25341796875,
"PM10":104.9,
"PM25":151.7,
"S":129.0,
"utciso":"2023-06-06T20:30:03Z"
}