{
"T":31.74922752380371,
"H":56.33440399169922,
"P":1000.068359375,
"PM10":135.3,
"PM25":231.3,
"S":135.0,
"utciso":"2023-06-21T12:50:03Z"
}