{
"T":19.718507766723633,
"H":117.50762176513672,
"P":992.209716796875,
"PM10":112.5,
"PM25":166.6,
"S":152.0,
"utciso":"2023-05-10T00:10:03Z"
}