{
"T":18.51352310180664,
"H":94.23656463623047,
"P":998.96484375,
"PM10":125.5,
"PM25":206.0,
"S":150.0,
"utciso":"2023-05-30T05:00:03Z"
}