{
"T":28.05776596069336,
"H":51.06121826171875,
"P":998.221923828125,
"PM10":97.7,
"PM25":132.4,
"S":118.0,
"utciso":"2023-05-05T15:30:03Z"
}