{
"T":29.492271423339844,
"H":79.36715698242188,
"P":999.889404296875,
"PM10":7.3,
"PM25":8.0,
"S":293.0,
"utciso":"2022-07-16T08:10:03Z"
}