{
"T":24.767967224121094,
"H":74.28033447265625,
"P":1001.78662109375,
"PM10":113.7,
"PM25":175.9,
"S":164.0,
"utciso":"2023-06-22T03:40:03Z"
}