{
"T":35.53632354736328,
"H":49.03260040283203,
"P":995.427490234375,
"PM10":3.6,
"PM25":3.9,
"S":215.0,
"utciso":"2022-07-15T11:50:03Z"
}