{
"T":21.248647689819336,
"H":129.11106872558594,
"P":997.857177734375,
"PM10":105.7,
"PM25":153.6,
"S":131.0,
"utciso":"2023-06-04T17:30:03Z"
}