{
"T":20.368818283081055,
"H":68.60081481933594,
"P":988.867431640625,
"PM10":99.2,
"PM25":143.2,
"S":111.0,
"utciso":"2023-05-16T20:40:03Z"
}