{
"T":21.631181716918945,
"H":81.1330337524414,
"P":1000.66357421875,
"PM10":107.1,
"PM25":159.3,
"S":164.0,
"utciso":"2023-05-08T08:20:02Z"
}