{
"T":32.80119705200195,
"H":55.61338806152344,
"P":995.24609375,
"PM10":138.1,
"PM25":230.6,
"S":123.0,
"utciso":"2023-06-28T15:40:03Z"
}