{
"T":16.56259536743164,
"H":115.52788543701172,
"P":999.753662109375,
"PM10":101.4,
"PM25":142.1,
"S":126.0,
"utciso":"2023-05-19T11:50:03Z"
}