{
"T":21.631181716918945,
"H":114.57162475585938,
"P":992.002685546875,
"PM10":109.4,
"PM25":168.1,
"S":182.0,
"utciso":"2023-06-14T03:50:02Z"
}