{
"T":21.80332374572754,
"H":128.70474243164062,
"P":993.522216796875,
"PM10":136.4,
"PM25":228.4,
"S":160.0,
"utciso":"2023-06-30T22:20:03Z"
}