{
"T":18.13098907470703,
"H":100.85706329345703,
"P":996.55615234375,
"PM10":117.8,
"PM25":185.7,
"S":122.0,
"utciso":"2023-05-01T01:10:02Z"
}