{
"T":24.863601684570312,
"H":96.17963409423828,
"P":999.181884765625,
"PM10":123.2,
"PM25":193.9,
"S":129.0,
"utciso":"2023-06-04T11:30:02Z"
}