{
"T":18.93431282043457,
"H":77.79070281982422,
"P":992.57080078125,
"PM10":101.0,
"PM25":147.9,
"S":109.0,
"utciso":"2023-05-14T22:20:03Z"
}