{
"T":19.450733184814453,
"H":75.32825469970703,
"P":1000.251953125,
"PM10":105.9,
"PM25":160.6,
"S":109.0,
"utciso":"2023-05-18T19:20:03Z"
}