{
"T":28.535934448242188,
"H":70.0611801147461,
"P":994.327880859375,
"PM10":118.0,
"PM25":181.1,
"S":129.0,
"utciso":"2023-06-08T14:50:03Z"
}