{
"T":20.94261932373047,
"H":102.35103607177734,
"P":995.534912109375,
"PM10":110.9,
"PM25":167.9,
"S":131.0,
"utciso":"2023-06-03T01:10:03Z"
}