{
"T":22.41537857055664,
"H":99.67166900634766,
"P":999.580078125,
"PM10":106.1,
"PM25":156.5,
"S":123.0,
"utciso":"2023-06-07T10:10:03Z"
}