{
"T":30.123455047607422,
"H":69.56013488769531,
"P":999.093505859375,
"PM10":8.1,
"PM25":8.9,
"S":262.0,
"utciso":"2022-07-22T01:10:02Z"
}