{
"T":15.835780143737793,
"H":91.02560424804688,
"P":996.87109375,
"PM10":96.2,
"PM25":136.5,
"S":113.0,
"utciso":"2023-05-14T05:00:03Z"
}