{
"T":27.483964920043945,
"H":84.57618713378906,
"P":997.626953125,
"PM10":147.7,
"PM25":277.4,
"S":210.0,
"utciso":"2023-07-06T08:30:03Z"
}