{
"T":25.18875503540039,
"H":81.29495239257812,
"P":996.633544921875,
"PM10":109.1,
"PM25":159.6,
"S":108.0,
"utciso":"2023-06-05T19:00:03Z"
}