{
"T":26.833656311035156,
"H":88.5264892578125,
"P":996.00537109375,
"PM10":122.7,
"PM25":194.5,
"S":134.0,
"utciso":"2023-06-01T16:00:03Z"
}