{
"T":28.076892852783203,
"H":70.77608489990234,
"P":995.765380859375,
"PM10":150.0,
"PM25":290.0,
"S":170.0,
"utciso":"2023-07-04T21:10:02Z"
}