{
"T":22.568391799926758,
"H":55.051239013671875,
"P":987.990966796875,
"PM10":99.7,
"PM25":144.2,
"S":104.0,
"utciso":"2023-05-16T16:20:03Z"
}