{
"T":20.368818283081055,
"H":71.88204956054688,
"P":998.583740234375,
"PM10":107.4,
"PM25":164.3,
"S":116.0,
"utciso":"2023-05-13T11:30:03Z"
}