{
"T":23.00830841064453,
"H":129.11106872558594,
"P":992.3916015625,
"PM10":105.7,
"PM25":153.8,
"S":170.0,
"utciso":"2023-06-12T22:00:03Z"
}