{
"T":16.103553771972656,
"H":113.94532012939453,
"P":1000.298583984375,
"PM10":103.4,
"PM25":145.8,
"S":136.0,
"utciso":"2023-05-19T06:10:02Z"
}