{
"T":29.549652099609375,
"H":69.63346099853516,
"P":997.74560546875,
"PM10":3.8,
"PM25":4.1,
"S":243.0,
"utciso":"2022-07-01T20:20:25Z"
}