{
"T":16.619976043701172,
"H":99.18895721435547,
"P":997.6005859375,
"PM10":99.8,
"PM25":145.4,
"S":128.0,
"utciso":"2023-05-12T21:00:02Z"
}