{
"T":29.645286560058594,
"H":68.66802978515625,
"P":1003.298095703125,
"PM10":9.5,
"PM25":10.4,
"S":235.0,
"utciso":"2022-07-19T01:00:02Z"
}