{
"T":26.833656311035156,
"H":79.18690490722656,
"P":993.727294921875,
"PM10":111.3,
"PM25":167.6,
"S":174.0,
"utciso":"2023-06-09T16:30:03Z"
}