{
"T":27.254444122314453,
"H":72.07757568359375,
"P":997.15625,
"PM10":127.5,
"PM25":210.3,
"S":153.0,
"utciso":"2023-06-16T10:10:02Z"
}