{
"T":26.986669540405273,
"H":70.30558776855469,
"P":992.8876953125,
"PM10":136.3,
"PM25":241.7,
"S":141.0,
"utciso":"2023-06-30T14:10:02Z"
}