{
"T":27.8856258392334,
"H":77.42103576660156,
"P":995.885498046875,
"PM10":162.1,
"PM25":331.5,
"S":172.0,
"utciso":"2023-07-05T21:20:03Z"
}