{
"T":30.238216400146484,
"H":73.53488159179688,
"P":996.118896484375,
"PM10":5.4,
"PM25":5.9,
"S":268.0,
"utciso":"2022-07-15T22:20:03Z"
}