{
"T":26.4893741607666,
"H":81.98542022705078,
"P":997.27783203125,
"PM10":123.9,
"PM25":194.7,
"S":116.0,
"utciso":"2023-06-03T12:50:03Z"
}