{
"T":18.685665130615234,
"H":82.66671752929688,
"P":995.0205078125,
"PM10":101.1,
"PM25":147.8,
"S":116.0,
"utciso":"2023-05-12T13:30:03Z"
}