{
"T":21.401660919189453,
"H":86.57730865478516,
"P":996.40966796875,
"PM10":108.6,
"PM25":158.8,
"S":195.0,
"utciso":"2023-05-23T08:10:03Z"
}