{
"T":29.89393424987793,
"H":73.27825164794922,
"P":994.31005859375,
"PM10":146.4,
"PM25":275.4,
"S":189.0,
"utciso":"2023-07-03T10:30:03Z"
}