{
"T":29.167118072509766,
"H":78.25508117675781,
"P":998.919677734375,
"PM10":161.5,
"PM25":320.5,
"S":167.0,
"utciso":"2023-06-19T11:10:03Z"
}