{
"T":23.888137817382812,
"H":118.29279327392578,
"P":993.824951171875,
"PM10":123.2,
"PM25":193.1,
"S":175.0,
"utciso":"2023-06-14T12:10:02Z"
}