{
"T":23.65861701965332,
"H":96.80899810791016,
"P":997.53271484375,
"PM10":114.7,
"PM25":173.6,
"S":162.0,
"utciso":"2023-06-08T08:20:03Z"
}