{
"T":15.663639068603516,
"H":121.40599060058594,
"P":997.288818359375,
"PM10":97.8,
"PM25":139.1,
"S":124.0,
"utciso":"2023-05-20T08:10:03Z"
}