{
"T":32.64818572998047,
"H":45.34503936767578,
"P":997.6455078125,
"PM10":130.5,
"PM25":216.9,
"S":131.0,
"utciso":"2023-06-22T15:50:03Z"
}