{
"T":27.694358825683594,
"H":87.4266357421875,
"P":993.301513671875,
"PM10":114.4,
"PM25":172.2,
"S":124.0,
"utciso":"2023-06-02T17:30:03Z"
}