{
"T":20.158424377441406,
"H":94.73455047607422,
"P":998.44921875,
"PM10":121.0,
"PM25":194.1,
"S":142.0,
"utciso":"2023-05-30T00:50:02Z"
}