{
"T":24.882728576660156,
"H":92.89229583740234,
"P":996.618408203125,
"PM10":143.2,
"PM25":265.1,
"S":198.0,
"utciso":"2023-07-06T04:00:03Z"
}