{
"T":32.11263656616211,
"H":54.082759857177734,
"P":999.986083984375,
"PM10":3.6,
"PM25":3.9,
"S":275.0,
"utciso":"2022-07-02T19:40:18Z"
}