{
"T":20.808732986450195,
"H":83.40300750732422,
"P":999.01416015625,
"PM10":95.2,
"PM25":130.8,
"S":133.0,
"utciso":"2023-05-07T20:50:03Z"
}