{
"T":22.931800842285156,
"H":100.02912139892578,
"P":998.011474609375,
"PM10":111.2,
"PM25":160.5,
"S":157.0,
"utciso":"2023-06-06T08:10:02Z"
}