{
"T":17.53805923461914,
"H":99.83053588867188,
"P":1002.826416015625,
"PM10":109.4,
"PM25":167.0,
"S":173.0,
"utciso":"2023-05-26T06:10:03Z"
}