{
"T":26.145092010498047,
"H":97.91496276855469,
"P":999.349609375,
"PM10":165.4,
"PM25":328.5,
"S":197.0,
"utciso":"2023-06-19T07:20:03Z"
}