{
"T":33.12635040283203,
"H":49.603912353515625,
"P":1001.05224609375,
"PM10":4.1,
"PM25":4.4,
"S":220.0,
"utciso":"2022-07-02T12:30:24Z"
}