{
"T":29.817426681518555,
"H":54.718231201171875,
"P":1003.310302734375,
"PM10":6.5,
"PM25":7.2,
"S":208.0,
"utciso":"2022-07-09T11:00:17Z"
}