{
"T":24.978361129760742,
"H":89.57135009765625,
"P":991.096435546875,
"PM10":148.3,
"PM25":284.5,
"S":154.0,
"utciso":"2023-07-02T01:10:04Z"
}