{
"T":25.972951889038086,
"H":75.24882507324219,
"P":995.1572265625,
"PM10":2.9,
"PM25":3.3,
"S":245.0,
"utciso":"2022-07-01T00:40:18Z"
}