{
"T":26.145092010498047,
"H":74.04508972167969,
"P":999.489501953125,
"PM10":126.8,
"PM25":214.0,
"S":127.0,
"utciso":"2023-06-29T05:30:03Z"
}