{
"T":20.445323944091797,
"H":115.83645629882812,
"P":1002.816650390625,
"PM10":115.0,
"PM25":176.5,
"S":138.0,
"utciso":"2023-05-25T18:40:03Z"
}