{
"T":15.969667434692383,
"H":99.10035705566406,
"P":993.96826171875,
"PM10":97.6,
"PM25":139.3,
"S":120.0,
"utciso":"2023-05-12T05:10:03Z"
}