{
"T":24.710586547851562,
"H":84.33482360839844,
"P":997.79296875,
"PM10":109.5,
"PM25":163.1,
"S":142.0,
"utciso":"2023-06-07T21:30:03Z"
}