{
"T":24.5384464263916,
"H":91.9390869140625,
"P":993.526611328125,
"PM10":126.0,
"PM25":212.7,
"S":195.0,
"utciso":"2023-07-03T04:10:03Z"
}