{
"T":24.825347900390625,
"H":80.10650634765625,
"P":997.461181640625,
"PM10":107.5,
"PM25":157.2,
"S":130.0,
"utciso":"2023-06-06T21:20:03Z"
}