{
"T":22.262365341186523,
"H":91.11419677734375,
"P":997.420654296875,
"PM10":120.2,
"PM25":193.0,
"S":175.0,
"utciso":"2023-06-16T04:50:02Z"
}