{
"T":32.380409240722656,
"H":56.697967529296875,
"P":1000.17236328125,
"PM10":10.4,
"PM25":11.8,
"S":214.0,
"utciso":"2022-07-21T09:40:03Z"
}