{
"T":28.191654205322266,
"H":68.12116241455078,
"P":995.749755859375,
"PM10":109.7,
"PM25":161.6,
"S":118.0,
"utciso":"2023-06-06T17:50:03Z"
}