{
"T":27.598724365234375,
"H":83.91322326660156,
"P":990.413818359375,
"PM10":135.7,
"PM25":238.9,
"S":142.0,
"utciso":"2023-07-01T12:10:02Z"
}