{
"T":34.08268737792969,
"H":50.16911697387695,
"P":999.708740234375,
"PM10":9.5,
"PM25":10.6,
"S":196.0,
"utciso":"2022-07-21T11:10:03Z"
}