{
"T":25.227008819580078,
"H":80.81224060058594,
"P":996.896240234375,
"PM10":123.3,
"PM25":198.3,
"S":137.0,
"utciso":"2023-06-17T23:20:03Z"
}