{
"T":22.281492233276367,
"H":106.71073150634766,
"P":997.715087890625,
"PM10":121.2,
"PM25":192.0,
"S":116.0,
"utciso":"2023-06-03T21:10:03Z"
}