{
"T":25.380023956298828,
"H":88.22708129882812,
"P":996.5048828125,
"PM10":126.7,
"PM25":205.9,
"S":178.0,
"utciso":"2023-06-15T09:20:03Z"
}