{
"T":26.661514282226562,
"H":64.51303100585938,
"P":1004.3154296875,
"PM10":5.8,
"PM25":6.3,
"S":214.0,
"utciso":"2022-07-09T08:20:19Z"
}