{
"T":30.085201263427734,
"H":60.85907745361328,
"P":998.43115234375,
"PM10":126.8,
"PM25":209.4,
"S":140.0,
"utciso":"2023-06-23T10:40:03Z"
}