{
"T":32.87770462036133,
"H":44.59958267211914,
"P":1000.266357421875,
"PM10":136.4,
"PM25":237.3,
"S":133.0,
"utciso":"2023-06-21T15:00:02Z"
}