{
"T":26.75714874267578,
"H":67.91952514648438,
"P":1000.536376953125,
"PM10":124.6,
"PM25":207.5,
"S":126.0,
"utciso":"2023-06-29T09:10:03Z"
}