{
"T":19.96715545654297,
"H":83.07611083984375,
"P":1002.501708984375,
"PM10":101.4,
"PM25":139.3,
"S":147.0,
"utciso":"2023-05-05T07:20:03Z"
}