{
"T":22.18585777282715,
"H":91.55108642578125,
"P":997.571533203125,
"PM10":119.4,
"PM25":192.3,
"S":177.0,
"utciso":"2023-06-16T05:40:03Z"
}