{
"T":31.844860076904297,
"H":56.322181701660156,
"P":1000.16162109375,
"PM10":136.4,
"PM25":233.9,
"S":136.0,
"utciso":"2023-06-21T13:00:02Z"
}