{
"T":24.423686981201172,
"H":61.47010803222656,
"P":1000.6953125,
"PM10":117.9,
"PM25":186.8,
"S":148.0,
"utciso":"2023-06-24T02:00:03Z"
}