{
"T":25.8773193359375,
"H":86.58647155761719,
"P":1000.762451171875,
"PM10":6.9,
"PM25":8.1,
"S":304.0,
"utciso":"2022-07-06T06:10:24Z"
}