{
"T":27.789993286132812,
"H":75.79263305664062,
"P":1000.357421875,
"PM10":13.2,
"PM25":14.6,
"S":250.0,
"utciso":"2022-07-21T05:00:03Z"
}