{
"T":21.784196853637695,
"H":97.57889556884766,
"P":998.29296875,
"PM10":105.0,
"PM25":149.1,
"S":115.0,
"utciso":"2023-06-05T22:20:03Z"
}