{
"T":29.03322982788086,
"H":66.27279663085938,
"P":1001.13330078125,
"PM10":4.6,
"PM25":5.0,
"S":282.0,
"utciso":"2022-07-02T22:20:19Z"
}