{
"T":27.197063446044922,
"H":56.972930908203125,
"P":998.823486328125,
"PM10":104.4,
"PM25":150.3,
"S":115.0,
"utciso":"2023-05-08T15:50:02Z"
}