{
"T":32.36128234863281,
"H":71.02049255371094,
"P":992.762451171875,
"PM10":2.2,
"PM25":4.3,
"S":216.0,
"utciso":"2022-06-29T14:40:17Z"
}