{
"T":25.227008819580078,
"H":94.85369873046875,
"P":994.7841796875,
"PM10":67.3,
"PM25":72.6,
"S":266.0,
"utciso":"2022-06-30T00:50:18Z"
}