{
"T":25.246135711669922,
"H":90.47872924804688,
"P":997.022705078125,
"PM10":140.7,
"PM25":257.5,
"S":187.0,
"utciso":"2023-07-04T04:50:03Z"
}