{
"T":26.833656311035156,
"H":72.00730895996094,
"P":996.724609375,
"PM10":123.7,
"PM25":201.5,
"S":120.0,
"utciso":"2023-05-29T15:50:03Z"
}