{
"T":19.718507766723633,
"H":72.2364501953125,
"P":988.7490234375,
"PM10":98.4,
"PM25":141.3,
"S":112.0,
"utciso":"2023-05-16T21:40:03Z"
}