{
"T":24.232418060302734,
"H":99.66250610351562,
"P":994.509521484375,
"PM10":113.8,
"PM25":171.4,
"S":221.0,
"utciso":"2023-06-10T08:30:03Z"
}