{
"T":17.710201263427734,
"H":128.88192749023438,
"P":996.66796875,
"PM10":115.5,
"PM25":178.3,
"S":137.0,
"utciso":"2023-05-21T07:20:03Z"
}