{
"T":24.80622100830078,
"H":70.13755798339844,
"P":997.892333984375,
"PM10":104.1,
"PM25":143.2,
"S":136.0,
"utciso":"2023-05-09T11:40:03Z"
}