{
"T":15.988794326782227,
"H":88.83811950683594,
"P":999.55029296875,
"PM10":103.7,
"PM25":155.1,
"S":119.0,
"utciso":"2023-05-18T05:30:03Z"
}