{
"T":18.456144332885742,
"H":74.42698669433594,
"P":989.593994140625,
"PM10":99.1,
"PM25":143.6,
"S":116.0,
"utciso":"2023-05-17T01:00:03Z"
}