{
"T":22.970054626464844,
"H":97.91801452636719,
"P":999.270751953125,
"PM10":106.8,
"PM25":158.2,
"S":125.0,
"utciso":"2023-06-07T10:30:02Z"
}