{
"T":21.669435501098633,
"H":95.75191497802734,
"P":994.9658203125,
"PM10":129.7,
"PM25":212.2,
"S":154.0,
"utciso":"2023-06-30T04:30:03Z"
}