{
"T":23.199575424194336,
"H":51.95637512207031,
"P":989.333984375,
"PM10":96.4,
"PM25":136.0,
"S":107.0,
"utciso":"2023-05-15T18:40:03Z"
}