{
"T":23.60123634338379,
"H":92.62955474853516,
"P":997.701171875,
"PM10":106.0,
"PM25":151.6,
"S":112.0,
"utciso":"2023-06-05T20:40:03Z"
}