{
"T":26.64238739013672,
"H":89.43997955322266,
"P":999.191162109375,
"PM10":6.7,
"PM25":7.4,
"S":282.0,
"utciso":"2022-07-07T03:20:19Z"
}