{
"T":23.276081085205078,
"H":66.02532958984375,
"P":1001.64697265625,
"PM10":104.3,
"PM25":153.4,
"S":113.0,
"utciso":"2023-05-04T20:10:03Z"
}