{
"T":30.678131103515625,
"H":70.02452087402344,
"P":1005.061279296875,
"PM10":10.7,
"PM25":11.7,
"S":272.0,
"utciso":"2022-07-18T08:10:03Z"
}