{
"T":25.07399559020996,
"H":92.60511779785156,
"P":999.19091796875,
"PM10":123.2,
"PM25":191.4,
"S":126.0,
"utciso":"2023-06-04T11:40:02Z"
}