{
"T":24.595827102661133,
"H":94.10824584960938,
"P":993.9228515625,
"PM10":132.0,
"PM25":231.6,
"S":204.0,
"utciso":"2023-07-03T05:10:03Z"
}