{
"T":37.02820587158203,
"H":43.927452087402344,
"P":998.19921875,
"PM10":8.7,
"PM25":9.7,
"S":171.0,
"utciso":"2022-07-21T13:30:03Z"
}