{
"T":36.129249572753906,
"H":52.94319152832031,
"P":1001.453369140625,
"PM10":7.6,
"PM25":8.3,
"S":224.0,
"utciso":"2022-07-17T16:20:03Z"
}