{
"T":26.298107147216797,
"H":71.61318969726562,
"P":996.232666015625,
"PM10":117.6,
"PM25":183.5,
"S":113.0,
"utciso":"2023-06-05T15:30:02Z"
}