{
"T":25.265262603759766,
"H":79.98124694824219,
"P":997.644775390625,
"PM10":108.5,
"PM25":156.5,
"S":131.0,
"utciso":"2023-06-06T10:20:02Z"
}