{
"T":28.26816177368164,
"H":55.28343200683594,
"P":996.299072265625,
"PM10":96.4,
"PM25":127.1,
"S":117.0,
"utciso":"2023-05-06T13:30:03Z"
}