{
"T":23.505603790283203,
"H":51.16509246826172,
"P":990.634521484375,
"PM10":96.4,
"PM25":135.9,
"S":114.0,
"utciso":"2023-05-11T11:30:03Z"
}