{
"T":29.167118072509766,
"H":50.11717987060547,
"P":992.6083984375,
"PM10":116.4,
"PM25":178.9,
"S":127.0,
"utciso":"2023-05-24T13:40:03Z"
}