{
"T":32.093509674072266,
"H":57.794761657714844,
"P":1002.33154296875,
"PM10":3.9,
"PM25":4.3,
"S":192.0,
"utciso":"2022-07-12T12:30:03Z"
}