{
"T":30.735509872436523,
"H":69.01020812988281,
"P":996.740478515625,
"PM10":153.5,
"PM25":294.7,
"S":169.0,
"utciso":"2023-07-06T11:30:03Z"
}