{
"T":24.729713439941406,
"H":90.93394470214844,
"P":996.478271484375,
"PM10":120.6,
"PM25":190.7,
"S":185.0,
"utciso":"2023-06-15T09:00:02Z"
}