{
"T":17.346792221069336,
"H":94.8873062133789,
"P":994.69287109375,
"PM10":100.9,
"PM25":146.7,
"S":130.0,
"utciso":"2023-05-12T08:00:02Z"
}