{
"T":25.34177017211914,
"H":84.6525650024414,
"P":999.8125,
"PM10":5.1,
"PM25":7.1,
"S":303.0,
"utciso":"2022-07-06T04:50:22Z"
}