{
"T":25.207881927490234,
"H":69.63652038574219,
"P":1001.0,
"PM10":121.6,
"PM25":198.8,
"S":136.0,
"utciso":"2023-06-21T00:40:04Z"
}