{
"T":20.846986770629883,
"H":129.11106872558594,
"P":1000.040771484375,
"PM10":131.5,
"PM25":222.0,
"S":125.0,
"utciso":"2023-05-31T17:30:03Z"
}