{
"T":17.499807357788086,
"H":128.85137939453125,
"P":996.37744140625,
"PM10":115.5,
"PM25":178.3,
"S":137.0,
"utciso":"2023-05-21T06:20:02Z"
}