{
"T":29.951313018798828,
"H":70.24449157714844,
"P":1003.139404296875,
"PM10":5.4,
"PM25":5.9,
"S":256.0,
"utciso":"2022-07-13T11:10:02Z"
}