{
"T":20.158424377441406,
"H":72.73443603515625,
"P":997.125732421875,
"PM10":101.6,
"PM25":150.5,
"S":108.0,
"utciso":"2023-05-13T18:00:02Z"
}