{
"T":21.26777458190918,
"H":66.34918212890625,
"P":991.733154296875,
"PM10":95.8,
"PM25":135.7,
"S":107.0,
"utciso":"2023-05-14T19:00:03Z"
}