{
"T":32.60993194580078,
"H":61.350955963134766,
"P":995.529296875,
"PM10":3.7,
"PM25":4.0,
"S":208.0,
"utciso":"2022-07-01T17:40:25Z"
}