{
"T":15.893160820007324,
"H":97.81414031982422,
"P":993.9921875,
"PM10":98.0,
"PM25":141.0,
"S":122.0,
"utciso":"2023-05-12T05:00:03Z"
}