{
"T":16.772991180419922,
"H":86.3206787109375,
"P":993.582275390625,
"PM10":93.2,
"PM25":131.1,
"S":117.0,
"utciso":"2023-05-12T02:00:03Z"
}