{
"T":32.571678161621094,
"H":61.96198654174805,
"P":997.8896484375,
"PM10":377.2,
"PM25":1999.9,
"S":208.0,
"utciso":"2022-07-06T19:10:18Z"
}