{
"T":15.089838027954102,
"H":88.3248519897461,
"P":991.761962890625,
"PM10":100.7,
"PM25":147.3,
"S":113.0,
"utciso":"2023-05-15T03:30:02Z"
}