{
"T":16.56259536743164,
"H":115.9433822631836,
"P":999.203125,
"PM10":103.7,
"PM25":147.9,
"S":125.0,
"utciso":"2023-05-19T15:30:03Z"
}