{
"T":31.04153823852539,
"H":50.27909851074219,
"P":1000.88720703125,
"PM10":6.5,
"PM25":7.2,
"S":208.0,
"utciso":"2022-07-09T19:50:17Z"
}