{
"T":31.347564697265625,
"H":68.79634857177734,
"P":995.418212890625,
"PM10":5.1,
"PM25":5.5,
"S":256.0,
"utciso":"2022-07-15T20:20:03Z"
}