{
"T":31.424072265625,
"H":66.2789077758789,
"P":996.189453125,
"PM10":155.1,
"PM25":303.0,
"S":164.0,
"utciso":"2023-07-04T12:40:02Z"
}