{
"T":30.142581939697266,
"H":52.2252311706543,
"P":1000.038818359375,
"PM10":147.7,
"PM25":279.3,
"S":136.0,
"utciso":"2023-06-20T11:20:03Z"
}