{
"T":22.18585777282715,
"H":112.89128875732422,
"P":994.536865234375,
"PM10":105.8,
"PM25":155.7,
"S":212.0,
"utciso":"2023-06-10T01:40:03Z"
}