{
"T":26.16421890258789,
"H":50.45018768310547,
"P":1000.114501953125,
"PM10":108.4,
"PM25":163.5,
"S":111.0,
"utciso":"2023-05-04T16:10:03Z"
}