{
"T":21.91808319091797,
"H":126.21479034423828,
"P":1001.447021484375,
"PM10":131.5,
"PM25":222.0,
"S":125.0,
"utciso":"2023-05-31T09:40:03Z"
}