{
"T":31.25193214416504,
"H":68.68942260742188,
"P":992.091552734375,
"PM10":160.3,
"PM25":325.5,
"S":148.0,
"utciso":"2023-07-02T12:30:03Z"
}