{
"T":21.76506996154785,
"H":59.774497985839844,
"P":991.650146484375,
"PM10":98.7,
"PM25":142.2,
"S":107.0,
"utciso":"2023-05-14T14:20:03Z"
}