{
"T":31.098918914794922,
"H":63.24209213256836,
"P":993.273193359375,
"PM10":121.1,
"PM25":188.9,
"S":136.0,
"utciso":"2023-06-11T15:30:02Z"
}