{
"T":25.62866973876953,
"H":63.92338943481445,
"P":998.628662109375,
"PM10":114.4,
"PM25":180.0,
"S":140.0,
"utciso":"2023-05-26T19:20:03Z"
}