{
"T":19.450733184814453,
"H":88.7647933959961,
"P":996.302490234375,
"PM10":90.1,
"PM25":118.8,
"S":169.0,
"utciso":"2023-04-30T06:20:03Z"
}