{
"T":28.019512176513672,
"H":66.4286117553711,
"P":996.327880859375,
"PM10":136.6,
"PM25":241.3,
"S":125.0,
"utciso":"2023-06-17T19:50:02Z"
}