{
"T":18.207496643066406,
"H":87.71076965332031,
"P":998.712646484375,
"PM10":93.0,
"PM25":123.5,
"S":140.0,
"utciso":"2023-05-06T05:40:03Z"
}