{
"T":25.647796630859375,
"H":79.33966064453125,
"P":997.611328125,
"PM10":109.3,
"PM25":161.5,
"S":135.0,
"utciso":"2023-06-07T20:20:03Z"
}