{
"T":26.04945945739746,
"H":90.73536682128906,
"P":994.26513671875,
"PM10":111.5,
"PM25":165.8,
"S":126.0,
"utciso":"2023-06-02T19:20:03Z"
}