{
"T":18.628284454345703,
"H":87.23416137695312,
"P":997.640380859375,
"PM10":95.4,
"PM25":128.1,
"S":149.0,
"utciso":"2023-04-29T08:40:03Z"
}