{
"T":30.65900421142578,
"H":69.76788330078125,
"P":998.78759765625,
"PM10":5.6,
"PM25":6.2,
"S":240.0,
"utciso":"2022-07-06T20:30:17Z"
}