{
"T":18.896059036254883,
"H":85.00390625,
"P":995.676513671875,
"PM10":113.5,
"PM25":171.5,
"S":146.0,
"utciso":"2023-05-24T03:20:03Z"
}