{
"T":25.169628143310547,
"H":39.702178955078125,
"P":989.3916015625,
"PM10":96.1,
"PM25":133.9,
"S":110.0,
"utciso":"2023-05-11T13:30:03Z"
}