{
"T":23.103940963745117,
"H":89.83715057373047,
"P":997.76025390625,
"PM10":120.3,
"PM25":193.9,
"S":182.0,
"utciso":"2023-06-16T06:40:03Z"
}