{
"T":25.99207878112793,
"H":76.28756713867188,
"P":996.64990234375,
"PM10":124.4,
"PM25":203.6,
"S":147.0,
"utciso":"2023-06-15T21:40:02Z"
}