{
"T":33.16460418701172,
"H":58.44551086425781,
"P":998.0673828125,
"PM10":5.7,
"PM25":6.2,
"S":223.0,
"utciso":"2022-07-04T12:20:19Z"
}