{
"T":18.379636764526367,
"H":80.01179504394531,
"P":998.4208984375,
"PM10":102.0,
"PM25":152.4,
"S":111.0,
"utciso":"2023-05-13T21:10:02Z"
}