{
"T":33.77666091918945,
"H":54.80683135986328,
"P":997.615478515625,
"PM10":5.0,
"PM25":5.4,
"S":188.0,
"utciso":"2022-07-06T17:40:18Z"
}