{
"T":21.43991470336914,
"H":129.11106872558594,
"P":998.430908203125,
"PM10":109.8,
"PM25":162.7,
"S":137.0,
"utciso":"2023-06-04T18:50:02Z"
}