{
"T":23.199575424194336,
"H":120.23892211914062,
"P":994.088623046875,
"PM10":121.1,
"PM25":190.8,
"S":178.0,
"utciso":"2023-06-14T11:30:02Z"
}