{
"T":25.5139102935791,
"H":88.26069641113281,
"P":997.2333984375,
"PM10":119.1,
"PM25":181.7,
"S":161.0,
"utciso":"2023-06-08T09:40:03Z"
}