{
"T":26.64238739013672,
"H":77.23161315917969,
"P":998.815673828125,
"PM10":126.5,
"PM25":209.3,
"S":129.0,
"utciso":"2023-06-29T03:40:03Z"
}