{
"T":27.57959747314453,
"H":77.77542877197266,
"P":994.60107421875,
"PM10":113.3,
"PM25":168.0,
"S":123.0,
"utciso":"2023-06-02T12:00:02Z"
}