{
"T":27.254444122314453,
"H":69.52958679199219,
"P":1000.798095703125,
"PM10":138.5,
"PM25":248.2,
"S":155.0,
"utciso":"2023-06-20T08:50:03Z"
}