{
"T":29.511398315429688,
"H":73.15910339355469,
"P":1002.3251953125,
"PM10":12.2,
"PM25":13.3,
"S":267.0,
"utciso":"2022-07-20T03:50:02Z"
}