{
"T":22.79791259765625,
"H":95.85884857177734,
"P":998.16357421875,
"PM10":122.6,
"PM25":193.7,
"S":175.0,
"utciso":"2023-06-18T05:50:03Z"
}