{
"T":25.9346981048584,
"H":66.90826416015625,
"P":995.35693359375,
"PM10":110.9,
"PM25":163.0,
"S":156.0,
"utciso":"2023-05-23T11:30:02Z"
}