{
"T":23.103940963745117,
"H":106.31661224365234,
"P":994.85400390625,
"PM10":116.5,
"PM25":184.1,
"S":172.0,
"utciso":"2023-06-14T21:40:03Z"
}