{
"T":18.417890548706055,
"H":74.27423095703125,
"P":989.54345703125,
"PM10":100.2,
"PM25":146.6,
"S":116.0,
"utciso":"2023-05-17T01:10:03Z"
}