{
"T":20.101043701171875,
"H":120.46805572509766,
"P":1002.812744140625,
"PM10":111.8,
"PM25":165.6,
"S":135.0,
"utciso":"2023-05-25T17:40:03Z"
}