{
"T":20.636592864990234,
"H":129.11106872558594,
"P":999.093994140625,
"PM10":112.6,
"PM25":169.2,
"S":143.0,
"utciso":"2023-06-04T21:20:02Z"
}