{
"T":27.23531723022461,
"H":78.39562225341797,
"P":1002.228515625,
"PM10":7.4,
"PM25":8.2,
"S":289.0,
"utciso":"2022-07-02T07:20:18Z"
}