{
"T":16.046175003051758,
"H":101.5261459350586,
"P":998.06005859375,
"PM10":105.4,
"PM25":158.1,
"S":138.0,
"utciso":"2023-05-13T02:10:03Z"
}