{
"T":23.888137817382812,
"H":63.859230041503906,
"P":1001.538818359375,
"PM10":103.2,
"PM25":149.7,
"S":111.0,
"utciso":"2023-05-04T19:50:02Z"
}