{
"T":30.142581939697266,
"H":52.15190887451172,
"P":1000.016845703125,
"PM10":2.2,
"PM25":2.3,
"S":211.0,
"utciso":"2022-07-11T21:00:02Z"
}