{
"T":18.13098907470703,
"H":86.27484893798828,
"P":994.28466796875,
"PM10":94.8,
"PM25":131.0,
"S":112.0,
"utciso":"2023-05-10T23:30:03Z"
}