{
"T":29.434890747070312,
"H":49.23729705810547,
"P":1000.609130859375,
"PM10":127.4,
"PM25":211.8,
"S":131.0,
"utciso":"2023-06-21T19:50:02Z"
}