{
"T":17.95884895324707,
"H":85.30941772460938,
"P":1002.003173828125,
"PM10":90.1,
"PM25":115.5,
"S":131.0,
"utciso":"2023-05-05T03:00:03Z"
}