{
"T":26.546754837036133,
"H":58.732696533203125,
"P":999.282958984375,
"PM10":101.9,
"PM25":143.9,
"S":110.0,
"utciso":"2023-05-08T17:40:02Z"
}