{
"T":16.54347038269043,
"H":112.51551055908203,
"P":995.8505859375,
"PM10":107.8,
"PM25":163.4,
"S":132.0,
"utciso":"2023-05-01T03:50:02Z"
}