{
"T":21.286901473999023,
"H":97.07173919677734,
"P":994.646240234375,
"PM10":106.5,
"PM25":155.6,
"S":207.0,
"utciso":"2023-06-11T03:30:03Z"
}