{
"T":34.40784454345703,
"H":40.60955810546875,
"P":997.18408203125,
"PM10":136.4,
"PM25":236.1,
"S":114.0,
"utciso":"2023-06-23T17:30:02Z"
}