{
"T":33.987056732177734,
"H":54.15608215332031,
"P":997.971923828125,
"PM10":4.3,
"PM25":4.7,
"S":177.0,
"utciso":"2022-07-06T16:00:21Z"
}