{
"T":22.912673950195312,
"H":79.49853515625,
"P":1001.267578125,
"PM10":120.9,
"PM25":196.2,
"S":145.0,
"utciso":"2023-06-21T05:00:03Z"
}