{
"T":22.759660720825195,
"H":71.97064208984375,
"P":1000.84375,
"PM10":99.0,
"PM25":138.7,
"S":119.0,
"utciso":"2023-05-08T20:50:02Z"
}