{
"T":19.087326049804688,
"H":83.18609619140625,
"P":998.433349609375,
"PM10":89.5,
"PM25":115.9,
"S":130.0,
"utciso":"2023-05-06T01:40:02Z"
}