{
"T":17.270286560058594,
"H":100.52405548095703,
"P":1002.743408203125,
"PM10":110.2,
"PM25":167.8,
"S":173.0,
"utciso":"2023-05-26T06:00:03Z"
}