{
"T":20.34969139099121,
"H":119.9945068359375,
"P":998.577880859375,
"PM10":110.2,
"PM25":165.2,
"S":129.0,
"utciso":"2023-05-29T06:20:03Z"
}