{
"T":19.450733184814453,
"H":86.5467529296875,
"P":995.95947265625,
"PM10":110.0,
"PM25":163.1,
"S":159.0,
"utciso":"2023-05-24T06:30:03Z"
}