{
"T":17.232032775878906,
"H":93.368896484375,
"P":998.280029296875,
"PM10":107.5,
"PM25":164.0,
"S":117.0,
"utciso":"2023-05-17T18:10:03Z"
}