{
"T":17.95884895324707,
"H":85.8624038696289,
"P":994.304443359375,
"PM10":97.2,
"PM25":136.8,
"S":113.0,
"utciso":"2023-05-10T23:40:03Z"
}