{
"T":21.344282150268555,
"H":80.84890747070312,
"P":995.0029296875,
"PM10":89.0,
"PM25":116.4,
"S":138.0,
"utciso":"2023-04-29T19:10:03Z"
}