{
"T":28.803709030151367,
"H":76.50448608398438,
"P":999.408203125,
"PM10":10.0,
"PM25":10.8,
"S":265.0,
"utciso":"2022-07-22T03:50:02Z"
}