{
"T":20.426197052001953,
"H":107.91445922851562,
"P":993.7490234375,
"PM10":105.2,
"PM25":148.3,
"S":133.0,
"utciso":"2023-05-09T18:30:02Z"
}