{
"T":26.451120376586914,
"H":74.34754943847656,
"P":998.166748046875,
"PM10":125.4,
"PM25":207.2,
"S":119.0,
"utciso":"2023-06-29T16:30:02Z"
}