{
"T":33.738407135009766,
"H":53.71308898925781,
"P":998.40673828125,
"PM10":4.1,
"PM25":4.4,
"S":184.0,
"utciso":"2022-07-11T15:00:03Z"
}