{
"T":25.494783401489258,
"H":88.04072570800781,
"P":992.884765625,
"PM10":134.7,
"PM25":234.7,
"S":137.0,
"utciso":"2023-06-30T16:30:03Z"
}