{
"T":22.434505462646484,
"H":110.43190002441406,
"P":994.20751953125,
"PM10":106.5,
"PM25":156.8,
"S":230.0,
"utciso":"2023-06-10T05:20:03Z"
}