{
"T":19.10645294189453,
"H":106.90320587158203,
"P":995.842529296875,
"PM10":100.9,
"PM25":133.3,
"S":119.0,
"utciso":"2023-04-30T17:20:03Z"
}