{
"T":27.809120178222656,
"H":75.8506851196289,
"P":998.47900390625,
"PM10":130.6,
"PM25":218.2,
"S":126.0,
"utciso":"2023-06-29T00:50:02Z"
}