{
"T":31.940494537353516,
"H":44.48348617553711,
"P":996.9091796875,
"PM10":129.5,
"PM25":216.7,
"S":129.0,
"utciso":"2023-06-22T17:10:03Z"
}