{
"T":34.809505462646484,
"H":43.53944396972656,
"P":1002.293701171875,
"PM10":5.9,
"PM25":6.5,
"S":186.0,
"utciso":"2022-07-19T12:00:03Z"
}