{
"T":24.155912399291992,
"H":81.76544952392578,
"P":996.7880859375,
"PM10":119.9,
"PM25":187.4,
"S":160.0,
"utciso":"2023-05-22T12:00:03Z"
}