{
"T":17.19377899169922,
"H":128.80555725097656,
"P":996.4697265625,
"PM10":115.5,
"PM25":178.3,
"S":137.0,
"utciso":"2023-05-21T05:30:03Z"
}