{
"T":25.5139102935791,
"H":82.01597595214844,
"P":994.50439453125,
"PM10":129.6,
"PM25":220.2,
"S":172.0,
"utciso":"2023-06-30T11:00:03Z"
}