{
"T":21.153013229370117,
"H":112.33831024169922,
"P":996.5234375,
"PM10":115.5,
"PM25":178.3,
"S":137.0,
"utciso":"2023-05-21T12:40:03Z"
}