{
"T":29.760047912597656,
"H":51.284244537353516,
"P":999.861572265625,
"PM10":17.2,
"PM25":18.1,
"S":212.0,
"utciso":"2022-07-07T22:30:20Z"
}