{
"T":24.940109252929688,
"H":39.56775665283203,
"P":989.364013671875,
"PM10":95.1,
"PM25":131.4,
"S":108.0,
"utciso":"2023-05-11T14:00:02Z"
}