{
"T":18.322256088256836,
"H":109.85752868652344,
"P":996.9248046875,
"PM10":114.3,
"PM25":168.4,
"S":162.0,
"utciso":"2023-05-21T23:00:03Z"
}