{
"T":24.863601684570312,
"H":81.58213806152344,
"P":995.337646484375,
"PM10":3.3,
"PM25":3.6,
"S":261.0,
"utciso":"2022-07-01T03:30:18Z"
}