{
"T":29.72179412841797,
"H":71.252685546875,
"P":992.296875,
"PM10":157.5,
"PM25":314.4,
"S":148.0,
"utciso":"2023-07-02T11:20:03Z"
}