{
"T":21.076507568359375,
"H":80.76641845703125,
"P":1000.77880859375,
"PM10":94.3,
"PM25":125.9,
"S":127.0,
"utciso":"2023-05-09T00:10:02Z"
}