{
"T":17.595439910888672,
"H":128.8666534423828,
"P":996.4619140625,
"PM10":115.5,
"PM25":178.3,
"S":137.0,
"utciso":"2023-05-21T06:40:03Z"
}