{
"T":16.0653018951416,
"H":85.39802551269531,
"P":997.020263671875,
"PM10":87.1,
"PM25":111.9,
"S":120.0,
"utciso":"2023-04-29T03:00:03Z"
}