{
"T":20.94261932373047,
"H":76.02482604980469,
"P":996.955322265625,
"PM10":90.6,
"PM25":119.2,
"S":138.0,
"utciso":"2023-04-29T09:50:03Z"
}