{
"T":15.013330459594727,
"H":88.06822204589844,
"P":991.786376953125,
"PM10":98.2,
"PM25":141.4,
"S":116.0,
"utciso":"2023-05-15T03:40:03Z"
}