{
"T":20.579212188720703,
"H":103.49671173095703,
"P":998.091064453125,
"PM10":98.6,
"PM25":136.8,
"S":126.0,
"utciso":"2023-06-06T01:40:03Z"
}