{
"T":24.289798736572266,
"H":45.29004669189453,
"P":989.685546875,
"PM10":92.6,
"PM25":125.6,
"S":111.0,
"utciso":"2023-05-11T15:40:03Z"
}