{
"T":25.150501251220703,
"H":87.25860595703125,
"P":1000.456298828125,
"PM10":5.7,
"PM25":6.3,
"S":282.0,
"utciso":"2022-07-02T03:50:22Z"
}