{
"T":29.109737396240234,
"H":48.40629577636719,
"P":999.63232421875,
"PM10":145.1,
"PM25":271.7,
"S":123.0,
"utciso":"2023-06-20T19:30:02Z"
}