{
"T":26.336360931396484,
"H":85.71881103515625,
"P":1000.973388671875,
"PM10":8.4,
"PM25":9.3,
"S":296.0,
"utciso":"2022-07-03T03:00:26Z"
}