{
"T":33.10722732543945,
"H":60.93239974975586,
"P":995.983154296875,
"PM10":3.7,
"PM25":4.1,
"S":258.0,
"utciso":"2022-07-05T19:00:18Z"
}