{
"T":26.871910095214844,
"H":57.751991271972656,
"P":998.777099609375,
"PM10":103.9,
"PM25":148.7,
"S":116.0,
"utciso":"2023-05-08T17:00:03Z"
}