{
"T":27.67523193359375,
"H":69.7312240600586,
"P":998.504638671875,
"PM10":131.5,
"PM25":223.5,
"S":131.0,
"utciso":"2023-06-25T22:50:03Z"
}