{
"T":29.281879425048828,
"H":58.017791748046875,
"P":993.03173828125,
"PM10":116.8,
"PM25":178.3,
"S":136.0,
"utciso":"2023-05-23T16:30:03Z"
}