{
"T":26.202472686767578,
"H":83.03944396972656,
"P":995.330322265625,
"PM10":139.6,
"PM25":256.0,
"S":170.0,
"utciso":"2023-07-04T00:40:02Z"
}