{
"T":26.374614715576172,
"H":64.27167510986328,
"P":1004.36865234375,
"PM10":5.8,
"PM25":6.3,
"S":213.0,
"utciso":"2022-07-09T08:10:18Z"
}