{
"T":26.60413360595703,
"H":74.84859466552734,
"P":1000.409912109375,
"PM10":130.1,
"PM25":205.6,
"S":141.0,
"utciso":"2023-05-27T11:40:03Z"
}