{
"T":24.557573318481445,
"H":61.931434631347656,
"P":998.335205078125,
"PM10":92.8,
"PM25":123.1,
"S":121.0,
"utciso":"2023-05-05T19:00:03Z"
}