{
"T":26.814529418945312,
"H":56.76823425292969,
"P":998.861328125,
"PM10":103.8,
"PM25":148.1,
"S":116.0,
"utciso":"2023-05-08T17:10:03Z"
}