{
"T":14.286514282226562,
"H":125.24019622802734,
"P":998.040771484375,
"PM10":104.0,
"PM25":148.6,
"S":133.0,
"utciso":"2023-05-01T23:50:03Z"
}