{
"T":26.04945945739746,
"H":80.3814697265625,
"P":994.130859375,
"PM10":109.5,
"PM25":163.2,
"S":173.0,
"utciso":"2023-06-09T18:20:03Z"
}