{
"T":21.822450637817383,
"H":97.08090209960938,
"P":994.74365234375,
"PM10":107.5,
"PM25":158.3,
"S":205.0,
"utciso":"2023-06-11T02:50:02Z"
}