{
"T":25.207881927490234,
"H":88.31874084472656,
"P":1000.99658203125,
"PM10":6.5,
"PM25":7.0,
"S":287.0,
"utciso":"2022-07-02T04:50:17Z"
}