{
"T":22.51101303100586,
"H":79.32438659667969,
"P":996.1826171875,
"PM10":110.3,
"PM25":162.9,
"S":187.0,
"utciso":"2023-05-23T08:50:03Z"
}