{
"T":16.084426879882812,
"H":109.69255065917969,
"P":998.061767578125,
"PM10":96.4,
"PM25":136.4,
"S":124.0,
"utciso":"2023-05-20T02:10:03Z"
}