{
"T":16.21831512451172,
"H":89.03059387207031,
"P":999.4462890625,
"PM10":101.5,
"PM25":150.3,
"S":118.0,
"utciso":"2023-05-18T05:40:03Z"
}