{
"T":28.4976806640625,
"H":76.52281188964844,
"P":1003.459716796875,
"PM10":13.4,
"PM25":14.7,
"S":246.0,
"utciso":"2022-07-19T02:40:03Z"
}