{
"T":24.385433197021484,
"H":86.37261199951172,
"P":998.108642578125,
"PM10":115.9,
"PM25":180.7,
"S":127.0,
"utciso":"2023-06-05T10:30:03Z"
}