{
"T":25.246135711669922,
"H":56.2977409362793,
"P":1000.61962890625,
"PM10":104.9,
"PM25":153.8,
"S":111.0,
"utciso":"2023-05-04T18:30:03Z"
}