{
"T":25.265262603759766,
"H":98.8864974975586,
"P":998.87548828125,
"PM10":155.5,
"PM25":299.3,
"S":176.0,
"utciso":"2023-06-19T02:30:03Z"
}