{
"T":31.67272186279297,
"H":43.65859603881836,
"P":1002.27197265625,
"PM10":2.0,
"PM25":2.1,
"S":158.0,
"utciso":"2022-07-08T12:40:22Z"
}