{
"T":16.505216598510742,
"H":81.60353088378906,
"P":991.93994140625,
"PM10":98.8,
"PM25":145.0,
"S":106.0,
"utciso":"2023-05-15T00:20:03Z"
}