{
"T":23.639490127563477,
"H":86.18930053710938,
"P":998.333740234375,
"PM10":120.6,
"PM25":191.1,
"S":167.0,
"utciso":"2023-06-17T07:20:02Z"
}