{
"T":27.158809661865234,
"H":78.39562225341797,
"P":998.548828125,
"PM10":127.9,
"PM25":211.1,
"S":129.0,
"utciso":"2023-06-29T02:40:03Z"
}