{
"T":29.760047912597656,
"H":69.266845703125,
"P":1001.977783203125,
"PM10":7.1,
"PM25":7.9,
"S":258.0,
"utciso":"2022-07-02T09:30:18Z"
}