{
"T":24.672334671020508,
"H":94.05325317382812,
"P":996.858154296875,
"PM10":142.2,
"PM25":263.3,
"S":201.0,
"utciso":"2023-07-06T04:30:03Z"
}