{
"T":26.011205673217773,
"H":85.81962585449219,
"P":998.559326171875,
"PM10":133.9,
"PM25":230.4,
"S":154.0,
"utciso":"2023-06-18T22:20:03Z"
}