{
"T":20.445323944091797,
"H":104.97235107421875,
"P":998.057373046875,
"PM10":100.0,
"PM25":136.8,
"S":130.0,
"utciso":"2023-06-06T02:10:03Z"
}