{
"T":16.313949584960938,
"H":127.51628112792969,
"P":996.921142578125,
"PM10":95.0,
"PM25":134.0,
"S":122.0,
"utciso":"2023-05-20T13:20:03Z"
}