{
"T":20.73222541809082,
"H":101.9294204711914,
"P":998.01708984375,
"PM10":114.4,
"PM25":177.2,
"S":126.0,
"utciso":"2023-05-29T00:20:02Z"
}