{
"T":28.65069580078125,
"H":73.41573333740234,
"P":992.565673828125,
"PM10":114.2,
"PM25":171.3,
"S":153.0,
"utciso":"2023-06-10T17:40:03Z"
}