{
"T":19.871522903442383,
"H":87.70159912109375,
"P":995.00439453125,
"PM10":105.8,
"PM25":159.2,
"S":124.0,
"utciso":"2023-05-10T09:40:03Z"
}