{
"T":22.950927734375,
"H":70.15895080566406,
"P":995.17529296875,
"PM10":146.9,
"PM25":263.5,
"S":141.0,
"utciso":"2023-05-23T22:10:05Z"
}