{
"T":19.75676155090332,
"H":97.19088745117188,
"P":996.92822265625,
"PM10":99.3,
"PM25":133.7,
"S":182.0,
"utciso":"2023-05-23T00:20:02Z"
}