{
"T":27.560470581054688,
"H":68.91549682617188,
"P":994.8994140625,
"PM10":116.2,
"PM25":178.1,
"S":117.0,
"utciso":"2023-05-28T17:40:02Z"
}