{
"T":26.546754837036133,
"H":60.48023986816406,
"P":993.731689453125,
"PM10":112.5,
"PM25":167.4,
"S":139.0,
"utciso":"2023-05-23T18:50:03Z"
}