{
"T":21.784196853637695,
"H":93.17031860351562,
"P":997.744873046875,
"PM10":119.2,
"PM25":183.1,
"S":189.0,
"utciso":"2023-05-22T09:10:03Z"
}