{
"T":26.929288864135742,
"H":59.54230880737305,
"P":1000.3818359375,
"PM10":123.7,
"PM25":200.9,
"S":144.0,
"utciso":"2023-06-23T23:20:02Z"
}