{
"T":28.306415557861328,
"H":77.55545806884766,
"P":997.639892578125,
"PM10":131.7,
"PM25":224.4,
"S":136.0,
"utciso":"2023-06-18T18:30:03Z"
}