{
"T":25.972951889038086,
"H":86.60174560546875,
"P":994.084228515625,
"PM10":110.5,
"PM25":162.9,
"S":176.0,
"utciso":"2023-06-10T20:50:03Z"
}