{
"T":24.57670021057129,
"H":54.95958709716797,
"P":1001.828369140625,
"PM10":105.2,
"PM25":154.7,
"S":117.0,
"utciso":"2023-05-04T12:40:02Z"
}