{
"T":18.0736083984375,
"H":99.69916534423828,
"P":996.80908203125,
"PM10":117.5,
"PM25":186.9,
"S":126.0,
"utciso":"2023-05-01T00:40:03Z"
}