{
"T":24.920982360839844,
"H":72.49307250976562,
"P":1003.266845703125,
"PM10":3.4,
"PM25":3.7,
"S":221.0,
"utciso":"2022-07-08T05:20:19Z"
}