{
"T":24.614953994750977,
"H":86.57119750976562,
"P":996.6689453125,
"PM10":121.3,
"PM25":194.6,
"S":154.0,
"utciso":"2023-06-16T00:00:02Z"
}