{
"T":32.36128234863281,
"H":53.07150650024414,
"P":999.078857421875,
"PM10":3.4,
"PM25":3.7,
"S":181.0,
"utciso":"2022-07-11T13:10:02Z"
}