{
"T":23.9263916015625,
"H":101.61168670654297,
"P":999.46484375,
"PM10":120.3,
"PM25":184.8,
"S":131.0,
"utciso":"2023-06-04T10:30:03Z"
}