{
"T":34.50347900390625,
"H":50.929847717285156,
"P":997.763671875,
"PM10":6.2,
"PM25":6.7,
"S":223.0,
"utciso":"2022-07-21T19:40:03Z"
}