{
"T":21.306028366088867,
"H":88.82589721679688,
"P":997.49072265625,
"PM10":119.3,
"PM25":190.1,
"S":159.0,
"utciso":"2023-06-17T04:20:03Z"
}