{
"T":24.863601684570312,
"H":83.52521514892578,
"P":997.812255859375,
"PM10":109.2,
"PM25":162.3,
"S":139.0,
"utciso":"2023-06-07T21:40:03Z"
}