{
"T":38.271446228027344,
"H":38.409854888916016,
"P":998.432373046875,
"PM10":5.6,
"PM25":6.1,
"S":167.0,
"utciso":"2022-07-20T16:20:03Z"
}