{
"T":27.789993286132812,
"H":84.50592041015625,
"P":990.3310546875,
"PM10":136.2,
"PM25":239.8,
"S":141.0,
"utciso":"2023-07-01T12:20:03Z"
}