{
"T":24.69145965576172,
"H":81.86932373046875,
"P":997.981689453125,
"PM10":121.8,
"PM25":196.0,
"S":178.0,
"utciso":"2023-06-16T08:00:03Z"
}