{
"T":25.093122482299805,
"H":71.24352264404297,
"P":999.541015625,
"PM10":105.6,
"PM25":151.0,
"S":140.0,
"utciso":"2023-05-08T12:40:03Z"
}