{
"T":20.655717849731445,
"H":109.65894317626953,
"P":996.793701171875,
"PM10":110.7,
"PM25":170.2,
"S":197.0,
"utciso":"2023-06-15T04:20:03Z"
}