{
"T":33.27936553955078,
"H":42.18601608276367,
"P":997.801513671875,
"PM10":134.1,
"PM25":229.0,
"S":115.0,
"utciso":"2023-06-23T18:50:03Z"
}