{
"T":31.95962142944336,
"H":56.39244842529297,
"P":998.66943359375,
"PM10":84.8,
"PM25":94.8,
"S":212.0,
"utciso":"2022-07-07T11:30:21Z"
}