{
"T":20.426197052001953,
"H":115.6134262084961,
"P":996.341796875,
"PM10":111.4,
"PM25":165.7,
"S":121.0,
"utciso":"2023-05-28T21:10:03Z"
}