{
"T":16.352203369140625,
"H":104.18106842041016,
"P":995.724365234375,
"PM10":99.0,
"PM25":142.5,
"S":122.0,
"utciso":"2023-05-12T17:30:03Z"
}