{
"T":22.950927734375,
"H":78.96388244628906,
"P":998.7138671875,
"PM10":131.6,
"PM25":227.4,
"S":156.0,
"utciso":"2023-05-30T08:20:03Z"
}