{
"T":24.57670021057129,
"H":99.49752807617188,
"P":1000.531982421875,
"PM10":3.1,
"PM25":9.6,
"S":217.0,
"utciso":"2022-07-04T15:00:22Z"
}