{
"T":24.863601684570312,
"H":90.62232208251953,
"P":995.484619140625,
"PM10":5.3,
"PM25":5.9,
"S":288.0,
"utciso":"2022-06-30T06:20:19Z"
}