{
"T":26.278980255126953,
"H":81.11164855957031,
"P":994.01416015625,
"PM10":113.6,
"PM25":170.6,
"S":160.0,
"utciso":"2023-06-08T19:50:02Z"
}