{
"T":27.311824798583984,
"H":77.36298370361328,
"P":993.702392578125,
"PM10":114.1,
"PM25":172.6,
"S":150.0,
"utciso":"2023-06-08T18:40:03Z"
}