{
"T":21.478168487548828,
"H":129.11106872558594,
"P":993.9365234375,
"PM10":130.3,
"PM25":220.3,
"S":155.0,
"utciso":"2023-06-30T20:50:02Z"
}