{
"T":20.0245361328125,
"H":105.88278198242188,
"P":998.27392578125,
"PM10":102.3,
"PM25":144.1,
"S":141.0,
"utciso":"2023-06-06T05:30:03Z"
}