{
"T":23.314334869384766,
"H":71.81178283691406,
"P":1000.6474609375,
"PM10":151.2,
"PM25":288.0,
"S":155.0,
"utciso":"2023-07-06T12:50:03Z"
}