{
"T":25.380023956298828,
"H":82.76448059082031,
"P":998.635986328125,
"PM10":127.3,
"PM25":209.7,
"S":125.0,
"utciso":"2023-06-29T18:20:02Z"
}