{
"T":34.82863235473633,
"H":47.72194290161133,
"P":996.562744140625,
"PM10":4.0,
"PM25":4.3,
"S":182.0,
"utciso":"2022-07-07T15:30:17Z"
}