{
"T":33.375,
"H":55.06957244873047,
"P":999.66796875,
"PM10":6.7,
"PM25":7.3,
"S":227.0,
"utciso":"2022-07-03T11:30:17Z"
}