{
"T":26.16421890258789,
"H":89.97157287597656,
"P":997.3251953125,
"PM10":143.3,
"PM25":266.2,
"S":210.0,
"utciso":"2023-07-06T06:50:03Z"
}