{
"T":17.748455047607422,
"H":96.6654052734375,
"P":996.873779296875,
"PM10":107.1,
"PM25":151.8,
"S":188.0,
"utciso":"2023-05-23T05:00:03Z"
}