{
"T":30.180835723876953,
"H":71.2496337890625,
"P":997.424560546875,
"PM10":133.9,
"PM25":224.4,
"S":141.0,
"utciso":"2023-06-18T12:50:03Z"
}