{
"T":22.281492233276367,
"H":111.39427185058594,
"P":994.374267578125,
"PM10":105.4,
"PM25":154.7,
"S":220.0,
"utciso":"2023-06-10T03:10:02Z"
}