{
"T":29.339258193969727,
"H":68.61609649658203,
"P":997.996337890625,
"PM10":4.3,
"PM25":4.7,
"S":246.0,
"utciso":"2022-07-01T20:40:25Z"
}