{
"T":27.904752731323242,
"H":68.16393280029297,
"P":999.708251953125,
"PM10":127.5,
"PM25":213.7,
"S":118.0,
"utciso":"2023-06-29T13:20:02Z"
}