{
"T":22.166730880737305,
"H":97.42919158935547,
"P":994.622314453125,
"PM10":111.6,
"PM25":166.9,
"S":197.0,
"utciso":"2023-06-09T05:30:03Z"
}