{
"T":35.459815979003906,
"H":45.836917877197266,
"P":1000.235107421875,
"PM10":6.2,
"PM25":6.7,
"S":193.0,
"utciso":"2022-07-19T18:20:03Z"
}