{
"T":20.94261932373047,
"H":82.52923583984375,
"P":1000.51513671875,
"PM10":93.1,
"PM25":123.6,
"S":127.0,
"utciso":"2023-05-09T01:00:03Z"
}