{
"T":21.248647689819336,
"H":63.94783020019531,
"P":999.950927734375,
"PM10":107.8,
"PM25":165.6,
"S":112.0,
"utciso":"2023-05-18T13:40:02Z"
}