{
"T":21.344282150268555,
"H":129.11106872558594,
"P":993.389892578125,
"PM10":100.6,
"PM25":145.6,
"S":171.0,
"utciso":"2023-06-13T08:50:03Z"
}