{
"T":21.80332374572754,
"H":115.98310089111328,
"P":996.711181640625,
"PM10":107.7,
"PM25":160.2,
"S":137.0,
"utciso":"2023-06-12T07:40:03Z"
}