{
"T":21.401660919189453,
"H":71.1610336303711,
"P":997.287841796875,
"PM10":100.9,
"PM25":145.3,
"S":106.0,
"utciso":"2023-04-28T18:10:03Z"
}