{
"T":30.525115966796875,
"H":71.85455322265625,
"P":992.953125,
"PM10":139.6,
"PM25":240.7,
"S":178.0,
"utciso":"2023-06-27T20:00:03Z"
}