{
"T":20.34969139099121,
"H":112.63771057128906,
"P":997.918212890625,
"PM10":111.9,
"PM25":165.9,
"S":151.0,
"utciso":"2023-06-04T01:30:02Z"
}