{
"T":15.854907035827637,
"H":96.47598266601562,
"P":993.849609375,
"PM10":96.6,
"PM25":137.7,
"S":118.0,
"utciso":"2023-05-12T04:30:02Z"
}