{
"T":29.052356719970703,
"H":46.050777435302734,
"P":999.49072265625,
"PM10":120.6,
"PM25":195.6,
"S":127.0,
"utciso":"2023-05-26T15:40:02Z"
}