{
"T":21.478168487548828,
"H":124.23505401611328,
"P":993.600830078125,
"PM10":103.5,
"PM25":152.1,
"S":160.0,
"utciso":"2023-06-13T10:10:02Z"
}