{
"T":16.734737396240234,
"H":98.02188873291016,
"P":994.635986328125,
"PM10":96.9,
"PM25":138.2,
"S":124.0,
"utciso":"2023-05-12T07:20:03Z"
}