{
"T":19.010818481445312,
"H":87.5549545288086,
"P":995.968017578125,
"PM10":88.0,
"PM25":112.8,
"S":155.0,
"utciso":"2023-04-30T01:30:03Z"
}