{
"T":15.797527313232422,
"H":91.09587097167969,
"P":1002.252685546875,
"PM10":88.7,
"PM25":117.8,
"S":126.0,
"utciso":"2023-05-03T02:20:02Z"
}