{
"T":38.175811767578125,
"H":37.98213195800781,
"P":998.6669921875,
"PM10":6.0,
"PM25":6.6,
"S":174.0,
"utciso":"2022-07-20T16:00:03Z"
}