{
"T":17.059890747070312,
"H":128.78416442871094,
"P":996.312744140625,
"PM10":115.5,
"PM25":178.3,
"S":137.0,
"utciso":"2023-05-21T05:00:03Z"
}