{
"T":35.689334869384766,
"H":40.8814697265625,
"P":1001.69482421875,
"PM10":6.2,
"PM25":6.7,
"S":177.0,
"utciso":"2022-07-19T13:00:02Z"
}