{
"T":26.738021850585938,
"H":63.85312271118164,
"P":994.977783203125,
"PM10":111.9,
"PM25":164.3,
"S":146.0,
"utciso":"2023-05-23T12:10:03Z"
}