{
"T":20.94261932373047,
"H":82.18400573730469,
"P":1000.652587890625,
"PM10":94.3,
"PM25":127.2,
"S":131.0,
"utciso":"2023-05-09T00:50:03Z"
}