{
"T":19.068199157714844,
"H":75.01968383789062,
"P":998.141845703125,
"PM10":100.9,
"PM25":149.2,
"S":111.0,
"utciso":"2023-05-13T19:40:02Z"
}