{
"T":24.9592342376709,
"H":92.25376892089844,
"P":993.96533203125,
"PM10":125.2,
"PM25":210.3,
"S":207.0,
"utciso":"2023-07-03T05:50:03Z"
}