{
"T":15.701892852783203,
"H":86.16792297363281,
"P":1004.019775390625,
"PM10":105.8,
"PM25":157.8,
"S":126.0,
"utciso":"2023-05-04T04:50:03Z"
}