{
"T":20.273183822631836,
"H":92.44624328613281,
"P":1000.117431640625,
"PM10":101.9,
"PM25":148.0,
"S":119.0,
"utciso":"2023-05-25T07:30:02Z"
}