{
"T":26.393741607666016,
"H":93.57665252685547,
"P":999.396484375,
"PM10":161.6,
"PM25":320.2,
"S":191.0,
"utciso":"2023-06-19T08:00:03Z"
}