{
"T":22.319744110107422,
"H":83.00889587402344,
"P":996.630615234375,
"PM10":119.2,
"PM25":188.7,
"S":155.0,
"utciso":"2023-06-17T02:30:03Z"
}