{
"T":28.287288665771484,
"H":53.899452209472656,
"P":1003.31494140625,
"PM10":2.0,
"PM25":2.2,
"S":212.0,
"utciso":"2022-07-08T21:20:17Z"
}