{
"T":27.330951690673828,
"H":68.51527404785156,
"P":996.590576171875,
"PM10":121.4,
"PM25":192.3,
"S":119.0,
"utciso":"2023-05-28T12:00:03Z"
}