{
"T":27.4648380279541,
"H":85.43773651123047,
"P":997.738037109375,
"PM10":7.5,
"PM25":8.2,
"S":290.0,
"utciso":"2022-07-16T03:20:02Z"
}