{
"T":21.248647689819336,
"H":67.94090270996094,
"P":986.505615234375,
"PM10":104.2,
"PM25":156.0,
"S":133.0,
"utciso":"2023-05-16T09:10:03Z"
}