{
"T":25.11224937438965,
"H":98.7337417602539,
"P":998.64208984375,
"PM10":118.7,
"PM25":179.5,
"S":120.0,
"utciso":"2023-06-04T13:20:02Z"
}