{
"T":22.664026260375977,
"H":54.58991241455078,
"P":988.040283203125,
"PM10":101.2,
"PM25":147.2,
"S":110.0,
"utciso":"2023-05-16T14:40:03Z"
}