{
"T":21.133886337280273,
"H":129.11106872558594,
"P":993.4775390625,
"PM10":101.1,
"PM25":146.4,
"S":167.0,
"utciso":"2023-06-13T09:00:03Z"
}