{
"T":30.00869369506836,
"H":46.83289337158203,
"P":1000.17041015625,
"PM10":145.2,
"PM25":271.2,
"S":122.0,
"utciso":"2023-06-20T18:40:03Z"
}