{
"T":20.961746215820312,
"H":129.11106872558594,
"P":999.01708984375,
"PM10":108.9,
"PM25":159.0,
"S":143.0,
"utciso":"2023-06-04T20:10:02Z"
}