{
"T":24.155912399291992,
"H":66.03755187988281,
"P":994.978759765625,
"PM10":108.7,
"PM25":160.4,
"S":140.0,
"utciso":"2023-05-23T20:50:02Z"
}