{
"T":17.36591911315918,
"H":98.61458587646484,
"P":1000.111083984375,
"PM10":103.5,
"PM25":147.2,
"S":129.0,
"utciso":"2023-05-19T03:40:03Z"
}