{
"T":25.762557983398438,
"H":89.02142333984375,
"P":996.316650390625,
"PM10":133.5,
"PM25":226.4,
"S":191.0,
"utciso":"2023-06-27T05:50:03Z"
}