{
"T":28.26816177368164,
"H":78.09622192382812,
"P":1001.979248046875,
"PM10":7.4,
"PM25":8.0,
"S":286.0,
"utciso":"2022-07-17T05:20:02Z"
}