{
"T":27.598724365234375,
"H":76.19285583496094,
"P":1001.41552734375,
"PM10":6.1,
"PM25":6.7,
"S":285.0,
"utciso":"2022-07-03T00:30:18Z"
}