{
"T":17.614566802978516,
"H":86.49176025390625,
"P":1001.99755859375,
"PM10":95.8,
"PM25":130.0,
"S":135.0,
"utciso":"2023-05-05T04:10:03Z"
}