{
"T":26.718894958496094,
"H":61.25318908691406,
"P":1003.960205078125,
"PM10":2.2,
"PM25":2.3,
"S":222.0,
"utciso":"2022-07-08T23:20:17Z"
}