{
"T":16.027048110961914,
"H":88.11709594726562,
"P":992.818115234375,
"PM10":96.8,
"PM25":138.3,
"S":115.0,
"utciso":"2023-05-11T04:50:03Z"
}