{
"T":20.961746215820312,
"H":102.40296936035156,
"P":998.290771484375,
"PM10":99.4,
"PM25":137.8,
"S":123.0,
"utciso":"2023-06-06T00:50:03Z"
}