{
"T":19.85239601135254,
"H":93.39945220947266,
"P":997.530517578125,
"PM10":104.0,
"PM25":153.0,
"S":119.0,
"utciso":"2023-05-25T03:10:03Z"
}