{
"T":25.8773193359375,
"H":82.18095397949219,
"P":996.0166015625,
"PM10":138.2,
"PM25":248.9,
"S":177.0,
"utciso":"2023-07-05T01:20:02Z"
}