{
"T":34.75212478637695,
"H":60.68798828125,
"P":992.541259765625,
"PM10":149.4,
"PM25":272.8,
"S":149.0,
"utciso":"2023-06-27T15:00:03Z"
}