{
"T":24.13678550720215,
"H":103.9061050415039,
"P":994.58642578125,
"PM10":116.6,
"PM25":182.9,
"S":166.0,
"utciso":"2023-06-14T20:30:03Z"
}