{
"T":15.510625839233398,
"H":118.94964599609375,
"P":996.669189453125,
"PM10":107.5,
"PM25":155.7,
"S":134.0,
"utciso":"2023-05-01T13:50:03Z"
}