{
"T":17.442426681518555,
"H":93.04199981689453,
"P":999.712890625,
"PM10":108.2,
"PM25":164.5,
"S":137.0,
"utciso":"2023-05-13T07:20:03Z"
}