{
"T":23.467350006103516,
"H":92.24766540527344,
"P":994.660400390625,
"PM10":112.8,
"PM25":168.0,
"S":175.0,
"utciso":"2023-06-09T00:10:03Z"
}