{
"T":26.08771324157715,
"H":82.17789459228516,
"P":994.323974609375,
"PM10":113.2,
"PM25":171.9,
"S":192.0,
"utciso":"2023-06-11T09:20:03Z"
}