{
"T":25.207881927490234,
"H":62.87547302246094,
"P":1000.05322265625,
"PM10":100.0,
"PM25":139.9,
"S":113.0,
"utciso":"2023-05-08T19:00:03Z"
}