{
"T":32.858577728271484,
"H":61.16764831542969,
"P":995.346435546875,
"PM10":3.6,
"PM25":3.9,
"S":210.0,
"utciso":"2022-07-01T17:10:17Z"
}