{
"T":17.710201263427734,
"H":91.92686462402344,
"P":999.742431640625,
"PM10":107.3,
"PM25":162.3,
"S":139.0,
"utciso":"2023-05-13T07:40:03Z"
}