{
"T":19.75676155090332,
"H":111.62035369873047,
"P":991.98486328125,
"PM10":115.4,
"PM25":172.9,
"S":155.0,
"utciso":"2023-05-10T02:30:02Z"
}