{
"T":36.760433197021484,
"H":39.534149169921875,
"P":997.749755859375,
"PM10":3.4,
"PM25":3.7,
"S":219.0,
"utciso":"2022-07-03T16:40:17Z"
}