{
"T":22.07109832763672,
"H":105.14955139160156,
"P":999.718994140625,
"PM10":115.6,
"PM25":175.6,
"S":139.0,
"utciso":"2023-06-04T09:00:03Z"
}