{
"T":16.1226806640625,
"H":91.65190124511719,
"P":991.487060546875,
"PM10":105.8,
"PM25":155.0,
"S":122.0,
"utciso":"2023-05-15T07:10:03Z"
}