{
"T":23.65861701965332,
"H":105.73918914794922,
"P":997.8310546875,
"PM10":121.2,
"PM25":192.0,
"S":116.0,
"utciso":"2023-06-03T19:50:02Z"
}