{
"T":31.404945373535156,
"H":54.96875,
"P":997.767822265625,
"PM10":136.4,
"PM25":239.1,
"S":116.0,
"utciso":"2023-06-25T20:00:03Z"
}