{
"T":23.142194747924805,
"H":95.4800033569336,
"P":994.734619140625,
"PM10":129.9,
"PM25":220.3,
"S":178.0,
"utciso":"2023-06-30T08:30:03Z"
}