{
"T":18.22662353515625,
"H":90.64370727539062,
"P":1000.755615234375,
"PM10":100.8,
"PM25":143.2,
"S":127.0,
"utciso":"2023-05-19T00:10:03Z"
}