{
"T":25.533037185668945,
"H":92.5073471069336,
"P":998.791015625,
"PM10":137.6,
"PM25":241.7,
"S":165.0,
"utciso":"2023-06-19T00:30:03Z"
}