{
"T":17.557186126708984,
"H":86.93781280517578,
"P":997.694091796875,
"PM10":93.4,
"PM25":130.5,
"S":120.0,
"utciso":"2023-05-13T23:50:03Z"
}