{
"T":21.80332374572754,
"H":69.58152770996094,
"P":997.681640625,
"PM10":106.5,
"PM25":162.7,
"S":116.0,
"utciso":"2023-05-02T12:10:03Z"
}