{
"T":17.652820587158203,
"H":89.74243927001953,
"P":997.827880859375,
"PM10":94.9,
"PM25":127.0,
"S":146.0,
"utciso":"2023-04-29T08:00:03Z"
}