{
"T":25.972951889038086,
"H":83.35107421875,
"P":999.733642578125,
"PM10":5.2,
"PM25":5.7,
"S":274.0,
"utciso":"2022-07-02T02:20:17Z"
}