{
"T":21.53554916381836,
"H":126.74638366699219,
"P":1001.5947265625,
"PM10":131.5,
"PM25":222.0,
"S":125.0,
"utciso":"2023-05-31T09:30:02Z"
}