{
"T":16.27569580078125,
"H":114.86797332763672,
"P":999.90283203125,
"PM10":102.8,
"PM25":145.7,
"S":126.0,
"utciso":"2023-05-19T11:30:02Z"
}