{
"T":24.289798736572266,
"H":98.50460052490234,
"P":995.95947265625,
"PM10":110.3,
"PM25":166.5,
"S":138.0,
"utciso":"2023-06-12T09:40:03Z"
}