{
"T":22.85529327392578,
"H":79.1532974243164,
"P":1001.59375,
"PM10":120.7,
"PM25":195.2,
"S":144.0,
"utciso":"2023-06-21T04:50:03Z"
}