{
"T":16.409582138061523,
"H":113.04405212402344,
"P":999.64697265625,
"PM10":105.3,
"PM25":152.3,
"S":129.0,
"utciso":"2023-05-19T22:00:03Z"
}