{
"T":26.4893741607666,
"H":78.96998596191406,
"P":997.296875,
"PM10":7.2,
"PM25":7.9,
"S":278.0,
"utciso":"2022-07-15T04:10:02Z"
}