{
"T":16.141807556152344,
"H":88.75563049316406,
"P":999.4638671875,
"PM10":104.1,
"PM25":156.3,
"S":119.0,
"utciso":"2023-05-18T05:50:03Z"
}