{
"T":20.330564498901367,
"H":79.51686096191406,
"P":1000.380859375,
"PM10":109.6,
"PM25":167.3,
"S":121.0,
"utciso":"2023-05-18T11:20:03Z"
}