{
"T":21.745943069458008,
"H":98.32740020751953,
"P":996.53173828125,
"PM10":115.5,
"PM25":178.3,
"S":137.0,
"utciso":"2023-05-21T16:10:02Z"
}