{
"T":14.802936553955078,
"H":88.91754913330078,
"P":991.924560546875,
"PM10":104.3,
"PM25":154.2,
"S":119.0,
"utciso":"2023-05-15T05:20:03Z"
}