{
"T":16.00792121887207,
"H":91.34638977050781,
"P":996.986572265625,
"PM10":95.5,
"PM25":134.9,
"S":114.0,
"utciso":"2023-05-14T05:20:03Z"
}