{
"T":28.402048110961914,
"H":70.16810607910156,
"P":995.666259765625,
"PM10":215.3,
"PM25":470.8,
"S":168.0,
"utciso":"2023-07-04T20:50:03Z"
}