{
"T":16.0653018951416,
"H":85.9937744140625,
"P":998.82080078125,
"PM10":101.9,
"PM25":151.3,
"S":109.0,
"utciso":"2023-05-18T02:50:03Z"
}