{
"T":25.18875503540039,
"H":72.45030212402344,
"P":1003.2900390625,
"PM10":3.9,
"PM25":4.2,
"S":222.0,
"utciso":"2022-07-08T05:30:17Z"
}