{
"T":27.57959747314453,
"H":59.719505310058594,
"P":993.294677734375,
"PM10":113.2,
"PM25":169.6,
"S":138.0,
"utciso":"2023-05-23T18:00:02Z"
}