{
"T":21.17214012145996,
"H":63.27875518798828,
"P":992.307861328125,
"PM10":97.0,
"PM25":139.4,
"S":106.0,
"utciso":"2023-05-14T13:40:03Z"
}