{
"T":24.653207778930664,
"H":98.0982666015625,
"P":998.7216796875,
"PM10":119.6,
"PM25":184.4,
"S":121.0,
"utciso":"2023-06-04T13:40:03Z"
}