{
"T":31.003284454345703,
"H":65.05990600585938,
"P":996.650146484375,
"PM10":3.7,
"PM25":4.3,
"S":284.0,
"utciso":"2022-07-05T20:30:17Z"
}