{
"T":18.417890548706055,
"H":128.98886108398438,
"P":999.983154296875,
"PM10":108.1,
"PM25":157.0,
"S":153.0,
"utciso":"2023-06-01T02:40:03Z"
}