{
"T":32.76294708251953,
"H":38.10128402709961,
"P":998.2890625,
"PM10":132.4,
"PM25":224.6,
"S":119.0,
"utciso":"2023-06-24T17:20:02Z"
}