{
"T":24.557573318481445,
"H":82.54450988769531,
"P":998.454345703125,
"PM10":118.5,
"PM25":185.2,
"S":155.0,
"utciso":"2023-06-23T05:30:03Z"
}