{
"T":33.16460418701172,
"H":45.62611389160156,
"P":999.86962890625,
"PM10":6.5,
"PM25":7.2,
"S":208.0,
"utciso":"2022-07-09T17:40:17Z"
}