{
"T":26.10683822631836,
"H":58.24998092651367,
"P":1000.337158203125,
"PM10":101.2,
"PM25":140.5,
"S":121.0,
"utciso":"2023-05-05T11:40:03Z"
}