{
"T":30.085201263427734,
"H":63.23598098754883,
"P":997.9306640625,
"PM10":,
"PM25":,
"S":,
"utciso":"2022-07-10T21:00:04Z"
}