{
"T":25.360897064208984,
"H":85.8624038696289,
"P":995.607421875,
"PM10":5.1,
"PM25":6.0,
"S":268.0,
"utciso":"2022-07-01T05:50:17Z"
}