{
"T":25.227008819580078,
"H":79.86209106445312,
"P":998.40673828125,
"PM10":119.8,
"PM25":191.4,
"S":137.0,
"utciso":"2023-05-29T11:20:03Z"
}