{
"T":22.644899368286133,
"H":97.62471771240234,
"P":999.257080078125,
"PM10":115.5,
"PM25":176.7,
"S":134.0,
"utciso":"2023-05-28T01:30:03Z"
}