{
"T":29.645286560058594,
"H":71.32295227050781,
"P":1003.004150390625,
"PM10":10.1,
"PM25":11.1,
"S":254.0,
"utciso":"2022-07-14T08:10:02Z"
}