{
"T":16.466962814331055,
"H":127.69959259033203,
"P":996.73193359375,
"PM10":97.5,
"PM25":139.1,
"S":124.0,
"utciso":"2023-05-20T13:50:02Z"
}