{
"T":26.412866592407227,
"H":74.13674926757812,
"P":998.564697265625,
"PM10":126.7,
"PM25":210.7,
"S":123.0,
"utciso":"2023-06-29T16:00:03Z"
}