{
"T":36.11012268066406,
"H":52.29549789428711,
"P":1001.636474609375,
"PM10":7.8,
"PM25":8.4,
"S":218.0,
"utciso":"2022-07-17T15:20:02Z"
}