{
"T":27.94300651550293,
"H":78.8233413696289,
"P":994.386962890625,
"PM10":164.0,
"PM25":336.4,
"S":175.0,
"utciso":"2023-07-03T20:40:03Z"
}