{
"T":17.09814453125,
"H":86.36955261230469,
"P":993.58837890625,
"PM10":94.4,
"PM25":133.2,
"S":115.0,
"utciso":"2023-05-12T01:20:03Z"
}