{
"T":18.34138298034668,
"H":101.00065612792969,
"P":993.130615234375,
"PM10":110.4,
"PM25":169.6,
"S":137.0,
"utciso":"2023-05-10T04:30:04Z"
}