{
"T":29.109737396240234,
"H":78.08705139160156,
"P":1004.09033203125,
"PM10":12.6,
"PM25":13.7,
"S":276.0,
"utciso":"2022-07-18T02:00:03Z"
}