{
"T":14.89857006072998,
"H":93.915771484375,
"P":1002.280517578125,
"PM10":91.2,
"PM25":122.5,
"S":135.0,
"utciso":"2023-05-03T04:00:03Z"
}