{
"T":21.38253402709961,
"H":62.94268798828125,
"P":999.747802734375,
"PM10":106.3,
"PM25":162.1,
"S":111.0,
"utciso":"2023-05-18T14:20:03Z"
}