{
"T":26.776275634765625,
"H":98.46183013916016,
"P":998.282958984375,
"PM10":6.0,
"PM25":6.7,
"S":302.0,
"utciso":"2022-07-05T08:10:17Z"
}