{
"T":19.90977668762207,
"H":107.19344329833984,
"P":996.82373046875,
"PM10":115.5,
"PM25":178.3,
"S":137.0,
"utciso":"2023-05-21T20:10:03Z"
}