{
"T":25.686050415039062,
"H":79.718505859375,
"P":995.458740234375,
"PM10":112.3,
"PM25":167.1,
"S":135.0,
"utciso":"2023-06-02T10:20:03Z"
}