{
"T":34.369590759277344,
"H":57.07374954223633,
"P":1002.97509765625,
"PM10":8.1,
"PM25":8.7,
"S":224.0,
"utciso":"2022-07-17T12:50:02Z"
}