{
"T":30.046947479248047,
"H":52.872920989990234,
"P":995.800048828125,
"PM10":130.8,
"PM25":220.0,
"S":124.0,
"utciso":"2023-06-16T13:10:02Z"
}