{
"T":22.77878761291504,
"H":121.69622802734375,
"P":992.207275390625,
"PM10":143.1,
"PM25":250.4,
"S":186.0,
"utciso":"2023-07-01T07:10:03Z"
}