{
"T":23.65861701965332,
"H":108.79739379882812,
"P":998.62255859375,
"PM10":4.4,
"PM25":6.4,
"S":320.0,
"utciso":"2022-07-04T16:50:22Z"
}