{
"T":21.688562393188477,
"H":126.16284942626953,
"P":1000.552978515625,
"PM10":131.5,
"PM25":222.0,
"S":125.0,
"utciso":"2023-05-31T15:40:03Z"
}