{
"T":31.404945373535156,
"H":56.83544921875,
"P":996.592529296875,
"PM10":147.2,
"PM25":273.5,
"S":139.0,
"utciso":"2023-06-26T20:30:02Z"
}