{
"T":20.19667625427246,
"H":70.08256530761719,
"P":1002.934326171875,
"PM10":97.1,
"PM25":138.5,
"S":109.0,
"utciso":"2023-05-03T20:40:02Z"
}