{
"T":14.45865535736084,
"H":82.89585876464844,
"P":988.1669921875,
"PM10":100.1,
"PM25":145.6,
"S":122.0,
"utciso":"2023-05-16T04:40:02Z"
}