{
"T":22.281492233276367,
"H":96.2071304321289,
"P":994.2783203125,
"PM10":108.0,
"PM25":159.1,
"S":185.0,
"utciso":"2023-06-09T03:10:03Z"
}