{
"T":17.021638870239258,
"H":86.6536865234375,
"P":993.604736328125,
"PM10":95.5,
"PM25":135.5,
"S":114.0,
"utciso":"2023-05-12T01:50:02Z"
}