{
"T":26.068586349487305,
"H":56.28246307373047,
"P":997.90673828125,
"PM10":93.9,
"PM25":124.2,
"S":119.0,
"utciso":"2023-05-05T17:50:03Z"
}