{
"T":36.14837646484375,
"H":47.724998474121094,
"P":1001.057861328125,
"PM10":8.2,
"PM25":8.9,
"S":183.0,
"utciso":"2022-07-18T18:40:03Z"
}