{
"T":27.77086639404297,
"H":65.33181762695312,
"P":997.359375,
"PM10":121.2,
"PM25":190.0,
"S":122.0,
"utciso":"2023-05-27T18:40:03Z"
}