{
"T":16.1226806640625,
"H":97.44446563720703,
"P":998.805908203125,
"PM10":107.8,
"PM25":161.3,
"S":143.0,
"utciso":"2023-05-13T04:40:03Z"
}