{
"T":24.74884033203125,
"H":73.97787475585938,
"P":1002.245361328125,
"PM10":114.5,
"PM25":177.6,
"S":170.0,
"utciso":"2023-06-22T05:40:03Z"
}