{
"T":25.380023956298828,
"H":77.93734741210938,
"P":997.829833984375,
"PM10":121.0,
"PM25":193.9,
"S":132.0,
"utciso":"2023-05-29T12:40:03Z"
}