{
"T":20.636592864990234,
"H":90.38401794433594,
"P":1002.845703125,
"PM10":113.5,
"PM25":178.6,
"S":175.0,
"utciso":"2023-05-26T08:20:03Z"
}