{
"T":28.803709030151367,
"H":76.83749389648438,
"P":997.427001953125,
"PM10":148.9,
"PM25":280.6,
"S":178.0,
"utciso":"2023-07-04T10:30:02Z"
}