{
"T":20.655717849731445,
"H":103.17286682128906,
"P":998.109619140625,
"PM10":96.8,
"PM25":133.0,
"S":125.0,
"utciso":"2023-06-06T01:20:02Z"
}