{
"T":19.890649795532227,
"H":74.5736312866211,
"P":997.868408203125,
"PM10":100.9,
"PM25":147.2,
"S":110.0,
"utciso":"2023-04-28T20:10:02Z"
}