{
"T":27.809120178222656,
"H":71.8209457397461,
"P":995.67236328125,
"PM10":150.0,
"PM25":289.7,
"S":171.0,
"utciso":"2023-07-04T21:30:03Z"
}