{
"T":26.96754264831543,
"H":82.5872802734375,
"P":996.156982421875,
"PM10":151.6,
"PM25":294.5,
"S":174.0,
"utciso":"2023-07-05T22:50:03Z"
}