{
"T":28.11514663696289,
"H":70.23226928710938,
"P":998.900390625,
"PM10":123.4,
"PM25":197.1,
"S":149.0,
"utciso":"2023-06-23T09:10:03Z"
}