{
"T":23.276081085205078,
"H":73.69680786132812,
"P":999.1669921875,
"PM10":99.1,
"PM25":135.5,
"S":129.0,
"utciso":"2023-05-07T09:30:03Z"
}