{
"T":17.710201263427734,
"H":104.86236572265625,
"P":1002.282470703125,
"PM10":106.9,
"PM25":157.5,
"S":160.0,
"utciso":"2023-05-26T01:00:02Z"
}