{
"T":31.51970672607422,
"H":58.40884780883789,
"P":997.907470703125,
"PM10":3.6,
"PM25":4.0,
"S":205.0,
"utciso":"2022-07-07T20:20:17Z"
}