{
"T":23.199575424194336,
"H":80.65338134765625,
"P":994.902099609375,
"PM10":88.5,
"PM25":114.0,
"S":127.0,
"utciso":"2023-04-29T15:50:03Z"
}