{
"T":16.696483612060547,
"H":81.05360412597656,
"P":999.064697265625,
"PM10":100.2,
"PM25":146.9,
"S":114.0,
"utciso":"2023-05-17T23:40:03Z"
}