{
"T":18.704792022705078,
"H":91.4930419921875,
"P":996.151123046875,
"PM10":90.0,
"PM25":117.2,
"S":164.0,
"utciso":"2023-04-30T05:00:03Z"
}