{
"T":32.49517059326172,
"H":63.074058532714844,
"P":995.724853515625,
"PM10":3.8,
"PM25":4.1,
"S":215.0,
"utciso":"2022-07-01T18:00:17Z"
}