{
"T":25.418277740478516,
"H":62.66161346435547,
"P":994.57666015625,
"PM10":106.8,
"PM25":154.6,
"S":141.0,
"utciso":"2023-05-23T19:40:03Z"
}