{
"T":19.661128997802734,
"H":87.93074035644531,
"P":995.003662109375,
"PM10":104.8,
"PM25":156.9,
"S":126.0,
"utciso":"2023-05-10T09:20:02Z"
}