{
"T":25.81993865966797,
"H":42.79093551635742,
"P":988.856689453125,
"PM10":101.8,
"PM25":147.4,
"S":107.0,
"utciso":"2023-05-15T15:00:03Z"
}