{
"T":22.09022331237793,
"H":62.921302795410156,
"P":997.476318359375,
"PM10":104.8,
"PM25":158.7,
"S":113.0,
"utciso":"2023-05-02T12:50:03Z"
}