{
"T":25.743431091308594,
"H":66.00088500976562,
"P":995.73046875,
"PM10":105.2,
"PM25":144.0,
"S":124.0,
"utciso":"2023-05-09T14:10:03Z"
}