{
"T":21.91808319091797,
"H":129.11106872558594,
"P":991.7802734375,
"PM10":131.3,
"PM25":220.3,
"S":181.0,
"utciso":"2023-07-01T03:40:03Z"
}