{
"T":22.950927734375,
"H":96.72344970703125,
"P":998.356689453125,
"PM10":119.4,
"PM25":188.0,
"S":174.0,
"utciso":"2023-06-18T06:00:03Z"
}