{
"T":35.67020797729492,
"H":47.615013122558594,
"P":995.36865234375,
"PM10":3.6,
"PM25":4.0,
"S":214.0,
"utciso":"2022-07-15T12:00:03Z"
}