{
"T":26.661514282226562,
"H":76.67251586914062,
"P":993.43505859375,
"PM10":224.5,
"PM25":486.7,
"S":166.0,
"utciso":"2023-07-03T00:00:02Z"
}