{
"T":20.502704620361328,
"H":102.75431060791016,
"P":997.995849609375,
"PM10":116.1,
"PM25":179.4,
"S":140.0,
"utciso":"2023-06-03T06:30:02Z"
}