{
"T":30.926776885986328,
"H":69.30656433105469,
"P":992.08447265625,
"PM10":186.6,
"PM25":397.4,
"S":151.0,
"utciso":"2023-07-02T12:10:03Z"
}