{
"T":24.978361129760742,
"H":68.91244506835938,
"P":997.60205078125,
"PM10":106.3,
"PM25":149.8,
"S":132.0,
"utciso":"2023-05-09T12:00:03Z"
}