{
"T":31.098918914794922,
"H":68.44805908203125,
"P":1003.580322265625,
"PM10":8.1,
"PM25":8.7,
"S":262.0,
"utciso":"2022-07-17T22:30:03Z"
}