{
"T":34.120941162109375,
"H":53.87500762939453,
"P":996.42529296875,
"PM10":155.5,
"PM25":300.3,
"S":123.0,
"utciso":"2023-06-26T14:10:03Z"
}