{
"T":18.092735290527344,
"H":80.59226989746094,
"P":991.296875,
"PM10":102.7,
"PM25":151.5,
"S":121.0,
"utciso":"2023-05-17T04:00:03Z"
}