{
"T":15.701892852783203,
"H":88.196533203125,
"P":992.923583984375,
"PM10":96.1,
"PM25":136.9,
"S":116.0,
"utciso":"2023-05-11T05:20:03Z"
}