{
"T":20.521831512451172,
"H":129.11106872558594,
"P":1000.1181640625,
"PM10":131.5,
"PM25":222.0,
"S":125.0,
"utciso":"2023-05-31T16:30:02Z"
}