{
"T":33.451507568359375,
"H":52.0052604675293,
"P":997.70263671875,
"PM10":3.8,
"PM25":4.1,
"S":185.0,
"utciso":"2022-07-07T13:00:18Z"
}