{
"T":16.428709030151367,
"H":109.95223999023438,
"P":997.685791015625,
"PM10":113.0,
"PM25":167.8,
"S":184.0,
"utciso":"2023-05-22T05:40:03Z"
}