{
"T":18.93431282043457,
"H":71.07548522949219,
"P":989.730712890625,
"PM10":147.7,
"PM25":249.5,
"S":112.0,
"utciso":"2023-05-15T22:10:05Z"
}