{
"T":14.114374160766602,
"H":124.71776580810547,
"P":997.537109375,
"PM10":107.2,
"PM25":159.4,
"S":126.0,
"utciso":"2023-05-02T02:10:03Z"
}