{
"T":25.246135711669922,
"H":87.52745819091797,
"P":1000.272216796875,
"PM10":5.8,
"PM25":6.4,
"S":281.0,
"utciso":"2022-07-02T03:40:26Z"
}