{
"T":20.311437606811523,
"H":71.54598236083984,
"P":1003.83251953125,
"PM10":106.3,
"PM25":159.2,
"S":133.0,
"utciso":"2023-05-04T09:10:03Z"
}