{
"T":25.647796630859375,
"H":84.83587646484375,
"P":994.31005859375,
"PM10":110.9,
"PM25":167.0,
"S":176.0,
"utciso":"2023-06-09T19:00:02Z"
}