{
"T":26.030332565307617,
"H":85.57215881347656,
"P":996.199462890625,
"PM10":146.9,
"PM25":278.0,
"S":180.0,
"utciso":"2023-07-06T00:30:03Z"
}