{
"T":31.156299591064453,
"H":60.13195037841797,
"P":1001.65673828125,
"PM10":8.1,
"PM25":8.9,
"S":235.0,
"utciso":"2022-07-19T21:50:03Z"
}