{
"T":30.199962615966797,
"H":72.51141357421875,
"P":995.97216796875,
"PM10":142.6,
"PM25":249.6,
"S":174.0,
"utciso":"2023-06-27T09:20:03Z"
}