{
"T":34.56085968017578,
"H":51.32090759277344,
"P":996.20556640625,
"PM10":156.2,
"PM25":302.8,
"S":124.0,
"utciso":"2023-06-26T14:30:03Z"
}