{
"T":25.07399559020996,
"H":106.49381256103516,
"P":999.021728515625,
"PM10":4.8,
"PM25":5.3,
"S":291.0,
"utciso":"2022-07-03T23:40:17Z"
}