{
"T":20.101043701171875,
"H":94.20906829833984,
"P":997.42236328125,
"PM10":104.0,
"PM25":150.5,
"S":119.0,
"utciso":"2023-05-25T02:40:03Z"
}