{
"T":21.0,
"H":112.12445068359375,
"P":998.598388671875,
"PM10":111.0,
"PM25":169.9,
"S":130.0,
"utciso":"2023-05-29T07:10:03Z"
}