{
"T":18.34138298034668,
"H":98.99037170410156,
"P":997.325927734375,
"PM10":115.0,
"PM25":180.8,
"S":122.0,
"utciso":"2023-04-30T23:10:02Z"
}