{
"T":38.34795379638672,
"H":45.62305450439453,
"P":997.168701171875,
"PM10":8.0,
"PM25":8.7,
"S":177.0,
"utciso":"2022-07-21T16:40:03Z"
}