{
"T":23.677743911743164,
"H":69.26378631591797,
"P":1001.5556640625,
"PM10":98.2,
"PM25":130.3,
"S":140.0,
"utciso":"2023-05-05T10:00:03Z"
}