{
"T":24.442813873291016,
"H":70.84024047851562,
"P":1002.22216796875,
"PM10":117.8,
"PM25":188.3,
"S":150.0,
"utciso":"2023-06-24T07:00:02Z"
}