{
"T":25.265262603759766,
"H":87.54884338378906,
"P":998.58203125,
"PM10":124.5,
"PM25":199.1,
"S":169.0,
"utciso":"2023-06-18T07:40:03Z"
}