{
"T":21.09563446044922,
"H":129.11106872558594,
"P":1000.08056640625,
"PM10":131.5,
"PM25":222.0,
"S":125.0,
"utciso":"2023-05-31T18:20:03Z"
}