{
"T":22.62577247619629,
"H":86.31761932373047,
"P":997.940185546875,
"PM10":121.8,
"PM25":198.4,
"S":132.0,
"utciso":"2023-05-29T21:30:02Z"
}