{
"T":25.322643280029297,
"H":78.43228149414062,
"P":998.24951171875,
"PM10":123.7,
"PM25":200.9,
"S":135.0,
"utciso":"2023-05-29T11:40:02Z"
}