{
"T":28.803709030151367,
"H":78.92111206054688,
"P":997.754150390625,
"PM10":132.1,
"PM25":223.3,
"S":135.0,
"utciso":"2023-06-18T17:40:03Z"
}