{
"T":16.428709030151367,
"H":128.54281616210938,
"P":996.53466796875,
"PM10":101.3,
"PM25":148.2,
"S":127.0,
"utciso":"2023-05-20T17:10:03Z"
}