{
"T":16.88775062561035,
"H":86.31761932373047,
"P":993.596923828125,
"PM10":95.2,
"PM25":135.0,
"S":116.0,
"utciso":"2023-05-12T01:40:03Z"
}