{
"T":19.22121238708496,
"H":76.34867858886719,
"P":992.280517578125,
"PM10":94.6,
"PM25":133.4,
"S":110.0,
"utciso":"2023-05-14T21:50:03Z"
}