{
"T":27.866498947143555,
"H":81.46910095214844,
"P":996.332763671875,
"PM10":138.3,
"PM25":240.6,
"S":193.0,
"utciso":"2023-06-27T07:30:02Z"
}