{
"T":22.721406936645508,
"H":73.28741455078125,
"P":1000.83056640625,
"PM10":102.0,
"PM25":145.7,
"S":120.0,
"utciso":"2023-05-08T21:20:03Z"
}