{
"T":26.4893741607666,
"H":84.450927734375,
"P":996.24658203125,
"PM10":148.2,
"PM25":282.1,
"S":177.0,
"utciso":"2023-07-05T23:50:03Z"
}