{
"T":15.969667434692383,
"H":109.71393585205078,
"P":998.156005859375,
"PM10":96.9,
"PM25":137.1,
"S":121.0,
"utciso":"2023-05-20T02:00:03Z"
}