{
"T":18.93431282043457,
"H":79.59629821777344,
"P":1000.764892578125,
"PM10":105.9,
"PM25":161.0,
"S":118.0,
"utciso":"2023-05-18T21:50:02Z"
}