{
"T":28.975849151611328,
"H":72.18450927734375,
"P":1001.797119140625,
"PM10":4.1,
"PM25":4.4,
"S":267.0,
"utciso":"2022-07-06T08:40:17Z"
}