{
"T":16.524343490600586,
"H":117.49234008789062,
"P":1000.122802734375,
"PM10":101.0,
"PM25":142.1,
"S":135.0,
"utciso":"2023-05-19T10:20:03Z"
}