{
"T":23.00830841064453,
"H":93.21308898925781,
"P":998.603759765625,
"PM10":117.8,
"PM25":182.5,
"S":138.0,
"utciso":"2023-05-28T07:10:02Z"
}