{
"T":16.734737396240234,
"H":117.0432357788086,
"P":999.3486328125,
"PM10":102.0,
"PM25":144.3,
"S":125.0,
"utciso":"2023-05-19T15:00:03Z"
}