{
"T":23.735122680664062,
"H":96.2040786743164,
"P":997.478271484375,
"PM10":115.5,
"PM25":173.8,
"S":164.0,
"utciso":"2023-06-08T08:30:03Z"
}