{
"T":16.37133026123047,
"H":101.54447174072266,
"P":998.096435546875,
"PM10":107.4,
"PM25":162.9,
"S":138.0,
"utciso":"2023-05-13T00:10:03Z"
}