{
"T":19.622875213623047,
"H":95.90467071533203,
"P":998.91748046875,
"PM10":105.9,
"PM25":157.2,
"S":114.0,
"utciso":"2023-05-25T06:00:03Z"
}