{
"T":36.64567184448242,
"H":39.62885665893555,
"P":1000.615966796875,
"PM10":6.3,
"PM25":6.8,
"S":179.0,
"utciso":"2022-07-19T14:50:02Z"
}