{
"T":28.229907989501953,
"H":87.02336120605469,
"P":998.103515625,
"PM10":5.5,
"PM25":6.1,
"S":277.0,
"utciso":"2022-07-05T09:10:17Z"
}