{
"T":30.831144332885742,
"H":69.95730590820312,
"P":996.583740234375,
"PM10":152.3,
"PM25":291.4,
"S":158.0,
"utciso":"2023-07-06T12:40:03Z"
}