{
"T":26.011205673217773,
"H":81.84793853759766,
"P":997.517822265625,
"PM10":8.4,
"PM25":9.2,
"S":280.0,
"utciso":"2022-07-15T05:40:03Z"
}