{
"T":20.101043701171875,
"H":93.4574966430664,
"P":997.3583984375,
"PM10":101.2,
"PM25":144.7,
"S":119.0,
"utciso":"2023-05-25T01:20:02Z"
}