{
"T":22.89354705810547,
"H":94.51457977294922,
"P":994.40087890625,
"PM10":110.5,
"PM25":163.8,
"S":177.0,
"utciso":"2023-06-09T01:30:02Z"
}