{
"T":35.97623825073242,
"H":57.28150177001953,
"P":996.762939453125,
"PM10":6.4,
"PM25":6.9,
"S":238.0,
"utciso":"2022-07-16T18:10:03Z"
}