{
"T":26.298107147216797,
"H":96.1368637084961,
"P":999.287353515625,
"PM10":165.3,
"PM25":328.5,
"S":195.0,
"utciso":"2023-06-19T07:40:03Z"
}