{
"T":17.882341384887695,
"H":87.81769561767578,
"P":1002.41064453125,
"PM10":99.7,
"PM25":136.6,
"S":137.0,
"utciso":"2023-05-05T05:20:02Z"
}