{
"T":24.767967224121094,
"H":67.85841369628906,
"P":998.473388671875,
"PM10":99.1,
"PM25":136.3,
"S":126.0,
"utciso":"2023-05-07T10:30:02Z"
}