{
"T":16.505216598510742,
"H":127.76069641113281,
"P":996.792236328125,
"PM10":96.7,
"PM25":136.7,
"S":127.0,
"utciso":"2023-05-20T13:40:03Z"
}