{
"T":19.622875213623047,
"H":108.05805206298828,
"P":996.80908203125,
"PM10":114.4,
"PM25":175.9,
"S":133.0,
"utciso":"2023-06-03T04:20:03Z"
}