{
"T":28.784584045410156,
"H":72.07147216796875,
"P":998.370361328125,
"PM10":133.4,
"PM25":225.8,
"S":125.0,
"utciso":"2023-06-28T22:50:02Z"
}