{
"T":29.320131301879883,
"H":86.8736572265625,
"P":998.033935546875,
"PM10":5.4,
"PM25":6.0,
"S":262.0,
"utciso":"2022-07-05T10:00:21Z"
}