{
"T":31.51970672607422,
"H":53.16316223144531,
"P":998.751953125,
"PM10":3.6,
"PM25":3.9,
"S":201.0,
"utciso":"2022-07-11T19:20:03Z"
}