{
"T":33.04984664916992,
"H":59.151248931884766,
"P":997.996337890625,
"PM10":6.4,
"PM25":8.1,
"S":225.0,
"utciso":"2022-07-04T12:30:17Z"
}