{
"T":27.57959747314453,
"H":55.1856689453125,
"P":1001.4599609375,
"PM10":144.1,
"PM25":270.1,
"S":127.0,
"utciso":"2023-06-20T21:20:03Z"
}