{
"T":31.67272186279297,
"H":66.91438293457031,
"P":993.358642578125,
"PM10":158.0,
"PM25":317.6,
"S":171.0,
"utciso":"2023-07-03T16:10:02Z"
}