{
"T":29.281879425048828,
"H":75.27632141113281,
"P":1000.59375,
"PM10":8.0,
"PM25":8.7,
"S":294.0,
"utciso":"2022-07-17T02:00:03Z"
}