{
"T":24.060277938842773,
"H":81.01388549804688,
"P":999.278564453125,
"PM10":131.1,
"PM25":225.1,
"S":144.0,
"utciso":"2023-06-20T03:00:02Z"
}