{
"T":17.42329978942871,
"H":109.76587677001953,
"P":996.558349609375,
"PM10":106.4,
"PM25":159.5,
"S":134.0,
"utciso":"2023-05-01T08:40:02Z"
}