{
"T":23.9263916015625,
"H":56.77128982543945,
"P":986.51123046875,
"PM10":103.3,
"PM25":151.6,
"S":129.0,
"utciso":"2023-05-16T10:40:03Z"
}