{
"T":17.90146827697754,
"H":79.1502456665039,
"P":986.925048828125,
"PM10":102.9,
"PM25":153.6,
"S":135.0,
"utciso":"2023-05-16T07:30:03Z"
}