{
"T":17.920595169067383,
"H":96.40266418457031,
"P":996.85888671875,
"PM10":110.1,
"PM25":161.7,
"S":190.0,
"utciso":"2023-05-23T05:10:03Z"
}