{
"T":26.833656311035156,
"H":71.22213745117188,
"P":1002.52099609375,
"PM10":4.4,
"PM25":4.8,
"S":256.0,
"utciso":"2022-07-12T05:20:03Z"
}