{
"T":19.431608200073242,
"H":76.971923828125,
"P":1000.693115234375,
"PM10":104.9,
"PM25":157.1,
"S":113.0,
"utciso":"2023-05-18T20:20:03Z"
}