{
"T":31.175426483154297,
"H":54.69684600830078,
"P":998.18408203125,
"PM10":,
"PM25":,
"S":,
"utciso":"2022-07-10T11:50:17Z"
}