{
"T":20.043663024902344,
"H":124.75442504882812,
"P":998.762451171875,
"PM10":112.7,
"PM25":167.9,
"S":157.0,
"utciso":"2023-06-05T01:30:03Z"
}