{
"T":26.068586349487305,
"H":96.74789428710938,
"P":992.86572265625,
"PM10":122.5,
"PM25":194.9,
"S":159.0,
"utciso":"2023-06-14T14:40:02Z"
}