{
"T":23.86901092529297,
"H":84.71061706542969,
"P":997.865966796875,
"PM10":107.3,
"PM25":156.5,
"S":133.0,
"utciso":"2023-06-06T23:10:03Z"
}