{
"T":35.13465881347656,
"H":48.53766632080078,
"P":1000.3662109375,
"PM10":7.5,
"PM25":8.2,
"S":199.0,
"utciso":"2022-07-19T18:40:03Z"
}