{
"T":25.953824996948242,
"H":69.49597930908203,
"P":994.592041015625,
"PM10":115.6,
"PM25":176.3,
"S":144.0,
"utciso":"2023-05-24T10:30:03Z"
}