{
"T":36.951698303222656,
"H":51.143707275390625,
"P":996.386962890625,
"PM10":5.5,
"PM25":6.0,
"S":206.0,
"utciso":"2022-07-16T16:50:02Z"
}