{
"T":19.69938087463379,
"H":114.34248352050781,
"P":998.5458984375,
"PM10":113.0,
"PM25":169.3,
"S":157.0,
"utciso":"2023-06-04T04:00:03Z"
}