{
"T":29.30100440979004,
"H":69.94203186035156,
"P":998.661865234375,
"PM10":6.2,
"PM25":6.7,
"S":277.0,
"utciso":"2022-07-14T23:40:03Z"
}