{
"T":16.54347038269043,
"H":99.25311279296875,
"P":998.2080078125,
"PM10":105.5,
"PM25":158.6,
"S":136.0,
"utciso":"2023-05-12T23:10:03Z"
}