{
"T":28.11514663696289,
"H":69.59068298339844,
"P":995.90771484375,
"PM10":4.7,
"PM25":5.1,
"S":249.0,
"utciso":"2022-07-01T09:20:17Z"
}