{
"T":17.09814453125,
"H":100.8509521484375,
"P":1002.666015625,
"PM10":108.7,
"PM25":164.8,
"S":173.0,
"utciso":"2023-05-26T05:40:03Z"
}