{
"T":24.69145965576172,
"H":68.32585144042969,
"P":994.538818359375,
"PM10":88.6,
"PM25":113.2,
"S":119.0,
"utciso":"2023-04-29T14:20:03Z"
}