{
"T":26.4893741607666,
"H":86.68118286132812,
"P":997.903564453125,
"PM10":142.6,
"PM25":263.3,
"S":185.0,
"utciso":"2023-07-04T07:30:02Z"
}