{
"T":36.83694076538086,
"H":42.47014617919922,
"P":998.430908203125,
"PM10":7.2,
"PM25":7.9,
"S":165.0,
"utciso":"2022-07-20T18:20:02Z"
}