{
"T":27.445711135864258,
"H":79.13496398925781,
"P":1003.61865234375,
"PM10":9.2,
"PM25":10.2,
"S":253.0,
"utciso":"2022-07-14T01:50:03Z"
}