{
"T":23.027435302734375,
"H":101.47115325927734,
"P":996.200927734375,
"PM10":115.6,
"PM25":176.2,
"S":147.0,
"utciso":"2023-06-01T21:40:03Z"
}