{
"T":18.953439712524414,
"H":94.0043716430664,
"P":998.51171875,
"PM10":126.4,
"PM25":210.5,
"S":145.0,
"utciso":"2023-05-30T03:10:03Z"
}