{
"T":23.77337646484375,
"H":99.20423126220703,
"P":992.216552734375,
"PM10":140.0,
"PM25":255.0,
"S":177.0,
"utciso":"2023-07-02T06:00:02Z"
}