{
"T":28.631568908691406,
"H":76.44949340820312,
"P":1003.315185546875,
"PM10":13.2,
"PM25":14.5,
"S":265.0,
"utciso":"2022-07-14T07:30:02Z"
}