{
"T":28.612442016601562,
"H":62.805206298828125,
"P":997.27783203125,
"PM10":122.4,
"PM25":192.3,
"S":115.0,
"utciso":"2023-05-27T17:50:03Z"
}