{
"T":29.817426681518555,
"H":62.1269645690918,
"P":1000.587890625,
"PM10":3.0,
"PM25":3.2,
"S":222.0,
"utciso":"2022-07-11T10:20:03Z"
}