{
"T":21.478168487548828,
"H":116.88436889648438,
"P":996.81005859375,
"PM10":102.7,
"PM25":150.3,
"S":142.0,
"utciso":"2023-06-12T07:00:03Z"
}