{
"T":18.570903778076172,
"H":97.25199127197266,
"P":997.446533203125,
"PM10":93.0,
"PM25":126.0,
"S":123.0,
"utciso":"2023-04-30T21:30:03Z"
}