{
"T":21.363407135009766,
"H":99.93746948242188,
"P":994.31982421875,
"PM10":108.0,
"PM25":151.7,
"S":129.0,
"utciso":"2023-05-09T17:10:03Z"
}