{
"T":23.65861701965332,
"H":115.40262603759766,
"P":991.739501953125,
"PM10":109.5,
"PM25":166.5,
"S":149.0,
"utciso":"2023-06-13T17:50:03Z"
}