{
"T":16.141807556152344,
"H":85.43773651123047,
"P":1004.188720703125,
"PM10":106.9,
"PM25":160.4,
"S":129.0,
"utciso":"2023-05-04T06:00:03Z"
}