{
"T":15.281105041503906,
"H":81.35606384277344,
"P":988.59033203125,
"PM10":98.2,
"PM25":140.9,
"S":123.0,
"utciso":"2023-05-16T03:00:02Z"
}