{
"T":25.11224937438965,
"H":70.4583511352539,
"P":1001.369140625,
"PM10":113.7,
"PM25":175.7,
"S":160.0,
"utciso":"2023-06-22T01:30:04Z"
}