{
"T":16.00792121887207,
"H":110.06527709960938,
"P":997.8974609375,
"PM10":98.6,
"PM25":141.6,
"S":121.0,
"utciso":"2023-05-20T02:30:03Z"
}