{
"T":24.729713439941406,
"H":54.7457275390625,
"P":1001.707275390625,
"PM10":104.6,
"PM25":154.2,
"S":112.0,
"utciso":"2023-05-04T12:50:03Z"
}