{
"T":28.4403018951416,
"H":51.70280075073242,
"P":999.903076171875,
"PM10":127.7,
"PM25":213.3,
"S":131.0,
"utciso":"2023-06-23T22:00:02Z"
}