{
"T":30.429481506347656,
"H":67.57734680175781,
"P":996.456298828125,
"PM10":131.7,
"PM25":216.0,
"S":144.0,
"utciso":"2023-06-28T11:40:03Z"
}