{
"T":19.890649795532227,
"H":117.00657653808594,
"P":1000.33154296875,
"PM10":102.1,
"PM25":148.5,
"S":126.0,
"utciso":"2023-06-07T08:00:02Z"
}