{
"T":24.117658615112305,
"H":73.18354034423828,
"P":995.895751953125,
"PM10":111.1,
"PM25":166.0,
"S":176.0,
"utciso":"2023-05-23T09:50:03Z"
}