{
"T":15.721019744873047,
"H":111.03681945800781,
"P":995.495849609375,
"PM10":96.8,
"PM25":139.1,
"S":119.0,
"utciso":"2023-05-12T16:00:03Z"
}