{
"T":28.669822692871094,
"H":71.86677551269531,
"P":998.8427734375,
"PM10":175.5,
"PM25":364.5,
"S":149.0,
"utciso":"2023-06-26T09:10:02Z"
}