{
"T":36.817813873291016,
"H":47.38587951660156,
"P":999.97607421875,
"PM10":4.8,
"PM25":5.1,
"S":194.0,
"utciso":"2022-07-14T14:27:27Z"
}