{
"T":24.46194076538086,
"H":92.17433166503906,
"P":993.16552734375,
"PM10":132.4,
"PM25":227.9,
"S":137.0,
"utciso":"2023-06-30T17:20:02Z"
}