{
"T":18.87693214416504,
"H":103.54254150390625,
"P":996.405517578125,
"PM10":106.3,
"PM25":154.0,
"S":154.0,
"utciso":"2023-06-02T05:20:02Z"
}