{
"T":17.824960708618164,
"H":85.04972839355469,
"P":991.643798828125,
"PM10":100.4,
"PM25":145.2,
"S":119.0,
"utciso":"2023-05-17T04:30:03Z"
}