{
"T":17.78670883178711,
"H":108.67213439941406,
"P":998.01904296875,
"PM10":113.3,
"PM25":168.3,
"S":189.0,
"utciso":"2023-05-22T06:40:02Z"
}