{
"T":32.13176345825195,
"H":44.88982009887695,
"P":997.986328125,
"PM10":135.8,
"PM25":235.4,
"S":113.0,
"utciso":"2023-06-25T14:10:03Z"
}