{
"T":19.355100631713867,
"H":91.32500457763672,
"P":998.95703125,
"PM10":126.2,
"PM25":211.2,
"S":154.0,
"utciso":"2023-05-30T06:00:02Z"
}