{
"T":21.497295379638672,
"H":88.54788208007812,
"P":997.734619140625,
"PM10":117.6,
"PM25":184.4,
"S":159.0,
"utciso":"2023-06-17T05:00:02Z"
}