{
"T":25.11224937438965,
"H":61.870330810546875,
"P":995.01416015625,
"PM10":90.3,
"PM25":116.8,
"S":120.0,
"utciso":"2023-04-29T13:00:02Z"
}