{
"T":23.371715545654297,
"H":59.08708953857422,
"P":1002.4775390625,
"PM10":105.5,
"PM25":156.5,
"S":121.0,
"utciso":"2023-05-04T11:30:03Z"
}