{
"T":24.500192642211914,
"H":92.63261413574219,
"P":994.617431640625,
"PM10":5.2,
"PM25":5.8,
"S":273.0,
"utciso":"2022-06-30T02:10:24Z"
}