{
"T":20.330564498901367,
"H":78.86611938476562,
"P":1000.4453125,
"PM10":107.9,
"PM25":162.3,
"S":119.0,
"utciso":"2023-05-18T11:00:03Z"
}