{
"T":23.65861701965332,
"H":76.04621887207031,
"P":1001.61572265625,
"PM10":106.3,
"PM25":153.6,
"S":118.0,
"utciso":"2023-05-25T13:20:03Z"
}