{
"T":29.989566802978516,
"H":68.280029296875,
"P":1000.6845703125,
"PM10":312.7,
"PM25":1493.2,
"S":276.0,
"utciso":"2022-07-03T09:00:17Z"
}