{
"T":25.839065551757812,
"H":69.93898010253906,
"P":994.697509765625,
"PM10":115.4,
"PM25":174.2,
"S":142.0,
"utciso":"2023-05-24T10:20:02Z"
}