{
"T":25.99207878112793,
"H":85.49272918701172,
"P":998.3603515625,
"PM10":176.7,
"PM25":351.1,
"S":153.0,
"utciso":"2023-06-18T22:10:05Z"
}