{
"T":32.89683151245117,
"H":63.09544372558594,
"P":994.3134765625,
"PM10":4.3,
"PM25":4.7,
"S":223.0,
"utciso":"2022-06-30T14:20:17Z"
}