{
"T":22.07109832763672,
"H":128.21896362304688,
"P":992.287353515625,
"PM10":105.8,
"PM25":154.2,
"S":184.0,
"utciso":"2023-06-13T00:40:04Z"
}