{
"T":17.232032775878906,
"H":82.67893981933594,
"P":993.7392578125,
"PM10":96.3,
"PM25":137.5,
"S":115.0,
"utciso":"2023-05-11T02:40:02Z"
}