{
"T":29.951313018798828,
"H":63.440677642822266,
"P":989.2861328125,
"PM10":138.1,
"PM25":247.9,
"S":128.0,
"utciso":"2023-07-01T15:00:02Z"
}