{
"T":34.637367248535156,
"H":54.02165603637695,
"P":1003.510986328125,
"PM10":8.7,
"PM25":9.5,
"S":201.0,
"utciso":"2022-07-18T11:50:03Z"
}