{
"T":22.74053382873535,
"H":88.77700805664062,
"P":995.69921875,
"PM10":118.2,
"PM25":180.8,
"S":165.0,
"utciso":"2023-05-22T19:50:03Z"
}