{
"T":25.743431091308594,
"H":81.60658264160156,
"P":996.687255859375,
"PM10":124.3,
"PM25":201.1,
"S":151.0,
"utciso":"2023-06-15T22:40:03Z"
}