{
"T":30.98415756225586,
"H":68.12116241455078,
"P":994.038818359375,
"PM10":154.8,
"PM25":306.7,
"S":180.0,
"utciso":"2023-07-03T11:40:03Z"
}