{
"T":21.32515525817871,
"H":84.68006134033203,
"P":1000.935302734375,
"PM10":109.7,
"PM25":163.0,
"S":165.0,
"utciso":"2023-05-08T08:00:02Z"
}