{
"T":28.65069580078125,
"H":76.85888671875,
"P":996.670654296875,
"PM10":130.8,
"PM25":213.1,
"S":165.0,
"utciso":"2023-06-28T09:30:03Z"
}