{
"T":34.19744873046875,
"H":51.745574951171875,
"P":995.82275390625,
"PM10":152.4,
"PM25":288.3,
"S":128.0,
"utciso":"2023-06-26T18:20:02Z"
}