{
"T":27.656105041503906,
"H":83.60159301757812,
"P":994.41162109375,
"PM10":113.3,
"PM25":167.0,
"S":120.0,
"utciso":"2023-06-02T14:20:03Z"
}