{
"T":25.66692352294922,
"H":98.81928253173828,
"P":999.93603515625,
"PM10":6.0,
"PM25":6.6,
"S":308.0,
"utciso":"2022-07-04T05:40:25Z"
}