{
"T":31.51970672607422,
"H":41.85606002807617,
"P":999.663330078125,
"PM10":150.5,
"PM25":287.8,
"S":126.0,
"utciso":"2023-06-20T14:20:03Z"
}