{
"T":15.701892852783203,
"H":85.71269989013672,
"P":996.578125,
"PM10":87.9,
"PM25":113.4,
"S":127.0,
"utciso":"2023-04-29T03:50:02Z"
}