{
"T":19.96715545654297,
"H":126.07119750976562,
"P":998.76904296875,
"PM10":111.1,
"PM25":163.5,
"S":159.0,
"utciso":"2023-06-05T01:20:03Z"
}