{
"T":25.07399559020996,
"H":102.49462127685547,
"P":999.352294921875,
"PM10":5.3,
"PM25":5.8,
"S":305.0,
"utciso":"2022-07-04T02:50:18Z"
}