{
"T":22.51101303100586,
"H":102.37853240966797,
"P":998.211669921875,
"PM10":109.5,
"PM25":154.6,
"S":160.0,
"utciso":"2023-06-06T07:50:02Z"
}