{
"T":25.494783401489258,
"H":80.87335205078125,
"P":997.424072265625,
"PM10":114.5,
"PM25":177.4,
"S":115.0,
"utciso":"2023-06-05T12:40:02Z"
}