{
"T":26.661514282226562,
"H":82.92640686035156,
"P":995.067138671875,
"PM10":126.9,
"PM25":190.2,
"S":185.0,
"utciso":"2023-06-09T10:20:03Z"
}