{
"T":21.459041595458984,
"H":107.15372467041016,
"P":999.7734375,
"PM10":112.0,
"PM25":167.2,
"S":145.0,
"utciso":"2023-06-04T08:00:02Z"
}