{
"T":18.896059036254883,
"H":82.06179809570312,
"P":1000.59619140625,
"PM10":112.6,
"PM25":177.0,
"S":159.0,
"utciso":"2023-05-27T02:50:03Z"
}