{
"T":26.451120376586914,
"H":78.63086700439453,
"P":1001.621337890625,
"PM10":125.7,
"PM25":204.6,
"S":152.0,
"utciso":"2023-06-21T08:20:03Z"
}