{
"T":32.07438278198242,
"H":63.99671173095703,
"P":995.84033203125,
"PM10":3.9,
"PM25":4.4,
"S":224.0,
"utciso":"2022-07-01T18:20:18Z"
}