{
"T":29.128864288330078,
"H":73.65708923339844,
"P":1000.642333984375,
"PM10":7.2,
"PM25":7.8,
"S":294.0,
"utciso":"2022-07-17T02:20:02Z"
}