{
"T":29.224498748779297,
"H":77.14607238769531,
"P":994.28125,
"PM10":142.5,
"PM25":262.1,
"S":192.0,
"utciso":"2023-07-03T10:00:03Z"
}