{
"T":25.762557983398438,
"H":79.50769805908203,
"P":997.703125,
"PM10":120.9,
"PM25":193.7,
"S":133.0,
"utciso":"2023-05-29T12:50:03Z"
}