{
"T":24.46194076538086,
"H":55.188720703125,
"P":987.28955078125,
"PM10":103.7,
"PM25":152.0,
"S":119.0,
"utciso":"2023-05-16T12:10:03Z"
}