{
"T":32.78207015991211,
"H":55.662269592285156,
"P":1000.051025390625,
"PM10":10.6,
"PM25":11.6,
"S":210.0,
"utciso":"2022-07-21T10:00:03Z"
}