{
"T":20.579212188720703,
"H":74.32311248779297,
"P":995.662109375,
"PM10":109.6,
"PM25":164.2,
"S":143.0,
"utciso":"2023-05-24T00:40:02Z"
}