{
"T":25.11224937438965,
"H":61.870330810546875,
"P":994.9921875,
"PM10":89.4,
"PM25":114.3,
"S":120.0,
"utciso":"2023-04-29T12:50:03Z"
}