{
"T":28.287288665771484,
"H":72.34031677246094,
"P":1002.015380859375,
"PM10":7.7,
"PM25":8.5,
"S":275.0,
"utciso":"2022-07-02T08:30:21Z"
}