{
"T":25.34177017211914,
"H":60.669654846191406,
"P":1001.516357421875,
"PM10":116.0,
"PM25":184.2,
"S":147.0,
"utciso":"2023-05-26T11:20:03Z"
}