{
"T":15.548879623413086,
"H":118.6960678100586,
"P":996.59033203125,
"PM10":106.8,
"PM25":153.2,
"S":138.0,
"utciso":"2023-05-01T14:00:03Z"
}