{
"T":28.65069580078125,
"H":72.16617584228516,
"P":998.43603515625,
"PM10":4.2,
"PM25":4.6,
"S":252.0,
"utciso":"2022-07-01T21:30:17Z"
}