{
"T":34.656494140625,
"H":63.07100296020508,
"P":992.715087890625,
"PM10":153.9,
"PM25":283.1,
"S":147.0,
"utciso":"2023-06-27T14:20:03Z"
}