{
"T":33.9296760559082,
"H":49.20368957519531,
"P":1000.785400390625,
"PM10":4.9,
"PM25":5.4,
"S":212.0,
"utciso":"2022-07-02T13:30:23Z"
}