{
"T":25.380023956298828,
"H":67.3787612915039,
"P":1000.690673828125,
"PM10":124.0,
"PM25":203.9,
"S":136.0,
"utciso":"2023-06-21T00:20:03Z"
}