{
"T":32.60993194580078,
"H":50.05913162231445,
"P":997.574951171875,
"PM10":133.2,
"PM25":226.5,
"S":126.0,
"utciso":"2023-06-23T12:30:03Z"
}