{
"T":15.74014663696289,
"H":118.39055633544922,
"P":997.2275390625,
"PM10":100.3,
"PM25":142.3,
"S":126.0,
"utciso":"2023-05-20T06:10:02Z"
}