{
"T":24.882728576660156,
"H":104.35520935058594,
"P":998.379638671875,
"PM10":5.7,
"PM25":6.3,
"S":311.0,
"utciso":"2022-07-05T06:50:17Z"
}