{
"T":15.644513130187988,
"H":116.15724182128906,
"P":997.431396484375,
"PM10":98.6,
"PM25":141.2,
"S":121.0,
"utciso":"2023-05-20T04:00:03Z"
}