{
"T":25.246135711669922,
"H":78.87833404541016,
"P":1000.970947265625,
"PM10":128.3,
"PM25":205.9,
"S":152.0,
"utciso":"2023-05-27T09:50:03Z"
}