{
"T":14.955949783325195,
"H":69.09880828857422,
"P":1001.191650390625,
"PM10":113.9,
"PM25":178.3,
"S":112.0,
"utciso":"2023-04-28T02:00:02Z"
}