{
"T":21.344282150268555,
"H":76.03399658203125,
"P":1002.082763671875,
"PM10":122.0,
"PM25":202.6,
"S":161.0,
"utciso":"2023-05-27T07:50:02Z"
}