{
"T":17.652820587158203,
"H":91.95130920410156,
"P":994.70556640625,
"PM10":100.5,
"PM25":146.3,
"S":126.0,
"utciso":"2023-05-12T08:40:02Z"
}