{
"T":17.80583381652832,
"H":84.47842407226562,
"P":994.009033203125,
"PM10":96.2,
"PM25":136.9,
"S":108.0,
"utciso":"2023-05-11T23:00:02Z"
}