{
"T":23.06568717956543,
"H":61.36317443847656,
"P":996.742431640625,
"PM10":105.8,
"PM25":159.8,
"S":112.0,
"utciso":"2023-05-02T15:20:02Z"
}