{
"T":20.005409240722656,
"H":129.11106872558594,
"P":1000.60888671875,
"PM10":108.6,
"PM25":159.6,
"S":153.0,
"utciso":"2023-05-31T22:40:03Z"
}