{
"T":19.450733184814453,
"H":129.11106872558594,
"P":1000.8798828125,
"PM10":131.5,
"PM25":222.0,
"S":125.0,
"utciso":"2023-05-31T02:30:03Z"
}