{
"T":16.945131301879883,
"H":89.84326171875,
"P":997.4052734375,
"PM10":97.0,
"PM25":136.4,
"S":124.0,
"utciso":"2023-05-14T01:30:02Z"
}