{
"T":29.071483612060547,
"H":50.82597351074219,
"P":1000.75830078125,
"PM10":127.4,
"PM25":212.3,
"S":134.0,
"utciso":"2023-06-21T20:10:03Z"
}