{
"T":21.91808319091797,
"H":128.44198608398438,
"P":991.206298828125,
"PM10":105.5,
"PM25":154.3,
"S":199.0,
"utciso":"2023-06-13T03:10:02Z"
}