{
"T":27.120555877685547,
"H":78.52699279785156,
"P":998.505615234375,
"PM10":127.3,
"PM25":208.5,
"S":128.0,
"utciso":"2023-06-29T02:50:03Z"
}