{
"T":32.629058837890625,
"H":51.69668960571289,
"P":1001.1552734375,
"PM10":4.1,
"PM25":4.4,
"S":221.0,
"utciso":"2022-07-02T12:10:17Z"
}