{
"T":25.207881927490234,
"H":79.44964599609375,
"P":998.139892578125,
"PM10":120.1,
"PM25":192.2,
"S":136.0,
"utciso":"2023-05-29T11:50:03Z"
}