{
"T":25.72430419921875,
"H":88.82284545898438,
"P":998.5615234375,
"PM10":133.8,
"PM25":231.0,
"S":159.0,
"utciso":"2023-06-18T23:40:02Z"
}