{
"T":27.483964920043945,
"H":66.34306335449219,
"P":996.572998046875,
"PM10":140.6,
"PM25":254.9,
"S":130.0,
"utciso":"2023-06-17T20:20:02Z"
}