{
"T":29.549652099609375,
"H":49.273956298828125,
"P":1003.437744140625,
"PM10":2.7,
"PM25":2.9,
"S":160.0,
"utciso":"2022-07-08T10:00:19Z"
}