{
"T":34.88601303100586,
"H":46.98870849609375,
"P":996.358154296875,
"PM10":4.1,
"PM25":4.4,
"S":177.0,
"utciso":"2022-07-07T16:20:17Z"
}