{
"T":19.48898696899414,
"H":81.6982421875,
"P":998.391357421875,
"PM10":106.8,
"PM25":163.8,
"S":125.0,
"utciso":"2023-05-02T09:50:03Z"
}