{
"T":30.27646827697754,
"H":65.33792114257812,
"P":994.773193359375,
"PM10":186.0,
"PM25":393.5,
"S":170.0,
"utciso":"2023-07-04T19:00:03Z"
}