{
"T":19.25946617126465,
"H":81.42021942138672,
"P":998.45068359375,
"PM10":94.0,
"PM25":127.7,
"S":126.0,
"utciso":"2023-05-07T03:40:03Z"
}