{
"T":16.54347038269043,
"H":98.90177154541016,
"P":998.149169921875,
"PM10":107.1,
"PM25":162.1,
"S":132.0,
"utciso":"2023-05-12T23:00:03Z"
}