{
"T":29.18624496459961,
"H":65.78091430664062,
"P":995.3046875,
"PM10":113.1,
"PM25":169.2,
"S":115.0,
"utciso":"2023-06-06T16:40:03Z"
}