{
"T":20.636592864990234,
"H":114.37609100341797,
"P":997.0693359375,
"PM10":119.9,
"PM25":186.6,
"S":126.0,
"utciso":"2023-05-28T22:30:02Z"
}