{
"T":19.163833618164062,
"H":82.3612060546875,
"P":998.53515625,
"PM10":94.5,
"PM25":129.5,
"S":130.0,
"utciso":"2023-05-07T04:10:03Z"
}