{
"T":21.956336975097656,
"H":128.19757080078125,
"P":991.927490234375,
"PM10":106.5,
"PM25":156.4,
"S":190.0,
"utciso":"2023-06-13T01:40:04Z"
}