{
"T":21.726816177368164,
"H":57.04014205932617,
"P":1000.532958984375,
"PM10":112.6,
"PM25":176.9,
"S":116.0,
"utciso":"2023-04-28T10:40:03Z"
}