{
"T":21.65030860900879,
"H":81.66768646240234,
"P":1000.241455078125,
"PM10":107.4,
"PM25":148.3,
"S":150.0,
"utciso":"2023-05-09T08:10:03Z"
}