{
"T":28.191654205322266,
"H":79.59934997558594,
"P":997.726318359375,
"PM10":129.8,
"PM25":217.7,
"S":134.0,
"utciso":"2023-06-18T15:30:03Z"
}