{
"T":31.175426483154297,
"H":48.68125915527344,
"P":1002.474365234375,
"PM10":6.5,
"PM25":7.2,
"S":208.0,
"utciso":"2022-07-09T12:00:17Z"
}