{
"T":30.142581939697266,
"H":70.62944030761719,
"P":994.318359375,
"PM10":158.6,
"PM25":319.0,
"S":171.0,
"utciso":"2023-07-05T18:50:03Z"
}