{
"T":19.087326049804688,
"H":128.06008911132812,
"P":998.28515625,
"PM10":107.7,
"PM25":159.2,
"S":124.0,
"utciso":"2023-05-29T04:30:02Z"
}