{
"T":15.128090858459473,
"H":94.38932037353516,
"P":1002.712158203125,
"PM10":92.1,
"PM25":124.9,
"S":139.0,
"utciso":"2023-05-03T05:20:03Z"
}