{
"T":19.546367645263672,
"H":129.11106872558594,
"P":1001.347412109375,
"PM10":131.5,
"PM25":222.0,
"S":125.0,
"utciso":"2023-05-31T06:00:03Z"
}