{
"T":14.802936553955078,
"H":89.21389770507812,
"P":991.816650390625,
"PM10":103.8,
"PM25":153.7,
"S":119.0,
"utciso":"2023-05-15T05:30:02Z"
}