{
"T":27.522218704223633,
"H":68.33807373046875,
"P":997.19775390625,
"PM10":126.1,
"PM25":206.2,
"S":146.0,
"utciso":"2023-06-16T10:30:02Z"
}