{
"T":24.69145965576172,
"H":60.02196502685547,
"P":997.957275390625,
"PM10":105.2,
"PM25":156.5,
"S":111.0,
"utciso":"2023-04-28T15:00:02Z"
}