{
"T":27.216190338134766,
"H":71.22213745117188,
"P":995.930419921875,
"PM10":123.0,
"PM25":198.1,
"S":138.0,
"utciso":"2023-06-15T20:10:03Z"
}