{
"T":20.139297485351562,
"H":83.12499237060547,
"P":995.60546875,
"PM10":88.1,
"PM25":114.9,
"S":146.0,
"utciso":"2023-04-29T20:40:03Z"
}