{
"T":28.82283592224121,
"H":79.67266845703125,
"P":996.908203125,
"PM10":6.0,
"PM25":6.5,
"S":279.0,
"utciso":"2022-07-16T01:10:02Z"
}