{
"T":23.620363235473633,
"H":63.275699615478516,
"P":995.112548828125,
"PM10":107.9,
"PM25":160.2,
"S":142.0,
"utciso":"2023-05-23T21:30:03Z"
}