{
"T":32.858577728271484,
"H":59.90892791748047,
"P":997.860595703125,
"PM10":999.9,
"PM25":1999.9,
"S":205.0,
"utciso":"2022-07-06T19:00:18Z"
}