{
"T":22.721406936645508,
"H":94.52374267578125,
"P":997.7314453125,
"PM10":106.3,
"PM25":153.6,
"S":138.0,
"utciso":"2023-06-07T01:30:03Z"
}