{
"T":25.07399559020996,
"H":69.98785400390625,
"P":1002.95068359375,
"PM10":2.9,
"PM25":3.9,
"S":221.0,
"utciso":"2022-07-08T04:20:19Z"
}