{
"T":34.54173278808594,
"H":59.841712951660156,
"P":997.325927734375,
"PM10":6.5,
"PM25":7.1,
"S":258.0,
"utciso":"2022-07-16T19:10:03Z"
}