{
"T":24.57670021057129,
"H":79.65739440917969,
"P":998.352783203125,
"PM10":120.1,
"PM25":191.3,
"S":153.0,
"utciso":"2023-06-23T04:40:03Z"
}