{
"T":27.694358825683594,
"H":82.20845031738281,
"P":1003.711181640625,
"PM10":15.6,
"PM25":17.3,
"S":259.0,
"utciso":"2022-07-19T03:50:03Z"
}