{
"T":21.956336975097656,
"H":104.78292846679688,
"P":997.572021484375,
"PM10":110.7,
"PM25":165.8,
"S":168.0,
"utciso":"2023-06-08T05:10:03Z"
}