{
"T":24.90185546875,
"H":90.54594421386719,
"P":992.903564453125,
"PM10":132.9,
"PM25":230.8,
"S":137.0,
"utciso":"2023-06-30T17:00:03Z"
}