{
"T":27.923879623413086,
"H":72.9024658203125,
"P":996.1611328125,
"PM10":108.6,
"PM25":155.7,
"S":116.0,
"utciso":"2023-06-06T13:50:03Z"
}