{
"T":29.492271423339844,
"H":52.11830139160156,
"P":996.3251953125,
"PM10":129.6,
"PM25":219.2,
"S":124.0,
"utciso":"2023-06-16T12:30:02Z"
}