{
"T":21.191267013549805,
"H":127.76374816894531,
"P":1001.5732421875,
"PM10":131.5,
"PM25":222.0,
"S":125.0,
"utciso":"2023-05-31T08:50:02Z"
}