{
"T":32.30390167236328,
"H":46.307411193847656,
"P":999.970947265625,
"PM10":6.5,
"PM25":7.2,
"S":208.0,
"utciso":"2022-07-09T18:40:17Z"
}