{
"T":31.74922752380371,
"H":65.6587142944336,
"P":996.0224609375,
"PM10":4.2,
"PM25":4.5,
"S":232.0,
"utciso":"2022-07-01T18:40:28Z"
}