{
"T":24.595827102661133,
"H":85.78907775878906,
"P":995.42919921875,
"PM10":4.0,
"PM25":4.4,
"S":262.0,
"utciso":"2022-07-01T04:30:23Z"
}