{
"T":17.480680465698242,
"H":86.7453384399414,
"P":997.62255859375,
"PM10":94.4,
"PM25":132.4,
"S":124.0,
"utciso":"2023-05-14T00:00:02Z"
}