{
"T":18.28400230407715,
"H":97.53001403808594,
"P":996.683349609375,
"PM10":103.5,
"PM25":143.6,
"S":184.0,
"utciso":"2023-05-23T03:00:03Z"
}