{
"T":19.737634658813477,
"H":90.11822509765625,
"P":998.942138671875,
"PM10":126.9,
"PM25":212.1,
"S":156.0,
"utciso":"2023-05-30T06:20:02Z"
}