{
"T":24.63408088684082,
"H":86.13736724853516,
"P":995.06494140625,
"PM10":113.1,
"PM25":170.9,
"S":165.0,
"utciso":"2023-06-08T22:30:02Z"
}