{
"T":22.721406936645508,
"H":121.72677612304688,
"P":999.591796875,
"PM10":131.7,
"PM25":211.4,
"S":175.0,
"utciso":"2023-06-01T09:20:02Z"
}