{
"T":32.89683151245117,
"H":64.56192016601562,
"P":994.489501953125,
"PM10":157.3,
"PM25":298.7,
"S":157.0,
"utciso":"2023-06-27T12:00:02Z"
}