{
"T":16.945131301879883,
"H":128.76889038085938,
"P":996.3310546875,
"PM10":115.5,
"PM25":178.3,
"S":137.0,
"utciso":"2023-05-21T04:40:03Z"
}