{
"T":16.103553771972656,
"H":112.56133270263672,
"P":996.03759765625,
"PM10":108.1,
"PM25":165.0,
"S":131.0,
"utciso":"2023-05-01T05:00:02Z"
}