{
"T":26.9101619720459,
"H":66.8716049194336,
"P":1000.3671875,
"PM10":125.5,
"PM25":209.1,
"S":126.0,
"utciso":"2023-06-29T08:50:03Z"
}