{
"T":25.800811767578125,
"H":82.70338439941406,
"P":998.7568359375,
"PM10":4.8,
"PM25":5.2,
"S":300.0,
"utciso":"2022-07-06T03:10:17Z"
}