{
"T":27.50309181213379,
"H":74.86692810058594,
"P":994.293701171875,
"PM10":115.3,
"PM25":175.9,
"S":171.0,
"utciso":"2023-06-11T10:20:03Z"
}