{
"T":31.57708740234375,
"H":66.2086410522461,
"P":993.867431640625,
"PM10":158.7,
"PM25":321.8,
"S":175.0,
"utciso":"2023-07-03T12:20:03Z"
}