{
"T":30.06607437133789,
"H":70.79441833496094,
"P":999.94921875,
"PM10":6.6,
"PM25":7.5,
"S":267.0,
"utciso":"2022-07-07T09:30:18Z"
}