{
"T":20.062789916992188,
"H":122.37446594238281,
"P":1002.94970703125,
"PM10":106.3,
"PM25":153.8,
"S":129.0,
"utciso":"2023-05-25T16:40:03Z"
}