{
"T":22.07109832763672,
"H":96.65013122558594,
"P":994.742919921875,
"PM10":106.8,
"PM25":158.7,
"S":205.0,
"utciso":"2023-06-11T02:20:03Z"
}