{
"T":25.762557983398438,
"H":85.67909240722656,
"P":990.98876953125,
"PM10":167.9,
"PM25":349.0,
"S":149.0,
"utciso":"2023-07-01T23:40:03Z"
}