{
"T":14.688176155090332,
"H":123.3124008178711,
"P":998.677001953125,
"PM10":103.8,
"PM25":150.2,
"S":128.0,
"utciso":"2023-05-01T20:50:02Z"
}