{
"T":31.04153823852539,
"H":63.46817398071289,
"P":996.62841796875,
"PM10":132.2,
"PM25":217.5,
"S":117.0,
"utciso":"2023-06-28T19:40:03Z"
}