{
"T":25.62866973876953,
"H":65.00491333007812,
"P":998.19873046875,
"PM10":99.9,
"PM25":136.6,
"S":126.0,
"utciso":"2023-05-07T12:10:02Z"
}