{
"T":24.940109252929688,
"H":102.01190948486328,
"P":994.121337890625,
"PM10":117.0,
"PM25":183.6,
"S":158.0,
"utciso":"2023-06-14T19:40:03Z"
}