{
"T":17.69107437133789,
"H":68.15476989746094,
"P":1001.40966796875,
"PM10":116.0,
"PM25":183.3,
"S":118.0,
"utciso":"2023-04-28T08:10:03Z"
}