{
"T":31.232805252075195,
"H":46.07827377319336,
"P":998.821533203125,
"PM10":131.6,
"PM25":221.8,
"S":123.0,
"utciso":"2023-06-24T19:10:03Z"
}