{
"T":22.319744110107422,
"H":113.62757873535156,
"P":994.874755859375,
"PM10":106.0,
"PM25":156.3,
"S":201.0,
"utciso":"2023-06-09T23:50:03Z"
}