{
"T":33.355873107910156,
"H":52.19162368774414,
"P":997.492919921875,
"PM10":4.1,
"PM25":4.5,
"S":186.0,
"utciso":"2022-07-07T13:10:19Z"
}