{
"T":28.47855567932129,
"H":74.30477905273438,
"P":994.35107421875,
"PM10":114.4,
"PM25":170.5,
"S":119.0,
"utciso":"2023-06-02T13:00:03Z"
}