{
"T":27.809120178222656,
"H":57.44342041015625,
"P":1003.672119140625,
"PM10":2.9,
"PM25":3.3,
"S":213.0,
"utciso":"2022-07-08T21:50:17Z"
}