{
"T":26.240726470947266,
"H":85.73408508300781,
"P":1001.108154296875,
"PM10":8.5,
"PM25":9.2,
"S":298.0,
"utciso":"2022-07-03T03:30:17Z"
}