{
"T":17.920595169067383,
"H":91.0347671508789,
"P":991.042236328125,
"PM10":109.9,
"PM25":163.7,
"S":129.0,
"utciso":"2023-05-15T08:30:03Z"
}