{
"T":25.207881927490234,
"H":73.84345245361328,
"P":997.737060546875,
"PM10":115.5,
"PM25":177.4,
"S":128.0,
"utciso":"2023-05-27T20:40:03Z"
}