{
"T":22.262365341186523,
"H":110.48383331298828,
"P":994.320556640625,
"PM10":107.9,
"PM25":160.5,
"S":226.0,
"utciso":"2023-06-10T04:30:02Z"
}