{
"T":27.369203567504883,
"H":77.16744995117188,
"P":996.368408203125,
"PM10":129.6,
"PM25":216.6,
"S":166.0,
"utciso":"2023-06-27T00:30:02Z"
}