{
"T":29.951313018798828,
"H":62.71049499511719,
"P":1003.376708984375,
"PM10":3.2,
"PM25":3.5,
"S":228.0,
"utciso":"2022-07-12T10:20:03Z"
}