{
"T":31.883113861083984,
"H":64.9774169921875,
"P":991.7470703125,
"PM10":206.6,
"PM25":454.5,
"S":154.0,
"utciso":"2023-07-02T15:00:02Z"
}