{
"T":27.57959747314453,
"H":76.7550048828125,
"P":990.717529296875,
"PM10":134.3,
"PM25":238.1,
"S":137.0,
"utciso":"2023-07-01T20:50:03Z"
}