{
"T":29.989566802978516,
"H":67.89508056640625,
"P":1000.17236328125,
"PM10":11.6,
"PM25":12.7,
"S":230.0,
"utciso":"2022-07-21T01:10:02Z"
}