{
"T":22.18585777282715,
"H":80.34175109863281,
"P":1000.51708984375,
"PM10":108.0,
"PM25":161.0,
"S":155.0,
"utciso":"2023-05-08T09:00:03Z"
}