{
"T":36.45440673828125,
"H":54.86487579345703,
"P":994.4951171875,
"PM10":3.3,
"PM25":3.5,
"S":191.0,
"utciso":"2022-07-15T15:20:03Z"
}