{
"T":25.360897064208984,
"H":66.21170043945312,
"P":997.829833984375,
"PM10":95.4,
"PM25":124.8,
"S":134.0,
"utciso":"2023-05-06T10:50:03Z"
}