{
"T":25.66692352294922,
"H":69.74650573730469,
"P":1000.7587890625,
"PM10":124.2,
"PM25":203.6,
"S":140.0,
"utciso":"2023-06-25T08:10:03Z"
}