{
"T":20.005409240722656,
"H":70.83413696289062,
"P":992.263671875,
"PM10":96.5,
"PM25":138.2,
"S":108.0,
"utciso":"2023-05-14T20:40:03Z"
}