{
"T":19.948028564453125,
"H":105.07622528076172,
"P":996.192626953125,
"PM10":113.3,
"PM25":173.2,
"S":129.0,
"utciso":"2023-06-03T03:00:03Z"
}