{
"T":19.355100631713867,
"H":82.21455383300781,
"P":1000.516357421875,
"PM10":111.0,
"PM25":172.7,
"S":159.0,
"utciso":"2023-05-27T01:50:03Z"
}