{
"T":33.48976135253906,
"H":53.46562194824219,
"P":998.202880859375,
"PM10":6.3,
"PM25":6.8,
"S":226.0,
"utciso":"2022-07-21T20:30:03Z"
}