{
"T":24.882728576660156,
"H":101.78277587890625,
"P":999.8662109375,
"PM10":6.0,
"PM25":6.7,
"S":308.0,
"utciso":"2022-07-04T04:30:25Z"
}