{
"T":28.26816177368164,
"H":58.891563415527344,
"P":996.967041015625,
"PM10":126.4,
"PM25":209.8,
"S":138.0,
"utciso":"2023-06-16T11:10:02Z"
}