{
"T":16.600849151611328,
"H":114.28443908691406,
"P":999.6650390625,
"PM10":101.0,
"PM25":144.2,
"S":123.0,
"utciso":"2023-05-19T13:30:03Z"
}