{
"T":34.656494140625,
"H":56.13581848144531,
"P":1002.9072265625,
"PM10":7.8,
"PM25":8.4,
"S":224.0,
"utciso":"2022-07-17T13:10:03Z"
}