{
"T":30.27646827697754,
"H":44.77677917480469,
"P":1000.080322265625,
"PM10":130.7,
"PM25":220.4,
"S":127.0,
"utciso":"2023-06-21T18:50:03Z"
}