{
"T":23.505603790283203,
"H":58.09416961669922,
"P":986.521240234375,
"PM10":108.3,
"PM25":164.3,
"S":131.0,
"utciso":"2023-05-16T10:20:03Z"
}