{
"T":29.53052520751953,
"H":73.88623046875,
"P":997.219970703125,
"PM10":150.8,
"PM25":288.1,
"S":172.0,
"utciso":"2023-07-04T11:10:03Z"
}