{
"T":31.156299591064453,
"H":57.828369140625,
"P":995.19091796875,
"PM10":135.7,
"PM25":230.8,
"S":117.0,
"utciso":"2023-06-17T14:20:03Z"
}