{
"T":31.806608200073242,
"H":53.68864440917969,
"P":1003.92578125,
"PM10":6.3,
"PM25":7.0,
"S":239.0,
"utciso":"2022-07-19T09:30:03Z"
}