{
"T":26.776275634765625,
"H":73.63264465332031,
"P":999.39697265625,
"PM10":126.8,
"PM25":210.3,
"S":122.0,
"utciso":"2023-06-29T15:20:03Z"
}