{
"T":24.729713439941406,
"H":97.21533203125,
"P":996.4677734375,
"PM10":117.3,
"PM25":180.9,
"S":118.0,
"utciso":"2023-06-03T16:40:03Z"
}