{
"T":26.60413360595703,
"H":61.10348892211914,
"P":1001.706787109375,
"PM10":119.4,
"PM25":188.3,
"S":151.0,
"utciso":"2023-06-21T22:40:02Z"
}