{
"T":16.54347038269043,
"H":126.5080795288086,
"P":996.279541015625,
"PM10":100.4,
"PM25":145.3,
"S":127.0,
"utciso":"2023-05-20T16:40:03Z"
}