{
"T":25.953824996948242,
"H":87.04779815673828,
"P":995.397216796875,
"PM10":5.7,
"PM25":6.3,
"S":285.0,
"utciso":"2022-06-30T07:10:18Z"
}