{
"T":36.64567184448242,
"H":47.06203079223633,
"P":996.846435546875,
"PM10":5.6,
"PM25":6.1,
"S":210.0,
"utciso":"2022-07-16T15:20:03Z"
}