{
"T":24.557573318481445,
"H":87.03558349609375,
"P":994.894287109375,
"PM10":114.2,
"PM25":173.0,
"S":167.0,
"utciso":"2023-06-08T22:50:03Z"
}