{
"T":23.180448532104492,
"H":94.12351989746094,
"P":999.150634765625,
"PM10":107.2,
"PM25":160.1,
"S":124.0,
"utciso":"2023-06-07T10:50:03Z"
}