{
"T":18.245750427246094,
"H":98.24797058105469,
"P":1003.0068359375,
"PM10":109.9,
"PM25":169.2,
"S":177.0,
"utciso":"2023-05-26T06:50:03Z"
}