{
"T":21.669435501098633,
"H":76.30590057373047,
"P":1002.095703125,
"PM10":122.2,
"PM25":205.3,
"S":158.0,
"utciso":"2023-05-27T08:00:02Z"
}