{
"T":28.05776596069336,
"H":61.29290771484375,
"P":994.160400390625,
"PM10":115.2,
"PM25":173.5,
"S":139.0,
"utciso":"2023-05-23T13:40:03Z"
}