{
"T":24.74884033203125,
"H":91.609130859375,
"P":994.760009765625,
"PM10":107.5,
"PM25":160.1,
"S":178.0,
"utciso":"2023-06-09T19:50:02Z"
}