{
"T":24.079404830932617,
"H":85.30331420898438,
"P":995.419677734375,
"PM10":107.2,
"PM25":160.1,
"S":155.0,
"utciso":"2023-06-11T23:20:02Z"
}