{
"T":22.530139923095703,
"H":119.66761016845703,
"P":998.681884765625,
"PM10":116.8,
"PM25":174.0,
"S":122.0,
"utciso":"2023-06-04T14:50:03Z"
}