{
"T":22.664026260375977,
"H":79.1532974243164,
"P":996.64794921875,
"PM10":118.6,
"PM25":188.1,
"S":155.0,
"utciso":"2023-06-17T01:20:03Z"
}