{
"T":23.352588653564453,
"H":112.5338363647461,
"P":991.453369140625,
"PM10":109.5,
"PM25":165.8,
"S":149.0,
"utciso":"2023-06-13T16:40:03Z"
}