{
"T":22.606645584106445,
"H":72.77415466308594,
"P":1001.7080078125,
"PM10":117.3,
"PM25":187.1,
"S":149.0,
"utciso":"2023-06-24T05:20:03Z"
}