{
"T":28.21078109741211,
"H":78.38340759277344,
"P":1001.52099609375,
"PM10":8.5,
"PM25":9.1,
"S":287.0,
"utciso":"2022-07-17T04:10:03Z"
}