{
"T":26.04945945739746,
"H":84.86031341552734,
"P":998.270751953125,
"PM10":137.7,
"PM25":243.5,
"S":152.0,
"utciso":"2023-06-18T22:00:04Z"
}