{
"T":22.664026260375977,
"H":123.12297821044922,
"P":992.19189453125,
"PM10":140.6,
"PM25":241.4,
"S":186.0,
"utciso":"2023-07-01T07:00:03Z"
}