{
"T":29.18624496459961,
"H":72.91163635253906,
"P":992.2529296875,
"PM10":115.3,
"PM25":175.7,
"S":157.0,
"utciso":"2023-06-10T16:20:03Z"
}