{
"T":18.28400230407715,
"H":75.26715087890625,
"P":990.13330078125,
"PM10":102.7,
"PM25":152.3,
"S":115.0,
"utciso":"2023-05-17T02:20:02Z"
}