{
"T":24.519319534301758,
"H":96.08798217773438,
"P":995.249755859375,
"PM10":111.5,
"PM25":166.3,
"S":123.0,
"utciso":"2023-06-02T21:20:02Z"
}