{
"T":19.469860076904297,
"H":106.36549377441406,
"P":998.3515625,
"PM10":101.8,
"PM25":142.0,
"S":138.0,
"utciso":"2023-06-06T04:50:02Z"
}