{
"T":26.145092010498047,
"H":85.52022552490234,
"P":1000.99267578125,
"PM10":8.6,
"PM25":9.4,
"S":295.0,
"utciso":"2022-07-03T03:20:18Z"
}