{
"T":32.59080505371094,
"H":38.464847564697266,
"P":998.337890625,
"PM10":133.2,
"PM25":228.0,
"S":116.0,
"utciso":"2023-06-24T17:50:03Z"
}