{
"T":21.860702514648438,
"H":107.50201416015625,
"P":999.930419921875,
"PM10":114.6,
"PM25":172.5,
"S":138.0,
"utciso":"2023-06-04T08:40:02Z"
}