{
"T":21.573802947998047,
"H":68.71385955810547,
"P":997.85400390625,
"PM10":106.9,
"PM25":164.7,
"S":121.0,
"utciso":"2023-05-02T11:50:03Z"
}