{
"T":24.978361129760742,
"H":80.14010620117188,
"P":998.00390625,
"PM10":120.6,
"PM25":190.7,
"S":155.0,
"utciso":"2023-06-23T04:10:03Z"
}