{
"T":31.57708740234375,
"H":44.895931243896484,
"P":1002.31201171875,
"PM10":1.7,
"PM25":1.8,
"S":154.0,
"utciso":"2022-07-08T12:30:25Z"
}