{
"T":19.48898696899414,
"H":107.6883773803711,
"P":996.981201171875,
"PM10":115.5,
"PM25":178.3,
"S":137.0,
"utciso":"2023-05-21T20:50:03Z"
}