{
"T":21.17214012145996,
"H":128.0906524658203,
"P":1000.428466796875,
"PM10":131.5,
"PM25":222.0,
"S":125.0,
"utciso":"2023-05-31T15:50:02Z"
}