{
"T":16.734737396240234,
"H":79.41604614257812,
"P":998.791259765625,
"PM10":102.7,
"PM25":153.1,
"S":111.0,
"utciso":"2023-05-18T00:40:03Z"
}