{
"T":22.530139923095703,
"H":122.70748138427734,
"P":993.208740234375,
"PM10":106.6,
"PM25":159.3,
"S":159.0,
"utciso":"2023-06-13T11:00:03Z"
}