{
"T":17.767581939697266,
"H":86.17097473144531,
"P":992.3759765625,
"PM10":101.4,
"PM25":149.1,
"S":127.0,
"utciso":"2023-05-17T05:30:03Z"
}