{
"T":25.475656509399414,
"H":85.83184814453125,
"P":1000.177978515625,
"PM10":5.1,
"PM25":5.7,
"S":303.0,
"utciso":"2022-07-06T05:20:22Z"
}