{
"T":24.997488021850586,
"H":90.35346984863281,
"P":996.598876953125,
"PM10":136.5,
"PM25":242.7,
"S":191.0,
"utciso":"2023-07-05T03:00:03Z"
}