{
"T":30.582496643066406,
"H":61.80311584472656,
"P":989.109375,
"PM10":139.8,
"PM25":253.3,
"S":123.0,
"utciso":"2023-07-01T15:50:03Z"
}