{
"T":19.087326049804688,
"H":129.0530242919922,
"P":1000.79833984375,
"PM10":108.6,
"PM25":158.8,
"S":150.0,
"utciso":"2023-06-01T00:00:02Z"
}