{
"T":26.145092010498047,
"H":82.08929443359375,
"P":994.42822265625,
"PM10":114.0,
"PM25":174.2,
"S":192.0,
"utciso":"2023-06-10T10:30:03Z"
}