{
"T":17.78670883178711,
"H":86.58952331542969,
"P":1001.955322265625,
"PM10":92.8,
"PM25":122.1,
"S":133.0,
"utciso":"2023-05-05T04:00:02Z"
}