{
"T":27.560470581054688,
"H":64.9835205078125,
"P":996.01611328125,
"PM10":122.2,
"PM25":191.6,
"S":118.0,
"utciso":"2023-05-28T12:50:03Z"
}