{
"T":24.74884033203125,
"H":45.82775115966797,
"P":989.04931640625,
"PM10":99.8,
"PM25":142.4,
"S":110.0,
"utciso":"2023-05-15T17:30:03Z"
}