{
"T":25.227008819580078,
"H":86.58341979980469,
"P":995.643310546875,
"PM10":4.9,
"PM25":5.3,
"S":268.0,
"utciso":"2022-07-01T05:30:18Z"
}