{
"T":30.907649993896484,
"H":62.8876953125,
"P":1002.863525390625,
"PM10":8.7,
"PM25":9.5,
"S":231.0,
"utciso":"2022-07-18T22:50:03Z"
}