{
"T":27.94300651550293,
"H":50.489906311035156,
"P":998.63671875,
"PM10":117.8,
"PM25":189.2,
"S":130.0,
"utciso":"2023-05-26T17:40:03Z"
}