{
"T":34.19744873046875,
"H":46.14854431152344,
"P":1002.322998046875,
"PM10":5.5,
"PM25":6.0,
"S":210.0,
"utciso":"2022-07-20T10:40:02Z"
}