{
"T":25.380023956298828,
"H":89.96852111816406,
"P":997.550048828125,
"PM10":141.8,
"PM25":262.5,
"S":188.0,
"utciso":"2023-07-04T05:50:03Z"
}