{
"T":21.32515525817871,
"H":76.77944946289062,
"P":995.690185546875,
"PM10":89.9,
"PM25":113.8,
"S":108.0,
"utciso":"2023-04-30T16:00:02Z"
}