{
"T":22.24323844909668,
"H":80.5128402709961,
"P":998.64453125,
"PM10":129.5,
"PM25":221.6,
"S":157.0,
"utciso":"2023-05-30T07:50:03Z"
}