{
"T":16.505216598510742,
"H":118.94964599609375,
"P":998.91943359375,
"PM10":100.8,
"PM25":140.8,
"S":127.0,
"utciso":"2023-05-19T18:00:04Z"
}