{
"T":21.516422271728516,
"H":69.86564636230469,
"P":996.2626953125,
"PM10":88.8,
"PM25":113.5,
"S":111.0,
"utciso":"2023-04-30T12:30:02Z"
}