{
"T":28.153400421142578,
"H":77.16134643554688,
"P":1001.641845703125,
"PM10":7.3,
"PM25":7.9,
"S":288.0,
"utciso":"2022-07-17T04:40:03Z"
}