{
"T":23.945518493652344,
"H":76.0889892578125,
"P":998.529296875,
"PM10":131.0,
"PM25":224.8,
"S":154.0,
"utciso":"2023-05-30T08:40:03Z"
}