{
"T":36.26313781738281,
"H":48.345191955566406,
"P":996.942626953125,
"PM10":5.3,
"PM25":5.7,
"S":214.0,
"utciso":"2022-07-16T15:00:02Z"
}