{
"T":22.41537857055664,
"H":68.37779235839844,
"P":992.55712890625,
"PM10":104.2,
"PM25":155.1,
"S":109.0,
"utciso":"2023-05-10T15:40:02Z"
}