{
"T":24.270671844482422,
"H":85.01307678222656,
"P":995.304443359375,
"PM10":108.1,
"PM25":162.2,
"S":151.0,
"utciso":"2023-06-11T23:10:03Z"
}