{
"T":20.330564498901367,
"H":107.4714584350586,
"P":997.826416015625,
"PM10":109.9,
"PM25":162.6,
"S":146.0,
"utciso":"2023-06-04T00:50:03Z"
}