{
"T":21.401660919189453,
"H":109.19456481933594,
"P":998.07861328125,
"PM10":112.6,
"PM25":166.3,
"S":138.0,
"utciso":"2023-06-03T22:20:03Z"
}