{
"T":37.33423614501953,
"H":43.33475112915039,
"P":994.666748046875,
"PM10":3.0,
"PM25":3.3,
"S":194.0,
"utciso":"2022-07-15T13:40:03Z"
}