{
"T":21.344282150268555,
"H":100.12077331542969,
"P":998.353759765625,
"PM10":100.8,
"PM25":141.0,
"S":121.0,
"utciso":"2023-06-05T23:20:03Z"
}