{
"T":18.743045806884766,
"H":89.02447509765625,
"P":1000.420654296875,
"PM10":102.6,
"PM25":149.6,
"S":156.0,
"utciso":"2023-05-08T05:50:03Z"
}