{
"T":32.9542121887207,
"H":44.642356872558594,
"P":1001.947265625,
"PM10":2.2,
"PM25":2.4,
"S":187.0,
"utciso":"2022-07-08T18:40:17Z"
}