{
"T":33.12635040283203,
"H":57.10735321044922,
"P":993.9970703125,
"PM10":3.0,
"PM25":3.4,
"S":223.0,
"utciso":"2022-06-30T15:50:21Z"
}