{
"T":22.18585777282715,
"H":102.6259994506836,
"P":997.49658203125,
"PM10":112.6,
"PM25":170.0,
"S":162.0,
"utciso":"2023-06-08T03:10:03Z"
}