{
"T":33.18373107910156,
"H":49.8055534362793,
"P":1002.83447265625,
"PM10":6.0,
"PM25":6.5,
"S":230.0,
"utciso":"2022-07-20T09:40:03Z"
}