{
"T":22.817039489746094,
"H":111.99919128417969,
"P":998.954345703125,
"PM10":119.7,
"PM25":182.4,
"S":118.0,
"utciso":"2023-06-04T14:30:02Z"
}