{
"T":27.4648380279541,
"H":70.95633697509766,
"P":994.8828125,
"PM10":2.8,
"PM25":3.3,
"S":249.0,
"utciso":"2022-06-30T22:40:18Z"
}