{
"T":28.727203369140625,
"H":66.53553771972656,
"P":995.394775390625,
"PM10":112.1,
"PM25":167.1,
"S":116.0,
"utciso":"2023-06-06T17:10:03Z"
}