{
"T":15.816654205322266,
"H":93.24974822998047,
"P":1003.070068359375,
"PM10":94.9,
"PM25":130.5,
"S":141.0,
"utciso":"2023-05-03T06:00:03Z"
}