{
"T":27.981260299682617,
"H":51.01844787597656,
"P":998.19140625,
"PM10":97.5,
"PM25":131.8,
"S":115.0,
"utciso":"2023-05-05T15:40:03Z"
}