{
"T":28.516807556152344,
"H":69.69151306152344,
"P":995.500732421875,
"PM10":218.4,
"PM25":477.3,
"S":169.0,
"utciso":"2023-07-04T20:40:02Z"
}