{
"T":17.69107437133789,
"H":74.47892761230469,
"P":989.52392578125,
"PM10":96.8,
"PM25":137.5,
"S":114.0,
"utciso":"2023-05-15T23:50:03Z"
}