{
"T":34.23570251464844,
"H":57.684776306152344,
"P":1001.72265625,
"PM10":6.4,
"PM25":6.9,
"S":234.0,
"utciso":"2022-07-17T19:10:02Z"
}