{
"T":27.044050216674805,
"H":63.95699691772461,
"P":998.991943359375,
"PM10":150.6,
"PM25":292.0,
"S":138.0,
"utciso":"2023-06-19T21:40:02Z"
}