{
"T":31.57708740234375,
"H":66.06504821777344,
"P":994.810546875,
"PM10":4.3,
"PM25":5.0,
"S":239.0,
"utciso":"2022-06-30T11:40:17Z"
}