{
"T":19.795015335083008,
"H":84.88169860839844,
"P":996.023193359375,
"PM10":89.0,
"PM25":116.2,
"S":149.0,
"utciso":"2023-04-29T21:40:03Z"
}