{
"T":28.784584045410156,
"H":68.61609649658203,
"P":992.83203125,
"PM10":116.5,
"PM25":181.9,
"S":124.0,
"utciso":"2023-06-12T17:00:02Z"
}