{
"T":22.912673950195312,
"H":76.10731506347656,
"P":995.2939453125,
"PM10":114.4,
"PM25":175.5,
"S":162.0,
"utciso":"2023-05-24T08:50:03Z"
}