{
"T":22.453632354736328,
"H":80.80613708496094,
"P":996.768310546875,
"PM10":118.9,
"PM25":189.7,
"S":153.0,
"utciso":"2023-06-17T02:00:03Z"
}