{
"T":26.221599578857422,
"H":61.72368240356445,
"P":1000.529052734375,
"PM10":124.8,
"PM25":205.5,
"S":141.0,
"utciso":"2023-06-24T23:10:03Z"
}