{
"T":28.459428787231445,
"H":75.9606704711914,
"P":995.316650390625,
"PM10":4.9,
"PM25":7.1,
"S":267.0,
"utciso":"2022-06-30T09:20:25Z"
}