{
"T":26.546754837036133,
"H":67.82481384277344,
"P":1000.647216796875,
"PM10":125.2,
"PM25":207.4,
"S":138.0,
"utciso":"2023-06-25T09:00:02Z"
}