{
"T":27.636978149414062,
"H":70.49501037597656,
"P":996.078125,
"PM10":109.0,
"PM25":159.5,
"S":124.0,
"utciso":"2023-06-06T18:20:03Z"
}