{
"T":22.51101303100586,
"H":74.31394958496094,
"P":1000.6298828125,
"PM10":118.4,
"PM25":189.5,
"S":147.0,
"utciso":"2023-06-25T04:00:03Z"
}