{
"T":20.598339080810547,
"H":104.71571350097656,
"P":998.423095703125,
"PM10":106.1,
"PM25":151.6,
"S":145.0,
"utciso":"2023-06-06T06:30:03Z"
}