{
"T":28.59331512451172,
"H":58.51883316040039,
"P":995.026611328125,
"PM10":120.6,
"PM25":187.2,
"S":112.0,
"utciso":"2023-05-28T14:30:02Z"
}