{
"T":30.16170883178711,
"H":52.24661636352539,
"P":1003.012939453125,
"PM10":6.5,
"PM25":7.2,
"S":208.0,
"utciso":"2022-07-09T11:20:17Z"
}