{
"T":26.871910095214844,
"H":74.72639465332031,
"P":1000.351318359375,
"PM10":130.1,
"PM25":208.0,
"S":140.0,
"utciso":"2023-05-27T11:50:02Z"
}