{
"T":17.614566802978516,
"H":93.255859375,
"P":994.65576171875,
"PM10":100.8,
"PM25":146.6,
"S":130.0,
"utciso":"2023-05-12T08:30:03Z"
}