{
"T":22.472759246826172,
"H":97.1053466796875,
"P":994.18359375,
"PM10":112.5,
"PM25":167.6,
"S":181.0,
"utciso":"2023-06-09T02:10:02Z"
}