{
"T":27.598724365234375,
"H":76.26313018798828,
"P":998.515380859375,
"PM10":3.1,
"PM25":3.4,
"S":302.0,
"utciso":"2022-07-06T00:00:19Z"
}