{
"T":24.5384464263916,
"H":52.249671936035156,
"P":1000.5009765625,
"PM10":101.7,
"PM25":147.8,
"S":107.0,
"utciso":"2023-05-03T15:10:03Z"
}