{
"T":16.964258193969727,
"H":128.76889038085938,
"P":995.9833984375,
"PM10":115.5,
"PM25":178.3,
"S":137.0,
"utciso":"2023-05-21T04:10:02Z"
}