{
"T":30.563369750976562,
"H":46.1546516418457,
"P":995.357666015625,
"PM10":132.4,
"PM25":225.1,
"S":122.0,
"utciso":"2023-06-16T14:00:02Z"
}