{
"T":22.319744110107422,
"H":102.12189483642578,
"P":997.50537109375,
"PM10":111.7,
"PM25":168.7,
"S":162.0,
"utciso":"2023-06-08T03:00:03Z"
}