{
"T":22.68315315246582,
"H":99.69611358642578,
"P":996.293212890625,
"PM10":132.3,
"PM25":221.8,
"S":149.0,
"utciso":"2023-06-01T22:10:04Z"
}