{
"T":33.10722732543945,
"H":42.61984634399414,
"P":997.86376953125,
"PM10":133.4,
"PM25":226.1,
"S":115.0,
"utciso":"2023-06-23T19:00:03Z"
}