{
"T":19.010818481445312,
"H":82.66671752929688,
"P":1000.482177734375,
"PM10":112.7,
"PM25":177.5,
"S":156.0,
"utciso":"2023-05-27T02:20:03Z"
}