{
"T":17.78670883178711,
"H":128.89414978027344,
"P":996.552734375,
"PM10":115.5,
"PM25":178.3,
"S":137.0,
"utciso":"2023-05-21T06:50:02Z"
}