{
"T":24.74884033203125,
"H":68.24031066894531,
"P":994.972900390625,
"PM10":115.2,
"PM25":175.6,
"S":152.0,
"utciso":"2023-05-24T09:40:02Z"
}