{
"T":17.882341384887695,
"H":96.48515319824219,
"P":994.9736328125,
"PM10":105.9,
"PM25":157.7,
"S":130.0,
"utciso":"2023-05-10T07:20:03Z"
}