{
"T":20.46445083618164,
"H":85.85324096679688,
"P":996.842041015625,
"PM10":96.9,
"PM25":125.3,
"S":160.0,
"utciso":"2023-04-30T08:20:03Z"
}