{
"T":18.150115966796875,
"H":87.43580627441406,
"P":998.21337890625,
"PM10":104.1,
"PM25":156.9,
"S":112.0,
"utciso":"2023-05-13T21:50:03Z"
}