{
"T":31.768354415893555,
"H":71.80872344970703,
"P":992.793701171875,
"PM10":2.1,
"PM25":4.4,
"S":225.0,
"utciso":"2022-06-29T15:50:24Z"
}