{
"T":22.759660720825195,
"H":96.06353759765625,
"P":998.86328125,
"PM10":117.3,
"PM25":180.9,
"S":134.0,
"utciso":"2023-05-28T01:10:02Z"
}