{
"T":33.71928024291992,
"H":53.679481506347656,
"P":998.45849609375,
"PM10":4.3,
"PM25":4.6,
"S":187.0,
"utciso":"2022-07-11T14:50:03Z"
}