{
"T":22.68315315246582,
"H":68.29835510253906,
"P":997.343017578125,
"PM10":104.1,
"PM25":153.2,
"S":110.0,
"utciso":"2023-04-28T17:20:03Z"
}