{
"T":19.469860076904297,
"H":125.02633666992188,
"P":993.489501953125,
"PM10":105.7,
"PM25":147.8,
"S":141.0,
"utciso":"2023-05-09T20:20:03Z"
}