{
"T":25.62866973876953,
"H":87.21583557128906,
"P":996.41943359375,
"PM10":129.6,
"PM25":216.8,
"S":188.0,
"utciso":"2023-06-27T05:00:03Z"
}