{
"T":20.40707015991211,
"H":113.27012634277344,
"P":998.91796875,
"PM10":114.3,
"PM25":168.7,
"S":165.0,
"utciso":"2023-06-04T05:50:02Z"
}