{
"T":18.28400230407715,
"H":59.062652587890625,
"P":1000.577392578125,
"PM10":123.4,
"PM25":208.4,
"S":102.0,
"utciso":"2023-04-27T22:30:03Z"
}