{
"T":22.204984664916992,
"H":95.12255096435547,
"P":998.57861328125,
"PM10":107.1,
"PM25":156.0,
"S":141.0,
"utciso":"2023-06-07T03:10:02Z"
}