{
"T":23.467350006103516,
"H":88.9603271484375,
"P":998.87841796875,
"PM10":116.5,
"PM25":179.7,
"S":134.0,
"utciso":"2023-05-28T00:20:02Z"
}