{
"T":31.04153823852539,
"H":61.48232650756836,
"P":998.283203125,
"PM10":218.9,
"PM25":477.7,
"S":135.0,
"utciso":"2023-06-26T10:50:02Z"
}