{
"T":18.111862182617188,
"H":77.6318359375,
"P":990.93896484375,
"PM10":102.0,
"PM25":150.7,
"S":120.0,
"utciso":"2023-05-17T03:30:02Z"
}