{
"T":27.981260299682617,
"H":80.25926208496094,
"P":1004.331787109375,
"PM10":16.8,
"PM25":18.7,
"S":272.0,
"utciso":"2022-07-19T06:00:02Z"
}