{
"T":28.306415557861328,
"H":77.73876953125,
"P":1001.697998046875,
"PM10":7.9,
"PM25":8.6,
"S":287.0,
"utciso":"2022-07-17T04:30:02Z"
}