{
"T":22.396251678466797,
"H":67.89202880859375,
"P":992.3955078125,
"PM10":104.1,
"PM25":155.2,
"S":108.0,
"utciso":"2023-05-10T15:20:03Z"
}