{
"T":31.079792022705078,
"H":59.99752426147461,
"P":992.91796875,
"PM10":121.6,
"PM25":189.6,
"S":131.0,
"utciso":"2023-06-11T15:00:03Z"
}