{
"T":36.760433197021484,
"H":48.18632507324219,
"P":999.931396484375,
"PM10":5.1,
"PM25":5.4,
"S":199.0,
"utciso":"2022-07-14T14:40:03Z"
}