{
"T":27.981260299682617,
"H":76.67557525634766,
"P":999.364013671875,
"PM10":4.8,
"PM25":5.2,
"S":260.0,
"utciso":"2022-07-07T00:10:21Z"
}