{
"T":18.857805252075195,
"H":82.90196228027344,
"P":999.498779296875,
"PM10":97.8,
"PM25":138.7,
"S":145.0,
"utciso":"2023-05-08T01:20:03Z"
}