{
"T":26.278980255126953,
"H":76.3089599609375,
"P":996.52685546875,
"PM10":114.5,
"PM25":176.0,
"S":112.0,
"utciso":"2023-06-05T14:50:03Z"
}