{
"T":32.858577728271484,
"H":37.35582733154297,
"P":998.53173828125,
"PM10":133.6,
"PM25":226.9,
"S":117.0,
"utciso":"2023-06-24T16:20:03Z"
}