{
"T":19.58462142944336,
"H":95.46778869628906,
"P":998.864990234375,
"PM10":104.3,
"PM25":154.4,
"S":114.0,
"utciso":"2023-05-25T05:50:03Z"
}