{
"T":27.636978149414062,
"H":59.016822814941406,
"P":1000.296875,
"PM10":126.3,
"PM25":208.0,
"S":137.0,
"utciso":"2023-06-23T22:30:03Z"
}