{
"T":19.22121238708496,
"H":82.83474731445312,
"P":998.419921875,
"PM10":90.5,
"PM25":118.5,
"S":131.0,
"utciso":"2023-05-06T01:30:02Z"
}