{
"T":28.172527313232422,
"H":83.69935607910156,
"P":994.45458984375,
"PM10":114.3,
"PM25":168.9,
"S":117.0,
"utciso":"2023-06-02T13:50:03Z"
}