{
"T":24.69145965576172,
"H":110.26692199707031,
"P":991.92138671875,
"PM10":139.8,
"PM25":244.9,
"S":178.0,
"utciso":"2023-07-01T08:40:03Z"
}