{
"T":32.30390167236328,
"H":59.83254623413086,
"P":995.329345703125,
"PM10":134.1,
"PM25":223.1,
"S":130.0,
"utciso":"2023-06-28T14:30:03Z"
}