{
"T":22.664026260375977,
"H":100.52099609375,
"P":998.11669921875,
"PM10":112.8,
"PM25":163.2,
"S":155.0,
"utciso":"2023-06-06T08:00:02Z"
}