{
"T":17.270286560058594,
"H":113.33734130859375,
"P":996.62841796875,
"PM10":116.9,
"PM25":172.5,
"S":141.0,
"utciso":"2023-05-01T10:30:03Z"
}