{
"T":16.792118072509766,
"H":128.74444580078125,
"P":996.9521484375,
"PM10":101.3,
"PM25":148.2,
"S":127.0,
"utciso":"2023-05-20T21:00:03Z"
}