{
"T":28.880216598510742,
"H":55.701988220214844,
"P":995.284423828125,
"PM10":136.2,
"PM25":237.2,
"S":112.0,
"utciso":"2023-05-30T16:10:03Z"
}