{
"T":16.027048110961914,
"H":115.55538177490234,
"P":1000.0361328125,
"PM10":101.7,
"PM25":141.9,
"S":129.0,
"utciso":"2023-05-19T11:00:03Z"
}