{
"T":29.56877899169922,
"H":74.07258605957031,
"P":993.63134765625,
"PM10":169.3,
"PM25":351.3,
"S":177.0,
"utciso":"2023-07-03T19:00:03Z"
}