{
"T":17.69107437133789,
"H":97.40169525146484,
"P":997.341796875,
"PM10":105.8,
"PM25":161.9,
"S":122.0,
"utciso":"2023-05-17T15:10:02Z"
}