{
"T":19.92890167236328,
"H":93.46360778808594,
"P":999.639404296875,
"PM10":101.5,
"PM25":148.0,
"S":115.0,
"utciso":"2023-05-25T06:50:02Z"
}