{
"T":31.36669158935547,
"H":69.5112533569336,
"P":995.6103515625,
"PM10":146.6,
"PM25":263.7,
"S":169.0,
"utciso":"2023-06-27T10:10:03Z"
}