{
"T":19.58462142944336,
"H":121.18907165527344,
"P":998.341552734375,
"PM10":114.0,
"PM25":172.4,
"S":154.0,
"utciso":"2023-06-05T03:40:02Z"
}