{
"T":21.80332374572754,
"H":61.11265563964844,
"P":991.2021484375,
"PM10":97.9,
"PM25":140.7,
"S":105.0,
"utciso":"2023-05-14T18:10:02Z"
}