{
"T":30.678131103515625,
"H":65.70759582519531,
"P":997.129638671875,
"PM10":131.2,
"PM25":215.7,
"S":121.0,
"utciso":"2023-06-28T20:20:03Z"
}