{
"T":21.497295379638672,
"H":64.81854248046875,
"P":1002.46630859375,
"PM10":96.8,
"PM25":137.3,
"S":108.0,
"utciso":"2023-05-03T19:50:02Z"
}