{
"T":18.360509872436523,
"H":84.60368347167969,
"P":994.9423828125,
"PM10":100.4,
"PM25":147.4,
"S":116.0,
"utciso":"2023-05-12T13:40:03Z"
}