{
"T":20.043663024902344,
"H":73.86483764648438,
"P":1002.51806640625,
"PM10":92.4,
"PM25":125.2,
"S":122.0,
"utciso":"2023-05-04T23:10:03Z"
}