{
"T":18.87693214416504,
"H":88.48066711425781,
"P":1000.061767578125,
"PM10":103.2,
"PM25":151.1,
"S":156.0,
"utciso":"2023-05-08T05:10:03Z"
}