{
"T":22.62577247619629,
"H":98.36100769042969,
"P":995.387451171875,
"PM10":112.3,
"PM25":169.6,
"S":129.0,
"utciso":"2023-06-02T23:00:02Z"
}