{
"T":19.20208740234375,
"H":79.02497863769531,
"P":1001.004150390625,
"PM10":101.1,
"PM25":147.5,
"S":109.0,
"utciso":"2023-05-02T21:00:03Z"
}