{
"T":22.128477096557617,
"H":97.7652587890625,
"P":994.47900390625,
"PM10":112.0,
"PM25":168.8,
"S":196.0,
"utciso":"2023-06-09T05:10:03Z"
}