{
"T":27.40745735168457,
"H":54.36383056640625,
"P":993.0361328125,
"PM10":113.1,
"PM25":172.8,
"S":127.0,
"utciso":"2023-05-24T15:20:02Z"
}