{
"T":36.20575714111328,
"H":48.22298812866211,
"P":997.104736328125,
"PM10":5.0,
"PM25":5.4,
"S":216.0,
"utciso":"2022-07-16T14:50:03Z"
}