{
"T":16.92600440979004,
"H":85.52022552490234,
"P":1002.064208984375,
"PM10":89.7,
"PM25":119.8,
"S":122.0,
"utciso":"2023-05-02T23:20:03Z"
}