{
"T":27.445711135864258,
"H":47.96329879760742,
"P":1002.185791015625,
"PM10":123.6,
"PM25":202.9,
"S":142.0,
"utciso":"2023-06-24T08:50:02Z"
}