{
"T":32.13176345825195,
"H":53.43201446533203,
"P":1001.4931640625,
"PM10":3.9,
"PM25":4.2,
"S":221.0,
"utciso":"2022-07-02T11:40:23Z"
}