{
"T":26.25985336303711,
"H":75.97900390625,
"P":997.1962890625,
"PM10":122.4,
"PM25":192.8,
"S":141.0,
"utciso":"2023-06-23T00:20:02Z"
}