{
"T":23.792503356933594,
"H":80.77558135986328,
"P":1001.388671875,
"PM10":106.8,
"PM25":154.8,
"S":123.0,
"utciso":"2023-05-25T13:00:03Z"
}