{
"T":15.6062593460083,
"H":86.35427856445312,
"P":996.348876953125,
"PM10":87.2,
"PM25":112.7,
"S":131.0,
"utciso":"2023-04-29T04:30:03Z"
}