{
"T":16.21831512451172,
"H":102.0760726928711,
"P":996.204345703125,
"PM10":93.3,
"PM25":129.8,
"S":112.0,
"utciso":"2023-05-14T09:50:02Z"
}