{
"T":26.96754264831543,
"H":85.556884765625,
"P":997.916748046875,
"PM10":143.2,
"PM25":265.1,
"S":184.0,
"utciso":"2023-07-04T07:50:03Z"
}