{
"T":24.46194076538086,
"H":87.6466064453125,
"P":997.90283203125,
"PM10":114.4,
"PM25":176.1,
"S":144.0,
"utciso":"2023-06-07T22:20:03Z"
}