{
"T":16.352203369140625,
"H":116.5849609375,
"P":999.566650390625,
"PM10":105.3,
"PM25":151.7,
"S":133.0,
"utciso":"2023-05-19T21:00:03Z"
}