{
"T":14.89857006072998,
"H":123.19935607910156,
"P":998.28515625,
"PM10":104.5,
"PM25":152.7,
"S":133.0,
"utciso":"2023-05-01T19:10:06Z"
}