{
"T":19.64200210571289,
"H":122.80219268798828,
"P":993.052001953125,
"PM10":103.6,
"PM25":145.0,
"S":148.0,
"utciso":"2023-05-09T22:00:04Z"
}