{
"T":27.560470581054688,
"H":74.29867553710938,
"P":995.885498046875,
"PM10":117.2,
"PM25":180.3,
"S":137.0,
"utciso":"2023-06-08T12:20:03Z"
}