{
"T":23.5629825592041,
"H":114.15612030029297,
"P":992.88330078125,
"PM10":110.1,
"PM25":167.1,
"S":153.0,
"utciso":"2023-06-13T12:00:02Z"
}