{
"T":35.51719665527344,
"H":46.490718841552734,
"P":1000.911865234375,
"PM10":5.3,
"PM25":5.6,
"S":203.0,
"utciso":"2022-07-14T12:00:03Z"
}