{
"T":26.470247268676758,
"H":74.02371215820312,
"P":996.904052734375,
"PM10":133.8,
"PM25":232.4,
"S":132.0,
"utciso":"2023-06-17T22:00:04Z"
}