{
"T":16.466962814331055,
"H":98.81011962890625,
"P":994.441650390625,
"PM10":97.3,
"PM25":139.0,
"S":126.0,
"utciso":"2023-05-12T07:00:03Z"
}