{
"T":33.202857971191406,
"H":51.93193817138672,
"P":998.172607421875,
"PM10":443.5,
"PM25":1999.9,
"S":238.0,
"utciso":"2022-07-03T19:40:24Z"
}