{
"T":31.25193214416504,
"H":68.22503662109375,
"P":1003.525634765625,
"PM10":8.1,
"PM25":8.8,
"S":261.0,
"utciso":"2022-07-17T22:20:03Z"
}