{
"T":29.071483612060547,
"H":76.57780456542969,
"P":997.441162109375,
"PM10":154.1,
"PM25":292.3,
"S":200.0,
"utciso":"2023-07-05T10:30:03Z"
}