{
"T":25.054868698120117,
"H":107.12317657470703,
"P":999.535400390625,
"PM10":4.7,
"PM25":6.5,
"S":286.0,
"utciso":"2022-07-03T23:00:26Z"
}