{
"T":21.841575622558594,
"H":127.7820816040039,
"P":991.18505859375,
"PM10":105.9,
"PM25":154.6,
"S":197.0,
"utciso":"2023-06-13T03:00:03Z"
}