{
"T":28.880216598510742,
"H":53.26703643798828,
"P":999.55615234375,
"PM10":125.5,
"PM25":206.9,
"S":134.0,
"utciso":"2023-06-24T20:30:02Z"
}