{
"T":19.393354415893555,
"H":79.8345947265625,
"P":1003.08203125,
"PM10":95.2,
"PM25":132.5,
"S":140.0,
"utciso":"2023-05-03T09:10:03Z"
}