{
"T":19.087326049804688,
"H":73.61737060546875,
"P":989.13818359375,
"PM10":98.5,
"PM25":141.6,
"S":112.0,
"utciso":"2023-05-17T00:00:03Z"
}