{
"T":30.678131103515625,
"H":61.06682586669922,
"P":995.172607421875,
"PM10":136.2,
"PM25":235.8,
"S":120.0,
"utciso":"2023-06-17T17:30:03Z"
}