{
"T":35.21116638183594,
"H":50.85346984863281,
"P":997.662841796875,
"PM10":5.9,
"PM25":6.3,
"S":221.0,
"utciso":"2022-07-16T13:40:02Z"
}