{
"T":31.003284454345703,
"H":68.31974792480469,
"P":992.03271484375,
"PM10":164.0,
"PM25":337.2,
"S":147.0,
"utciso":"2023-07-02T12:20:02Z"
}