{
"T":32.323028564453125,
"H":63.72174835205078,
"P":993.404541015625,
"PM10":169.5,
"PM25":349.4,
"S":172.0,
"utciso":"2023-07-03T14:30:02Z"
}