{
"T":25.207881927490234,
"H":83.39384460449219,
"P":998.531005859375,
"PM10":132.8,
"PM25":228.7,
"S":150.0,
"utciso":"2023-06-26T02:20:02Z"
}