{
"T":21.459041595458984,
"H":103.03233337402344,
"P":998.2998046875,
"PM10":108.1,
"PM25":155.1,
"S":149.0,
"utciso":"2023-06-06T07:10:03Z"
}