{
"T":17.844087600708008,
"H":128.9033203125,
"P":996.778564453125,
"PM10":115.5,
"PM25":178.3,
"S":137.0,
"utciso":"2023-05-21T07:50:03Z"
}