{
"T":28.91847038269043,
"H":71.06327056884766,
"P":998.791748046875,
"PM10":189.2,
"PM25":402.0,
"S":151.0,
"utciso":"2023-06-26T09:20:03Z"
}