{
"T":25.66692352294922,
"H":88.56009674072266,
"P":996.4208984375,
"PM10":129.7,
"PM25":215.2,
"S":193.0,
"utciso":"2023-06-27T05:40:03Z"
}