{
"T":26.508501052856445,
"H":82.5811767578125,
"P":999.324951171875,
"PM10":159.1,
"PM25":316.8,
"S":163.0,
"utciso":"2023-06-26T07:30:02Z"
}