{
"T":16.21831512451172,
"H":109.79948425292969,
"P":997.683837890625,
"PM10":112.6,
"PM25":166.3,
"S":184.0,
"utciso":"2023-05-22T05:30:03Z"
}