{
"T":20.713098526000977,
"H":83.36023712158203,
"P":998.813720703125,
"PM10":95.7,
"PM25":131.3,
"S":131.0,
"utciso":"2023-05-07T21:10:03Z"
}