{
"T":27.177936553955078,
"H":73.4310073852539,
"P":1002.119140625,
"PM10":123.6,
"PM25":197.6,
"S":174.0,
"utciso":"2023-06-22T08:00:03Z"
}