{
"T":27.197063446044922,
"H":87.61300659179688,
"P":993.76318359375,
"PM10":112.5,
"PM25":168.9,
"S":125.0,
"utciso":"2023-06-02T18:10:03Z"
}