{
"T":26.240726470947266,
"H":80.00568389892578,
"P":996.048828125,
"PM10":138.5,
"PM25":248.8,
"S":174.0,
"utciso":"2023-07-05T00:20:03Z"
}