{
"T":32.265647888183594,
"H":62.939632415771484,
"P":1002.2021484375,
"PM10":8.9,
"PM25":9.8,
"S":223.0,
"utciso":"2022-07-14T09:50:03Z"
}