{
"T":28.535934448242188,
"H":61.185977935791016,
"P":998.02392578125,
"PM10":121.7,
"PM25":194.1,
"S":135.0,
"utciso":"2023-06-22T21:50:02Z"
}