{
"T":29.740921020507812,
"H":52.41159439086914,
"P":994.196044921875,
"PM10":126.2,
"PM25":206.4,
"S":121.0,
"utciso":"2023-06-15T17:00:03Z"
}