{
"T":26.891035079956055,
"H":72.8108139038086,
"P":999.4677734375,
"PM10":128.5,
"PM25":213.3,
"S":120.0,
"utciso":"2023-06-29T15:00:03Z"
}