{
"T":22.166730880737305,
"H":60.42524719238281,
"P":991.299072265625,
"PM10":98.2,
"PM25":141.2,
"S":115.0,
"utciso":"2023-05-11T10:20:03Z"
}