{
"T":26.776275634765625,
"H":70.19255065917969,
"P":995.098876953125,
"PM10":123.0,
"PM25":196.6,
"S":143.0,
"utciso":"2023-05-22T15:00:02Z"
}