{
"T":17.42329978942871,
"H":89.36971282958984,
"P":1003.252197265625,
"PM10":94.7,
"PM25":128.7,
"S":149.0,
"utciso":"2023-05-03T07:30:03Z"
}