{
"T":21.956336975097656,
"H":82.77365112304688,
"P":996.318115234375,
"PM10":110.5,
"PM25":163.7,
"S":192.0,
"utciso":"2023-05-23T08:30:03Z"
}