{
"T":19.37422752380371,
"H":84.4325942993164,
"P":997.524169921875,
"PM10":91.5,
"PM25":121.7,
"S":145.0,
"utciso":"2023-04-29T09:00:02Z"
}