{
"T":24.787094116210938,
"H":72.2364501953125,
"P":1000.037353515625,
"PM10":107.4,
"PM25":156.2,
"S":140.0,
"utciso":"2023-05-08T11:30:03Z"
}