{
"T":31.538833618164062,
"H":43.160606384277344,
"P":999.692138671875,
"PM10":158.8,
"PM25":319.7,
"S":128.0,
"utciso":"2023-06-20T14:10:02Z"
}