{
"T":21.994590759277344,
"H":115.58592987060547,
"P":992.242919921875,
"PM10":109.3,
"PM25":167.4,
"S":168.0,
"utciso":"2023-06-14T01:10:03Z"
}