{
"T":34.84775924682617,
"H":56.49938201904297,
"P":1002.7431640625,
"PM10":7.6,
"PM25":8.2,
"S":225.0,
"utciso":"2022-07-17T13:20:03Z"
}