{
"T":25.953824996948242,
"H":81.95792388916016,
"P":995.857666015625,
"PM10":125.3,
"PM25":201.8,
"S":188.0,
"utciso":"2023-06-28T05:20:03Z"
}