{
"T":21.91808319091797,
"H":114.91990661621094,
"P":992.36962890625,
"PM10":110.5,
"PM25":169.7,
"S":168.0,
"utciso":"2023-06-14T00:40:03Z"
}