{
"T":21.516422271728516,
"H":64.72077941894531,
"P":988.3740234375,
"PM10":99.5,
"PM25":142.9,
"S":103.0,
"utciso":"2023-05-16T17:30:03Z"
}