{
"T":17.079017639160156,
"H":128.7872314453125,
"P":995.86865234375,
"PM10":115.5,
"PM25":178.3,
"S":137.0,
"utciso":"2023-05-21T03:00:03Z"
}