{
"T":17.346792221069336,
"H":82.99972534179688,
"P":993.781005859375,
"PM10":94.2,
"PM25":132.5,
"S":111.0,
"utciso":"2023-05-11T02:20:03Z"
}