{
"T":30.21908950805664,
"H":57.034034729003906,
"P":999.2353515625,
"PM10":131.7,
"PM25":224.2,
"S":125.0,
"utciso":"2023-06-25T12:00:03Z"
}