{
"T":18.303129196166992,
"H":87.32582092285156,
"P":1002.524169921875,
"PM10":98.4,
"PM25":133.2,
"S":142.0,
"utciso":"2023-05-05T05:50:02Z"
}