{
"T":31.67272186279297,
"H":66.37667846679688,
"P":993.812744140625,
"PM10":164.1,
"PM25":338.3,
"S":173.0,
"utciso":"2023-07-03T12:30:02Z"
}