{
"T":26.202472686767578,
"H":81.60353088378906,
"P":996.722412109375,
"PM10":116.5,
"PM25":180.6,
"S":114.0,
"utciso":"2023-06-03T14:40:03Z"
}