{
"T":24.729713439941406,
"H":74.86692810058594,
"P":998.161865234375,
"PM10":115.8,
"PM25":179.1,
"S":132.0,
"utciso":"2023-05-27T21:30:03Z"
}