{
"T":16.141807556152344,
"H":116.72244262695312,
"P":1000.1806640625,
"PM10":101.3,
"PM25":142.0,
"S":133.0,
"utciso":"2023-05-19T10:10:03Z"
}