{
"T":36.320518493652344,
"H":46.66486358642578,
"P":998.31103515625,
"PM10":775.0,
"PM25":1999.9,
"S":207.0,
"utciso":"2022-07-03T13:40:29Z"
}