{
"T":29.79829978942871,
"H":62.915191650390625,
"P":1003.417724609375,
"PM10":3.2,
"PM25":3.4,
"S":229.0,
"utciso":"2022-07-12T10:10:02Z"
}