{
"T":21.038253784179688,
"H":125.58848571777344,
"P":993.169189453125,
"PM10":101.6,
"PM25":148.7,
"S":187.0,
"utciso":"2023-06-13T06:50:02Z"
}