{
"T":23.467350006103516,
"H":96.27434539794922,
"P":998.585693359375,
"PM10":123.0,
"PM25":196.0,
"S":175.0,
"utciso":"2023-06-18T06:20:02Z"
}