{
"T":37.46812438964844,
"H":43.692203521728516,
"P":997.868896484375,
"PM10":8.0,
"PM25":8.7,
"S":173.0,
"utciso":"2022-07-21T14:10:03Z"
}