{
"T":22.77878761291504,
"H":69.41349029541016,
"P":1001.2890625,
"PM10":116.6,
"PM25":184.7,
"S":149.0,
"utciso":"2023-06-24T04:30:03Z"
}