{
"T":21.344282150268555,
"H":57.904747009277344,
"P":1000.71044921875,
"PM10":112.3,
"PM25":177.3,
"S":114.0,
"utciso":"2023-04-28T10:30:03Z"
}