{
"T":28.344667434692383,
"H":74.59501647949219,
"P":1000.73583984375,
"PM10":14.0,
"PM25":16.4,
"S":245.0,
"utciso":"2022-07-21T06:30:03Z"
}