{
"T":34.88601303100586,
"H":39.592193603515625,
"P":995.778076171875,
"PM10":1.9,
"PM25":2.0,
"S":215.0,
"utciso":"2022-07-05T16:00:17Z"
}