{
"T":24.57670021057129,
"H":90.10600280761719,
"P":994.7763671875,
"PM10":130.2,
"PM25":223.6,
"S":184.0,
"utciso":"2023-06-30T09:50:02Z"
}