{
"T":31.7874813079834,
"H":42.49153137207031,
"P":998.6376953125,
"PM10":132.9,
"PM25":224.9,
"S":123.0,
"utciso":"2023-06-24T18:50:03Z"
}