{
"T":19.029945373535156,
"H":79.67266845703125,
"P":999.495361328125,
"PM10":106.2,
"PM25":161.1,
"S":132.0,
"utciso":"2023-05-13T09:20:03Z"
}