{
"T":32.74382019042969,
"H":62.15446090698242,
"P":998.58935546875,
"PM10":6.5,
"PM25":7.0,
"S":268.0,
"utciso":"2022-07-16T21:00:02Z"
}