{
"T":19.737634658813477,
"H":64.43359375,
"P":992.8798828125,
"PM10":90.2,
"PM25":122.6,
"S":108.0,
"utciso":"2023-05-11T19:10:03Z"
}