{
"T":24.90185546875,
"H":82.1412353515625,
"P":998.141845703125,
"PM10":110.3,
"PM25":167.9,
"S":123.0,
"utciso":"2023-06-07T12:10:03Z"
}