{
"T":23.86901092529297,
"H":83.58937072753906,
"P":997.89599609375,
"PM10":108.3,
"PM25":158.8,
"S":132.0,
"utciso":"2023-06-06T22:50:03Z"
}