{
"T":26.355487823486328,
"H":85.21470642089844,
"P":995.372314453125,
"PM10":5.4,
"PM25":5.9,
"S":282.0,
"utciso":"2022-06-30T07:30:24Z"
}