{
"T":14.955949783325195,
"H":93.81800842285156,
"P":1002.71044921875,
"PM10":92.0,
"PM25":124.7,
"S":140.0,
"utciso":"2023-05-03T05:00:03Z"
}