{
"T":21.038253784179688,
"H":102.1921615600586,
"P":995.496337890625,
"PM10":111.2,
"PM25":168.7,
"S":128.0,
"utciso":"2023-06-03T01:00:03Z"
}