{
"T":31.67272186279297,
"H":58.33552551269531,
"P":997.7314453125,
"PM10":3.6,
"PM25":3.9,
"S":201.0,
"utciso":"2022-07-07T20:10:17Z"
}