{
"T":24.882728576660156,
"H":78.96693420410156,
"P":1002.0439453125,
"PM10":121.8,
"PM25":196.6,
"S":153.0,
"utciso":"2023-06-21T07:20:03Z"
}