{
"T":19.565494537353516,
"H":124.50390625,
"P":993.3291015625,
"PM10":104.5,
"PM25":144.6,
"S":144.0,
"utciso":"2023-05-09T20:40:03Z"
}