{
"T":31.500579833984375,
"H":67.36042785644531,
"P":1004.828369140625,
"PM10":9.7,
"PM25":10.7,
"S":264.0,
"utciso":"2022-07-18T09:00:03Z"
}