{
"T":27.369203567504883,
"H":67.05796813964844,
"P":1000.638916015625,
"PM10":126.8,
"PM25":212.0,
"S":126.0,
"utciso":"2023-06-29T10:50:03Z"
}