{
"T":28.841962814331055,
"H":71.27407836914062,
"P":998.3154296875,
"PM10":4.2,
"PM25":4.6,
"S":249.0,
"utciso":"2022-07-01T21:10:17Z"
}