{
"T":30.06607437133789,
"H":63.089332580566406,
"P":997.054443359375,
"PM10":146.4,
"PM25":272.9,
"S":146.0,
"utciso":"2023-06-26T21:40:03Z"
}