{
"T":31.653594970703125,
"H":62.646339416503906,
"P":1003.57861328125,
"PM10":6.4,
"PM25":7.1,
"S":228.0,
"utciso":"2022-07-13T20:20:02Z"
}