{
"T":29.09061050415039,
"H":66.64552307128906,
"P":989.520751953125,
"PM10":139.7,
"PM25":253.0,
"S":131.0,
"utciso":"2023-07-01T14:00:03Z"
}