{
"T":23.180448532104492,
"H":92.32098388671875,
"P":995.05322265625,
"PM10":131.3,
"PM25":222.8,
"S":173.0,
"utciso":"2023-06-30T07:40:03Z"
}