{
"T":27.598724365234375,
"H":51.919715881347656,
"P":995.505859375,
"PM10":87.8,
"PM25":108.2,
"S":116.0,
"utciso":"2023-05-06T17:20:03Z"
}