{
"T":20.655717849731445,
"H":118.124755859375,
"P":1000.730712890625,
"PM10":102.3,
"PM25":146.5,
"S":128.0,
"utciso":"2023-06-07T09:00:03Z"
}