{
"T":17.09814453125,
"H":128.790283203125,
"P":996.047119140625,
"PM10":115.5,
"PM25":178.3,
"S":137.0,
"utciso":"2023-05-21T04:20:03Z"
}