{
"T":27.063175201416016,
"H":74.225341796875,
"P":995.99755859375,
"PM10":4.8,
"PM25":5.3,
"S":261.0,
"utciso":"2022-07-01T08:10:27Z"
}