{
"T":18.188369750976562,
"H":90.29847717285156,
"P":997.1953125,
"PM10":106.5,
"PM25":163.7,
"S":129.0,
"utciso":"2023-05-17T12:50:02Z"
}