{
"T":32.724693298339844,
"H":37.450538635253906,
"P":998.298828125,
"PM10":133.5,
"PM25":228.0,
"S":115.0,
"utciso":"2023-06-24T17:10:03Z"
}