{
"T":29.932186126708984,
"H":86.16792297363281,
"P":997.754638671875,
"PM10":5.4,
"PM25":5.9,
"S":256.0,
"utciso":"2022-07-05T10:30:17Z"
}