{
"T":23.00830841064453,
"H":76.44032287597656,
"P":998.510498046875,
"PM10":97.0,
"PM25":127.6,
"S":142.0,
"utciso":"2023-05-06T09:30:03Z"
}