{
"T":22.491886138916016,
"H":92.63261413574219,
"P":997.69921875,
"PM10":121.3,
"PM25":192.3,
"S":163.0,
"utciso":"2023-06-18T04:10:02Z"
}