{
"T":31.175426483154297,
"H":67.78204345703125,
"P":994.844482421875,
"PM10":4.5,
"PM25":6.4,
"S":243.0,
"utciso":"2022-06-30T11:20:21Z"
}