{
"T":25.762557983398438,
"H":82.49563598632812,
"P":994.4423828125,
"PM10":112.8,
"PM25":169.1,
"S":161.0,
"utciso":"2023-06-08T20:20:03Z"
}