{
"T":24.63408088684082,
"H":79.67572784423828,
"P":998.080810546875,
"PM10":121.7,
"PM25":195.9,
"S":152.0,
"utciso":"2023-06-23T04:30:02Z"
}