{
"T":21.17214012145996,
"H":104.59656524658203,
"P":996.45458984375,
"PM10":104.8,
"PM25":149.4,
"S":150.0,
"utciso":"2023-06-02T00:10:03Z"
}