{
"T":33.87229537963867,
"H":56.52076721191406,
"P":998.321044921875,
"PM10":4.3,
"PM25":4.8,
"S":183.0,
"utciso":"2022-07-06T15:00:20Z"
}