{
"T":25.303516387939453,
"H":98.43433380126953,
"P":998.933349609375,
"PM10":142.6,
"PM25":258.3,
"S":176.0,
"utciso":"2023-06-19T02:00:03Z"
}