{
"T":21.114761352539062,
"H":71.92481994628906,
"P":992.909912109375,
"PM10":101.3,
"PM25":148.7,
"S":111.0,
"utciso":"2023-05-10T17:20:02Z"
}