{
"T":25.55216407775879,
"H":79.44964599609375,
"P":996.55712890625,
"PM10":109.3,
"PM25":161.8,
"S":108.0,
"utciso":"2023-06-05T18:50:02Z"
}