{
"T":31.74922752380371,
"H":63.773685455322266,
"P":991.7548828125,
"PM10":166.7,
"PM25":345.2,
"S":150.0,
"utciso":"2023-07-02T13:40:03Z"
}