{
"T":24.21329116821289,
"H":52.44825744628906,
"P":1000.781494140625,
"PM10":98.5,
"PM25":139.9,
"S":107.0,
"utciso":"2023-05-03T14:20:03Z"
}