{
"T":29.109737396240234,
"H":65.38375091552734,
"P":998.138427734375,
"PM10":2.5,
"PM25":2.7,
"S":233.0,
"utciso":"2022-07-10T22:30:02Z"
}