{
"T":32.78207015991211,
"H":65.71981811523438,
"P":992.048095703125,
"PM10":147.1,
"PM25":268.4,
"S":170.0,
"utciso":"2023-06-27T18:00:02Z"
}