{
"T":20.3879451751709,
"H":94.91480255126953,
"P":996.96435546875,
"PM10":109.5,
"PM25":160.2,
"S":176.0,
"utciso":"2023-05-22T23:00:03Z"
}