{
"T":23.9263916015625,
"H":85.5752182006836,
"P":996.92822265625,
"PM10":127.4,
"PM25":209.6,
"S":135.0,
"utciso":"2023-06-30T00:00:03Z"
}