{
"T":18.857805252075195,
"H":79.90486145019531,
"P":1000.80126953125,
"PM10":104.8,
"PM25":157.2,
"S":114.0,
"utciso":"2023-05-18T21:20:02Z"
}