{
"T":26.145092010498047,
"H":69.66401672363281,
"P":1003.705322265625,
"PM10":3.6,
"PM25":4.0,
"S":203.0,
"utciso":"2022-07-08T07:00:17Z"
}