{
"T":28.096019744873047,
"H":64.60774230957031,
"P":998.059814453125,
"PM10":165.2,
"PM25":319.3,
"S":137.0,
"utciso":"2023-06-22T22:10:05Z"
}