{
"T":23.352588653564453,
"H":95.8099594116211,
"P":994.717529296875,
"PM10":111.4,
"PM25":166.2,
"S":197.0,
"utciso":"2023-06-11T00:20:02Z"
}