{
"T":22.128477096557617,
"H":104.14134979248047,
"P":997.4140625,
"PM10":110.5,
"PM25":165.0,
"S":164.0,
"utciso":"2023-06-08T04:20:03Z"
}