{
"T":33.43238067626953,
"H":57.15012741088867,
"P":997.22705078125,
"PM10":153.6,
"PM25":292.5,
"S":120.0,
"utciso":"2023-06-26T13:10:03Z"
}