{
"T":20.40707015991211,
"H":83.464111328125,
"P":997.113037109375,
"PM10":97.7,
"PM25":126.3,
"S":151.0,
"utciso":"2023-04-30T08:50:03Z"
}