{
"T":22.950927734375,
"H":92.47068786621094,
"P":997.44482421875,
"PM10":120.7,
"PM25":190.2,
"S":161.0,
"utciso":"2023-06-18T03:30:03Z"
}