{
"T":33.547142028808594,
"H":60.81324768066406,
"P":998.45703125,
"PM10":6.4,
"PM25":6.9,
"S":250.0,
"utciso":"2022-07-16T12:10:03Z"
}