{
"T":25.054868698120117,
"H":94.1571273803711,
"P":992.65625,
"PM10":142.6,
"PM25":264.4,
"S":177.0,
"utciso":"2023-07-02T07:30:03Z"
}