{
"T":28.134273529052734,
"H":59.72867202758789,
"P":997.0068359375,
"PM10":127.4,
"PM25":211.8,
"S":139.0,
"utciso":"2023-06-16T11:00:03Z"
}