{
"T":17.232032775878906,
"H":82.24205017089844,
"P":997.027587890625,
"PM10":85.2,
"PM25":108.6,
"S":115.0,
"utciso":"2023-04-29T01:30:03Z"
}