{
"T":18.66653823852539,
"H":65.1943359375,
"P":1001.582275390625,
"PM10":113.3,
"PM25":176.9,
"S":118.0,
"utciso":"2023-04-28T08:50:02Z"
}