{
"T":36.3013916015625,
"H":54.577693939208984,
"P":994.473876953125,
"PM10":3.4,
"PM25":3.7,
"S":184.0,
"utciso":"2022-07-15T15:30:03Z"
}