{
"T":17.19377899169922,
"H":93.8057861328125,
"P":998.206787109375,
"PM10":105.2,
"PM25":159.8,
"S":116.0,
"utciso":"2023-05-17T18:00:03Z"
}