{
"T":22.204984664916992,
"H":95.94744110107422,
"P":998.0556640625,
"PM10":105.5,
"PM25":153.3,
"S":116.0,
"utciso":"2023-06-05T21:50:03Z"
}