{
"T":26.75714874267578,
"H":67.34210205078125,
"P":1000.62109375,
"PM10":124.5,
"PM25":204.3,
"S":140.0,
"utciso":"2023-06-25T09:10:02Z"
}