{
"T":19.25946617126465,
"H":129.02857971191406,
"P":1000.755859375,
"PM10":109.7,
"PM25":161.6,
"S":152.0,
"utciso":"2023-05-31T23:30:03Z"
}