{
"T":26.661514282226562,
"H":75.29159545898438,
"P":996.767822265625,
"PM10":125.1,
"PM25":204.6,
"S":126.0,
"utciso":"2023-05-29T15:00:03Z"
}