{
"T":25.34177017211914,
"H":55.879188537597656,
"P":995.748291015625,
"PM10":86.0,
"PM25":106.5,
"S":118.0,
"utciso":"2023-05-06T18:50:03Z"
}