{
"T":32.80119705200195,
"H":58.91600036621094,
"P":999.239501953125,
"PM10":19.2,
"PM25":20.2,
"S":185.0,
"utciso":"2022-07-06T13:40:20Z"
}