{
"T":17.824960708618164,
"H":87.1822280883789,
"P":995.163330078125,
"PM10":100.5,
"PM25":147.6,
"S":117.0,
"utciso":"2023-05-12T14:00:02Z"
}