{
"T":26.738021850585938,
"H":89.3147201538086,
"P":999.195068359375,
"PM10":7.5,
"PM25":8.3,
"S":276.0,
"utciso":"2022-07-07T02:20:23Z"
}