{
"T":23.027435302734375,
"H":88.87783813476562,
"P":996.6787109375,
"PM10":128.7,
"PM25":212.9,
"S":134.0,
"utciso":"2023-06-30T00:50:03Z"
}