{
"T":33.03071975708008,
"H":39.344730377197266,
"P":1001.767333984375,
"PM10":1.9,
"PM25":2.0,
"S":152.0,
"utciso":"2022-07-08T14:00:22Z"
}