{
"T":25.11224937438965,
"H":80.0331802368164,
"P":997.86962890625,
"PM10":118.2,
"PM25":184.0,
"S":153.0,
"utciso":"2023-06-23T03:20:03Z"
}