{
"T":29.320131301879883,
"H":50.972618103027344,
"P":999.666015625,
"PM10":125.6,
"PM25":204.6,
"S":126.0,
"utciso":"2023-06-23T21:10:03Z"
}