{
"T":25.07399559020996,
"H":83.7940673828125,
"P":998.571044921875,
"PM10":134.9,
"PM25":234.9,
"S":151.0,
"utciso":"2023-06-26T02:40:03Z"
}