{
"T":19.546367645263672,
"H":124.3022689819336,
"P":993.099853515625,
"PM10":104.8,
"PM25":145.0,
"S":147.0,
"utciso":"2023-05-09T21:00:02Z"
}