{
"T":30.754636764526367,
"H":63.575103759765625,
"P":1001.832275390625,
"PM10":5.8,
"PM25":6.4,
"S":239.0,
"utciso":"2022-07-02T10:20:17Z"
}