{
"T":18.762170791625977,
"H":80.31120300292969,
"P":1002.23876953125,
"PM10":91.9,
"PM25":123.0,
"S":122.0,
"utciso":"2023-05-05T00:50:02Z"
}