{
"T":14.841190338134766,
"H":123.62708282470703,
"P":997.87109375,
"PM10":104.0,
"PM25":150.2,
"S":132.0,
"utciso":"2023-05-01T18:10:02Z"
}