{
"T":28.803709030151367,
"H":55.39341735839844,
"P":995.817138671875,
"PM10":138.6,
"PM25":243.7,
"S":116.0,
"utciso":"2023-05-30T14:40:03Z"
}