{
"T":32.43778991699219,
"H":47.54779815673828,
"P":999.250732421875,
"PM10":131.3,
"PM25":220.0,
"S":135.0,
"utciso":"2023-06-22T11:50:03Z"
}