{
"T":32.1508903503418,
"H":44.45293426513672,
"P":998.312255859375,
"PM10":131.5,
"PM25":220.2,
"S":121.0,
"utciso":"2023-06-23T19:40:03Z"
}