{
"T":27.216190338134766,
"H":80.91000366210938,
"P":1001.278564453125,
"PM10":6.4,
"PM25":7.0,
"S":289.0,
"utciso":"2022-07-03T01:10:22Z"
}