{
"T":15.03245735168457,
"H":120.67886352539062,
"P":997.411865234375,
"PM10":101.2,
"PM25":146.2,
"S":129.0,
"utciso":"2023-05-01T16:30:03Z"
}