{
"T":19.22121238708496,
"H":127.08245086669922,
"P":998.063232421875,
"PM10":110.3,
"PM25":164.6,
"S":127.0,
"utciso":"2023-05-29T03:00:02Z"
}