{
"T":25.972951889038086,
"H":64.55580139160156,
"P":1000.964111328125,
"PM10":123.7,
"PM25":203.1,
"S":136.0,
"utciso":"2023-06-20T23:20:02Z"
}