{
"T":28.402048110961914,
"H":73.232421875,
"P":998.390869140625,
"PM10":132.8,
"PM25":222.4,
"S":122.0,
"utciso":"2023-06-28T23:20:03Z"
}