{
"T":29.47314453125,
"H":74.49725341796875,
"P":1000.323974609375,
"PM10":7.8,
"PM25":8.4,
"S":292.0,
"utciso":"2022-07-17T01:30:02Z"
}