{
"T":20.61746597290039,
"H":129.11106872558594,
"P":999.879638671875,
"PM10":131.5,
"PM25":222.0,
"S":125.0,
"utciso":"2023-05-31T17:00:03Z"
}