{
"T":21.516422271728516,
"H":121.50680541992188,
"P":993.237548828125,
"PM10":104.0,
"PM25":154.6,
"S":191.0,
"utciso":"2023-06-13T06:30:03Z"
}