{
"T":22.319744110107422,
"H":76.4189453125,
"P":1000.8154296875,
"PM10":120.5,
"PM25":195.2,
"S":144.0,
"utciso":"2023-06-25T05:20:03Z"
}