{
"T":32.76294708251953,
"H":61.204307556152344,
"P":994.734619140625,
"PM10":173.9,
"PM25":359.0,
"S":167.0,
"utciso":"2023-07-04T15:50:03Z"
}