{
"T":17.710201263427734,
"H":106.13330841064453,
"P":996.6650390625,
"PM10":117.9,
"PM25":171.7,
"S":138.0,
"utciso":"2023-05-01T09:40:03Z"
}