{
"T":16.466962814331055,
"H":90.19766235351562,
"P":993.666015625,
"PM10":98.0,
"PM25":141.2,
"S":119.0,
"utciso":"2023-05-12T03:10:03Z"
}