{
"T":27.981260299682617,
"H":67.47652435302734,
"P":996.01708984375,
"PM10":113.7,
"PM25":173.8,
"S":114.0,
"utciso":"2023-06-07T16:40:02Z"
}