{
"T":23.429096221923828,
"H":110.71297454833984,
"P":999.077880859375,
"PM10":122.0,
"PM25":189.5,
"S":118.0,
"utciso":"2023-06-04T14:20:03Z"
}