{
"T":30.257341384887695,
"H":50.95123291015625,
"P":995.495849609375,
"PM10":131.8,
"PM25":225.7,
"S":125.0,
"utciso":"2023-06-16T13:30:03Z"
}