{
"T":24.729713439941406,
"H":79.76432800292969,
"P":994.796630859375,
"PM10":110.9,
"PM25":169.0,
"S":147.0,
"utciso":"2023-06-11T22:20:03Z"
}