{
"T":20.043663024902344,
"H":79.38243103027344,
"P":994.18408203125,
"PM10":104.7,
"PM25":156.0,
"S":127.0,
"utciso":"2023-05-12T11:50:02Z"
}