{
"T":17.86321449279785,
"H":128.9063720703125,
"P":996.69873046875,
"PM10":115.5,
"PM25":178.3,
"S":137.0,
"utciso":"2023-05-21T07:00:03Z"
}