{
"T":27.789993286132812,
"H":81.58213806152344,
"P":993.75927734375,
"PM10":128.9,
"PM25":208.3,
"S":186.0,
"utciso":"2023-06-28T00:30:03Z"
}