{
"T":15.56800651550293,
"H":97.43224334716797,
"P":997.083251953125,
"PM10":93.0,
"PM25":129.5,
"S":108.0,
"utciso":"2023-05-14T06:30:03Z"
}