{
"T":26.64238739013672,
"H":61.10348892211914,
"P":1000.27001953125,
"PM10":125.9,
"PM25":208.3,
"S":140.0,
"utciso":"2023-06-24T22:30:03Z"
}