{
"T":21.478168487548828,
"H":87.86962890625,
"P":997.216064453125,
"PM10":119.8,
"PM25":190.9,
"S":156.0,
"utciso":"2023-06-17T03:50:02Z"
}