{
"T":22.377124786376953,
"H":92.20182800292969,
"P":996.894775390625,
"PM10":117.9,
"PM25":186.6,
"S":172.0,
"utciso":"2023-06-16T04:10:03Z"
}