{
"T":22.644899368286133,
"H":91.8046646118164,
"P":996.78662109375,
"PM10":116.3,
"PM25":181.7,
"S":168.0,
"utciso":"2023-06-16T03:40:03Z"
}