{
"T":29.72179412841797,
"H":67.88591003417969,
"P":1003.25390625,
"PM10":9.1,
"PM25":9.9,
"S":238.0,
"utciso":"2022-07-19T00:50:03Z"
}