{
"T":25.246135711669922,
"H":61.980316162109375,
"P":994.9921875,
"PM10":90.0,
"PM25":115.0,
"S":119.0,
"utciso":"2023-04-29T13:20:03Z"
}