{
"T":28.937597274780273,
"H":79.62989807128906,
"P":999.13330078125,
"PM10":159.8,
"PM25":315.6,
"S":169.0,
"utciso":"2023-06-19T10:50:03Z"
}