{
"T":16.00792121887207,
"H":117.52594757080078,
"P":1000.155517578125,
"PM10":99.0,
"PM25":138.2,
"S":137.0,
"utciso":"2023-05-19T07:30:02Z"
}