{
"T":32.87770462036133,
"H":49.909427642822266,
"P":1001.103271484375,
"PM10":4.4,
"PM25":4.8,
"S":217.0,
"utciso":"2022-07-02T12:20:18Z"
}