{
"T":27.73261260986328,
"H":76.36089324951172,
"P":993.6005859375,
"PM10":115.2,
"PM25":177.1,
"S":166.0,
"utciso":"2023-06-10T12:50:03Z"
}