{
"T":29.24362564086914,
"H":73.29963684082031,
"P":1002.630126953125,
"PM10":11.3,
"PM25":12.3,
"S":270.0,
"utciso":"2022-07-20T04:40:03Z"
}