{
"T":15.472372055053711,
"H":88.56315612792969,
"P":991.721435546875,
"PM10":99.3,
"PM25":143.7,
"S":113.0,
"utciso":"2023-05-15T03:00:03Z"
}