{
"T":23.180448532104492,
"H":77.19189453125,
"P":995.59912109375,
"PM10":108.6,
"PM25":162.4,
"S":127.0,
"utciso":"2023-05-24T19:10:03Z"
}