{
"T":28.784584045410156,
"H":67.85841369628906,
"P":1001.1591796875,
"PM10":4.6,
"PM25":5.0,
"S":282.0,
"utciso":"2022-07-02T22:40:25Z"
}