{
"T":19.297719955444336,
"H":129.11106872558594,
"P":1000.975830078125,
"PM10":131.5,
"PM25":222.0,
"S":125.0,
"utciso":"2023-05-31T04:50:03Z"
}