{
"T":24.84447479248047,
"H":100.90289306640625,
"P":996.431640625,
"PM10":121.2,
"PM25":192.0,
"S":116.0,
"utciso":"2023-06-03T17:50:03Z"
}