{
"T":30.410354614257812,
"H":69.84732055664062,
"P":994.221435546875,
"PM10":149.1,
"PM25":285.6,
"S":185.0,
"utciso":"2023-07-03T11:00:02Z"
}