{
"T":19.833269119262695,
"H":63.94171905517578,
"P":992.539794921875,
"PM10":88.8,
"PM25":119.6,
"S":106.0,
"utciso":"2023-05-11T19:00:03Z"
}