{
"T":30.620750427246094,
"H":83.75434875488281,
"P":997.662353515625,
"PM10":5.1,
"PM25":5.7,
"S":246.0,
"utciso":"2022-07-05T11:00:17Z"
}