{
"T":29.989566802978516,
"H":78.67974853515625,
"P":992.806884765625,
"PM10":3.6,
"PM25":4.6,
"S":238.0,
"utciso":"2022-06-29T18:20:19Z"
}