{
"T":16.44783592224121,
"H":117.09517669677734,
"P":1000.248046875,
"PM10":99.4,
"PM25":137.6,
"S":136.0,
"utciso":"2023-05-19T09:00:03Z"
}