{
"T":35.459815979003906,
"H":44.712623596191406,
"P":998.73876953125,
"PM10":9.2,
"PM25":10.0,
"S":176.0,
"utciso":"2022-07-20T19:20:03Z"
}