{
"T":28.019512176513672,
"H":77.98928833007812,
"P":997.98974609375,
"PM10":128.5,
"PM25":213.2,
"S":132.0,
"utciso":"2023-06-18T14:10:03Z"
}