{
"T":19.469860076904297,
"H":74.60418701171875,
"P":992.115966796875,
"PM10":99.0,
"PM25":142.8,
"S":117.0,
"utciso":"2023-05-11T08:40:03Z"
}