{
"T":17.136398315429688,
"H":128.79638671875,
"P":996.245849609375,
"PM10":115.5,
"PM25":178.3,
"S":137.0,
"utciso":"2023-05-21T04:50:02Z"
}