{
"T":16.21831512451172,
"H":98.0738296508789,
"P":994.277099609375,
"PM10":98.6,
"PM25":141.2,
"S":123.0,
"utciso":"2023-05-12T06:10:03Z"
}