{
"T":16.352203369140625,
"H":83.2624740600586,
"P":998.873291015625,
"PM10":100.9,
"PM25":148.6,
"S":110.0,
"utciso":"2023-05-18T02:00:03Z"
}