{
"T":21.822450637817383,
"H":116.31610870361328,
"P":992.1669921875,
"PM10":108.5,
"PM25":164.9,
"S":171.0,
"utciso":"2023-06-14T01:40:03Z"
}