{
"T":20.866113662719727,
"H":72.52668762207031,
"P":991.8037109375,
"PM10":100.1,
"PM25":144.5,
"S":118.0,
"utciso":"2023-05-11T09:30:02Z"
}