{
"T":36.24401092529297,
"H":56.96376419067383,
"P":996.617431640625,
"PM10":6.5,
"PM25":7.1,
"S":235.0,
"utciso":"2022-07-16T17:50:03Z"
}