{
"T":21.21039390563965,
"H":118.81522369384766,
"P":996.6806640625,
"PM10":104.6,
"PM25":154.7,
"S":140.0,
"utciso":"2023-06-12T05:50:02Z"
}