{
"T":30.945903778076172,
"H":66.2972412109375,
"P":996.817138671875,
"PM10":3.4,
"PM25":3.8,
"S":287.0,
"utciso":"2022-07-05T20:40:20Z"
}