{
"T":25.705177307128906,
"H":99.57084655761719,
"P":993.18505859375,
"PM10":123.8,
"PM25":199.3,
"S":163.0,
"utciso":"2023-06-14T14:10:03Z"
}