{
"T":24.21329116821289,
"H":74.00843048095703,
"P":998.363525390625,
"PM10":107.5,
"PM25":148.3,
"S":142.0,
"utciso":"2023-05-09T11:00:03Z"
}