{
"T":22.434505462646484,
"H":127.03968048095703,
"P":992.009033203125,
"PM10":139.0,
"PM25":238.1,
"S":190.0,
"utciso":"2023-07-01T06:20:02Z"
}