{
"T":24.57670021057129,
"H":89.32693481445312,
"P":994.50634765625,
"PM10":112.2,
"PM25":170.6,
"S":206.0,
"utciso":"2023-06-11T08:10:02Z"
}