{
"T":25.11224937438965,
"H":61.479270935058594,
"P":994.89453125,
"PM10":91.8,
"PM25":119.2,
"S":116.0,
"utciso":"2023-04-29T13:30:03Z"
}