{
"T":24.500192642211914,
"H":89.96240997314453,
"P":995.19775390625,
"PM10":115.0,
"PM25":173.7,
"S":198.0,
"utciso":"2023-06-09T07:40:02Z"
}