{
"T":18.896059036254883,
"H":105.51616668701172,
"P":996.605712890625,
"PM10":101.3,
"PM25":134.7,
"S":119.0,
"utciso":"2023-04-30T18:30:03Z"
}