{
"T":21.191267013549805,
"H":105.5558853149414,
"P":996.494140625,
"PM10":105.5,
"PM25":149.4,
"S":150.0,
"utciso":"2023-06-02T00:20:03Z"
}