{
"T":21.91808319091797,
"H":124.9468994140625,
"P":1000.413818359375,
"PM10":196.6,
"PM25":377.7,
"S":174.0,
"utciso":"2023-06-01T07:30:02Z"
}