{
"T":19.661128997802734,
"H":121.67484283447266,
"P":998.30712890625,
"PM10":113.0,
"PM25":170.0,
"S":158.0,
"utciso":"2023-06-05T03:50:02Z"
}