{
"T":32.36128234863281,
"H":64.30528259277344,
"P":994.402099609375,
"PM10":162.6,
"PM25":326.8,
"S":168.0,
"utciso":"2023-07-05T15:50:03Z"
}