{
"T":22.14760398864746,
"H":63.3398551940918,
"P":986.524169921875,
"PM10":103.9,
"PM25":153.9,
"S":133.0,
"utciso":"2023-05-16T09:40:03Z"
}