{
"T":22.35799789428711,
"H":96.448486328125,
"P":994.818359375,
"PM10":107.8,
"PM25":160.8,
"S":204.0,
"utciso":"2023-06-11T01:50:03Z"
}