{
"T":25.839065551757812,
"H":86.02127075195312,
"P":995.642578125,
"PM10":138.7,
"PM25":251.1,
"S":175.0,
"utciso":"2023-07-04T01:30:03Z"
}