{
"T":35.325927734375,
"H":44.41627502441406,
"P":998.735595703125,
"PM10":9.3,
"PM25":10.1,
"S":177.0,
"utciso":"2022-07-20T19:30:02Z"
}