{
"T":26.068586349487305,
"H":76.97803497314453,
"P":996.47900390625,
"PM10":125.9,
"PM25":207.5,
"S":147.0,
"utciso":"2023-06-15T21:50:03Z"
}