{
"T":31.25193214416504,
"H":49.8941535949707,
"P":1000.72802734375,
"PM10":6.5,
"PM25":7.2,
"S":208.0,
"utciso":"2022-07-09T19:40:28Z"
}