{
"T":19.355100631713867,
"H":124.59861755371094,
"P":998.624755859375,
"PM10":108.6,
"PM25":160.9,
"S":123.0,
"utciso":"2023-05-29T01:50:03Z"
}