{
"T":29.989566802978516,
"H":73.91372680664062,
"P":1003.82373046875,
"PM10":9.4,
"PM25":10.2,
"S":268.0,
"utciso":"2022-07-18T00:10:02Z"
}