{
"T":20.598339080810547,
"H":104.807373046875,
"P":998.444580078125,
"PM10":103.4,
"PM25":145.0,
"S":148.0,
"utciso":"2023-06-06T06:20:03Z"
}