{
"T":18.762170791625977,
"H":97.63082885742188,
"P":997.36669921875,
"PM10":92.7,
"PM25":124.9,
"S":122.0,
"utciso":"2023-04-30T20:40:03Z"
}