{
"T":25.45652961730957,
"H":82.22677612304688,
"P":998.395263671875,
"PM10":131.7,
"PM25":225.3,
"S":148.0,
"utciso":"2023-06-26T02:00:03Z"
}