{
"T":19.890649795532227,
"H":80.8427963256836,
"P":998.57763671875,
"PM10":105.2,
"PM25":160.1,
"S":127.0,
"utciso":"2023-05-02T10:20:03Z"
}