{
"T":16.619976043701172,
"H":126.78915405273438,
"P":996.325927734375,
"PM10":99.8,
"PM25":143.7,
"S":128.0,
"utciso":"2023-05-20T16:30:02Z"
}