{
"T":25.9346981048584,
"H":86.40316772460938,
"P":998.5546875,
"PM10":133.1,
"PM25":228.5,
"S":155.0,
"utciso":"2023-06-18T22:30:03Z"
}