{
"T":15.74014663696289,
"H":117.84674072265625,
"P":997.3896484375,
"PM10":98.5,
"PM25":140.1,
"S":125.0,
"utciso":"2023-05-20T05:00:03Z"
}