{
"T":22.85529327392578,
"H":105.35424041748047,
"P":997.88427734375,
"PM10":121.2,
"PM25":192.0,
"S":116.0,
"utciso":"2023-06-03T20:20:03Z"
}