{
"T":27.57959747314453,
"H":62.395816802978516,
"P":994.478271484375,
"PM10":113.4,
"PM25":168.4,
"S":141.0,
"utciso":"2023-05-23T13:10:03Z"
}