{
"T":26.546754837036133,
"H":90.31069946289062,
"P":999.079345703125,
"PM10":7.2,
"PM25":7.8,
"S":279.0,
"utciso":"2022-07-07T02:40:17Z"
}