{
"T":29.932186126708984,
"H":49.661964416503906,
"P":994.124267578125,
"PM10":128.5,
"PM25":213.5,
"S":119.0,
"utciso":"2023-06-15T16:10:03Z"
}