{
"T":30.98415756225586,
"H":43.46306610107422,
"P":999.664306640625,
"PM10":146.7,
"PM25":275.1,
"S":126.0,
"utciso":"2023-06-20T16:50:03Z"
}