{
"T":24.997488021850586,
"H":89.19251251220703,
"P":995.263916015625,
"PM10":119.2,
"PM25":182.3,
"S":197.0,
"utciso":"2023-06-09T08:00:03Z"
}