{
"T":28.841962814331055,
"H":76.971923828125,
"P":997.256591796875,
"PM10":150.3,
"PM25":286.5,
"S":199.0,
"utciso":"2023-07-06T09:40:02Z"
}