{
"T":19.75676155090332,
"H":78.92416381835938,
"P":998.018798828125,
"PM10":92.8,
"PM25":124.8,
"S":119.0,
"utciso":"2023-05-07T01:10:03Z"
}