{
"T":19.64200210571289,
"H":74.19174194335938,
"P":997.950439453125,
"PM10":101.1,
"PM25":147.2,
"S":110.0,
"utciso":"2023-04-28T21:10:03Z"
}