{
"T":28.038639068603516,
"H":77.90374755859375,
"P":996.828125,
"PM10":129.3,
"PM25":208.8,
"S":164.0,
"utciso":"2023-06-28T09:00:03Z"
}