{
"T":26.336360931396484,
"H":78.13288116455078,
"P":998.56640625,
"PM10":131.0,
"PM25":223.5,
"S":142.0,
"utciso":"2023-06-26T00:30:03Z"
}