{
"T":27.02492332458496,
"H":81.31939697265625,
"P":1001.21923828125,
"PM10":108.4,
"PM25":1099.0,
"S":290.0,
"utciso":"2022-07-03T01:30:17Z"
}