{
"T":21.80332374572754,
"H":98.41294860839844,
"P":994.90087890625,
"PM10":107.1,
"PM25":150.7,
"S":125.0,
"utciso":"2023-05-09T15:50:03Z"
}