{
"T":20.311437606811523,
"H":111.81587982177734,
"P":997.861328125,
"PM10":111.7,
"PM25":164.4,
"S":150.0,
"utciso":"2023-06-04T01:20:02Z"
}