{
"T":27.50309181213379,
"H":77.76014709472656,
"P":993.227783203125,
"PM10":113.1,
"PM25":169.8,
"S":160.0,
"utciso":"2023-06-10T19:20:02Z"
}