{
"T":18.570903778076172,
"H":91.92381286621094,
"P":995.97900390625,
"PM10":90.5,
"PM25":118.5,
"S":164.0,
"utciso":"2023-04-30T04:40:02Z"
}