{
"T":20.655717849731445,
"H":121.94369506835938,
"P":996.80224609375,
"PM10":115.5,
"PM25":178.3,
"S":137.0,
"utciso":"2023-05-21T12:00:03Z"
}