{
"T":27.254444122314453,
"H":60.75825500488281,
"P":997.552978515625,
"PM10":136.8,
"PM25":241.1,
"S":132.0,
"utciso":"2023-05-30T11:20:02Z"
}