{
"T":24.079404830932617,
"H":86.92253875732422,
"P":996.64794921875,
"PM10":118.0,
"PM25":186.7,
"S":161.0,
"utciso":"2023-06-16T01:20:03Z"
}