{
"T":14.210007667541504,
"H":123.72789764404297,
"P":997.643310546875,
"PM10":104.4,
"PM25":151.1,
"S":125.0,
"utciso":"2023-05-02T03:40:02Z"
}