{
"T":25.169628143310547,
"H":73.09799194335938,
"P":997.011962890625,
"PM10":132.1,
"PM25":221.5,
"S":120.0,
"utciso":"2023-05-30T20:50:02Z"
}