{
"T":24.74884033203125,
"H":105.16787719726562,
"P":991.72216796875,
"PM10":111.3,
"PM25":169.2,
"S":147.0,
"utciso":"2023-06-13T15:00:03Z"
}