{
"T":30.046947479248047,
"H":65.6587142944336,
"P":995.4111328125,
"PM10":4.6,
"PM25":5.0,
"S":232.0,
"utciso":"2022-07-01T11:30:17Z"
}