{
"T":14.917696952819824,
"H":93.33223724365234,
"P":1002.535400390625,
"PM10":92.4,
"PM25":125.3,
"S":133.0,
"utciso":"2023-05-03T04:30:02Z"
}