{
"T":29.18624496459961,
"H":72.84136962890625,
"P":1000.929931640625,
"PM10":8.3,
"PM25":9.1,
"S":289.0,
"utciso":"2022-07-03T08:30:18Z"
}