{
"T":29.35838508605957,
"H":57.01264572143555,
"P":994.550537109375,
"PM10":126.3,
"PM25":205.6,
"S":125.0,
"utciso":"2023-06-15T14:20:02Z"
}