{
"T":24.09853172302246,
"H":93.75384521484375,
"P":998.3955078125,
"PM10":124.9,
"PM25":197.1,
"S":127.0,
"utciso":"2023-06-03T10:00:02Z"
}