{
"T":28.669822692871094,
"H":57.846702575683594,
"P":1003.824951171875,
"PM10":6.5,
"PM25":7.2,
"S":208.0,
"utciso":"2022-07-09T10:00:17Z"
}