{
"T":18.34138298034668,
"H":128.9766387939453,
"P":1000.093994140625,
"PM10":107.6,
"PM25":154.3,
"S":152.0,
"utciso":"2023-06-01T02:10:03Z"
}