{
"T":26.661514282226562,
"H":89.70578002929688,
"P":999.11474609375,
"PM10":7.1,
"PM25":7.8,
"S":283.0,
"utciso":"2022-07-07T03:10:21Z"
}