{
"T":22.89354705810547,
"H":92.19572448730469,
"P":995.19677734375,
"PM10":130.2,
"PM25":220.6,
"S":169.0,
"utciso":"2023-06-30T07:00:02Z"
}