{
"T":28.363794326782227,
"H":68.40528869628906,
"P":998.963134765625,
"PM10":122.8,
"PM25":196.0,
"S":148.0,
"utciso":"2023-06-23T09:20:02Z"
}