{
"T":24.21329116821289,
"H":86.3206787109375,
"P":998.224365234375,
"PM10":120.6,
"PM25":188.5,
"S":133.0,
"utciso":"2023-05-28T08:30:02Z"
}