{
"T":25.093122482299805,
"H":56.07471466064453,
"P":995.87060546875,
"PM10":85.3,
"PM25":105.7,
"S":115.0,
"utciso":"2023-05-06T19:00:03Z"
}