{
"T":25.972951889038086,
"H":104.02220153808594,
"P":999.50634765625,
"PM10":6.1,
"PM25":9.1,
"S":262.0,
"utciso":"2022-07-03T20:40:19Z"
}