{
"T":16.313949584960938,
"H":118.63497161865234,
"P":999.400634765625,
"PM10":99.2,
"PM25":138.2,
"S":129.0,
"utciso":"2023-05-19T19:50:03Z"
}