{
"T":30.639877319335938,
"H":66.00700378417969,
"P":999.07958984375,
"PM10":6.3,
"PM25":6.8,
"S":273.0,
"utciso":"2022-07-14T22:10:03Z"
}