{
"T":17.0407657623291,
"H":128.78111267089844,
"P":996.099609375,
"PM10":115.5,
"PM25":178.3,
"S":137.0,
"utciso":"2023-05-21T01:40:02Z"
}