{
"T":32.18914031982422,
"H":64.52525329589844,
"P":993.21044921875,
"PM10":168.7,
"PM25":348.1,
"S":171.0,
"utciso":"2023-07-03T15:00:03Z"
}