{
"T":25.743431091308594,
"H":60.29387664794922,
"P":1000.640625,
"PM10":100.9,
"PM25":139.9,
"S":129.0,
"utciso":"2023-05-05T11:20:03Z"
}