{
"T":28.784584045410156,
"H":74.24978637695312,
"P":999.51708984375,
"PM10":4.9,
"PM25":5.3,
"S":252.0,
"utciso":"2022-07-06T22:50:20Z"
}