{
"T":18.303129196166992,
"H":112.14583587646484,
"P":1000.289794921875,
"PM10":131.5,
"PM25":222.0,
"S":125.0,
"utciso":"2023-05-30T23:20:02Z"
}