{
"T":26.833656311035156,
"H":73.42184448242188,
"P":992.80322265625,
"PM10":134.9,
"PM25":237.0,
"S":140.0,
"utciso":"2023-06-30T15:10:03Z"
}