{
"T":25.686050415039062,
"H":87.94296264648438,
"P":996.36474609375,
"PM10":129.8,
"PM25":217.0,
"S":190.0,
"utciso":"2023-06-27T05:20:03Z"
}