{
"T":19.278593063354492,
"H":80.41812896728516,
"P":994.44189453125,
"PM10":100.8,
"PM25":147.5,
"S":110.0,
"utciso":"2023-05-10T20:40:03Z"
}