{
"T":21.459041595458984,
"H":103.0262222290039,
"P":998.632568359375,
"PM10":113.6,
"PM25":176.9,
"S":126.0,
"utciso":"2023-05-29T07:50:03Z"
}