{
"T":14.095247268676758,
"H":123.11075592041016,
"P":997.729736328125,
"PM10":105.6,
"PM25":154.7,
"S":126.0,
"utciso":"2023-05-02T04:20:03Z"
}