{
"T":21.286901473999023,
"H":68.4969482421875,
"P":997.90869140625,
"PM10":92.1,
"PM25":123.6,
"S":119.0,
"utciso":"2023-05-06T23:20:03Z"
}