{
"T":24.46194076538086,
"H":79.42214965820312,
"P":1001.697509765625,
"PM10":120.7,
"PM25":195.8,
"S":151.0,
"utciso":"2023-06-21T07:00:02Z"
}