{
"T":33.48976135253906,
"H":51.938045501708984,
"P":995.895263671875,
"PM10":150.9,
"PM25":285.4,
"S":132.0,
"utciso":"2023-06-26T18:50:03Z"
}