{
"T":22.950927734375,
"H":94.47792053222656,
"P":998.619140625,
"PM10":115.2,
"PM25":176.8,
"S":135.0,
"utciso":"2023-05-28T07:00:02Z"
}