{
"T":25.839065551757812,
"H":86.75144958496094,
"P":996.386474609375,
"PM10":126.9,
"PM25":210.0,
"S":186.0,
"utciso":"2023-06-27T04:10:03Z"
}