{
"T":25.43740463256836,
"H":60.07084655761719,
"P":993.562255859375,
"PM10":110.2,
"PM25":169.0,
"S":129.0,
"utciso":"2023-05-24T16:30:02Z"
}