{
"T":17.90146827697754,
"H":89.86158752441406,
"P":997.802490234375,
"PM10":99.1,
"PM25":135.5,
"S":148.0,
"utciso":"2023-04-29T08:10:03Z"
}