{
"T":24.825347900390625,
"H":89.8249282836914,
"P":996.78173828125,
"PM10":136.4,
"PM25":243.3,
"S":197.0,
"utciso":"2023-07-05T03:40:03Z"
}