{
"T":23.103940963745117,
"H":129.11106872558594,
"P":992.80859375,
"PM10":102.2,
"PM25":144.9,
"S":163.0,
"utciso":"2023-06-12T21:10:02Z"
}