{
"T":23.39084243774414,
"H":114.72132110595703,
"P":992.223388671875,
"PM10":109.2,
"PM25":165.4,
"S":153.0,
"utciso":"2023-06-13T19:40:02Z"
}