{
"T":29.8365535736084,
"H":46.76873779296875,
"P":1000.12548828125,
"PM10":145.7,
"PM25":273.0,
"S":123.0,
"utciso":"2023-06-20T18:50:03Z"
}