{
"T":22.262365341186523,
"H":59.46898651123047,
"P":996.497314453125,
"PM10":107.2,
"PM25":163.3,
"S":110.0,
"utciso":"2023-05-13T15:30:03Z"
}