{
"T":25.093122482299805,
"H":84.7808837890625,
"P":994.92578125,
"PM10":113.9,
"PM25":173.3,
"S":161.0,
"utciso":"2023-06-08T21:30:03Z"
}