{
"T":18.456144332885742,
"H":97.22449493408203,
"P":997.37060546875,
"PM10":93.5,
"PM25":127.9,
"S":120.0,
"utciso":"2023-04-30T21:40:03Z"
}