{
"T":34.3504638671875,
"H":55.09401321411133,
"P":998.030517578125,
"PM10":3.5,
"PM25":3.7,
"S":185.0,
"utciso":"2022-07-11T16:30:02Z"
}