{
"T":18.188369750976562,
"H":99.31726837158203,
"P":996.88623046875,
"PM10":119.4,
"PM25":191.2,
"S":125.0,
"utciso":"2023-05-01T00:30:02Z"
}