{
"T":20.23493003845215,
"H":94.61845397949219,
"P":1002.75634765625,
"PM10":110.6,
"PM25":172.9,
"S":177.0,
"utciso":"2023-05-26T08:00:03Z"
}