{
"T":24.19416618347168,
"H":118.8916015625,
"P":992.611083984375,
"PM10":107.3,
"PM25":159.0,
"S":140.0,
"utciso":"2023-06-12T18:00:03Z"
}