{
"T":21.745943069458008,
"H":70.53778076171875,
"P":995.9072265625,
"PM10":89.2,
"PM25":113.9,
"S":110.0,
"utciso":"2023-04-30T13:40:03Z"
}