{
"T":20.636592864990234,
"H":64.89187622070312,
"P":992.780517578125,
"PM10":96.3,
"PM25":137.2,
"S":107.0,
"utciso":"2023-05-14T13:20:03Z"
}