{
"T":27.120555877685547,
"H":82.17178344726562,
"P":994.068115234375,
"PM10":113.4,
"PM25":171.1,
"S":175.0,
"utciso":"2023-06-09T15:00:03Z"
}