{
"T":30.410354614257812,
"H":64.13113403320312,
"P":1000.61865234375,
"PM10":10.9,
"PM25":12.2,
"S":233.0,
"utciso":"2022-07-21T08:00:03Z"
}