{
"T":27.67523193359375,
"H":86.35733795166016,
"P":993.216064453125,
"PM10":113.7,
"PM25":170.2,
"S":122.0,
"utciso":"2023-06-02T16:40:02Z"
}