{
"T":23.027435302734375,
"H":93.05116271972656,
"P":995.221435546875,
"PM10":102.9,
"PM25":140.2,
"S":122.0,
"utciso":"2023-05-09T15:00:03Z"
}