{
"T":29.24362564086914,
"H":70.372802734375,
"P":998.151611328125,
"PM10":179.5,
"PM25":355.6,
"S":119.0,
"utciso":"2023-06-28T22:10:05Z"
}