{
"T":22.051971435546875,
"H":63.75230026245117,
"P":997.630859375,
"PM10":107.2,
"PM25":164.6,
"S":118.0,
"utciso":"2023-05-02T12:30:03Z"
}