{
"T":24.729713439941406,
"H":113.91171264648438,
"P":992.96337890625,
"PM10":107.4,
"PM25":159.2,
"S":137.0,
"utciso":"2023-06-12T17:40:03Z"
}