{
"T":28.91847038269043,
"H":74.28950500488281,
"P":998.050048828125,
"PM10":3.7,
"PM25":4.2,
"S":297.0,
"utciso":"2022-07-05T22:30:18Z"
}