{
"T":19.90977668762207,
"H":61.347900390625,
"P":1001.24609375,
"PM10":109.8,
"PM25":167.7,
"S":114.0,
"utciso":"2023-04-28T09:40:03Z"
}