{
"T":25.915573120117188,
"H":71.83927917480469,
"P":997.542724609375,
"PM10":115.4,
"PM25":176.7,
"S":127.0,
"utciso":"2023-05-27T19:50:02Z"
}