{
"T":27.311824798583984,
"H":84.79615783691406,
"P":994.560546875,
"PM10":127.2,
"PM25":203.1,
"S":196.0,
"utciso":"2023-06-28T02:00:03Z"
}