{
"T":28.4976806640625,
"H":66.48971557617188,
"P":995.651611328125,
"PM10":110.3,
"PM25":163.1,
"S":121.0,
"utciso":"2023-06-06T17:30:03Z"
}