{
"T":27.101428985595703,
"H":84.77782440185547,
"P":997.898681640625,
"PM10":144.7,
"PM25":269.2,
"S":183.0,
"utciso":"2023-07-04T08:10:03Z"
}