{
"T":17.652820587158203,
"H":79.42520904541016,
"P":992.424560546875,
"PM10":99.1,
"PM25":143.7,
"S":106.0,
"utciso":"2023-05-14T23:20:03Z"
}