{
"T":24.74884033203125,
"H":104.37659454345703,
"P":998.8857421875,
"PM10":160.1,
"PM25":312.5,
"S":185.0,
"utciso":"2023-06-19T04:30:02Z"
}