{
"T":24.423686981201172,
"H":66.76467895507812,
"P":1003.871337890625,
"PM10":2.8,
"PM25":3.1,
"S":224.0,
"utciso":"2022-07-09T03:30:22Z"
}