{
"T":26.680641174316406,
"H":69.80760192871094,
"P":997.382080078125,
"PM10":119.3,
"PM25":186.0,
"S":127.0,
"utciso":"2023-05-27T19:20:02Z"
}