{
"T":16.696483612060547,
"H":115.8975601196289,
"P":999.672119140625,
"PM10":101.9,
"PM25":145.6,
"S":128.0,
"utciso":"2023-05-19T13:10:02Z"
}