{
"T":30.238216400146484,
"H":65.43568420410156,
"P":993.253662109375,
"PM10":120.4,
"PM25":186.6,
"S":141.0,
"utciso":"2023-06-11T13:20:03Z"
}