{
"T":33.18373107910156,
"H":57.079856872558594,
"P":999.7880859375,
"PM10":6.4,
"PM25":6.9,
"S":228.0,
"utciso":"2022-07-03T11:10:17Z"
}