{
"T":28.994976043701172,
"H":69.00104522705078,
"P":995.140625,
"PM10":197.5,
"PM25":425.9,
"S":170.0,
"utciso":"2023-07-04T20:10:02Z"
}