{
"T":34.54173278808594,
"H":63.639259338378906,
"P":992.85791015625,
"PM10":156.3,
"PM25":290.8,
"S":146.0,
"utciso":"2023-06-27T14:10:03Z"
}