{
"T":15.204597473144531,
"H":88.68230438232422,
"P":991.669921875,
"PM10":101.1,
"PM25":147.2,
"S":122.0,
"utciso":"2023-05-15T06:20:03Z"
}