{
"T":26.833656311035156,
"H":74.06036376953125,
"P":999.861328125,
"PM10":127.3,
"PM25":202.0,
"S":137.0,
"utciso":"2023-05-27T12:20:03Z"
}