{
"T":22.950927734375,
"H":60.981285095214844,
"P":1002.755859375,
"PM10":107.9,
"PM25":160.6,
"S":123.0,
"utciso":"2023-05-04T11:00:03Z"
}