{
"T":29.09061050415039,
"H":79.2632827758789,
"P":1005.1630859375,
"PM10":17.6,
"PM25":19.6,
"S":284.0,
"utciso":"2022-07-18T06:40:02Z"
}