{
"T":19.355100631713867,
"H":105.60781860351562,
"P":996.39697265625,
"PM10":107.1,
"PM25":155.9,
"S":152.0,
"utciso":"2023-06-02T03:30:02Z"
}