{
"T":32.629058837890625,
"H":63.39179229736328,
"P":994.771728515625,
"PM10":161.7,
"PM25":325.7,
"S":168.0,
"utciso":"2023-07-05T15:00:03Z"
}