{
"T":31.57708740234375,
"H":62.93352127075195,
"P":999.138671875,
"PM10":5.3,
"PM25":5.6,
"S":273.0,
"utciso":"2022-07-14T21:10:03Z"
}