{
"T":22.68315315246582,
"H":59.43537902832031,
"P":996.494384765625,
"PM10":107.7,
"PM25":164.6,
"S":107.0,
"utciso":"2023-05-13T16:10:03Z"
}