{
"T":20.56008529663086,
"H":108.87377166748047,
"P":997.048828125,
"PM10":111.6,
"PM25":172.0,
"S":202.0,
"utciso":"2023-06-15T05:30:03Z"
}