{
"T":16.352203369140625,
"H":85.15055847167969,
"P":993.110595703125,
"PM10":98.3,
"PM25":141.7,
"S":113.0,
"utciso":"2023-05-11T04:10:02Z"
}