{
"T":26.470247268676758,
"H":76.47393798828125,
"P":999.168212890625,
"PM10":123.4,
"PM25":202.5,
"S":126.0,
"utciso":"2023-06-29T04:30:04Z"
}