{
"T":21.306028366088867,
"H":97.37419891357422,
"P":994.7001953125,
"PM10":107.1,
"PM25":159.0,
"S":209.0,
"utciso":"2023-06-11T04:00:03Z"
}