{
"T":19.393354415893555,
"H":80.18594360351562,
"P":994.405517578125,
"PM10":100.0,
"PM25":145.3,
"S":106.0,
"utciso":"2023-05-10T20:20:03Z"
}