{
"T":31.48145294189453,
"H":69.4012680053711,
"P":992.285888671875,
"PM10":144.4,
"PM25":258.9,
"S":176.0,
"utciso":"2023-06-27T19:00:03Z"
}