{
"T":23.352588653564453,
"H":106.64351654052734,
"P":994.277099609375,
"PM10":113.6,
"PM25":168.6,
"S":232.0,
"utciso":"2023-06-10T07:00:03Z"
}