{
"T":22.319744110107422,
"H":101.65751647949219,
"P":997.43408203125,
"PM10":110.6,
"PM25":167.5,
"S":161.0,
"utciso":"2023-06-08T02:50:02Z"
}