{
"T":18.78129768371582,
"H":129.04385375976562,
"P":997.085693359375,
"PM10":115.5,
"PM25":178.3,
"S":137.0,
"utciso":"2023-05-21T09:50:03Z"
}