{
"T":27.77086639404297,
"H":79.34577178955078,
"P":998.7412109375,
"PM10":130.9,
"PM25":213.9,
"S":158.0,
"utciso":"2023-06-18T09:40:03Z"
}