{
"T":33.41325378417969,
"H":38.843685150146484,
"P":1001.700927734375,
"PM10":1.4,
"PM25":1.4,
"S":155.0,
"utciso":"2022-07-08T14:30:17Z"
}