{
"T":22.434505462646484,
"H":99.1095199584961,
"P":999.378662109375,
"PM10":115.3,
"PM25":174.2,
"S":137.0,
"utciso":"2023-05-28T02:00:03Z"
}