{
"T":33.47063446044922,
"H":58.03917694091797,
"P":997.921875,
"PM10":5.6,
"PM25":6.2,
"S":221.0,
"utciso":"2022-07-04T12:40:17Z"
}