{
"T":19.4124813079834,
"H":124.77581787109375,
"P":993.483154296875,
"PM10":105.3,
"PM25":144.8,
"S":143.0,
"utciso":"2023-05-09T20:30:03Z"
}