{
"T":22.62577247619629,
"H":59.76227951049805,
"P":996.500244140625,
"PM10":107.3,
"PM25":164.1,
"S":105.0,
"utciso":"2023-05-13T15:50:02Z"
}