{
"T":27.101428985595703,
"H":84.71977233886719,
"P":997.924560546875,
"PM10":144.2,
"PM25":267.9,
"S":184.0,
"utciso":"2023-07-04T08:20:03Z"
}