{
"T":30.123455047607422,
"H":58.0452880859375,
"P":999.5546875,
"PM10":3.7,
"PM25":4.0,
"S":217.0,
"utciso":"2022-07-07T22:00:17Z"
}