{
"T":21.32515525817871,
"H":87.7535400390625,
"P":997.56591796875,
"PM10":107.0,
"PM25":160.1,
"S":123.0,
"utciso":"2023-05-24T21:50:02Z"
}