{
"T":33.85316848754883,
"H":54.837379455566406,
"P":997.672119140625,
"PM10":4.7,
"PM25":5.2,
"S":182.0,
"utciso":"2022-07-06T17:30:17Z"
}