{
"T":22.950927734375,
"H":97.4383544921875,
"P":998.271728515625,
"PM10":110.7,
"PM25":168.6,
"S":136.0,
"utciso":"2023-06-05T09:00:03Z"
}