{
"T":18.13098907470703,
"H":85.71881103515625,
"P":994.18701171875,
"PM10":95.0,
"PM25":133.0,
"S":112.0,
"utciso":"2023-05-10T23:20:03Z"
}