{
"T":22.549266815185547,
"H":95.70303344726562,
"P":995.0908203125,
"PM10":104.8,
"PM25":143.9,
"S":122.0,
"utciso":"2023-05-09T15:10:02Z"
}