{
"T":20.29231071472168,
"H":68.95826721191406,
"P":1002.881591796875,
"PM10":97.4,
"PM25":139.8,
"S":107.0,
"utciso":"2023-05-03T20:30:02Z"
}