{
"T":23.524728775024414,
"H":95.85884857177734,
"P":991.837890625,
"PM10":141.8,
"PM25":263.7,
"S":175.0,
"utciso":"2023-07-02T04:20:02Z"
}