{
"T":26.814529418945312,
"H":61.11265563964844,
"P":1001.2099609375,
"PM10":127.4,
"PM25":213.3,
"S":134.0,
"utciso":"2023-06-20T22:30:03Z"
}