{
"T":22.989181518554688,
"H":92.03990936279297,
"P":997.830810546875,
"PM10":105.9,
"PM25":153.4,
"S":134.0,
"utciso":"2023-06-07T01:00:03Z"
}