{
"T":19.680255889892578,
"H":87.85741424560547,
"P":1000.682861328125,
"PM10":106.9,
"PM25":159.0,
"S":164.0,
"utciso":"2023-05-08T06:50:03Z"
}