{
"T":31.19455337524414,
"H":45.95606994628906,
"P":994.417724609375,
"PM10":136.4,
"PM25":238.3,
"S":115.0,
"utciso":"2023-06-16T16:10:02Z"
}