{
"T":16.027048110961914,
"H":85.94489288330078,
"P":997.11083984375,
"PM10":87.4,
"PM25":112.8,
"S":124.0,
"utciso":"2023-04-29T03:10:03Z"
}