{
"T":24.251544952392578,
"H":92.98089599609375,
"P":995.255615234375,
"PM10":5.5,
"PM25":6.1,
"S":290.0,
"utciso":"2022-06-30T05:30:17Z"
}