{
"T":25.81993865966797,
"H":56.3955078125,
"P":997.874755859375,
"PM10":92.9,
"PM25":123.2,
"S":118.0,
"utciso":"2023-05-05T18:00:02Z"
}