{
"T":25.972951889038086,
"H":77.078857421875,
"P":1000.494140625,
"PM10":4.3,
"PM25":4.7,
"S":253.0,
"utciso":"2022-07-11T06:10:03Z"
}