{
"T":32.686439514160156,
"H":56.031944274902344,
"P":1001.704345703125,
"PM10":4.0,
"PM25":4.4,
"S":185.0,
"utciso":"2022-07-12T13:20:03Z"
}