{
"T":31.57708740234375,
"H":57.10430145263672,
"P":995.09326171875,
"PM10":137.7,
"PM25":238.1,
"S":118.0,
"utciso":"2023-06-17T15:40:02Z"
}