{
"T":19.737634658813477,
"H":78.59420776367188,
"P":998.486572265625,
"PM10":86.7,
"PM25":110.9,
"S":128.0,
"utciso":"2023-05-06T00:10:02Z"
}