{
"T":34.522605895996094,
"H":46.53349304199219,
"P":999.72314453125,
"PM10":3.3,
"PM25":3.6,
"S":253.0,
"utciso":"2022-07-02T17:30:27Z"
}