{
"T":21.956336975097656,
"H":61.94059753417969,
"P":996.849365234375,
"PM10":106.8,
"PM25":162.7,
"S":107.0,
"utciso":"2023-05-13T14:30:02Z"
}