{
"T":19.680255889892578,
"H":117.1287841796875,
"P":1003.1005859375,
"PM10":107.0,
"PM25":156.6,
"S":128.0,
"utciso":"2023-05-25T15:40:03Z"
}