{
"T":26.64238739013672,
"H":78.70419311523438,
"P":994.269287109375,
"PM10":114.1,
"PM25":174.2,
"S":183.0,
"utciso":"2023-06-10T11:10:03Z"
}