{
"T":16.409582138061523,
"H":101.94164276123047,
"P":995.705322265625,
"PM10":99.8,
"PM25":143.3,
"S":123.0,
"utciso":"2023-05-12T17:50:03Z"
}