{
"T":33.987056732177734,
"H":52.509361267089844,
"P":997.722900390625,
"PM10":4.4,
"PM25":4.7,
"S":182.0,
"utciso":"2022-07-06T17:10:18Z"
}