{
"T":18.188369750976562,
"H":85.49272918701172,
"P":994.373046875,
"PM10":94.6,
"PM25":132.0,
"S":114.0,
"utciso":"2023-05-10T23:00:03Z"
}