{
"T":25.035741806030273,
"H":99.42420196533203,
"P":995.933837890625,
"PM10":116.2,
"PM25":176.7,
"S":142.0,
"utciso":"2023-06-01T20:00:02Z"
}