{
"T":17.19377899169922,
"H":91.63662719726562,
"P":998.6689453125,
"PM10":109.7,
"PM25":170.5,
"S":119.0,
"utciso":"2023-05-17T19:30:02Z"
}