{
"T":37.047332763671875,
"H":46.710689544677734,
"P":1001.407958984375,
"PM10":8.2,
"PM25":8.9,
"S":187.0,
"utciso":"2022-07-18T15:30:03Z"
}