{
"T":18.685665130615234,
"H":94.15101623535156,
"P":996.976806640625,
"PM10":105.9,
"PM25":150.5,
"S":193.0,
"utciso":"2023-05-23T06:20:03Z"
}