{
"T":26.145092010498047,
"H":65.23098754882812,
"P":1003.9052734375,
"PM10":2.7,
"PM25":2.9,
"S":226.0,
"utciso":"2022-07-09T00:40:18Z"
}