{
"T":21.937210083007812,
"H":126.43476104736328,
"P":991.314208984375,
"PM10":106.4,
"PM25":157.0,
"S":199.0,
"utciso":"2023-06-13T03:20:03Z"
}