{
"T":24.175039291381836,
"H":96.0971450805664,
"P":999.34130859375,
"PM10":121.2,
"PM25":188.9,
"S":131.0,
"utciso":"2023-06-04T10:50:03Z"
}