{
"T":34.962520599365234,
"H":53.147884368896484,
"P":995.668212890625,
"PM10":3.8,
"PM25":4.2,
"S":220.0,
"utciso":"2022-07-05T17:30:17Z"
}