{
"T":15.587133407592773,
"H":119.56067657470703,
"P":997.131591796875,
"PM10":99.0,
"PM25":141.9,
"S":121.0,
"utciso":"2023-05-20T07:30:03Z"
}