{
"T":26.221599578857422,
"H":63.53232955932617,
"P":1001.75146484375,
"PM10":118.1,
"PM25":186.7,
"S":152.0,
"utciso":"2023-06-21T23:20:03Z"
}