{
"T":25.169628143310547,
"H":89.30249786376953,
"P":994.505859375,
"PM10":108.2,
"PM25":158.8,
"S":176.0,
"utciso":"2023-06-09T19:30:02Z"
}