{
"T":22.338871002197266,
"H":109.83920288085938,
"P":994.3701171875,
"PM10":106.1,
"PM25":156.8,
"S":223.0,
"utciso":"2023-06-10T03:50:03Z"
}