{
"T":16.906877517700195,
"H":98.67263793945312,
"P":997.092529296875,
"PM10":98.4,
"PM25":142.0,
"S":125.0,
"utciso":"2023-05-12T20:00:02Z"
}