{
"T":30.295595169067383,
"H":63.740081787109375,
"P":998.505859375,
"PM10":181.8,
"PM25":382.8,
"S":141.0,
"utciso":"2023-06-26T10:20:03Z"
}