{
"T":34.637367248535156,
"H":47.08647155761719,
"P":996.293701171875,
"PM10":3.7,
"PM25":4.1,
"S":158.0,
"utciso":"2022-07-07T17:30:17Z"
}