{
"T":21.841575622558594,
"H":128.2403564453125,
"P":991.54345703125,
"PM10":106.5,
"PM25":156.4,
"S":194.0,
"utciso":"2023-06-13T02:30:03Z"
}