{
"T":17.117271423339844,
"H":86.92864990234375,
"P":999.0986328125,
"PM10":108.5,
"PM25":167.2,
"S":113.0,
"utciso":"2023-05-17T22:00:03Z"
}