{
"T":24.423686981201172,
"H":90.82090759277344,
"P":995.235595703125,
"PM10":115.9,
"PM25":177.3,
"S":200.0,
"utciso":"2023-06-09T07:30:03Z"
}