{
"T":36.224884033203125,
"H":47.810543060302734,
"P":997.297607421875,
"PM10":6.5,
"PM25":7.0,
"S":212.0,
"utciso":"2022-07-21T18:30:03Z"
}