{
"T":17.42329978942871,
"H":109.6283950805664,
"P":997.99853515625,
"PM10":115.3,
"PM25":172.8,
"S":187.0,
"utciso":"2023-05-22T06:20:03Z"
}