{
"T":21.21039390563965,
"H":84.8725357055664,
"P":1002.703857421875,
"PM10":113.3,
"PM25":179.7,
"S":175.0,
"utciso":"2023-05-26T08:40:03Z"
}