{
"T":26.25985336303711,
"H":75.56961059570312,
"P":996.224609375,
"PM10":111.5,
"PM25":168.0,
"S":113.0,
"utciso":"2023-06-05T15:10:03Z"
}