{
"T":27.005796432495117,
"H":80.43035125732422,
"P":998.265625,
"PM10":130.6,
"PM25":221.4,
"S":146.0,
"utciso":"2023-06-18T20:10:03Z"
}