{
"T":29.89393424987793,
"H":51.18342590332031,
"P":1002.972900390625,
"PM10":2.0,
"PM25":2.1,
"S":209.0,
"utciso":"2022-07-08T20:10:17Z"
}