{
"T":32.227394104003906,
"H":55.983062744140625,
"P":998.5712890625,
"PM10":34.1,
"PM25":35.9,
"S":204.0,
"utciso":"2022-07-07T11:40:22Z"
}