{
"T":27.522218704223633,
"H":65.72592163085938,
"P":1000.60400390625,
"PM10":126.2,
"PM25":212.1,
"S":125.0,
"utciso":"2023-06-29T11:00:03Z"
}