{
"T":32.87770462036133,
"H":61.894771575927734,
"P":994.7177734375,
"PM10":172.1,
"PM25":354.5,
"S":165.0,
"utciso":"2023-07-04T15:40:02Z"
}