{
"T":33.58539581298828,
"H":52.01136779785156,
"P":997.447509765625,
"PM10":3.9,
"PM25":4.2,
"S":188.0,
"utciso":"2022-07-07T13:20:18Z"
}