{
"T":24.84447479248047,
"H":81.264404296875,
"P":998.544189453125,
"PM10":118.9,
"PM25":187.7,
"S":157.0,
"utciso":"2023-06-23T06:10:03Z"
}