{
"T":20.46445083618164,
"H":67.63233947753906,
"P":988.88623046875,
"PM10":99.1,
"PM25":143.1,
"S":105.0,
"utciso":"2023-05-16T19:50:02Z"
}