{
"T":24.978361129760742,
"H":80.0545654296875,
"P":997.566650390625,
"PM10":124.9,
"PM25":204.8,
"S":127.0,
"utciso":"2023-06-29T19:50:03Z"
}