{
"T":23.83075714111328,
"H":115.55232238769531,
"P":993.628173828125,
"PM10":121.8,
"PM25":191.4,
"S":174.0,
"utciso":"2023-06-14T12:20:02Z"
}