{
"T":26.374614715576172,
"H":100.98843383789062,
"P":998.2451171875,
"PM10":5.8,
"PM25":7.4,
"S":306.0,
"utciso":"2022-07-05T07:50:22Z"
}