{
"T":21.114761352539062,
"H":118.82133483886719,
"P":996.71484375,
"PM10":106.6,
"PM25":158.2,
"S":138.0,
"utciso":"2023-06-12T04:20:03Z"
}