{
"T":18.035354614257812,
"H":78.08705139160156,
"P":1003.435546875,
"PM10":94.3,
"PM25":132.2,
"S":110.0,
"utciso":"2023-05-03T22:40:03Z"
}