{
"T":28.612442016601562,
"H":69.07742309570312,
"P":995.417236328125,
"PM10":111.0,
"PM25":162.9,
"S":118.0,
"utciso":"2023-06-06T14:50:03Z"
}