{
"T":19.546367645263672,
"H":80.55867004394531,
"P":994.491455078125,
"PM10":103.5,
"PM25":153.8,
"S":128.0,
"utciso":"2023-05-12T11:20:03Z"
}