{
"T":20.78960609436035,
"H":129.11106872558594,
"P":999.98388671875,
"PM10":131.5,
"PM25":222.0,
"S":125.0,
"utciso":"2023-05-31T17:20:02Z"
}