{
"T":19.795015335083008,
"H":121.58624267578125,
"P":998.497802734375,
"PM10":118.2,
"PM25":185.5,
"S":154.0,
"utciso":"2023-06-05T05:40:02Z"
}