{
"T":26.068586349487305,
"H":80.06067657470703,
"P":994.179931640625,
"PM10":110.5,
"PM25":165.4,
"S":171.0,
"utciso":"2023-06-09T18:10:02Z"
}