{
"T":30.39122772216797,
"H":45.665828704833984,
"P":999.900634765625,
"PM10":146.6,
"PM25":276.1,
"S":125.0,
"utciso":"2023-06-20T17:50:03Z"
}