{
"T":28.59331512451172,
"H":58.30802917480469,
"P":996.9072265625,
"PM10":128.0,
"PM25":214.6,
"S":133.0,
"utciso":"2023-06-16T11:30:02Z"
}