{
"T":19.948028564453125,
"H":72.86886596679688,
"P":1003.033447265625,
"PM10":93.2,
"PM25":128.2,
"S":134.0,
"utciso":"2023-05-03T09:40:02Z"
}