{
"T":22.013717651367188,
"H":129.11106872558594,
"P":991.774658203125,
"PM10":133.0,
"PM25":226.7,
"S":191.0,
"utciso":"2023-07-01T05:20:02Z"
}