{
"T":28.00038719177246,
"H":52.73543930053711,
"P":1001.138427734375,
"PM10":143.9,
"PM25":269.5,
"S":129.0,
"utciso":"2023-06-20T20:50:02Z"
}