{
"T":35.05815124511719,
"H":53.79862976074219,
"P":997.86328125,
"PM10":5.6,
"PM25":6.0,
"S":229.0,
"utciso":"2022-07-16T13:10:03Z"
}