{
"T":30.295595169067383,
"H":68.55194091796875,
"P":1002.72802734375,
"PM10":10.0,
"PM25":11.0,
"S":250.0,
"utciso":"2022-07-14T08:40:03Z"
}