{
"T":21.669435501098633,
"H":107.5386734008789,
"P":997.96630859375,
"PM10":121.2,
"PM25":192.0,
"S":116.0,
"utciso":"2023-06-03T22:00:03Z"
}