{
"T":33.56626892089844,
"H":51.959434509277344,
"P":1000.98046875,
"PM10":5.1,
"PM25":5.6,
"S":184.0,
"utciso":"2022-07-12T14:40:03Z"
}