{
"T":16.906877517700195,
"H":128.76278686523438,
"P":995.950927734375,
"PM10":115.5,
"PM25":178.3,
"S":137.0,
"utciso":"2023-05-21T02:30:03Z"
}