{
"T":33.16460418701172,
"H":58.44245529174805,
"P":999.239990234375,
"PM10":28.9,
"PM25":30.5,
"S":182.0,
"utciso":"2022-07-06T13:50:17Z"
}