{
"T":23.907264709472656,
"H":74.14591217041016,
"P":994.5859375,
"PM10":87.2,
"PM25":111.6,
"S":120.0,
"utciso":"2023-04-29T14:50:02Z"
}