{
"T":20.368818283081055,
"H":104.29716491699219,
"P":995.567138671875,
"PM10":111.2,
"PM25":169.4,
"S":131.0,
"utciso":"2023-06-03T02:10:03Z"
}