{
"T":16.88775062561035,
"H":103.33784484863281,
"P":1002.170166015625,
"PM10":109.6,
"PM25":167.5,
"S":165.0,
"utciso":"2023-05-26T03:40:03Z"
}