{
"T":31.596214294433594,
"H":69.21185302734375,
"P":997.73046875,
"PM10":175.3,
"PM25":358.1,
"S":159.0,
"utciso":"2023-06-19T14:20:03Z"
}