{
"T":33.22198486328125,
"H":44.840938568115234,
"P":999.837158203125,
"PM10":6.5,
"PM25":7.2,
"S":208.0,
"utciso":"2022-07-09T17:30:18Z"
}