{
"T":19.087326049804688,
"H":83.7054672241211,
"P":1000.050537109375,
"PM10":107.8,
"PM25":165.1,
"S":125.0,
"utciso":"2023-05-18T08:10:03Z"
}