{
"T":20.885238647460938,
"H":68.02951049804688,
"P":1003.7919921875,
"PM10":108.1,
"PM25":165.4,
"S":131.0,
"utciso":"2023-05-04T09:30:02Z"
}