{
"T":29.4157657623291,
"H":70.81580352783203,
"P":1003.33154296875,
"PM10":9.8,
"PM25":10.8,
"S":240.0,
"utciso":"2022-07-19T01:20:03Z"
}