{
"T":21.841575622558594,
"H":98.43433380126953,
"P":994.834228515625,
"PM10":106.1,
"PM25":149.2,
"S":128.0,
"utciso":"2023-05-09T16:00:03Z"
}