{
"T":26.183345794677734,
"H":90.76591491699219,
"P":994.199951171875,
"PM10":112.3,
"PM25":166.8,
"S":122.0,
"utciso":"2023-06-02T19:10:02Z"
}