{
"T":15.816654205322266,
"H":121.32655334472656,
"P":997.378662109375,
"PM10":97.7,
"PM25":139.2,
"S":126.0,
"utciso":"2023-05-20T09:00:03Z"
}