{
"T":20.751352310180664,
"H":129.11106872558594,
"P":999.06103515625,
"PM10":112.7,
"PM25":169.8,
"S":148.0,
"utciso":"2023-06-04T22:00:02Z"
}