{
"T":28.421175003051758,
"H":70.95633697509766,
"P":994.244384765625,
"PM10":116.5,
"PM25":177.4,
"S":130.0,
"utciso":"2023-06-08T15:10:03Z"
}