{
"T":30.945903778076172,
"H":64.9835205078125,
"P":999.75830078125,
"PM10":5.4,
"PM25":5.9,
"S":240.0,
"utciso":"2022-07-07T10:20:20Z"
}