{
"T":22.817039489746094,
"H":78.184814453125,
"P":996.629638671875,
"PM10":118.1,
"PM25":187.3,
"S":151.0,
"utciso":"2023-06-17T01:10:03Z"
}