{
"T":34.522605895996094,
"H":62.51191329956055,
"P":993.076416015625,
"PM10":284.1,
"PM25":615.5,
"S":145.0,
"utciso":"2023-06-27T13:50:03Z"
}