{
"T":32.533424377441406,
"H":66.23307800292969,
"P":996.282958984375,
"PM10":7.6,
"PM25":8.2,
"S":241.0,
"utciso":"2022-07-15T10:20:03Z"
}