{
"T":20.29231071472168,
"H":112.13056182861328,
"P":998.042236328125,
"PM10":112.6,
"PM25":170.7,
"S":150.0,
"utciso":"2023-06-04T02:00:02Z"
}