{
"T":17.404172897338867,
"H":94.30683135986328,
"P":998.1552734375,
"PM10":104.4,
"PM25":157.8,
"S":121.0,
"utciso":"2023-05-17T17:50:03Z"
}