{
"T":15.931413650512695,
"H":99.05147552490234,
"P":994.100341796875,
"PM10":95.2,
"PM25":134.6,
"S":120.0,
"utciso":"2023-05-12T05:40:02Z"
}