{
"T":29.549652099609375,
"H":55.79058837890625,
"P":994.551513671875,
"PM10":126.1,
"PM25":206.3,
"S":123.0,
"utciso":"2023-06-15T18:00:02Z"
}