{
"T":15.128090858459473,
"H":121.19823455810547,
"P":997.348388671875,
"PM10":100.6,
"PM25":144.3,
"S":131.0,
"utciso":"2023-05-01T16:20:03Z"
}