{
"T":24.232418060302734,
"H":51.75779342651367,
"P":1000.8154296875,
"PM10":98.5,
"PM25":140.5,
"S":113.0,
"utciso":"2023-05-03T14:10:03Z"
}