{
"T":16.084426879882812,
"H":99.18895721435547,
"P":994.085205078125,
"PM10":97.3,
"PM25":139.2,
"S":121.0,
"utciso":"2023-05-12T05:30:03Z"
}