{
"T":30.372102737426758,
"H":75.3221435546875,
"P":999.73779296875,
"PM10":7.6,
"PM25":9.3,
"S":284.0,
"utciso":"2022-07-16T09:10:02Z"
}