{
"T":25.839065551757812,
"H":95.015625,
"P":995.73486328125,
"PM10":119.9,
"PM25":186.7,
"S":139.0,
"utciso":"2023-06-01T19:10:03Z"
}