{
"T":28.688949584960938,
"H":67.70565795898438,
"P":1003.59423828125,
"PM10":3.6,
"PM25":4.2,
"S":245.0,
"utciso":"2022-07-12T08:30:04Z"
}