{
"T":24.80622100830078,
"H":89.72105407714844,
"P":996.96435546875,
"PM10":135.1,
"PM25":239.2,
"S":199.0,
"utciso":"2023-07-05T04:00:02Z"
}