{
"T":34.178321838378906,
"H":57.43730926513672,
"P":1003.381103515625,
"PM10":7.5,
"PM25":8.1,
"S":228.0,
"utciso":"2022-07-17T12:20:02Z"
}