{
"T":18.39876365661621,
"H":87.14250946044922,
"P":995.84765625,
"PM10":110.5,
"PM25":163.2,
"S":150.0,
"utciso":"2023-05-24T04:00:02Z"
}