{
"T":31.30931282043457,
"H":42.717613220214844,
"P":999.548583984375,
"PM10":146.1,
"PM25":273.3,
"S":125.0,
"utciso":"2023-06-20T16:00:03Z"
}