{
"T":25.035741806030273,
"H":71.54292297363281,
"P":999.861572265625,
"PM10":105.4,
"PM25":153.3,
"S":142.0,
"utciso":"2023-05-08T11:50:02Z"
}