{
"T":29.47314453125,
"H":74.46365356445312,
"P":993.635009765625,
"PM10":164.9,
"PM25":340.7,
"S":179.0,
"utciso":"2023-07-03T19:10:03Z"
}