{
"T":27.522218704223633,
"H":56.948486328125,
"P":996.981689453125,
"PM10":96.2,
"PM25":126.1,
"S":121.0,
"utciso":"2023-05-06T12:30:02Z"
}