{
"T":29.109737396240234,
"H":79.45270538330078,
"P":1005.057373046875,
"PM10":15.0,
"PM25":16.5,
"S":287.0,
"utciso":"2022-07-18T06:20:03Z"
}