{
"T":29.434890747070312,
"H":58.051395416259766,
"P":1001.268310546875,
"PM10":6.5,
"PM25":7.2,
"S":208.0,
"utciso":"2022-07-09T20:50:17Z"
}