{
"T":21.59292984008789,
"H":91.89326477050781,
"P":1000.20751953125,
"PM10":103.6,
"PM25":152.4,
"S":126.0,
"utciso":"2023-06-07T06:10:03Z"
}