{
"T":29.549652099609375,
"H":67.69038391113281,
"P":997.778564453125,
"PM10":4.3,
"PM25":4.6,
"S":295.0,
"utciso":"2022-07-05T21:50:17Z"
}