{
"T":22.24323844909668,
"H":90.38401794433594,
"P":998.154296875,
"PM10":99.6,
"PM25":135.5,
"S":127.0,
"utciso":"2023-05-07T19:00:03Z"
}