{
"T":16.103553771972656,
"H":110.76490783691406,
"P":998.392822265625,
"PM10":95.3,
"PM25":134.0,
"S":126.0,
"utciso":"2023-05-20T01:30:03Z"
}