{
"T":30.563369750976562,
"H":49.005104064941406,
"P":994.6962890625,
"PM10":137.9,
"PM25":243.2,
"S":123.0,
"utciso":"2023-06-16T18:00:03Z"
}