{
"T":16.103553771972656,
"H":120.96910095214844,
"P":997.2490234375,
"PM10":97.9,
"PM25":146.1,
"S":120.0,
"utciso":"2023-05-20T10:40:03Z"
}