{
"T":26.96754264831543,
"H":78.63697814941406,
"P":995.737548828125,
"PM10":124.4,
"PM25":199.4,
"S":134.0,
"utciso":"2023-06-01T16:30:03Z"
}