{
"T":31.74922752380371,
"H":59.591190338134766,
"P":1000.19873046875,
"PM10":6.5,
"PM25":7.1,
"S":245.0,
"utciso":"2022-07-03T10:10:21Z"
}