{
"T":32.89683151245117,
"H":44.48348617553711,
"P":1000.22265625,
"PM10":136.6,
"PM25":237.3,
"S":133.0,
"utciso":"2023-06-21T15:30:03Z"
}