{
"T":18.092735290527344,
"H":86.99586486816406,
"P":992.92919921875,
"PM10":103.2,
"PM25":153.9,
"S":128.0,
"utciso":"2023-05-17T06:20:03Z"
}