{
"T":27.77086639404297,
"H":50.764869689941406,
"P":998.732421875,
"PM10":118.1,
"PM25":189.3,
"S":129.0,
"utciso":"2023-05-26T17:50:02Z"
}