{
"T":27.694358825683594,
"H":65.77175903320312,
"P":1000.769287109375,
"PM10":2.3,
"PM25":2.4,
"S":233.0,
"utciso":"2022-07-12T01:10:02Z"
}