{
"T":21.038253784179688,
"H":66.13836669921875,
"P":1002.60400390625,
"PM10":97.2,
"PM25":138.2,
"S":109.0,
"utciso":"2023-05-03T20:00:02Z"
}