{
"T":21.038253784179688,
"H":82.11679077148438,
"P":999.041015625,
"PM10":98.8,
"PM25":134.1,
"S":149.0,
"utciso":"2023-05-06T08:10:03Z"
}