{
"T":24.63408088684082,
"H":109.65894317626953,
"P":999.52294921875,
"PM10":6.2,
"PM25":6.8,
"S":276.0,
"utciso":"2022-07-03T21:30:17Z"
}