{
"T":26.833656311035156,
"H":71.27713012695312,
"P":992.84814453125,
"PM10":135.0,
"PM25":237.4,
"S":138.0,
"utciso":"2023-06-30T15:00:03Z"
}