{
"T":30.582496643066406,
"H":68.78107452392578,
"P":999.592041015625,
"PM10":5.6,
"PM25":6.2,
"S":269.0,
"utciso":"2022-07-04T10:30:21Z"
}