{
"T":29.128864288330078,
"H":76.425048828125,
"P":997.513916015625,
"PM10":131.1,
"PM25":221.5,
"S":135.0,
"utciso":"2023-06-18T16:30:03Z"
}