{
"T":34.579986572265625,
"H":39.28668212890625,
"P":996.729736328125,
"PM10":137.2,
"PM25":237.9,
"S":118.0,
"utciso":"2023-06-23T16:30:03Z"
}