{
"T":24.232418060302734,
"H":78.92416381835938,
"P":996.59521484375,
"PM10":121.6,
"PM25":194.8,
"S":151.0,
"utciso":"2023-06-16T23:40:03Z"
}