{
"T":22.338871002197266,
"H":71.5765380859375,
"P":992.841796875,
"PM10":104.4,
"PM25":155.7,
"S":115.0,
"utciso":"2023-05-10T13:30:03Z"
}