{
"T":15.969667434692383,
"H":85.74935913085938,
"P":996.86572265625,
"PM10":89.0,
"PM25":117.4,
"S":126.0,
"utciso":"2023-04-29T03:30:03Z"
}