{
"T":24.36630630493164,
"H":67.74537658691406,
"P":1003.849609375,
"PM10":2.7,
"PM25":3.0,
"S":224.0,
"utciso":"2022-07-09T03:20:25Z"
}