{
"T":24.672334671020508,
"H":75.08995056152344,
"P":997.778076171875,
"PM10":99.2,
"PM25":134.2,
"S":124.0,
"utciso":"2023-05-07T16:30:03Z"
}