{
"T":25.303516387939453,
"H":89.51025390625,
"P":992.9169921875,
"PM10":132.6,
"PM25":229.8,
"S":140.0,
"utciso":"2023-06-30T16:40:02Z"
}