{
"T":19.603748321533203,
"H":118.71440124511719,
"P":992.6103515625,
"PM10":113.0,
"PM25":167.3,
"S":150.0,
"utciso":"2023-05-09T23:30:03Z"
}