{
"T":28.00038719177246,
"H":62.93657684326172,
"P":1003.702880859375,
"PM10":4.2,
"PM25":4.6,
"S":172.0,
"utciso":"2022-07-08T08:50:22Z"
}