{
"T":22.319744110107422,
"H":58.31108093261719,
"P":1001.988037109375,
"PM10":99.4,
"PM25":142.6,
"S":104.0,
"utciso":"2023-05-03T19:10:02Z"
}