{
"T":26.298107147216797,
"H":90.75674438476562,
"P":992.657958984375,
"PM10":119.3,
"PM25":189.7,
"S":145.0,
"utciso":"2023-06-14T17:00:03Z"
}