{
"T":28.402048110961914,
"H":73.43711853027344,
"P":998.372314453125,
"PM10":131.8,
"PM25":219.0,
"S":125.0,
"utciso":"2023-06-28T23:40:02Z"
}