{
"T":14.89857006072998,
"H":123.6454086303711,
"P":997.826416015625,
"PM10":105.0,
"PM25":153.0,
"S":129.0,
"utciso":"2023-05-01T18:00:03Z"
}