{
"T":26.776275634765625,
"H":81.5027084350586,
"P":997.69775390625,
"PM10":134.0,
"PM25":227.9,
"S":144.0,
"utciso":"2023-06-01T13:00:03Z"
}