{
"T":26.718894958496094,
"H":55.677547454833984,
"P":992.442138671875,
"PM10":111.3,
"PM25":168.4,
"S":131.0,
"utciso":"2023-05-24T15:40:02Z"
}