{
"T":18.743045806884766,
"H":99.71138763427734,
"P":996.9736328125,
"PM10":97.0,
"PM25":130.8,
"S":121.0,
"utciso":"2023-04-30T19:20:03Z"
}