{
"T":28.688949584960938,
"H":65.58843994140625,
"P":1000.8896484375,
"PM10":3.5,
"PM25":3.8,
"S":237.0,
"utciso":"2022-07-11T09:10:03Z"
}