{
"T":16.046175003051758,
"H":111.20484924316406,
"P":998.2705078125,
"PM10":103.9,
"PM25":155.2,
"S":130.0,
"utciso":"2023-05-02T07:20:03Z"
}