{
"T":23.06568717956543,
"H":51.993038177490234,
"P":987.72216796875,
"PM10":102.9,
"PM25":151.5,
"S":107.0,
"utciso":"2023-05-16T13:50:02Z"
}