{
"T":22.396251678466797,
"H":95.96272277832031,
"P":994.123291015625,
"PM10":110.3,
"PM25":164.5,
"S":181.0,
"utciso":"2023-06-09T02:40:03Z"
}