{
"T":16.639102935791016,
"H":102.70237731933594,
"P":1002.2685546875,
"PM10":109.3,
"PM25":164.9,
"S":167.0,
"utciso":"2023-05-26T04:00:03Z"
}