{
"T":29.30100440979004,
"H":63.196266174316406,
"P":996.4345703125,
"PM10":133.9,
"PM25":225.0,
"S":120.0,
"utciso":"2023-06-17T12:10:03Z"
}