{
"T":24.729713439941406,
"H":80.79086303710938,
"P":998.159912109375,
"PM10":125.1,
"PM25":199.7,
"S":160.0,
"utciso":"2023-06-17T08:10:03Z"
}