{
"T":32.64818572998047,
"H":43.94578170776367,
"P":997.5830078125,
"PM10":137.2,
"PM25":239.8,
"S":116.0,
"utciso":"2023-06-25T15:00:03Z"
}