{
"T":26.79540252685547,
"H":81.11775970458984,
"P":994.735595703125,
"PM10":140.2,
"PM25":254.9,
"S":175.0,
"utciso":"2023-07-03T22:20:02Z"
}