{
"T":24.729713439941406,
"H":101.8194351196289,
"P":998.777587890625,
"PM10":171.0,
"PM25":344.2,
"S":194.0,
"utciso":"2023-06-19T05:50:02Z"
}