{
"T":18.87693214416504,
"H":74.50642395019531,
"P":1003.32763671875,
"PM10":98.0,
"PM25":141.6,
"S":113.0,
"utciso":"2023-05-03T21:50:03Z"
}