{
"T":25.858192443847656,
"H":86.83699035644531,
"P":1001.20703125,
"PM10":9.2,
"PM25":10.2,
"S":300.0,
"utciso":"2022-07-03T04:50:17Z"
}