{
"T":26.680641174316406,
"H":57.17151641845703,
"P":998.65283203125,
"PM10":104.6,
"PM25":150.5,
"S":124.0,
"utciso":"2023-05-08T14:50:03Z"
}