{
"T":17.442426681518555,
"H":98.67874908447266,
"P":1000.107177734375,
"PM10":104.9,
"PM25":151.6,
"S":132.0,
"utciso":"2023-05-19T03:30:03Z"
}