{
"T":29.89393424987793,
"H":43.27364730834961,
"P":1001.60693359375,
"PM10":127.1,
"PM25":210.7,
"S":124.0,
"utciso":"2023-06-24T10:40:03Z"
}