{
"T":20.713098526000977,
"H":72.09896850585938,
"P":998.10693359375,
"PM10":93.2,
"PM25":125.6,
"S":120.0,
"utciso":"2023-05-07T00:10:03Z"
}