{
"T":25.43740463256836,
"H":86.21985626220703,
"P":994.30908203125,
"PM10":112.3,
"PM25":170.0,
"S":202.0,
"utciso":"2023-06-11T08:50:03Z"
}