{
"T":32.9542121887207,
"H":46.56404113769531,
"P":996.873291015625,
"PM10":139.3,
"PM25":246.0,
"S":111.0,
"utciso":"2023-06-25T16:50:02Z"
}