{
"T":23.754249572753906,
"H":115.71118927001953,
"P":991.82763671875,
"PM10":109.0,
"PM25":165.1,
"S":150.0,
"utciso":"2023-06-13T18:00:02Z"
}