{
"T":27.197063446044922,
"H":78.32229614257812,
"P":998.516845703125,
"PM10":129.1,
"PM25":215.6,
"S":130.0,
"utciso":"2023-06-29T02:30:03Z"
}