{
"T":25.839065551757812,
"H":62.854087829589844,
"P":998.58837890625,
"PM10":114.1,
"PM25":179.3,
"S":142.0,
"utciso":"2023-05-26T19:10:03Z"
}