{
"T":25.62866973876953,
"H":38.37013626098633,
"P":989.015380859375,
"PM10":96.2,
"PM25":133.5,
"S":111.0,
"utciso":"2023-05-11T15:00:02Z"
}