{
"T":32.170013427734375,
"H":54.088871002197266,
"P":999.884765625,
"PM10":8.9,
"PM25":9.7,
"S":214.0,
"utciso":"2022-07-20T22:40:03Z"
}