{
"T":22.013717651367188,
"H":83.21969604492188,
"P":995.410888671875,
"PM10":113.6,
"PM25":172.6,
"S":164.0,
"utciso":"2023-05-24T08:10:03Z"
}