{
"T":24.36630630493164,
"H":85.76463317871094,
"P":998.85498046875,
"PM10":138.3,
"PM25":248.2,
"S":153.0,
"utciso":"2023-06-26T04:00:03Z"
}