{
"T":27.23531723022461,
"H":87.43885803222656,
"P":993.54052734375,
"PM10":112.1,
"PM25":165.4,
"S":120.0,
"utciso":"2023-06-02T15:40:02Z"
}