{
"T":25.246135711669922,
"H":82.20845031738281,
"P":995.447021484375,
"PM10":3.6,
"PM25":3.9,
"S":254.0,
"utciso":"2022-07-01T02:20:19Z"
}