{
"T":24.328052520751953,
"H":86.47343444824219,
"P":996.74609375,
"PM10":120.7,
"PM25":193.0,
"S":157.0,
"utciso":"2023-06-16T00:20:03Z"
}