{
"T":30.410354614257812,
"H":66.74634552001953,
"P":999.02734375,
"PM10":5.9,
"PM25":6.4,
"S":274.0,
"utciso":"2022-07-14T22:20:03Z"
}