{
"T":20.56008529663086,
"H":110.59076690673828,
"P":996.298095703125,
"PM10":113.0,
"PM25":176.2,
"S":192.0,
"utciso":"2023-06-15T03:10:03Z"
}