{
"T":17.059890747070312,
"H":100.5362777709961,
"P":1000.130859375,
"PM10":104.3,
"PM25":148.8,
"S":131.0,
"utciso":"2023-05-19T04:20:03Z"
}