{
"T":25.43740463256836,
"H":54.052207946777344,
"P":1000.53564453125,
"PM10":106.1,
"PM25":156.7,
"S":107.0,
"utciso":"2023-05-04T18:10:03Z"
}