{
"T":34.713871002197266,
"H":44.90509796142578,
"P":1002.72705078125,
"PM10":6.0,
"PM25":6.6,
"S":192.0,
"utciso":"2022-07-19T11:40:03Z"
}