{
"T":21.784196853637695,
"H":116.4688720703125,
"P":992.552490234375,
"PM10":111.2,
"PM25":172.8,
"S":195.0,
"utciso":"2023-06-14T05:30:03Z"
}