{
"T":26.508501052856445,
"H":92.25988006591797,
"P":999.19189453125,
"PM10":154.8,
"PM25":298.0,
"S":187.0,
"utciso":"2023-06-19T08:20:03Z"
}