{
"T":23.39084243774414,
"H":77.35687255859375,
"P":999.283447265625,
"PM10":107.9,
"PM25":151.4,
"S":148.0,
"utciso":"2023-05-09T10:10:03Z"
}