{
"T":16.4860897064209,
"H":112.24665832519531,
"P":999.6474609375,
"PM10":98.9,
"PM25":138.2,
"S":128.0,
"utciso":"2023-05-19T22:50:02Z"
}