{
"T":25.28438949584961,
"H":92.21710968017578,
"P":997.35693359375,
"PM10":139.8,
"PM25":255.5,
"S":188.0,
"utciso":"2023-07-04T05:20:03Z"
}