{
"T":25.72430419921875,
"H":63.883670806884766,
"P":998.294921875,
"PM10":100.0,
"PM25":138.5,
"S":125.0,
"utciso":"2023-05-07T11:50:02Z"
}