{
"T":22.18585777282715,
"H":127.84623718261719,
"P":994.140869140625,
"PM10":120.3,
"PM25":184.2,
"S":188.0,
"utciso":"2023-06-14T10:30:02Z"
}