{
"T":26.393741607666016,
"H":76.54420471191406,
"P":1000.8828125,
"PM10":136.0,
"PM25":216.7,
"S":145.0,
"utciso":"2023-05-27T10:40:03Z"
}