{
"T":33.43238067626953,
"H":58.4852294921875,
"P":998.669921875,
"PM10":5.4,
"PM25":5.9,
"S":268.0,
"utciso":"2022-07-14T19:20:03Z"
}