{
"T":33.738407135009766,
"H":36.76924133300781,
"P":1001.50390625,
"PM10":1.4,
"PM25":1.5,
"S":172.0,
"utciso":"2022-07-08T17:20:20Z"
}