{
"T":28.82283592224121,
"H":62.304161071777344,
"P":997.853759765625,
"PM10":123.6,
"PM25":198.3,
"S":121.0,
"utciso":"2023-05-27T15:20:03Z"
}