{
"T":20.19667625427246,
"H":93.70191192626953,
"P":997.47021484375,
"PM10":101.9,
"PM25":146.3,
"S":115.0,
"utciso":"2023-05-25T01:50:02Z"
}