{
"T":21.937210083007812,
"H":108.3299560546875,
"P":995.448974609375,
"PM10":112.9,
"PM25":173.3,
"S":180.0,
"utciso":"2023-06-14T23:40:03Z"
}