{
"T":34.00618362426758,
"H":60.91407012939453,
"P":994.22705078125,
"PM10":4.3,
"PM25":4.6,
"S":234.0,
"utciso":"2022-07-15T18:10:02Z"
}