{
"T":15.950540542602539,
"H":109.06930541992188,
"P":995.598388671875,
"PM10":96.9,
"PM25":139.1,
"S":118.0,
"utciso":"2023-05-12T16:40:02Z"
}