{
"T":18.628284454345703,
"H":104.34298706054688,
"P":992.851318359375,
"PM10":110.1,
"PM25":165.9,
"S":140.0,
"utciso":"2023-05-10T04:00:03Z"
}