{
"T":19.335973739624023,
"H":79.90486145019531,
"P":994.458740234375,
"PM10":102.2,
"PM25":150.2,
"S":111.0,
"utciso":"2023-05-10T20:30:03Z"
}