{
"T":23.71599769592285,
"H":66.28196716308594,
"P":1000.76171875,
"PM10":118.8,
"PM25":190.8,
"S":147.0,
"utciso":"2023-06-24T03:10:03Z"
}