{
"T":28.32554054260254,
"H":81.23080444335938,
"P":999.35009765625,
"PM10":4.5,
"PM25":5.0,
"S":305.0,
"utciso":"2022-07-04T08:30:18Z"
}