{
"T":25.72430419921875,
"H":77.82431030273438,
"P":1000.4755859375,
"PM10":134.1,
"PM25":235.7,
"S":152.0,
"utciso":"2023-06-20T07:40:02Z"
}