{
"T":23.964645385742188,
"H":96.4271011352539,
"P":995.314697265625,
"PM10":111.5,
"PM25":167.2,
"S":127.0,
"utciso":"2023-06-02T21:50:03Z"
}