{
"T":21.516422271728516,
"H":86.40621948242188,
"P":997.0888671875,
"PM10":121.1,
"PM25":192.5,
"S":158.0,
"utciso":"2023-06-17T03:30:03Z"
}