{
"T":28.956724166870117,
"H":58.09111404418945,
"P":996.772705078125,
"PM10":129.4,
"PM25":217.3,
"S":133.0,
"utciso":"2023-06-16T11:50:02Z"
}