{
"T":20.46445083618164,
"H":80.84890747070312,
"P":997.246826171875,
"PM10":96.9,
"PM25":126.0,
"S":144.0,
"utciso":"2023-04-30T09:10:03Z"
}