{
"T":32.24652099609375,
"H":67.14656829833984,
"P":992.8359375,
"PM10":2.0,
"PM25":4.0,
"S":216.0,
"utciso":"2022-06-29T14:50:17Z"
}