{
"T":16.505216598510742,
"H":99.84275817871094,
"P":998.24609375,
"PM10":105.7,
"PM25":158.8,
"S":133.0,
"utciso":"2023-05-12T23:30:02Z"
}