{
"T":17.652820587158203,
"H":93.41778564453125,
"P":995.702880859375,
"PM10":94.3,
"PM25":133.5,
"S":111.0,
"utciso":"2023-05-14T10:30:02Z"
}