{
"T":19.37422752380371,
"H":107.37980651855469,
"P":992.314697265625,
"PM10":115.2,
"PM25":175.6,
"S":148.0,
"utciso":"2023-05-10T03:10:02Z"
}