{
"T":22.109350204467773,
"H":84.44786834716797,
"P":996.673095703125,
"PM10":117.9,
"PM25":184.7,
"S":154.0,
"utciso":"2023-06-17T02:50:02Z"
}