{
"T":28.00038719177246,
"H":46.0446662902832,
"P":1002.071533203125,
"PM10":124.5,
"PM25":205.4,
"S":136.0,
"utciso":"2023-06-24T09:10:03Z"
}