{
"T":25.418277740478516,
"H":90.76591491699219,
"P":996.931396484375,
"PM10":137.1,
"PM25":245.7,
"S":185.0,
"utciso":"2023-07-04T04:20:03Z"
}