{
"T":21.153013229370117,
"H":81.54241943359375,
"P":995.0791015625,
"PM10":87.2,
"PM25":110.8,
"S":139.0,
"utciso":"2023-04-29T19:20:03Z"
}