{
"T":14.516035079956055,
"H":73.79762268066406,
"P":1001.9267578125,
"PM10":110.3,
"PM25":170.8,
"S":110.0,
"utciso":"2023-04-28T05:50:03Z"
}