{
"T":26.623260498046875,
"H":78.13288116455078,
"P":993.392578125,
"PM10":236.6,
"PM25":515.5,
"S":168.0,
"utciso":"2023-07-03T00:10:03Z"
}