{
"T":21.937210083007812,
"H":129.11106872558594,
"P":992.901123046875,
"PM10":138.8,
"PM25":235.7,
"S":162.0,
"utciso":"2023-06-30T23:40:04Z"
}