{
"T":36.607418060302734,
"H":47.97246551513672,
"P":996.632080078125,
"PM10":5.5,
"PM25":5.9,
"S":212.0,
"utciso":"2022-07-16T15:40:03Z"
}