{
"T":27.445711135864258,
"H":77.9617919921875,
"P":998.481689453125,
"PM10":128.6,
"PM25":211.5,
"S":128.0,
"utciso":"2023-06-29T01:50:03Z"
}