{
"T":34.713871002197266,
"H":50.639610290527344,
"P":996.256103515625,
"PM10":155.8,
"PM25":300.5,
"S":121.0,
"utciso":"2023-06-26T14:40:03Z"
}