{
"T":34.273956298828125,
"H":41.06172180175781,
"P":996.6552734375,
"PM10":135.7,
"PM25":232.9,
"S":121.0,
"utciso":"2023-06-23T16:00:03Z"
}