{
"T":14.86031723022461,
"H":122.79608154296875,
"P":997.701904296875,
"PM10":103.9,
"PM25":150.0,
"S":132.0,
"utciso":"2023-05-01T17:30:02Z"
}