{
"T":27.84737205505371,
"H":46.32879638671875,
"P":1002.13525390625,
"PM10":122.5,
"PM25":200.1,
"S":141.0,
"utciso":"2023-06-24T09:00:03Z"
}