{
"T":30.027820587158203,
"H":61.44261169433594,
"P":1000.560302734375,
"PM10":3.0,
"PM25":3.3,
"S":220.0,
"utciso":"2022-07-11T10:40:02Z"
}