{
"T":20.005409240722656,
"H":72.78331756591797,
"P":999.81689453125,
"PM10":105.0,
"PM25":157.5,
"S":109.0,
"utciso":"2023-05-18T18:30:03Z"
}