{
"T":23.314334869384766,
"H":105.50700378417969,
"P":994.292236328125,
"PM10":115.0,
"PM25":171.3,
"S":231.0,
"utciso":"2023-06-10T07:10:03Z"
}