{
"T":33.738407135009766,
"H":53.91167068481445,
"P":998.12353515625,
"PM10":3.3,
"PM25":3.5,
"S":189.0,
"utciso":"2022-07-11T17:10:02Z"
}