{
"T":19.661128997802734,
"H":74.3292236328125,
"P":994.62744140625,
"PM10":100.9,
"PM25":147.5,
"S":122.0,
"utciso":"2023-05-12T13:00:02Z"
}