{
"T":17.19377899169922,
"H":94.9972915649414,
"P":999.6787109375,
"PM10":107.4,
"PM25":162.1,
"S":143.0,
"utciso":"2023-05-13T07:00:02Z"
}