{
"T":31.462326049804688,
"H":69.70066833496094,
"P":997.610107421875,
"PM10":177.3,
"PM25":364.0,
"S":159.0,
"utciso":"2023-06-19T13:50:03Z"
}