{
"T":24.21329116821289,
"H":84.48758697509766,
"P":995.63916015625,
"PM10":106.1,
"PM25":157.2,
"S":159.0,
"utciso":"2023-06-12T00:10:02Z"
}