{
"T":21.38253402709961,
"H":100.1910400390625,
"P":996.085693359375,
"PM10":115.5,
"PM25":178.3,
"S":137.0,
"utciso":"2023-05-21T17:00:03Z"
}