{
"T":18.896059036254883,
"H":88.14154052734375,
"P":996.08056640625,
"PM10":89.2,
"PM25":116.3,
"S":157.0,
"utciso":"2023-04-30T03:00:03Z"
}