{
"T":23.06568717956543,
"H":117.05850982666016,
"P":993.01171875,
"PM10":111.0,
"PM25":168.7,
"S":158.0,
"utciso":"2023-06-13T11:30:03Z"
}