{
"T":26.661514282226562,
"H":72.58778381347656,
"P":997.539794921875,
"PM10":128.9,
"PM25":209.8,
"S":148.0,
"utciso":"2023-06-17T10:00:03Z"
}