{
"T":25.99207878112793,
"H":77.0819091796875,
"P":997.2666015625,
"PM10":119.2,
"PM25":187.1,
"S":150.0,
"utciso":"2023-06-23T02:20:03Z"
}