{
"T":33.81491470336914,
"H":47.010093688964844,
"P":1003.078857421875,
"PM10":5.1,
"PM25":5.5,
"S":208.0,
"utciso":"2022-07-19T11:00:02Z"
}