{
"T":19.508113861083984,
"H":79.18079376220703,
"P":994.384765625,
"PM10":100.0,
"PM25":145.1,
"S":110.0,
"utciso":"2023-05-10T20:00:03Z"
}