{
"T":18.417890548706055,
"H":71.88815307617188,
"P":989.677734375,
"PM10":96.7,
"PM25":137.4,
"S":113.0,
"utciso":"2023-05-15T22:50:02Z"
}