{
"T":23.849884033203125,
"H":68.67108917236328,
"P":999.269775390625,
"PM10":111.5,
"PM25":172.3,
"S":144.0,
"utciso":"2023-05-26T20:20:02Z"
}