{
"T":29.740921020507812,
"H":73.09799194335938,
"P":996.97705078125,
"PM10":10.6,
"PM25":11.6,
"S":269.0,
"utciso":"2022-07-15T08:40:03Z"
}