{
"T":30.88852310180664,
"H":58.09416961669922,
"P":999.99853515625,
"PM10":2.9,
"PM25":3.0,
"S":210.0,
"utciso":"2022-07-11T11:50:03Z"
}