{
"T":26.43199348449707,
"H":68.97048950195312,
"P":1003.7744140625,
"PM10":3.7,
"PM25":4.0,
"S":196.0,
"utciso":"2022-07-08T07:20:17Z"
}