{
"T":28.038639068603516,
"H":76.38533020019531,
"P":997.8681640625,
"PM10":7.7,
"PM25":8.5,
"S":278.0,
"utciso":"2022-07-15T01:20:03Z"
}