{
"T":33.91054916381836,
"H":43.47834396362305,
"P":996.850830078125,
"PM10":135.7,
"PM25":233.3,
"S":119.0,
"utciso":"2023-06-23T14:30:03Z"
}