{
"T":30.027820587158203,
"H":72.24866485595703,
"P":996.546630859375,
"PM10":160.2,
"PM25":314.6,
"S":185.0,
"utciso":"2023-07-05T11:40:03Z"
}