{
"T":32.55255126953125,
"H":36.30180358886719,
"P":999.468505859375,
"PM10":133.9,
"PM25":229.0,
"S":112.0,
"utciso":"2023-06-24T14:20:02Z"
}