{
"T":28.11514663696289,
"H":75.12661743164062,
"P":999.1298828125,
"PM10":191.4,
"PM25":406.3,
"S":155.0,
"utciso":"2023-06-26T08:40:03Z"
}