{
"T":24.787094116210938,
"H":91.17224884033203,
"P":991.031494140625,
"PM10":151.8,
"PM25":297.8,
"S":159.0,
"utciso":"2023-07-02T01:40:02Z"
}