{
"T":35.00077438354492,
"H":40.743988037109375,
"P":995.689697265625,
"PM10":2.1,
"PM25":2.3,
"S":220.0,
"utciso":"2022-07-05T16:20:17Z"
}