{
"T":24.940109252929688,
"H":81.9426498413086,
"P":995.3173828125,
"PM10":3.3,
"PM25":4.3,
"S":261.0,
"utciso":"2022-07-01T03:40:24Z"
}