{
"T":17.15552520751953,
"H":84.39593505859375,
"P":992.942626953125,
"PM10":96.5,
"PM25":138.2,
"S":117.0,
"utciso":"2023-05-11T07:10:03Z"
}