{
"T":27.4648380279541,
"H":80.61671447753906,
"P":996.08935546875,
"PM10":155.9,
"PM25":309.3,
"S":175.0,
"utciso":"2023-07-05T22:20:03Z"
}