{
"T":29.014102935791016,
"H":76.08592987060547,
"P":998.14404296875,
"PM10":135.0,
"PM25":221.9,
"S":155.0,
"utciso":"2023-06-18T11:00:03Z"
}