{
"T":20.139297485351562,
"H":105.84917449951172,
"P":998.09326171875,
"PM10":104.2,
"PM25":148.5,
"S":131.0,
"utciso":"2023-06-06T03:00:03Z"
}