{
"T":32.59080505371094,
"H":44.480430603027344,
"P":1002.013427734375,
"PM10":1.9,
"PM25":2.1,
"S":189.0,
"utciso":"2022-07-08T18:50:21Z"
}