{
"T":21.631181716918945,
"H":95.78246307373047,
"P":994.468017578125,
"PM10":132.7,
"PM25":222.2,
"S":159.0,
"utciso":"2023-06-30T05:10:02Z"
}