{
"T":21.937210083007812,
"H":129.11106872558594,
"P":993.26611328125,
"PM10":133.4,
"PM25":224.0,
"S":159.0,
"utciso":"2023-06-30T22:50:03Z"
}