{
"T":26.374614715576172,
"H":69.32794189453125,
"P":1003.755859375,
"PM10":3.7,
"PM25":4.1,
"S":196.0,
"utciso":"2022-07-08T07:10:17Z"
}