{
"T":18.762170791625977,
"H":87.7596435546875,
"P":996.01904296875,
"PM10":110.3,
"PM25":163.7,
"S":152.0,
"utciso":"2023-05-24T05:30:03Z"
}