{
"T":16.945131301879883,
"H":128.76889038085938,
"P":996.85888671875,
"PM10":101.3,
"PM25":148.2,
"S":127.0,
"utciso":"2023-05-20T21:30:03Z"
}