{
"T":27.101428985595703,
"H":70.63860321044922,
"P":1000.57373046875,
"PM10":,
"PM25":,
"S":,
"utciso":"2022-07-10T08:30:17Z"
}