{
"T":21.6120548248291,
"H":129.01025390625,
"P":994.125244140625,
"PM10":116.0,
"PM25":176.0,
"S":194.0,
"utciso":"2023-06-14T10:00:03Z"
}