{
"T":24.04115104675293,
"H":93.24363708496094,
"P":994.814697265625,
"PM10":5.4,
"PM25":7.2,
"S":280.0,
"utciso":"2022-06-30T03:10:17Z"
}