{
"T":25.571290969848633,
"H":76.32728576660156,
"P":997.38720703125,
"PM10":116.4,
"PM25":183.2,
"S":115.0,
"utciso":"2023-06-05T13:10:03Z"
}