{
"T":28.4976806640625,
"H":74.78443908691406,
"P":994.11962890625,
"PM10":117.3,
"PM25":178.9,
"S":160.0,
"utciso":"2023-06-11T11:10:03Z"
}