{
"T":16.753864288330078,
"H":98.44044494628906,
"P":996.991943359375,
"PM10":98.3,
"PM25":141.5,
"S":125.0,
"utciso":"2023-05-12T19:50:03Z"
}