{
"T":19.508113861083984,
"H":74.67445373535156,
"P":1002.424072265625,
"PM10":91.5,
"PM25":123.3,
"S":119.0,
"utciso":"2023-05-05T00:00:03Z"
}