{
"T":27.063175201416016,
"H":80.10955810546875,
"P":1001.90380859375,
"PM10":7.0,
"PM25":7.6,
"S":289.0,
"utciso":"2022-07-02T07:10:22Z"
}