{
"T":23.86901092529297,
"H":51.6661376953125,
"P":987.42626953125,
"PM10":102.5,
"PM25":150.8,
"S":110.0,
"utciso":"2023-05-16T13:00:03Z"
}