{
"T":19.010818481445312,
"H":72.57862091064453,
"P":989.1298828125,
"PM10":96.4,
"PM25":136.3,
"S":109.0,
"utciso":"2023-05-16T23:30:02Z"
}