{
"T":21.133886337280273,
"H":78.28257751464844,
"P":999.909912109375,
"PM10":99.4,
"PM25":138.2,
"S":132.0,
"utciso":"2023-05-07T07:30:03Z"
}