{
"T":31.290185928344727,
"H":67.51624298095703,
"P":995.429931640625,
"PM10":242.8,
"PM25":522.3,
"S":168.0,
"utciso":"2023-07-05T13:10:03Z"
}