{
"T":17.021638870239258,
"H":128.77806091308594,
"P":996.6181640625,
"PM10":115.5,
"PM25":178.3,
"S":137.0,
"utciso":"2023-05-20T23:00:03Z"
}