{
"T":25.743431091308594,
"H":78.89666748046875,
"P":995.29833984375,
"PM10":3.2,
"PM25":3.6,
"S":250.0,
"utciso":"2022-07-01T01:20:24Z"
}