{
"T":26.470247268676758,
"H":73.10716247558594,
"P":996.216796875,
"PM10":111.4,
"PM25":166.4,
"S":113.0,
"utciso":"2023-06-05T15:20:02Z"
}