{
"T":25.360897064208984,
"H":100.19715118408203,
"P":999.212158203125,
"PM10":168.7,
"PM25":339.1,
"S":193.0,
"utciso":"2023-06-19T06:20:03Z"
}