{
"T":33.891422271728516,
"H":55.866966247558594,
"P":998.255615234375,
"PM10":4.6,
"PM25":4.9,
"S":187.0,
"utciso":"2022-07-06T15:10:17Z"
}