{
"T":22.434505462646484,
"H":79.95375061035156,
"P":1000.470703125,
"PM10":108.4,
"PM25":161.3,
"S":154.0,
"utciso":"2023-05-08T09:10:03Z"
}