{
"T":21.248647689819336,
"H":94.18157196044922,
"P":998.4365234375,
"PM10":121.9,
"PM25":196.0,
"S":136.0,
"utciso":"2023-05-29T23:10:03Z"
}