{
"T":28.669822692871094,
"H":70.17727661132812,
"P":994.18798828125,
"PM10":116.2,
"PM25":176.5,
"S":133.0,
"utciso":"2023-06-08T15:40:02Z"
}