{
"T":21.631181716918945,
"H":126.45614624023438,
"P":1000.392333984375,
"PM10":143.7,
"PM25":249.2,
"S":176.0,
"utciso":"2023-06-01T07:50:03Z"
}