{
"T":22.204984664916992,
"H":89.076416015625,
"P":998.162109375,
"PM10":100.6,
"PM25":138.4,
"S":128.0,
"utciso":"2023-05-07T18:50:03Z"
}