{
"T":30.085201263427734,
"H":70.20477294921875,
"P":989.089111328125,
"PM10":137.9,
"PM25":246.4,
"S":127.0,
"utciso":"2023-07-01T18:20:03Z"
}