{
"T":22.931800842285156,
"H":98.38850402832031,
"P":995.9853515625,
"PM10":108.4,
"PM25":158.6,
"S":150.0,
"utciso":"2023-06-02T08:30:03Z"
}