{
"T":15.778400421142578,
"H":85.55994415283203,
"P":1003.827392578125,
"PM10":108.0,
"PM25":163.0,
"S":124.0,
"utciso":"2023-05-04T04:10:03Z"
}