{
"T":22.606645584106445,
"H":96.87620544433594,
"P":998.471923828125,
"PM10":118.6,
"PM25":184.5,
"S":132.0,
"utciso":"2023-06-03T08:30:03Z"
}