{
"T":25.227008819580078,
"H":89.80354309082031,
"P":996.20849609375,
"PM10":144.8,
"PM25":271.9,
"S":187.0,
"utciso":"2023-07-06T02:10:03Z"
}