{
"T":25.07399559020996,
"H":94.9056396484375,
"P":994.66650390625,
"PM10":5.7,
"PM25":7.1,
"S":270.0,
"utciso":"2022-06-30T01:30:17Z"
}