{
"T":28.249034881591797,
"H":76.22647094726562,
"P":999.3935546875,
"PM10":4.8,
"PM25":5.3,
"S":258.0,
"utciso":"2022-07-06T23:50:18Z"
}