{
"T":19.92890167236328,
"H":110.45633697509766,
"P":1002.955078125,
"PM10":102.5,
"PM25":148.3,
"S":121.0,
"utciso":"2023-05-25T14:20:02Z"
}