{
"T":26.183345794677734,
"H":85.2452621459961,
"P":1001.217041015625,
"PM10":8.6,
"PM25":9.4,
"S":300.0,
"utciso":"2022-07-03T06:00:22Z"
}