{
"T":20.866113662719727,
"H":129.11106872558594,
"P":1001.607421875,
"PM10":131.5,
"PM25":222.0,
"S":125.0,
"utciso":"2023-05-31T07:30:03Z"
}