{
"T":16.409582138061523,
"H":119.93340301513672,
"P":999.099853515625,
"PM10":100.6,
"PM25":141.0,
"S":126.0,
"utciso":"2023-05-19T18:20:03Z"
}