{
"T":21.133886337280273,
"H":129.11106872558594,
"P":1000.8740234375,
"PM10":131.5,
"PM25":222.0,
"S":125.0,
"utciso":"2023-05-31T12:30:02Z"
}