{
"T":18.303129196166992,
"H":128.9705352783203,
"P":996.837158203125,
"PM10":115.5,
"PM25":178.3,
"S":137.0,
"utciso":"2023-05-21T08:50:03Z"
}