{
"T":24.729713439941406,
"H":57.32732391357422,
"P":1000.977783203125,
"PM10":103.5,
"PM25":149.7,
"S":107.0,
"utciso":"2023-05-04T19:00:02Z"
}