{
"T":26.60413360595703,
"H":76.75806427001953,
"P":998.96484375,
"PM10":126.3,
"PM25":208.8,
"S":128.0,
"utciso":"2023-06-29T03:50:03Z"
}