{
"T":19.527240753173828,
"H":118.73884582519531,
"P":992.3623046875,
"PM10":112.2,
"PM25":166.2,
"S":153.0,
"utciso":"2023-05-09T23:40:02Z"
}