{
"T":30.525115966796875,
"H":69.90536499023438,
"P":1005.090576171875,
"PM10":10.6,
"PM25":11.7,
"S":271.0,
"utciso":"2022-07-18T08:00:03Z"
}