{
"T":15.510625839233398,
"H":80.90390014648438,
"P":988.789306640625,
"PM10":96.3,
"PM25":136.6,
"S":118.0,
"utciso":"2023-05-16T02:30:02Z"
}