{
"T":20.693971633911133,
"H":114.02169799804688,
"P":999.069091796875,
"PM10":117.8,
"PM25":178.6,
"S":163.0,
"utciso":"2023-06-04T06:10:03Z"
}