{
"T":28.880216598510742,
"H":88.53565979003906,
"P":997.945556640625,
"PM10":6.0,
"PM25":7.2,
"S":269.0,
"utciso":"2022-07-05T09:40:17Z"
}