{
"T":24.710586547851562,
"H":97.58805847167969,
"P":996.357666015625,
"PM10":114.7,
"PM25":173.8,
"S":115.0,
"utciso":"2023-06-03T16:50:02Z"
}