{
"T":30.27646827697754,
"H":68.96743774414062,
"P":1002.028076171875,
"PM10":10.5,
"PM25":11.5,
"S":254.0,
"utciso":"2022-07-20T01:10:03Z"
}