{
"T":20.12017059326172,
"H":129.11106872558594,
"P":1000.69677734375,
"PM10":164.9,
"PM25":281.5,
"S":153.0,
"utciso":"2023-05-31T22:10:05Z"
}