{
"T":27.8856258392334,
"H":78.291748046875,
"P":995.9384765625,
"PM10":157.9,
"PM25":317.8,
"S":174.0,
"utciso":"2023-07-05T21:30:03Z"
}