{
"T":19.90977668762207,
"H":82.57506561279297,
"P":999.990478515625,
"PM10":97.8,
"PM25":135.1,
"S":137.0,
"utciso":"2023-05-07T06:30:03Z"
}