{
"T":34.75212478637695,
"H":46.78706741333008,
"P":996.16845703125,
"PM10":4.0,
"PM25":4.3,
"S":165.0,
"utciso":"2022-07-07T17:10:17Z"
}