{
"T":28.038639068603516,
"H":66.6302490234375,
"P":994.399658203125,
"PM10":118.2,
"PM25":183.3,
"S":118.0,
"utciso":"2023-05-28T17:10:03Z"
}