{
"T":29.30100440979004,
"H":69.14463806152344,
"P":995.23486328125,
"PM10":112.3,
"PM25":167.5,
"S":118.0,
"utciso":"2023-06-06T15:30:03Z"
}