{
"T":17.997102737426758,
"H":96.4240493774414,
"P":996.884521484375,
"PM10":106.3,
"PM25":151.2,
"S":189.0,
"utciso":"2023-05-23T05:30:02Z"
}