{
"T":20.23493003845215,
"H":96.16436004638672,
"P":997.031982421875,
"PM10":110.8,
"PM25":160.6,
"S":177.0,
"utciso":"2023-05-22T23:10:03Z"
}