{
"T":16.21831512451172,
"H":89.26889038085938,
"P":999.649658203125,
"PM10":102.9,
"PM25":153.8,
"S":120.0,
"utciso":"2023-05-18T06:00:03Z"
}