{
"T":37.793277740478516,
"H":40.713436126708984,
"P":998.219970703125,
"PM10":6.9,
"PM25":7.5,
"S":163.0,
"utciso":"2022-07-20T17:40:02Z"
}