{
"T":33.26023864746094,
"H":51.0153923034668,
"P":996.83349609375,
"PM10":3.8,
"PM25":4.1,
"S":171.0,
"utciso":"2022-07-07T19:10:18Z"
}