{
"T":25.686050415039062,
"H":92.41874694824219,
"P":994.57958984375,
"PM10":4.6,
"PM25":5.1,
"S":260.0,
"utciso":"2022-06-30T00:00:23Z"
}