{
"T":19.603748321533203,
"H":79.3916015625,
"P":998.2724609375,
"PM10":91.8,
"PM25":123.0,
"S":121.0,
"utciso":"2023-05-07T02:00:03Z"
}