{
"T":23.046560287475586,
"H":98.34879302978516,
"P":997.722412109375,
"PM10":113.8,
"PM25":173.4,
"S":162.0,
"utciso":"2023-06-08T07:20:03Z"
}