{
"T":18.360509872436523,
"H":83.1127700805664,
"P":1000.8095703125,
"PM10":114.9,
"PM25":182.0,
"S":156.0,
"utciso":"2023-05-27T03:30:03Z"
}