{
"T":25.43740463256836,
"H":89.74243927001953,
"P":996.249267578125,
"PM10":117.5,
"PM25":184.0,
"S":111.0,
"utciso":"2023-06-03T15:20:02Z"
}