{
"T":26.661514282226562,
"H":76.7489013671875,
"P":996.830322265625,
"PM10":125.6,
"PM25":207.0,
"S":126.0,
"utciso":"2023-05-29T14:40:02Z"
}