{
"T":21.26777458190918,
"H":100.80207061767578,
"P":995.94921875,
"PM10":115.5,
"PM25":178.3,
"S":137.0,
"utciso":"2023-05-21T17:40:03Z"
}