{
"T":14.59254264831543,
"H":82.92029571533203,
"P":988.000244140625,
"PM10":101.8,
"PM25":149.2,
"S":126.0,
"utciso":"2023-05-16T05:10:03Z"
}