{
"T":23.48647689819336,
"H":80.58616638183594,
"P":1001.2138671875,
"PM10":,
"PM25":,
"S":,
"utciso":"2022-07-10T04:50:17Z"
}