{
"T":20.043663024902344,
"H":62.469139099121094,
"P":992.421142578125,
"PM10":90.0,
"PM25":122.2,
"S":105.0,
"utciso":"2023-05-11T18:50:03Z"
}