{
"T":24.74884033203125,
"H":103.32562255859375,
"P":999.441650390625,
"PM10":5.1,
"PM25":6.6,
"S":308.0,
"utciso":"2022-07-04T03:50:24Z"
}