{
"T":15.548879623413086,
"H":72.70693969726562,
"P":1001.572021484375,
"PM10":110.8,
"PM25":170.5,
"S":118.0,
"utciso":"2023-04-28T07:20:03Z"
}