{
"T":26.336360931396484,
"H":78.95166015625,
"P":994.05126953125,
"PM10":109.5,
"PM25":163.5,
"S":172.0,
"utciso":"2023-06-09T17:50:03Z"
}