{
"T":33.47063446044922,
"H":55.76003646850586,
"P":997.561767578125,
"PM10":4.9,
"PM25":5.3,
"S":188.0,
"utciso":"2022-07-06T18:20:18Z"
}