{
"T":26.96754264831543,
"H":63.23292541503906,
"P":998.909423828125,
"PM10":149.9,
"PM25":289.8,
"S":137.0,
"utciso":"2023-06-19T21:30:03Z"
}