{
"T":21.841575622558594,
"H":129.11106872558594,
"P":993.185546875,
"PM10":132.0,
"PM25":222.8,
"S":159.0,
"utciso":"2023-06-30T23:00:03Z"
}