{
"T":20.78960609436035,
"H":87.48468780517578,
"P":997.787109375,
"PM10":96.9,
"PM25":135.1,
"S":120.0,
"utciso":"2023-05-24T23:00:02Z"
}