{
"T":31.404945373535156,
"H":58.90989303588867,
"P":998.067626953125,
"PM10":3.5,
"PM25":3.8,
"S":208.0,
"utciso":"2022-07-07T20:30:22Z"
}