{
"T":25.475656509399414,
"H":84.86947631835938,
"P":999.94091796875,
"PM10":4.9,
"PM25":5.8,
"S":303.0,
"utciso":"2022-07-06T05:00:21Z"
}