{
"T":26.69976806640625,
"H":61.8886604309082,
"P":997.135498046875,
"PM10":100.6,
"PM25":138.2,
"S":121.0,
"utciso":"2023-05-07T14:40:03Z"
}