{
"T":30.735509872436523,
"H":69.82593536376953,
"P":993.299560546875,
"PM10":157.6,
"PM25":315.9,
"S":173.0,
"utciso":"2023-07-03T17:00:03Z"
}