{
"T":31.443199157714844,
"H":66.11698913574219,
"P":994.13427734375,
"PM10":157.6,
"PM25":312.3,
"S":169.0,
"utciso":"2023-07-05T17:00:03Z"
}