{
"T":26.04945945739746,
"H":90.46956634521484,
"P":994.408935546875,
"PM10":4.4,
"PM25":5.7,
"S":259.0,
"utciso":"2022-06-29T23:30:19Z"
}