{
"T":28.249034881591797,
"H":76.39144897460938,
"P":999.37890625,
"PM10":5.1,
"PM25":5.6,
"S":259.0,
"utciso":"2022-07-07T00:00:21Z"
}