{
"T":16.237442016601562,
"H":100.08716583251953,
"P":998.423828125,
"PM10":105.1,
"PM25":155.7,
"S":141.0,
"utciso":"2023-05-13T03:50:03Z"
}