{
"T":25.972951889038086,
"H":64.78494262695312,
"P":1003.90185546875,
"PM10":2.6,
"PM25":2.8,
"S":226.0,
"utciso":"2022-07-09T00:50:18Z"
}