{
"T":23.199575424194336,
"H":95.50139617919922,
"P":994.753662109375,
"PM10":108.7,
"PM25":159.4,
"S":199.0,
"utciso":"2023-06-11T00:30:02Z"
}