{
"T":26.25985336303711,
"H":69.96035766601562,
"P":996.620849609375,
"PM10":134.2,
"PM25":225.4,
"S":117.0,
"utciso":"2023-05-30T19:40:03Z"
}