{
"T":20.598339080810547,
"H":109.24955749511719,
"P":997.049072265625,
"PM10":110.1,
"PM25":170.5,
"S":203.0,
"utciso":"2023-06-15T05:20:03Z"
}