{
"T":28.421175003051758,
"H":59.51481246948242,
"P":995.05615234375,
"PM10":120.5,
"PM25":186.4,
"S":113.0,
"utciso":"2023-05-28T14:20:02Z"
}