{
"T":18.819551467895508,
"H":82.33370971679688,
"P":1003.19677734375,
"PM10":94.3,
"PM25":130.0,
"S":142.0,
"utciso":"2023-05-03T08:40:03Z"
}