{
"T":30.926776885986328,
"H":60.764366149902344,
"P":1002.907958984375,
"PM10":3.6,
"PM25":4.4,
"S":214.0,
"utciso":"2022-07-12T11:10:03Z"
}