{
"T":28.00038719177246,
"H":74.665283203125,
"P":1002.13037109375,
"PM10":129.7,
"PM25":213.3,
"S":148.0,
"utciso":"2023-06-21T09:20:03Z"
}