{
"T":21.459041595458984,
"H":73.26602935791016,
"P":995.688232421875,
"PM10":90.2,
"PM25":115.1,
"S":111.0,
"utciso":"2023-04-30T14:30:02Z"
}