{
"T":19.775888442993164,
"H":97.31309509277344,
"P":996.890380859375,
"PM10":99.8,
"PM25":135.1,
"S":180.0,
"utciso":"2023-05-23T00:00:03Z"
}