{
"T":19.833269119262695,
"H":73.08271789550781,
"P":997.19970703125,
"PM10":100.7,
"PM25":148.4,
"S":108.0,
"utciso":"2023-05-13T18:30:03Z"
}