{
"T":28.59331512451172,
"H":79.86514282226562,
"P":1004.51171875,
"PM10":13.7,
"PM25":15.0,
"S":280.0,
"utciso":"2022-07-18T04:20:03Z"
}