{
"T":29.740921020507812,
"H":69.15380096435547,
"P":997.5595703125,
"PM10":4.0,
"PM25":4.3,
"S":242.0,
"utciso":"2022-07-01T20:10:25Z"
}