{
"T":27.158809661865234,
"H":70.65387725830078,
"P":997.53515625,
"PM10":124.0,
"PM25":199.0,
"S":145.0,
"utciso":"2023-06-22T23:20:03Z"
}