{
"T":30.907649993896484,
"H":44.312400817871094,
"P":994.421875,
"PM10":136.1,
"PM25":238.4,
"S":117.0,
"utciso":"2023-06-16T17:20:03Z"
}