{
"T":32.64818572998047,
"H":57.86503219604492,
"P":999.87744140625,
"PM10":6.4,
"PM25":7.0,
"S":234.0,
"utciso":"2022-07-03T10:50:17Z"
}