{
"T":25.399150848388672,
"H":91.76494598388672,
"P":999.03369140625,
"PM10":120.5,
"PM25":185.7,
"S":126.0,
"utciso":"2023-06-04T12:00:02Z"
}