{
"T":19.010818481445312,
"H":109.00209045410156,
"P":997.15869140625,
"PM10":115.5,
"PM25":178.3,
"S":137.0,
"utciso":"2023-05-21T21:50:03Z"
}