{
"T":19.92890167236328,
"H":75.3221435546875,
"P":1000.6181640625,
"PM10":101.6,
"PM25":149.4,
"S":110.0,
"utciso":"2023-05-02T20:10:03Z"
}