{
"T":17.939722061157227,
"H":89.64161682128906,
"P":993.380859375,
"PM10":102.4,
"PM25":151.5,
"S":131.0,
"utciso":"2023-05-17T06:50:03Z"
}