{
"T":25.475656509399414,
"H":78.64920043945312,
"P":1000.84375,
"PM10":133.9,
"PM25":233.1,
"S":155.0,
"utciso":"2023-06-20T07:20:03Z"
}