{
"T":22.68315315246582,
"H":104.22994995117188,
"P":993.242431640625,
"PM10":136.0,
"PM25":237.3,
"S":142.0,
"utciso":"2023-06-30T18:00:03Z"
}