{
"T":28.535934448242188,
"H":66.66079711914062,
"P":998.826171875,
"PM10":123.5,
"PM25":199.5,
"S":149.0,
"utciso":"2023-06-23T09:30:03Z"
}