{
"T":24.519319534301758,
"H":47.184234619140625,
"P":1000.466064453125,
"PM10":100.8,
"PM25":145.8,
"S":107.0,
"utciso":"2023-05-03T17:10:03Z"
}