{
"T":16.56259536743164,
"H":113.13264465332031,
"P":996.44384765625,
"PM10":106.3,
"PM25":159.7,
"S":129.0,
"utciso":"2023-05-01T06:50:03Z"
}