{
"T":27.254444122314453,
"H":86.63841247558594,
"P":998.5107421875,
"PM10":8.0,
"PM25":8.8,
"S":293.0,
"utciso":"2022-07-16T04:40:02Z"
}