{
"T":30.69725799560547,
"H":62.26749801635742,
"P":993.119384765625,
"PM10":2.3,
"PM25":2.5,
"S":243.0,
"utciso":"2022-06-30T18:50:17Z"
}