{
"T":21.91808319091797,
"H":97.00147247314453,
"P":998.104248046875,
"PM10":128.9,
"PM25":215.9,
"S":119.0,
"utciso":"2023-06-05T22:10:07Z"
}