{
"T":27.350078582763672,
"H":74.83943176269531,
"P":993.51025390625,
"PM10":232.4,
"PM25":508.7,
"S":168.0,
"utciso":"2023-07-02T21:50:03Z"
}