{
"T":31.557960510253906,
"H":56.94237518310547,
"P":1001.5986328125,
"PM10":8.7,
"PM25":9.7,
"S":227.0,
"utciso":"2022-07-02T11:00:23Z"
}