{
"T":23.98377227783203,
"H":89.06114196777344,
"P":996.076171875,
"PM10":107.3,
"PM25":158.6,
"S":154.0,
"utciso":"2023-06-12T01:50:02Z"
}