{
"T":22.453632354736328,
"H":57.23261642456055,
"P":988.13330078125,
"PM10":101.1,
"PM25":147.7,
"S":108.0,
"utciso":"2023-05-16T16:40:03Z"
}