{
"T":33.22198486328125,
"H":51.58670425415039,
"P":999.767822265625,
"PM10":3.3,
"PM25":3.6,
"S":266.0,
"utciso":"2022-07-02T18:50:18Z"
}