{
"T":30.965030670166016,
"H":70.95022583007812,
"P":995.68994140625,
"PM10":4.9,
"PM25":5.3,
"S":262.0,
"utciso":"2022-07-15T20:50:03Z"
}