{
"T":20.23493003845215,
"H":88.87783813476562,
"P":998.85791015625,
"PM10":97.5,
"PM25":135.9,
"S":137.0,
"utciso":"2023-05-07T22:00:03Z"
}