{
"T":31.51970672607422,
"H":40.307098388671875,
"P":1000.195556640625,
"PM10":132.5,
"PM25":226.5,
"S":124.0,
"utciso":"2023-06-21T17:30:03Z"
}