{
"T":25.55216407775879,
"H":78.38645935058594,
"P":997.45947265625,
"PM10":110.1,
"PM25":166.9,
"S":121.0,
"utciso":"2023-06-07T13:00:03Z"
}