{
"T":31.730100631713867,
"H":48.45823287963867,
"P":1002.089599609375,
"PM10":6.5,
"PM25":7.2,
"S":208.0,
"utciso":"2022-07-09T12:40:24Z"
}