{
"T":33.547142028808594,
"H":38.788692474365234,
"P":1001.729248046875,
"PM10":1.6,
"PM25":2.1,
"S":176.0,
"utciso":"2022-07-08T17:50:16Z"
}