{
"T":34.484352111816406,
"H":47.74333190917969,
"P":996.1083984375,
"PM10":2.2,
"PM25":2.3,
"S":208.0,
"utciso":"2022-07-05T15:00:20Z"
}