{
"T":27.541343688964844,
"H":82.8011474609375,
"P":993.781982421875,
"PM10":128.0,
"PM25":206.5,
"S":193.0,
"utciso":"2023-06-28T01:10:03Z"
}