{
"T":18.322256088256836,
"H":83.5771484375,
"P":1000.830078125,
"PM10":115.2,
"PM25":182.8,
"S":157.0,
"utciso":"2023-05-27T03:40:02Z"
}