{
"T":15.797527313232422,
"H":91.52664184570312,
"P":996.8876953125,
"PM10":97.5,
"PM25":139.4,
"S":116.0,
"utciso":"2023-05-14T05:10:03Z"
}