{
"T":29.205371856689453,
"H":69.24240112304688,
"P":998.772705078125,
"PM10":189.4,
"PM25":403.2,
"S":148.0,
"utciso":"2023-06-26T09:40:03Z"
}