{
"T":22.109350204467773,
"H":97.01063537597656,
"P":994.641357421875,
"PM10":110.8,
"PM25":167.0,
"S":196.0,
"utciso":"2023-06-09T05:20:03Z"
}