{
"T":19.163833618164062,
"H":96.5798568725586,
"P":996.714111328125,
"PM10":99.0,
"PM25":132.3,
"S":183.0,
"utciso":"2023-05-23T01:20:02Z"
}