{
"T":15.6062593460083,
"H":117.16238403320312,
"P":997.4326171875,
"PM10":96.9,
"PM25":136.9,
"S":119.0,
"utciso":"2023-05-20T04:30:03Z"
}