{
"T":25.62866973876953,
"H":85.75852966308594,
"P":993.56396484375,
"PM10":139.1,
"PM25":256.5,
"S":180.0,
"utciso":"2023-07-03T01:40:03Z"
}