{
"T":22.77878761291504,
"H":72.69776916503906,
"P":1001.80224609375,
"PM10":116.7,
"PM25":184.7,
"S":150.0,
"utciso":"2023-06-24T05:40:02Z"
}