{
"T":25.762557983398438,
"H":82.7125473022461,
"P":994.6396484375,
"PM10":115.7,
"PM25":177.2,
"S":160.0,
"utciso":"2023-06-08T20:30:03Z"
}