{
"T":28.975849151611328,
"H":53.35563659667969,
"P":995.89990234375,
"PM10":137.9,
"PM25":244.2,
"S":114.0,
"utciso":"2023-05-30T14:20:02Z"
}