{
"T":27.197063446044922,
"H":58.8182373046875,
"P":1001.45703125,
"PM10":143.6,
"PM25":268.0,
"S":131.0,
"utciso":"2023-06-20T21:50:02Z"
}