{
"T":24.672334671020508,
"H":104.89291381835938,
"P":998.85302734375,
"PM10":173.7,
"PM25":347.1,
"S":187.0,
"utciso":"2023-06-19T04:50:03Z"
}