{
"T":27.369203567504883,
"H":66.82272338867188,
"P":993.764404296875,
"PM10":111.1,
"PM25":168.8,
"S":134.0,
"utciso":"2023-06-11T18:40:03Z"
}