{
"T":34.273956298828125,
"H":42.42431640625,
"P":996.6376953125,
"PM10":136.6,
"PM25":236.8,
"S":120.0,
"utciso":"2023-06-23T15:20:03Z"
}