{
"T":19.22121238708496,
"H":81.06887817382812,
"P":998.45361328125,
"PM10":94.5,
"PM25":128.4,
"S":126.0,
"utciso":"2023-05-07T03:30:02Z"
}