{
"T":29.951313018798828,
"H":51.776123046875,
"P":994.166259765625,
"PM10":127.1,
"PM25":209.1,
"S":119.0,
"utciso":"2023-06-15T16:20:03Z"
}