{
"T":28.4976806640625,
"H":77.67765808105469,
"P":997.77001953125,
"PM10":132.2,
"PM25":225.5,
"S":134.0,
"utciso":"2023-06-18T17:50:04Z"
}