{
"T":16.37133026123047,
"H":81.65852355957031,
"P":998.903564453125,
"PM10":102.8,
"PM25":153.8,
"S":112.0,
"utciso":"2023-05-18T01:40:03Z"
}