{
"T":25.054868698120117,
"H":80.35092163085938,
"P":997.898681640625,
"PM10":124.0,
"PM25":202.0,
"S":176.0,
"utciso":"2023-06-16T08:20:03Z"
}