{
"T":20.579212188720703,
"H":89.25056457519531,
"P":997.407958984375,
"PM10":98.3,
"PM25":138.4,
"S":119.0,
"utciso":"2023-05-25T00:10:03Z"
}