{
"T":23.33346176147461,
"H":95.2569808959961,
"P":994.737060546875,
"PM10":131.3,
"PM25":224.7,
"S":180.0,
"utciso":"2023-06-30T08:40:03Z"
}