{
"T":27.77086639404297,
"H":56.3955078125,
"P":1001.30322265625,
"PM10":1.9,
"PM25":2.2,
"S":208.0,
"utciso":"2022-07-08T01:00:17Z"
}