{
"T":26.96754264831543,
"H":73.62348175048828,
"P":995.239501953125,
"PM10":2.9,
"PM25":3.6,
"S":248.0,
"utciso":"2022-06-30T23:00:23Z"
}