{
"T":23.639490127563477,
"H":92.82202911376953,
"P":998.5576171875,
"PM10":122.4,
"PM25":193.5,
"S":127.0,
"utciso":"2023-06-03T09:40:03Z"
}