{
"T":25.34177017211914,
"H":51.28118896484375,
"P":1000.926513671875,
"PM10":107.1,
"PM25":160.0,
"S":112.0,
"utciso":"2023-05-04T13:40:03Z"
}