{
"T":25.5139102935791,
"H":88.38900756835938,
"P":996.18798828125,
"PM10":138.0,
"PM25":250.4,
"S":179.0,
"utciso":"2023-07-04T02:30:03Z"
}