{
"T":17.0407657623291,
"H":91.18141174316406,
"P":998.75537109375,
"PM10":109.1,
"PM25":169.2,
"S":115.0,
"utciso":"2023-05-17T19:40:03Z"
}