{
"T":33.604522705078125,
"H":57.94446563720703,
"P":997.564208984375,
"PM10":6.2,
"PM25":6.7,
"S":220.0,
"utciso":"2022-07-04T13:10:18Z"
}