{
"T":31.883113861083984,
"H":60.78881072998047,
"P":998.765380859375,
"PM10":7.8,
"PM25":9.5,
"S":243.0,
"utciso":"2022-07-21T22:40:03Z"
}