{
"T":25.07399559020996,
"H":82.65755462646484,
"P":997.903564453125,
"PM10":108.4,
"PM25":159.7,
"S":135.0,
"utciso":"2023-06-07T21:00:03Z"
}