{
"T":27.656105041503906,
"H":73.07661437988281,
"P":995.688720703125,
"PM10":152.8,
"PM25":298.3,
"S":170.0,
"utciso":"2023-07-04T21:50:03Z"
}