{
"T":18.092735290527344,
"H":87.70771026611328,
"P":998.58740234375,
"PM10":94.1,
"PM25":125.5,
"S":139.0,
"utciso":"2023-05-06T05:30:03Z"
}