{
"T":29.855680465698242,
"H":69.3768310546875,
"P":991.8876953125,
"PM10":221.7,
"PM25":487.4,
"S":160.0,
"utciso":"2023-07-02T18:50:03Z"
}