{
"T":23.256954193115234,
"H":80.31730651855469,
"P":994.720947265625,
"PM10":88.2,
"PM25":112.7,
"S":130.0,
"utciso":"2023-04-29T16:00:03Z"
}