{
"T":25.647796630859375,
"H":81.65852355957031,
"P":998.371826171875,
"PM10":131.4,
"PM25":224.9,
"S":144.0,
"utciso":"2023-06-26T01:50:03Z"
}