{
"T":23.98377227783203,
"H":93.33529663085938,
"P":997.925537109375,
"PM10":111.5,
"PM25":163.3,
"S":150.0,
"utciso":"2023-06-06T08:40:03Z"
}