{
"T":16.906877517700195,
"H":62.61884307861328,
"P":1001.079345703125,
"PM10":114.6,
"PM25":185.8,
"S":106.0,
"utciso":"2023-04-27T23:50:03Z"
}