{
"T":18.570903778076172,
"H":97.68276977539062,
"P":997.383544921875,
"PM10":92.9,
"PM25":125.9,
"S":123.0,
"utciso":"2023-04-30T21:00:03Z"
}