{
"T":22.51101303100586,
"H":81.05665588378906,
"P":1001.193115234375,
"PM10":112.5,
"PM25":165.1,
"S":117.0,
"utciso":"2023-05-25T09:20:03Z"
}