{
"T":22.453632354736328,
"H":75.01968383789062,
"P":1000.520751953125,
"PM10":118.7,
"PM25":191.0,
"S":145.0,
"utciso":"2023-06-25T04:20:03Z"
}