{
"T":29.052356719970703,
"H":43.86634826660156,
"P":1001.770751953125,
"PM10":124.7,
"PM25":206.2,
"S":128.0,
"utciso":"2023-06-24T09:50:03Z"
}