{
"T":23.65861701965332,
"H":66.23919677734375,
"P":995.238037109375,
"PM10":88.8,
"PM25":113.9,
"S":124.0,
"utciso":"2023-04-29T11:50:03Z"
}