{
"T":32.66731262207031,
"H":64.72689819335938,
"P":994.501953125,
"PM10":4.8,
"PM25":5.2,
"S":245.0,
"utciso":"2022-07-15T19:10:03Z"
}