{
"T":28.00038719177246,
"H":81.50881958007812,
"P":997.7724609375,
"PM10":146.1,
"PM25":272.2,
"S":183.0,
"utciso":"2023-07-04T09:10:03Z"
}