{
"T":32.11263656616211,
"H":44.596527099609375,
"P":996.73974609375,
"PM10":127.2,
"PM25":208.8,
"S":132.0,
"utciso":"2023-06-22T17:20:02Z"
}