{
"T":28.4403018951416,
"H":50.593780517578125,
"P":995.308349609375,
"PM10":90.8,
"PM25":114.0,
"S":119.0,
"utciso":"2023-05-06T16:40:03Z"
}