{
"T":20.846986770629883,
"H":129.11106872558594,
"P":999.056884765625,
"PM10":106.1,
"PM25":154.4,
"S":141.0,
"utciso":"2023-06-04T20:40:03Z"
}