{
"T":26.623260498046875,
"H":77.7204360961914,
"P":994.100341796875,
"PM10":133.3,
"PM25":231.3,
"S":164.0,
"utciso":"2023-06-30T11:50:03Z"
}