{
"T":26.221599578857422,
"H":65.55178833007812,
"P":1003.949951171875,
"PM10":2.7,
"PM25":2.9,
"S":223.0,
"utciso":"2022-07-09T00:20:17Z"
}