{
"T":22.817039489746094,
"H":106.27689361572266,
"P":994.962890625,
"PM10":117.6,
"PM25":187.2,
"S":172.0,
"utciso":"2023-06-14T22:00:03Z"
}