{
"T":30.69725799560547,
"H":44.63013458251953,
"P":1000.01318359375,
"PM10":146.2,
"PM25":273.5,
"S":121.0,
"utciso":"2023-06-20T17:20:03Z"
}