{
"T":29.989566802978516,
"H":48.32686233520508,
"P":994.269287109375,
"PM10":126.2,
"PM25":207.1,
"S":120.0,
"utciso":"2023-06-15T15:40:02Z"
}