{
"T":19.278593063354492,
"H":127.8065185546875,
"P":998.180419921875,
"PM10":109.5,
"PM25":162.4,
"S":128.0,
"utciso":"2023-05-29T03:40:02Z"
}