{
"T":26.60413360595703,
"H":85.39496612548828,
"P":996.314208984375,
"PM10":149.8,
"PM25":286.1,
"S":176.0,
"utciso":"2023-07-05T23:40:03Z"
}