{
"T":27.656105041503906,
"H":74.14591217041016,
"P":999.029052734375,
"PM10":126.5,
"PM25":202.1,
"S":131.0,
"utciso":"2023-05-27T13:30:03Z"
}