{
"T":21.726816177368164,
"H":125.28602600097656,
"P":1000.4091796875,
"PM10":147.8,
"PM25":260.8,
"S":176.0,
"utciso":"2023-06-01T07:40:03Z"
}