{
"T":25.43740463256836,
"H":79.13191223144531,
"P":997.481689453125,
"PM10":120.2,
"PM25":189.4,
"S":150.0,
"utciso":"2023-06-23T02:50:02Z"
}