{
"T":26.69976806640625,
"H":79.92625427246094,
"P":993.953125,
"PM10":115.2,
"PM25":177.7,
"S":127.0,
"utciso":"2023-06-12T12:50:02Z"
}