{
"T":30.06607437133789,
"H":77.92818450927734,
"P":999.839599609375,
"PM10":7.1,
"PM25":7.8,
"S":287.0,
"utciso":"2022-07-16T08:50:02Z"
}