{
"T":27.57959747314453,
"H":55.439247131347656,
"P":999.912841796875,
"PM10":125.0,
"PM25":206.6,
"S":134.0,
"utciso":"2023-06-24T21:30:03Z"
}