{
"T":25.093122482299805,
"H":99.10340881347656,
"P":1000.195556640625,
"PM10":5.5,
"PM25":6.1,
"S":308.0,
"utciso":"2022-07-04T05:10:24Z"
}