{
"T":21.43991470336914,
"H":70.49501037597656,
"P":996.477783203125,
"PM10":89.4,
"PM25":112.6,
"S":118.0,
"utciso":"2023-04-30T12:00:03Z"
}