{
"T":16.88775062561035,
"H":88.44400024414062,
"P":996.80517578125,
"PM10":99.3,
"PM25":140.3,
"S":118.0,
"utciso":"2023-05-14T03:20:02Z"
}