{
"T":24.30892562866211,
"H":52.73543930053711,
"P":998.769775390625,
"PM10":108.2,
"PM25":165.2,
"S":110.0,
"utciso":"2023-04-28T12:30:02Z"
}