{
"T":20.08191680908203,
"H":82.88973999023438,
"P":1002.598876953125,
"PM10":99.9,
"PM25":136.5,
"S":147.0,
"utciso":"2023-05-05T07:30:02Z"
}