{
"T":19.010818481445312,
"H":86.45816040039062,
"P":998.883544921875,
"PM10":93.4,
"PM25":124.3,
"S":141.0,
"utciso":"2023-05-06T06:30:03Z"
}