{
"T":20.0245361328125,
"H":77.28660583496094,
"P":995.514892578125,
"PM10":109.4,
"PM25":163.7,
"S":147.0,
"utciso":"2023-05-24T01:30:03Z"
}