{
"T":25.915573120117188,
"H":63.04350662231445,
"P":998.93115234375,
"PM10":104.4,
"PM25":150.0,
"S":126.0,
"utciso":"2023-05-08T14:00:03Z"
}