{
"T":21.688562393188477,
"H":128.72000122070312,
"P":992.783935546875,
"PM10":107.2,
"PM25":157.0,
"S":205.0,
"utciso":"2023-06-13T06:00:03Z"
}