{
"T":22.09022331237793,
"H":98.32434844970703,
"P":998.599609375,
"PM10":114.4,
"PM25":179.2,
"S":128.0,
"utciso":"2023-05-29T08:40:02Z"
}