{
"T":31.13717269897461,
"H":67.40625762939453,
"P":994.091796875,
"PM10":152.9,
"PM25":297.4,
"S":166.0,
"utciso":"2023-07-05T17:40:03Z"
}