{
"T":27.197063446044922,
"H":79.46186828613281,
"P":996.349365234375,
"PM10":128.5,
"PM25":213.5,
"S":167.0,
"utciso":"2023-06-27T01:10:03Z"
}