{
"T":29.607032775878906,
"H":74.14591217041016,
"P":997.05224609375,
"PM10":156.2,
"PM25":299.7,
"S":191.0,
"utciso":"2023-07-05T11:10:03Z"
}