{
"T":28.076892852783203,
"H":76.02787780761719,
"P":990.36279296875,
"PM10":134.1,
"PM25":237.1,
"S":137.0,
"utciso":"2023-07-01T20:20:02Z"
}