{
"T":29.56877899169922,
"H":44.18408203125,
"P":1000.18115234375,
"PM10":1.7,
"PM25":2.2,
"S":208.0,
"utciso":"2022-07-07T23:00:17Z"
}