{
"T":35.937984466552734,
"H":40.7745361328125,
"P":1001.212890625,
"PM10":6.4,
"PM25":6.9,
"S":179.0,
"utciso":"2022-07-19T13:50:03Z"
}