{
"T":29.607032775878906,
"H":59.71034240722656,
"P":999.476318359375,
"PM10":130.6,
"PM25":221.0,
"S":129.0,
"utciso":"2023-06-25T11:30:03Z"
}