{
"T":29.205371856689453,
"H":75.66737365722656,
"P":997.356201171875,
"PM10":150.6,
"PM25":287.4,
"S":176.0,
"utciso":"2023-07-04T10:50:03Z"
}