{
"T":20.12017059326172,
"H":104.19939422607422,
"P":998.375,
"PM10":102.2,
"PM25":143.6,
"S":145.0,
"utciso":"2023-06-06T05:50:03Z"
}