{
"T":24.729713439941406,
"H":90.24043273925781,
"P":995.19140625,
"PM10":116.9,
"PM25":178.3,
"S":198.0,
"utciso":"2023-06-09T07:50:03Z"
}