{
"T":30.65900421142578,
"H":68.87577819824219,
"P":1000.304931640625,
"PM10":12.9,
"PM25":14.2,
"S":259.0,
"utciso":"2022-07-22T07:50:03Z"
}