{
"T":17.90146827697754,
"H":94.10213470458984,
"P":1000.29638671875,
"PM10":100.9,
"PM25":143.5,
"S":127.0,
"utciso":"2023-05-19T01:30:03Z"
}