{
"T":25.380023956298828,
"H":84.77782440185547,
"P":999.19189453125,
"PM10":4.5,
"PM25":5.1,
"S":302.0,
"utciso":"2022-07-06T04:00:19Z"
}