{
"T":22.491886138916016,
"H":74.48503112792969,
"P":1000.53076171875,
"PM10":118.9,
"PM25":190.8,
"S":147.0,
"utciso":"2023-06-25T04:10:03Z"
}