{
"T":28.956724166870117,
"H":48.5865478515625,
"P":999.69091796875,
"PM10":122.1,
"PM25":200.7,
"S":128.0,
"utciso":"2023-05-26T15:10:03Z"
}