{
"T":30.238216400146484,
"H":41.52915954589844,
"P":1001.318115234375,
"PM10":128.3,
"PM25":214.3,
"S":121.0,
"utciso":"2023-06-24T11:00:02Z"
}