{
"T":27.694358825683594,
"H":65.24626922607422,
"P":1000.303466796875,
"PM10":125.8,
"PM25":207.2,
"S":133.0,
"utciso":"2023-06-25T10:00:03Z"
}