{
"T":24.46194076538086,
"H":82.86836242675781,
"P":998.5234375,
"PM10":119.2,
"PM25":186.3,
"S":154.0,
"utciso":"2023-06-23T05:40:03Z"
}