{
"T":31.500579833984375,
"H":58.7174186706543,
"P":994.878662109375,
"PM10":138.3,
"PM25":241.2,
"S":115.0,
"utciso":"2023-06-17T16:30:03Z"
}