{
"T":32.724693298339844,
"H":57.67866897583008,
"P":993.77099609375,
"PM10":2.8,
"PM25":3.4,
"S":223.0,
"utciso":"2022-06-30T16:30:18Z"
}