{
"T":25.66692352294922,
"H":70.78524780273438,
"P":1003.515625,
"PM10":5.7,
"PM25":7.1,
"S":213.0,
"utciso":"2022-07-08T06:20:27Z"
}