{
"T":32.36128234863281,
"H":56.85377883911133,
"P":995.327880859375,
"PM10":136.6,
"PM25":229.1,
"S":125.0,
"utciso":"2023-06-28T14:50:03Z"
}