{
"T":17.117271423339844,
"H":116.56968688964844,
"P":998.912109375,
"PM10":104.7,
"PM25":150.6,
"S":126.0,
"utciso":"2023-05-19T16:50:03Z"
}