{
"T":21.21039390563965,
"H":113.39844512939453,
"P":1000.454345703125,
"PM10":104.1,
"PM25":151.6,
"S":125.0,
"utciso":"2023-06-07T09:20:03Z"
}