{
"T":16.964258193969727,
"H":88.01628112792969,
"P":999.834228515625,
"PM10":101.5,
"PM25":150.6,
"S":119.0,
"utciso":"2023-05-18T06:40:03Z"
}