{
"T":24.940109252929688,
"H":85.3552474975586,
"P":994.99609375,
"PM10":113.6,
"PM25":172.0,
"S":162.0,
"utciso":"2023-06-08T21:50:03Z"
}