{
"T":25.360897064208984,
"H":92.21405029296875,
"P":998.94287109375,
"PM10":120.6,
"PM25":186.1,
"S":123.0,
"utciso":"2023-06-04T12:40:02Z"
}