{
"T":21.956336975097656,
"H":85.4652328491211,
"P":1001.072021484375,
"PM10":110.7,
"PM25":163.2,
"S":122.0,
"utciso":"2023-05-25T08:50:02Z"
}