{
"T":28.55506134033203,
"H":77.02691650390625,
"P":997.72412109375,
"PM10":132.2,
"PM25":224.7,
"S":134.0,
"utciso":"2023-06-18T18:00:03Z"
}