{
"T":30.563369750976562,
"H":62.884639739990234,
"P":993.150634765625,
"PM10":120.3,
"PM25":186.8,
"S":135.0,
"utciso":"2023-06-11T13:50:03Z"
}