{
"T":19.527240753173828,
"H":79.74905395507812,
"P":998.301025390625,
"PM10":93.6,
"PM25":126.4,
"S":128.0,
"utciso":"2023-05-07T02:40:03Z"
}