{
"T":14.822063446044922,
"H":122.01701354980469,
"P":997.50244140625,
"PM10":102.2,
"PM25":150.2,
"S":130.0,
"utciso":"2023-05-01T16:50:03Z"
}