{
"T":32.418663024902344,
"H":53.153995513916016,
"P":999.888427734375,
"PM10":3.6,
"PM25":3.9,
"S":271.0,
"utciso":"2022-07-02T19:20:17Z"
}