{
"T":25.72430419921875,
"H":79.17774200439453,
"P":997.5263671875,
"PM10":108.7,
"PM25":157.2,
"S":130.0,
"utciso":"2023-06-06T10:50:03Z"
}