{
"T":18.93431282043457,
"H":83.66575622558594,
"P":994.551513671875,
"PM10":103.0,
"PM25":151.9,
"S":130.0,
"utciso":"2023-05-12T10:50:03Z"
}