{
"T":25.360897064208984,
"H":89.93797302246094,
"P":996.658447265625,
"PM10":137.1,
"PM25":247.5,
"S":183.0,
"utciso":"2023-07-04T03:50:02Z"
}