{
"T":25.399150848388672,
"H":89.23529052734375,
"P":996.76953125,
"PM10":137.8,
"PM25":248.2,
"S":184.0,
"utciso":"2023-07-04T04:00:03Z"
}