{
"T":22.721406936645508,
"H":92.47373962402344,
"P":997.4990234375,
"PM10":119.8,
"PM25":188.2,
"S":159.0,
"utciso":"2023-06-18T03:40:03Z"
}