{
"T":21.038253784179688,
"H":102.63821411132812,
"P":998.31298828125,
"PM10":101.0,
"PM25":139.4,
"S":125.0,
"utciso":"2023-06-06T00:30:03Z"
}