{
"T":38.615726470947266,
"H":47.19645690917969,
"P":997.41650390625,
"PM10":8.9,
"PM25":9.6,
"S":178.0,
"utciso":"2022-07-21T15:20:02Z"
}