{
"T":30.21908950805664,
"H":68.52749633789062,
"P":997.13720703125,
"PM10":4.1,
"PM25":4.5,
"S":241.0,
"utciso":"2022-07-01T19:50:21Z"
}