{
"T":26.52762794494629,
"H":56.96070861816406,
"P":1000.844482421875,
"PM10":117.6,
"PM25":188.6,
"S":138.0,
"utciso":"2023-05-26T12:30:03Z"
}