{
"T":16.39045524597168,
"H":127.47962188720703,
"P":996.549072265625,
"PM10":98.7,
"PM25":140.6,
"S":124.0,
"utciso":"2023-05-20T14:10:02Z"
}