{
"T":20.3879451751709,
"H":72.132568359375,
"P":999.72021484375,
"PM10":106.4,
"PM25":160.7,
"S":113.0,
"utciso":"2023-05-18T18:10:03Z"
}