{
"T":25.093122482299805,
"H":80.54339599609375,
"P":997.65380859375,
"PM10":124.7,
"PM25":203.7,
"S":126.0,
"utciso":"2023-06-29T19:40:03Z"
}