{
"T":28.191654205322266,
"H":81.18191528320312,
"P":994.320068359375,
"PM10":137.9,
"PM25":248.1,
"S":195.0,
"utciso":"2023-07-03T09:00:02Z"
}