{
"T":19.81414222717285,
"H":105.78501892089844,
"P":997.666259765625,
"PM10":113.4,
"PM25":172.2,
"S":140.0,
"utciso":"2023-06-03T05:50:03Z"
}