{
"T":26.25985336303711,
"H":88.44705200195312,
"P":997.463134765625,
"PM10":143.4,
"PM25":265.4,
"S":210.0,
"utciso":"2023-07-06T07:00:03Z"
}