{
"T":19.603748321533203,
"H":69.0499267578125,
"P":988.85107421875,
"PM10":98.7,
"PM25":141.7,
"S":110.0,
"utciso":"2023-05-16T22:50:04Z"
}