{
"T":21.91808319091797,
"H":128.01121520996094,
"P":992.13720703125,
"PM10":105.4,
"PM25":153.7,
"S":187.0,
"utciso":"2023-06-13T01:30:03Z"
}