{
"T":14.343894958496094,
"H":123.25434875488281,
"P":997.94775390625,
"PM10":102.3,
"PM25":147.7,
"S":127.0,
"utciso":"2023-05-02T05:10:03Z"
}