{
"T":16.677356719970703,
"H":85.77685546875,
"P":1002.0966796875,
"PM10":90.3,
"PM25":121.4,
"S":120.0,
"utciso":"2023-05-02T23:30:03Z"
}