{
"T":22.166730880737305,
"H":71.60708618164062,
"P":995.608154296875,
"PM10":112.0,
"PM25":168.6,
"S":148.0,
"utciso":"2023-05-23T23:10:02Z"
}