{
"T":24.63408088684082,
"H":71.26795959472656,
"P":998.1865234375,
"PM10":106.2,
"PM25":146.7,
"S":137.0,
"utciso":"2023-05-09T11:20:02Z"
}