{
"T":26.814529418945312,
"H":56.11443328857422,
"P":1000.4736328125,
"PM10":122.6,
"PM25":198.2,
"S":143.0,
"utciso":"2023-06-23T23:40:03Z"
}