{
"T":25.55216407775879,
"H":79.64823150634766,
"P":997.594482421875,
"PM10":111.8,
"PM25":171.8,
"S":118.0,
"utciso":"2023-06-07T12:50:03Z"
}