{
"T":26.585006713867188,
"H":89.38192749023438,
"P":999.376708984375,
"PM10":6.6,
"PM25":7.2,
"S":290.0,
"utciso":"2022-07-07T04:20:17Z"
}