{
"T":16.103553771972656,
"H":87.59772491455078,
"P":992.81884765625,
"PM10":93.7,
"PM25":131.1,
"S":109.0,
"utciso":"2023-05-11T04:40:03Z"
}