{
"T":23.371715545654297,
"H":89.10086059570312,
"P":996.407958984375,
"PM10":117.6,
"PM25":187.1,
"S":166.0,
"utciso":"2023-06-16T02:50:04Z"
}