{
"T":16.27569580078125,
"H":113.9605941772461,
"P":1000.290283203125,
"PM10":102.8,
"PM25":144.1,
"S":135.0,
"utciso":"2023-05-19T06:00:03Z"
}