{
"T":23.83075714111328,
"H":102.78180694580078,
"P":994.3828125,
"PM10":113.6,
"PM25":169.1,
"S":227.0,
"utciso":"2023-06-10T07:40:03Z"
}