{
"T":17.021638870239258,
"H":128.77806091308594,
"P":995.858642578125,
"PM10":115.5,
"PM25":178.3,
"S":137.0,
"utciso":"2023-05-21T02:50:03Z"
}