{
"T":36.09099578857422,
"H":47.14757537841797,
"P":998.633544921875,
"PM10":585.3,
"PM25":1999.9,
"S":209.0,
"utciso":"2022-07-03T13:10:18Z"
}