{
"T":24.729713439941406,
"H":93.19475555419922,
"P":994.74951171875,
"PM10":5.9,
"PM25":7.5,
"S":273.0,
"utciso":"2022-06-30T01:50:18Z"
}