{
"T":20.368818283081055,
"H":102.8490219116211,
"P":998.73388671875,
"PM10":113.6,
"PM25":176.2,
"S":120.0,
"utciso":"2023-05-29T01:10:03Z"
}