{
"T":34.3504638671875,
"H":49.869712829589844,
"P":1000.503173828125,
"PM10":4.8,
"PM25":5.3,
"S":224.0,
"utciso":"2022-07-02T14:20:17Z"
}