{
"T":21.153013229370117,
"H":84.1454086303711,
"P":1000.494384765625,
"PM10":103.5,
"PM25":143.1,
"S":152.0,
"utciso":"2023-05-09T07:20:03Z"
}