{
"T":20.46445083618164,
"H":77.91596984863281,
"P":1000.39794921875,
"PM10":109.2,
"PM25":166.7,
"S":125.0,
"utciso":"2023-05-18T10:10:03Z"
}