{
"T":25.093122482299805,
"H":87.68937683105469,
"P":1000.714111328125,
"PM10":5.7,
"PM25":6.2,
"S":284.0,
"utciso":"2022-07-02T04:20:17Z"
}