{
"T":25.99207878112793,
"H":81.90599060058594,
"P":994.360107421875,
"PM10":113.4,
"PM25":170.8,
"S":161.0,
"utciso":"2023-06-08T20:10:03Z"
}