{
"T":18.762170791625977,
"H":129.04080200195312,
"P":1000.2421875,
"PM10":107.5,
"PM25":155.4,
"S":153.0,
"utciso":"2023-06-01T01:10:03Z"
}