{
"T":24.882728576660156,
"H":58.57382583618164,
"P":998.22314453125,
"PM10":106.3,
"PM25":158.4,
"S":109.0,
"utciso":"2023-04-28T14:00:03Z"
}