{
"T":25.399150848388672,
"H":101.03426361083984,
"P":993.40185546875,
"PM10":122.1,
"PM25":194.6,
"S":163.0,
"utciso":"2023-06-14T13:50:03Z"
}