{
"T":20.961746215820312,
"H":85.40107727050781,
"P":1000.637451171875,
"PM10":103.6,
"PM25":142.4,
"S":148.0,
"utciso":"2023-05-09T07:10:02Z"
}