{
"T":19.680255889892578,
"H":75.58793640136719,
"P":986.62255859375,
"PM10":104.2,
"PM25":155.5,
"S":133.0,
"utciso":"2023-05-16T08:20:02Z"
}