{
"T":19.14470672607422,
"H":70.80358123779297,
"P":993.545166015625,
"PM10":91.0,
"PM25":124.5,
"S":105.0,
"utciso":"2023-05-11T20:00:03Z"
}