{
"T":22.85529327392578,
"H":79.30606079101562,
"P":999.579833984375,
"PM10":108.2,
"PM25":149.6,
"S":148.0,
"utciso":"2023-05-09T09:50:02Z"
}