{
"T":31.902240753173828,
"H":62.5699577331543,
"P":999.064453125,
"PM10":6.1,
"PM25":6.6,
"S":249.0,
"utciso":"2022-07-04T11:10:24Z"
}