{
"T":29.377511978149414,
"H":73.4554443359375,
"P":999.238525390625,
"PM10":9.3,
"PM25":10.2,
"S":261.0,
"utciso":"2022-07-22T02:30:03Z"
}