{
"T":24.09853172302246,
"H":94.42597961425781,
"P":994.289306640625,
"PM10":111.6,
"PM25":166.4,
"S":191.0,
"utciso":"2023-06-10T23:00:03Z"
}