{
"T":16.945131301879883,
"H":128.76889038085938,
"P":996.114990234375,
"PM10":115.5,
"PM25":178.3,
"S":137.0,
"utciso":"2023-05-21T01:20:03Z"
}