{
"T":15.453245162963867,
"H":88.7647933959961,
"P":991.803955078125,
"PM10":100.7,
"PM25":146.8,
"S":111.0,
"utciso":"2023-05-15T02:50:03Z"
}