{
"T":35.192039489746094,
"H":42.71150207519531,
"P":1002.204833984375,
"PM10":6.0,
"PM25":6.6,
"S":180.0,
"utciso":"2022-07-19T12:10:03Z"
}