{
"T":21.516422271728516,
"H":70.73331451416016,
"P":996.398193359375,
"PM10":89.9,
"PM25":114.2,
"S":117.0,
"utciso":"2023-04-30T12:10:03Z"
}