{
"T":26.451120376586914,
"H":82.584228515625,
"P":996.043701171875,
"PM10":129.7,
"PM25":216.9,
"S":177.0,
"utciso":"2023-06-27T03:00:03Z"
}