{
"T":23.084814071655273,
"H":99.77249145507812,
"P":995.364013671875,
"PM10":114.2,
"PM25":171.9,
"S":125.0,
"utciso":"2023-06-02T22:40:03Z"
}