{
"T":27.923879623413086,
"H":82.41925048828125,
"P":997.26318359375,
"PM10":7.1,
"PM25":7.7,
"S":289.0,
"utciso":"2022-07-16T02:20:03Z"
}