{
"T":21.573802947998047,
"H":129.11106872558594,
"P":993.80712890625,
"PM10":129.9,
"PM25":218.5,
"S":156.0,
"utciso":"2023-06-30T21:20:03Z"
}