{
"T":24.155912399291992,
"H":91.9574203491211,
"P":994.748291015625,
"PM10":5.6,
"PM25":7.0,
"S":278.0,
"utciso":"2022-06-30T02:50:24Z"
}