{
"T":28.402048110961914,
"H":77.71432495117188,
"P":999.48779296875,
"PM10":9.9,
"PM25":10.9,
"S":266.0,
"utciso":"2022-07-22T04:10:03Z"
}