{
"T":32.45691680908203,
"H":63.929500579833984,
"P":994.42333984375,
"PM10":162.3,
"PM25":327.7,
"S":169.0,
"utciso":"2023-07-05T15:30:03Z"
}