{
"T":30.046947479248047,
"H":72.83525085449219,
"P":1005.120361328125,
"PM10":11.4,
"PM25":12.4,
"S":280.0,
"utciso":"2022-07-18T07:20:03Z"
}