{
"T":25.62866973876953,
"H":78.20925903320312,
"P":997.516845703125,
"PM10":108.4,
"PM25":159.7,
"S":134.0,
"utciso":"2023-06-07T20:10:02Z"
}