{
"T":34.23570251464844,
"H":56.89044189453125,
"P":998.471435546875,
"PM10":5.0,
"PM25":5.3,
"S":264.0,
"utciso":"2022-07-14T18:50:03Z"
}