{
"T":36.18663024902344,
"H":52.732383728027344,
"P":1001.545654296875,
"PM10":8.0,
"PM25":8.7,
"S":218.0,
"utciso":"2022-07-17T15:30:03Z"
}