{
"T":18.0736083984375,
"H":87.60078430175781,
"P":998.317626953125,
"PM10":94.0,
"PM25":126.0,
"S":134.0,
"utciso":"2023-05-06T04:50:03Z"
}