{
"T":25.896446228027344,
"H":81.89071655273438,
"P":995.84033203125,
"PM10":124.7,
"PM25":200.3,
"S":188.0,
"utciso":"2023-06-28T05:00:03Z"
}