{
"T":17.0407657623291,
"H":128.78111267089844,
"P":996.900390625,
"PM10":101.3,
"PM25":148.2,
"S":127.0,
"utciso":"2023-05-20T21:10:03Z"
}