{
"T":21.573802947998047,
"H":80.28675842285156,
"P":994.805908203125,
"PM10":89.6,
"PM25":116.7,
"S":140.0,
"utciso":"2023-04-29T18:50:03Z"
}