{
"T":17.174652099609375,
"H":128.802490234375,
"P":995.81103515625,
"PM10":115.5,
"PM25":178.3,
"S":137.0,
"utciso":"2023-05-21T03:50:03Z"
}