{
"T":21.229520797729492,
"H":78.32841491699219,
"P":1000.495849609375,
"PM10":112.7,
"PM25":177.1,
"S":157.0,
"utciso":"2023-05-26T23:10:03Z"
}