{
"T":14.076120376586914,
"H":123.96925354003906,
"P":997.604248046875,
"PM10":106.1,
"PM25":155.0,
"S":123.0,
"utciso":"2023-05-02T03:00:03Z"
}