{
"T":25.01661491394043,
"H":74.03286743164062,
"P":1002.12841796875,
"PM10":114.6,
"PM25":178.0,
"S":170.0,
"utciso":"2023-06-22T05:50:03Z"
}