{
"T":26.4893741607666,
"H":73.76707458496094,
"P":996.0888671875,
"PM10":113.0,
"PM25":166.7,
"S":108.0,
"utciso":"2023-06-05T16:40:02Z"
}