{
"T":32.24652099609375,
"H":60.38858413696289,
"P":1003.37060546875,
"PM10":59.9,
"PM25":66.8,
"S":221.0,
"utciso":"2022-07-13T19:50:08Z"
}