{
"T":20.655717849731445,
"H":109.06319427490234,
"P":996.862060546875,
"PM10":110.5,
"PM25":170.0,
"S":198.0,
"utciso":"2023-06-15T04:40:02Z"
}