{
"T":26.355487823486328,
"H":89.87380981445312,
"P":992.75,
"PM10":150.0,
"PM25":287.9,
"S":173.0,
"utciso":"2023-07-02T08:30:03Z"
}