{
"T":22.817039489746094,
"H":106.95819854736328,
"P":995.30224609375,
"PM10":108.4,
"PM25":160.9,
"S":187.0,
"utciso":"2023-06-09T22:30:03Z"
}