{
"T":14.439528465270996,
"H":70.46751403808594,
"P":1001.430908203125,
"PM10":110.3,
"PM25":170.8,
"S":112.0,
"utciso":"2023-04-28T02:40:03Z"
}