{
"T":20.40707015991211,
"H":68.74441528320312,
"P":988.99462890625,
"PM10":97.5,
"PM25":139.1,
"S":109.0,
"utciso":"2023-05-16T20:20:03Z"
}