{
"T":25.590417861938477,
"H":80.4945068359375,
"P":995.346923828125,
"PM10":3.4,
"PM25":3.8,
"S":251.0,
"utciso":"2022-07-01T01:50:27Z"
}