{
"T":33.52801513671875,
"H":57.034034729003906,
"P":997.302734375,
"PM10":152.1,
"PM25":289.2,
"S":122.0,
"utciso":"2023-06-26T13:00:03Z"
}