{
"T":19.96715545654297,
"H":72.29144287109375,
"P":991.945556640625,
"PM10":97.8,
"PM25":140.5,
"S":116.0,
"utciso":"2023-05-11T09:00:03Z"
}