{
"T":22.434505462646484,
"H":75.22132873535156,
"P":1000.607666015625,
"PM10":121.2,
"PM25":196.6,
"S":146.0,
"utciso":"2023-06-25T04:50:03Z"
}