{
"T":24.347179412841797,
"H":85.59965515136719,
"P":999.138671875,
"PM10":146.9,
"PM25":278.4,
"S":153.0,
"utciso":"2023-06-26T04:40:02Z"
}