{
"T":30.467735290527344,
"H":57.61145782470703,
"P":1000.658447265625,
"PM10":130.7,
"PM25":219.3,
"S":136.0,
"utciso":"2023-06-21T11:40:03Z"
}