{
"T":23.084814071655273,
"H":123.39488983154297,
"P":992.4931640625,
"PM10":107.3,
"PM25":160.2,
"S":149.0,
"utciso":"2023-06-12T19:00:03Z"
}