{
"T":23.027435302734375,
"H":74.90969848632812,
"P":999.257568359375,
"PM10":97.6,
"PM25":132.6,
"S":130.0,
"utciso":"2023-05-07T09:20:03Z"
}