{
"T":31.290185928344727,
"H":63.59037780761719,
"P":999.6396484375,
"PM10":5.1,
"PM25":5.6,
"S":235.0,
"utciso":"2022-07-07T10:30:17Z"
}