{
"T":25.475656509399414,
"H":81.60047149658203,
"P":996.687255859375,
"PM10":123.3,
"PM25":199.6,
"S":154.0,
"utciso":"2023-06-15T22:50:02Z"
}