{
"T":26.04945945739746,
"H":74.29561614990234,
"P":999.758544921875,
"PM10":126.5,
"PM25":212.7,
"S":129.0,
"utciso":"2023-06-29T06:00:03Z"
}