{
"T":18.972564697265625,
"H":84.85420227050781,
"P":996.233642578125,
"PM10":88.4,
"PM25":115.6,
"S":153.0,
"utciso":"2023-04-29T23:30:03Z"
}