{
"T":29.702667236328125,
"H":74.97386169433594,
"P":1003.839111328125,
"PM10":9.5,
"PM25":10.3,
"S":267.0,
"utciso":"2022-07-18T00:30:03Z"
}