{
"T":21.516422271728516,
"H":87.54273223876953,
"P":997.137451171875,
"PM10":118.8,
"PM25":186.9,
"S":158.0,
"utciso":"2023-06-17T03:40:03Z"
}