{
"T":16.0653018951416,
"H":89.85853576660156,
"P":996.8681640625,
"PM10":92.6,
"PM25":128.6,
"S":114.0,
"utciso":"2023-05-14T04:00:03Z"
}