{
"T":30.716384887695312,
"H":42.8734245300293,
"P":1000.9453125,
"PM10":129.4,
"PM25":218.2,
"S":124.0,
"utciso":"2023-06-24T11:30:03Z"
}