{
"T":18.532649993896484,
"H":87.04168701171875,
"P":998.959716796875,
"PM10":93.8,
"PM25":125.1,
"S":137.0,
"utciso":"2023-05-06T06:00:02Z"
}