{
"T":33.011592864990234,
"H":36.918941497802734,
"P":998.6025390625,
"PM10":133.4,
"PM25":227.7,
"S":115.0,
"utciso":"2023-06-24T16:00:02Z"
}