{
"T":24.232418060302734,
"H":70.38197326660156,
"P":1004.3134765625,
"PM10":3.1,
"PM25":3.4,
"S":216.0,
"utciso":"2022-07-09T06:20:17Z"
}