{
"T":16.084426879882812,
"H":110.99710083007812,
"P":998.709228515625,
"PM10":97.9,
"PM25":138.4,
"S":123.0,
"utciso":"2023-05-20T01:00:02Z"
}