{
"T":20.693971633911133,
"H":129.11106872558594,
"P":1000.503662109375,
"PM10":152.7,
"PM25":276.3,
"S":174.0,
"utciso":"2023-06-01T07:00:03Z"
}