{
"T":18.60915756225586,
"H":87.4052505493164,
"P":999.456298828125,
"PM10":100.2,
"PM25":142.4,
"S":145.0,
"utciso":"2023-05-08T02:00:02Z"
}