{
"T":35.345054626464844,
"H":48.171051025390625,
"P":1001.2099609375,
"PM10":5.6,
"PM25":6.2,
"S":201.0,
"utciso":"2022-07-14T11:40:03Z"
}