{
"T":20.005409240722656,
"H":117.10433959960938,
"P":1000.78271484375,
"PM10":102.2,
"PM25":146.2,
"S":125.0,
"utciso":"2023-06-07T08:40:03Z"
}