{
"T":20.426197052001953,
"H":84.52729797363281,
"P":1000.42724609375,
"PM10":94.7,
"PM25":128.5,
"S":134.0,
"utciso":"2023-05-09T02:50:03Z"
}