{
"T":26.565881729125977,
"H":89.57746124267578,
"P":994.231201171875,
"PM10":4.1,
"PM25":5.8,
"S":255.0,
"utciso":"2022-06-29T22:20:19Z"
}