{
"T":22.013717651367188,
"H":129.11106872558594,
"P":991.7021484375,
"PM10":133.0,
"PM25":225.1,
"S":185.0,
"utciso":"2023-07-01T04:10:03Z"
}