{
"T":24.155912399291992,
"H":86.07015228271484,
"P":996.648681640625,
"PM10":119.6,
"PM25":190.6,
"S":159.0,
"utciso":"2023-06-16T00:40:03Z"
}