{
"T":17.346792221069336,
"H":93.11837768554688,
"P":998.316162109375,
"PM10":105.2,
"PM25":159.2,
"S":119.0,
"utciso":"2023-05-17T18:40:02Z"
}