{
"T":18.0736083984375,
"H":87.8849105834961,
"P":993.1240234375,
"PM10":103.8,
"PM25":155.4,
"S":133.0,
"utciso":"2023-05-17T06:30:03Z"
}