{
"T":16.352203369140625,
"H":78.55754089355469,
"P":989.205322265625,
"PM10":96.2,
"PM25":137.0,
"S":120.0,
"utciso":"2023-05-16T01:20:03Z"
}