{
"T":22.491886138916016,
"H":94.6642837524414,
"P":994.896240234375,
"PM10":132.7,
"PM25":223.8,
"S":166.0,
"utciso":"2023-06-30T06:10:03Z"
}