{
"T":27.197063446044922,
"H":68.79634857177734,
"P":996.602294921875,
"PM10":120.0,
"PM25":188.1,
"S":119.0,
"utciso":"2023-05-28T11:50:03Z"
}