{
"T":27.50309181213379,
"H":70.88301086425781,
"P":997.214599609375,
"PM10":127.1,
"PM25":208.3,
"S":153.0,
"utciso":"2023-06-16T10:20:03Z"
}