{
"T":33.56626892089844,
"H":53.93916702270508,
"P":998.237548828125,
"PM10":3.2,
"PM25":3.4,
"S":191.0,
"utciso":"2022-07-11T17:20:03Z"
}