{
"T":19.469860076904297,
"H":96.94953155517578,
"P":996.899658203125,
"PM10":100.0,
"PM25":133.9,
"S":183.0,
"utciso":"2023-05-23T00:40:03Z"
}