{
"T":26.25985336303711,
"H":82.63616943359375,
"P":995.160400390625,
"PM10":139.3,
"PM25":254.9,
"S":172.0,
"utciso":"2023-07-04T00:20:02Z"
}