{
"T":24.767967224121094,
"H":67.91035461425781,
"P":1003.726806640625,
"PM10":2.7,
"PM25":2.9,
"S":221.0,
"utciso":"2022-07-09T02:30:23Z"
}