{
"T":20.980873107910156,
"H":67.92257690429688,
"P":999.412353515625,
"PM10":105.9,
"PM25":161.0,
"S":113.0,
"utciso":"2023-05-18T17:00:02Z"
}