{
"T":20.61746597290039,
"H":83.18914794921875,
"P":1000.509521484375,
"PM10":94.7,
"PM25":128.6,
"S":133.0,
"utciso":"2023-05-09T01:40:03Z"
}