{
"T":18.245750427246094,
"H":98.2938003540039,
"P":997.33642578125,
"PM10":113.4,
"PM25":177.6,
"S":122.0,
"utciso":"2023-04-30T22:50:03Z"
}