{
"T":23.084814071655273,
"H":99.23783874511719,
"P":995.9423828125,
"PM10":109.0,
"PM25":160.9,
"S":146.0,
"utciso":"2023-06-02T08:40:02Z"
}