{
"T":25.18875503540039,
"H":67.30238342285156,
"P":1000.460205078125,
"PM10":121.6,
"PM25":197.2,
"S":147.0,
"utciso":"2023-06-25T00:40:03Z"
}