{
"T":34.31221008300781,
"H":61.86727523803711,
"P":991.859130859375,
"PM10":147.7,
"PM25":268.5,
"S":161.0,
"utciso":"2023-06-27T16:30:02Z"
}