{
"T":22.702280044555664,
"H":71.53070831298828,
"P":1001.615234375,
"PM10":117.3,
"PM25":186.9,
"S":150.0,
"utciso":"2023-06-24T05:10:03Z"
}