{
"T":21.478168487548828,
"H":70.0611801147461,
"P":996.511962890625,
"PM10":91.6,
"PM25":118.4,
"S":119.0,
"utciso":"2023-04-30T11:30:03Z"
}