{
"T":20.923492431640625,
"H":70.91356658935547,
"P":1002.017822265625,
"PM10":101.3,
"PM25":147.0,
"S":118.0,
"utciso":"2023-05-04T22:00:04Z"
}