{
"T":26.623260498046875,
"H":81.40188598632812,
"P":1003.4169921875,
"PM10":10.2,
"PM25":11.1,
"S":258.0,
"utciso":"2022-07-14T04:40:03Z"
}