{
"T":16.92600440979004,
"H":85.87461853027344,
"P":993.04150390625,
"PM10":97.5,
"PM25":140.1,
"S":118.0,
"utciso":"2023-05-11T06:40:02Z"
}