{
"T":33.700157165527344,
"H":57.54118728637695,
"P":995.944580078125,
"PM10":3.4,
"PM25":3.7,
"S":250.0,
"utciso":"2022-07-05T18:40:17Z"
}