{
"T":37.295982360839844,
"H":43.92439270019531,
"P":998.0146484375,
"PM10":8.2,
"PM25":8.9,
"S":175.0,
"utciso":"2022-07-21T14:00:03Z"
}