{
"T":26.833656311035156,
"H":55.36592102050781,
"P":998.556396484375,
"PM10":104.3,
"PM25":149.5,
"S":120.0,
"utciso":"2023-05-08T15:00:03Z"
}