{
"T":28.91847038269043,
"H":77.75709533691406,
"P":1000.055908203125,
"PM10":12.6,
"PM25":13.9,
"S":267.0,
"utciso":"2022-07-22T06:30:03Z"
}