{
"T":25.858192443847656,
"H":50.043853759765625,
"P":1000.42236328125,
"PM10":107.9,
"PM25":162.9,
"S":112.0,
"utciso":"2023-05-04T14:40:03Z"
}