{
"T":31.04153823852539,
"H":61.77256393432617,
"P":1001.835205078125,
"PM10":9.2,
"PM25":11.1,
"S":238.0,
"utciso":"2022-07-19T22:20:03Z"
}