{
"T":30.238216400146484,
"H":70.52861785888672,
"P":996.783203125,
"PM10":153.7,
"PM25":296.0,
"S":167.0,
"utciso":"2023-07-04T11:50:03Z"
}