{
"T":25.78168487548828,
"H":74.09703063964844,
"P":994.39013671875,
"PM10":107.0,
"PM25":158.6,
"S":145.0,
"utciso":"2023-06-11T21:20:03Z"
}