{
"T":17.15552520751953,
"H":89.67523193359375,
"P":997.81689453125,
"PM10":96.0,
"PM25":128.8,
"S":142.0,
"utciso":"2023-04-29T07:40:02Z"
}