{
"T":25.035741806030273,
"H":61.97726058959961,
"P":995.131103515625,
"PM10":90.5,
"PM25":117.0,
"S":117.0,
"utciso":"2023-04-29T12:40:03Z"
}