{
"T":25.131376266479492,
"H":45.56501007080078,
"P":989.172607421875,
"PM10":102.9,
"PM25":150.8,
"S":113.0,
"utciso":"2023-05-15T13:30:02Z"
}