{
"T":30.352975845336914,
"H":67.6170654296875,
"P":1003.94580078125,
"PM10":6.9,
"PM25":7.6,
"S":236.0,
"utciso":"2022-07-13T21:30:03Z"
}