{
"T":16.524343490600586,
"H":99.46392059326172,
"P":997.805419921875,
"PM10":100.9,
"PM25":147.7,
"S":127.0,
"utciso":"2023-05-12T21:40:03Z"
}