{
"T":22.817039489746094,
"H":115.7906265258789,
"P":999.0078125,
"PM10":4.9,
"PM25":5.5,
"S":334.0,
"utciso":"2022-07-04T15:30:19Z"
}