{
"T":20.254056930541992,
"H":128.8636016845703,
"P":998.8310546875,
"PM10":111.1,
"PM25":162.9,
"S":159.0,
"utciso":"2023-06-05T00:40:03Z"
}