{
"T":24.328052520751953,
"H":89.32083129882812,
"P":995.84765625,
"PM10":118.1,
"PM25":185.9,
"S":121.0,
"utciso":"2023-05-28T19:20:03Z"
}