{
"T":33.987056732177734,
"H":51.53782272338867,
"P":997.233154296875,
"PM10":4.1,
"PM25":4.4,
"S":189.0,
"utciso":"2022-07-07T13:40:22Z"
}