{
"T":26.25985336303711,
"H":77.70210266113281,
"P":1001.705078125,
"PM10":125.1,
"PM25":204.5,
"S":151.0,
"utciso":"2023-06-21T08:10:03Z"
}