{
"T":22.568391799926758,
"H":67.57123565673828,
"P":992.25830078125,
"PM10":106.5,
"PM25":159.9,
"S":114.0,
"utciso":"2023-05-10T15:00:03Z"
}