{
"T":28.191654205322266,
"H":77.56767272949219,
"P":997.732177734375,
"PM10":131.3,
"PM25":223.9,
"S":141.0,
"utciso":"2023-06-18T18:50:03Z"
}