{
"T":31.997875213623047,
"H":44.41016387939453,
"P":996.385986328125,
"PM10":128.1,
"PM25":211.1,
"S":131.0,
"utciso":"2023-06-22T18:20:03Z"
}