{
"T":29.8365535736084,
"H":52.83625793457031,
"P":995.89892578125,
"PM10":128.9,
"PM25":215.6,
"S":122.0,
"utciso":"2023-06-16T13:00:03Z"
}