{
"T":28.74633026123047,
"H":55.56145095825195,
"P":995.23046875,
"PM10":134.0,
"PM25":228.1,
"S":115.0,
"utciso":"2023-05-30T17:00:02Z"
}