{
"T":33.91054916381836,
"H":54.09497833251953,
"P":997.74755859375,
"PM10":4.9,
"PM25":5.3,
"S":185.0,
"utciso":"2022-07-06T16:40:18Z"
}