{
"T":20.73222541809082,
"H":67.44902801513672,
"P":988.480712890625,
"PM10":99.2,
"PM25":143.3,
"S":108.0,
"utciso":"2023-05-16T18:30:02Z"
}