{
"T":27.713485717773438,
"H":66.20558166503906,
"P":993.926513671875,
"PM10":111.6,
"PM25":170.5,
"S":135.0,
"utciso":"2023-06-11T18:00:03Z"
}