{
"T":16.199188232421875,
"H":85.07722473144531,
"P":1004.224365234375,
"PM10":107.3,
"PM25":161.1,
"S":132.0,
"utciso":"2023-05-04T06:10:02Z"
}