{
"T":23.199575424194336,
"H":93.39334106445312,
"P":997.659912109375,
"PM10":105.0,
"PM25":150.2,
"S":115.0,
"utciso":"2023-06-05T20:50:03Z"
}