{
"T":14.248260498046875,
"H":125.45711517333984,
"P":997.5302734375,
"PM10":109.3,
"PM25":161.1,
"S":128.0,
"utciso":"2023-05-02T00:30:03Z"
}