{
"T":24.5384464263916,
"H":70.05812072753906,
"P":1001.9921875,
"PM10":112.3,
"PM25":172.2,
"S":164.0,
"utciso":"2023-06-22T05:10:03Z"
}