{
"T":35.039024353027344,
"H":45.93162536621094,
"P":999.9287109375,
"PM10":4.1,
"PM25":4.4,
"S":234.0,
"utciso":"2022-07-02T16:00:17Z"
}