{
"T":20.005409240722656,
"H":106.09664154052734,
"P":998.13330078125,
"PM10":104.1,
"PM25":146.2,
"S":133.0,
"utciso":"2023-06-06T03:10:03Z"
}