{
"T":16.505216598510742,
"H":108.85238647460938,
"P":1000.188720703125,
"PM10":103.5,
"PM25":146.0,
"S":134.0,
"utciso":"2023-05-19T05:00:03Z"
}