{
"T":22.568391799926758,
"H":95.63887786865234,
"P":997.252685546875,
"PM10":108.6,
"PM25":162.1,
"S":159.0,
"utciso":"2023-06-08T01:50:02Z"
}