{
"T":23.33346176147461,
"H":59.62785339355469,
"P":996.891357421875,
"PM10":104.6,
"PM25":157.4,
"S":112.0,
"utciso":"2023-05-02T16:10:03Z"
}