{
"T":19.661128997802734,
"H":89.74855041503906,
"P":999.2001953125,
"PM10":99.3,
"PM25":139.8,
"S":142.0,
"utciso":"2023-05-07T23:30:02Z"
}