{
"T":19.622875213623047,
"H":84.57618713378906,
"P":995.961669921875,
"PM10":121.9,
"PM25":196.9,
"S":148.0,
"utciso":"2023-04-29T22:10:05Z"
}