{
"T":32.915958404541016,
"H":57.67866897583008,
"P":1000.466552734375,
"PM10":7.0,
"PM25":7.7,
"S":222.0,
"utciso":"2022-07-04T14:40:17Z"
}