{
"T":26.068586349487305,
"H":83.77879333496094,
"P":995.4482421875,
"PM10":140.0,
"PM25":256.9,
"S":172.0,
"utciso":"2023-07-04T01:00:03Z"
}