{
"T":20.94261932373047,
"H":129.10801696777344,
"P":998.96240234375,
"PM10":109.2,
"PM25":160.4,
"S":140.0,
"utciso":"2023-06-04T20:20:02Z"
}