{
"T":25.494783401489258,
"H":69.38599395751953,
"P":999.396240234375,
"PM10":105.2,
"PM25":151.6,
"S":138.0,
"utciso":"2023-05-08T13:00:03Z"
}