{
"T":29.205371856689453,
"H":68.78107452392578,
"P":992.44970703125,
"PM10":118.2,
"PM25":186.0,
"S":125.0,
"utciso":"2023-06-12T16:50:03Z"
}