{
"T":19.049072265625,
"H":108.40939331054688,
"P":997.13134765625,
"PM10":115.5,
"PM25":178.3,
"S":137.0,
"utciso":"2023-05-21T21:40:02Z"
}