{
"T":18.379636764526367,
"H":76.11036682128906,
"P":1003.349365234375,
"PM10":116.5,
"PM25":185.2,
"S":109.0,
"utciso":"2023-05-03T22:10:07Z"
}