{
"T":28.74633026123047,
"H":73.14993286132812,
"P":992.491455078125,
"PM10":116.2,
"PM25":177.6,
"S":161.0,
"utciso":"2023-06-10T15:10:02Z"
}