{
"T":31.443199157714844,
"H":63.3184700012207,
"P":995.516845703125,
"PM10":134.8,
"PM25":223.7,
"S":133.0,
"utciso":"2023-06-28T13:30:03Z"
}