{
"T":23.142194747924805,
"H":129.11106872558594,
"P":992.91015625,
"PM10":101.8,
"PM25":145.2,
"S":161.0,
"utciso":"2023-06-12T21:00:03Z"
}