{
"T":27.751739501953125,
"H":58.41495895385742,
"P":1001.51025390625,
"PM10":127.1,
"PM25":212.3,
"S":143.0,
"utciso":"2023-06-21T21:40:03Z"
}