{
"T":15.242851257324219,
"H":112.17027282714844,
"P":996.588623046875,
"PM10":91.0,
"PM25":124.1,
"S":111.0,
"utciso":"2023-05-14T08:30:03Z"
}