{
"T":23.429096221923828,
"H":118.77550506591797,
"P":993.9111328125,
"PM10":122.7,
"PM25":192.4,
"S":177.0,
"utciso":"2023-06-14T11:50:02Z"
}