{
"T":33.10722732543945,
"H":48.87373352050781,
"P":999.9169921875,
"PM10":133.4,
"PM25":224.0,
"S":131.0,
"utciso":"2023-06-22T14:30:02Z"
}