{
"T":20.08191680908203,
"H":100.22770690917969,
"P":998.1220703125,
"PM10":118.1,
"PM25":180.1,
"S":193.0,
"utciso":"2023-05-22T08:10:03Z"
}