{
"T":30.69725799560547,
"H":67.91646575927734,
"P":998.106201171875,
"PM10":198.1,
"PM25":423.1,
"S":157.0,
"utciso":"2023-06-19T16:20:03Z"
}