{
"T":26.52762794494629,
"H":70.11311340332031,
"P":996.6357421875,
"PM10":124.2,
"PM25":203.6,
"S":121.0,
"utciso":"2023-05-29T16:40:03Z"
}