{
"T":19.010818481445312,
"H":83.7054672241211,
"P":998.424560546875,
"PM10":90.3,
"PM25":118.0,
"S":128.0,
"utciso":"2023-05-06T01:50:02Z"
}