{
"T":16.56259536743164,
"H":127.24742889404297,
"P":996.576904296875,
"PM10":98.8,
"PM25":141.4,
"S":126.0,
"utciso":"2023-05-20T15:30:03Z"
}