{
"T":30.54424285888672,
"H":68.4969482421875,
"P":995.103515625,
"PM10":4.8,
"PM25":6.9,
"S":241.0,
"utciso":"2022-06-30T10:50:27Z"
}