{
"T":27.426584243774414,
"H":76.52587127685547,
"P":1002.11767578125,
"PM10":7.1,
"PM25":7.8,
"S":287.0,
"utciso":"2022-07-02T07:40:24Z"
}