{
"T":30.754636764526367,
"H":66.10476684570312,
"P":1001.546630859375,
"PM10":4.8,
"PM25":5.2,
"S":228.0,
"utciso":"2022-07-06T11:00:17Z"
}