{
"T":36.014488220214844,
"H":44.04965591430664,
"P":998.49609375,
"PM10":8.2,
"PM25":9.0,
"S":173.0,
"utciso":"2022-07-20T19:00:03Z"
}