{
"T":16.734737396240234,
"H":113.07460021972656,
"P":995.939453125,
"PM10":108.3,
"PM25":163.3,
"S":128.0,
"utciso":"2023-05-01T03:10:02Z"
}