{
"T":22.74053382873535,
"H":67.54373931884766,
"P":997.55908203125,
"PM10":105.0,
"PM25":155.2,
"S":107.0,
"utciso":"2023-04-28T17:10:03Z"
}