{
"T":24.5384464263916,
"H":69.63040161132812,
"P":998.23974609375,
"PM10":130.5,
"PM25":223.9,
"S":149.0,
"utciso":"2023-05-30T09:30:03Z"
}