{
"T":27.57959747314453,
"H":57.22344970703125,
"P":996.889404296875,
"PM10":95.5,
"PM25":124.3,
"S":120.0,
"utciso":"2023-05-06T12:40:03Z"
}