{
"T":16.524343490600586,
"H":115.41178894042969,
"P":999.71484375,
"PM10":100.5,
"PM25":141.3,
"S":128.0,
"utciso":"2023-05-19T12:40:03Z"
}