{
"T":16.696483612060547,
"H":117.18377685546875,
"P":999.219482421875,
"PM10":101.3,
"PM25":142.4,
"S":123.0,
"utciso":"2023-05-19T15:10:03Z"
}