{
"T":15.6062593460083,
"H":121.1126937866211,
"P":997.281005859375,
"PM10":98.1,
"PM25":139.0,
"S":121.0,
"utciso":"2023-05-20T08:20:03Z"
}