{
"T":24.328052520751953,
"H":88.10182189941406,
"P":997.832275390625,
"PM10":114.6,
"PM25":175.4,
"S":144.0,
"utciso":"2023-06-07T22:30:02Z"
}