{
"T":27.388330459594727,
"H":70.05201721191406,
"P":993.610595703125,
"PM10":137.0,
"PM25":243.7,
"S":150.0,
"utciso":"2023-06-30T13:10:03Z"
}