{
"T":32.265647888183594,
"H":63.495670318603516,
"P":995.836181640625,
"PM10":3.9,
"PM25":4.3,
"S":220.0,
"utciso":"2022-07-01T18:10:26Z"
}