{
"T":24.09853172302246,
"H":52.64989471435547,
"P":987.277587890625,
"PM10":102.6,
"PM25":151.0,
"S":116.0,
"utciso":"2023-05-16T12:40:03Z"
}