{
"T":25.131376266479492,
"H":70.77302551269531,
"P":1002.844482421875,
"PM10":2.9,
"PM25":3.7,
"S":220.0,
"utciso":"2022-07-08T04:10:17Z"
}