{
"T":24.270671844482422,
"H":87.27999114990234,
"P":998.29052734375,
"PM10":120.2,
"PM25":186.4,
"S":136.0,
"utciso":"2023-05-28T08:20:03Z"
}