{
"T":25.99207878112793,
"H":69.9267578125,
"P":996.94921875,
"PM10":122.8,
"PM25":200.2,
"S":121.0,
"utciso":"2023-05-29T18:30:03Z"
}