{
"T":21.153013229370117,
"H":129.11106872558594,
"P":998.580078125,
"PM10":112.0,
"PM25":167.3,
"S":142.0,
"utciso":"2023-06-04T19:30:03Z"
}