{
"T":19.948028564453125,
"H":76.17453002929688,
"P":993.8056640625,
"PM10":101.3,
"PM25":148.5,
"S":107.0,
"utciso":"2023-05-10T19:20:03Z"
}