{
"T":31.328439712524414,
"H":62.27666473388672,
"P":996.16015625,
"PM10":133.9,
"PM25":222.6,
"S":118.0,
"utciso":"2023-06-28T19:10:03Z"
}