{
"T":30.65900421142578,
"H":60.776588439941406,
"P":1003.030029296875,
"PM10":3.5,
"PM25":4.1,
"S":215.0,
"utciso":"2022-07-12T11:00:03Z"
}