{
"T":32.1508903503418,
"H":63.78590774536133,
"P":1004.7177734375,
"PM10":10.0,
"PM25":11.0,
"S":248.0,
"utciso":"2022-07-18T09:50:02Z"
}