{
"T":26.08771324157715,
"H":85.35218811035156,
"P":996.34423828125,
"PM10":147.0,
"PM25":279.4,
"S":179.0,
"utciso":"2023-07-06T00:20:03Z"
}