{
"T":26.79540252685547,
"H":75.88734436035156,
"P":996.7236328125,
"PM10":110.2,
"PM25":160.6,
"S":119.0,
"utciso":"2023-06-06T12:20:03Z"
}