{
"T":18.188369750976562,
"H":90.97061157226562,
"P":994.638916015625,
"PM10":100.0,
"PM25":144.7,
"S":132.0,
"utciso":"2023-05-12T09:20:02Z"
}