{
"T":24.5384464263916,
"H":92.51345825195312,
"P":990.987548828125,
"PM10":149.7,
"PM25":288.9,
"S":156.0,
"utciso":"2023-07-02T01:50:03Z"
}