{
"T":23.83075714111328,
"H":64.48858642578125,
"P":1001.589599609375,
"PM10":104.0,
"PM25":152.5,
"S":110.0,
"utciso":"2023-05-04T20:00:02Z"
}