{
"T":34.75212478637695,
"H":59.90892791748047,
"P":992.544921875,
"PM10":149.5,
"PM25":274.9,
"S":149.0,
"utciso":"2023-06-27T15:10:03Z"
}