{
"T":24.80622100830078,
"H":71.51848602294922,
"P":1001.50537109375,
"PM10":113.9,
"PM25":176.3,
"S":160.0,
"utciso":"2023-06-22T02:30:03Z"
}