{
"T":17.442426681518555,
"H":109.10596466064453,
"P":998.063720703125,
"PM10":113.9,
"PM25":168.8,
"S":189.0,
"utciso":"2023-05-22T06:30:03Z"
}