{
"T":26.393741607666016,
"H":90.49095153808594,
"P":999.301513671875,
"PM10":7.0,
"PM25":7.8,
"S":286.0,
"utciso":"2022-07-07T03:50:18Z"
}