{
"T":27.101428985595703,
"H":67.44902801513672,
"P":1000.140380859375,
"PM10":127.3,
"PM25":214.4,
"S":128.0,
"utciso":"2023-06-29T08:00:03Z"
}