{
"T":36.320518493652344,
"H":40.78064727783203,
"P":1000.092041015625,
"PM10":5.9,
"PM25":6.4,
"S":181.0,
"utciso":"2022-07-19T17:40:02Z"
}