{
"T":28.727203369140625,
"H":74.92192077636719,
"P":997.306396484375,
"PM10":8.8,
"PM25":9.5,
"S":274.0,
"utciso":"2022-07-15T08:10:03Z"
}