{
"T":22.836166381835938,
"H":92.63261413574219,
"P":995.161865234375,
"PM10":131.9,
"PM25":223.7,
"S":166.0,
"utciso":"2023-06-30T06:50:02Z"
}