{
"T":30.678131103515625,
"H":46.07827377319336,
"P":1002.64453125,
"PM10":2.1,
"PM25":2.2,
"S":154.0,
"utciso":"2022-07-08T11:30:17Z"
}