{
"T":15.625386238098145,
"H":90.8392333984375,
"P":1002.2314453125,
"PM10":88.7,
"PM25":117.9,
"S":127.0,
"utciso":"2023-05-03T02:30:03Z"
}