{
"T":19.20208740234375,
"H":85.72492218017578,
"P":996.0458984375,
"PM10":90.0,
"PM25":117.9,
"S":150.0,
"utciso":"2023-04-29T22:50:03Z"
}