{
"T":34.00618362426758,
"H":55.818084716796875,
"P":1003.86328125,
"PM10":8.8,
"PM25":9.5,
"S":208.0,
"utciso":"2022-07-18T11:20:03Z"
}