{
"T":35.95711135864258,
"H":49.52448272705078,
"P":997.09423828125,
"PM10":5.6,
"PM25":6.1,
"S":224.0,
"utciso":"2022-07-16T14:40:02Z"
}