{
"T":31.940494537353516,
"H":47.71888732910156,
"P":1001.926025390625,
"PM10":6.5,
"PM25":7.2,
"S":208.0,
"utciso":"2022-07-09T12:50:21Z"
}