{
"T":21.937210083007812,
"H":76.63585662841797,
"P":1000.139892578125,
"PM10":168.7,
"PM25":305.0,
"S":153.0,
"utciso":"2023-05-26T22:10:05Z"
}