{
"T":21.191267013549805,
"H":118.5830307006836,
"P":996.685546875,
"PM10":104.9,
"PM25":155.6,
"S":139.0,
"utciso":"2023-06-12T06:10:02Z"
}