{
"T":28.019512176513672,
"H":51.0062255859375,
"P":1001.1708984375,
"PM10":1.7,
"PM25":2.2,
"S":209.0,
"utciso":"2022-07-08T00:50:26Z"
}