{
"T":25.78168487548828,
"H":73.36685180664062,
"P":996.936767578125,
"PM10":111.8,
"PM25":170.2,
"S":114.0,
"utciso":"2023-06-05T14:00:02Z"
}