{
"T":28.535934448242188,
"H":74.44837188720703,
"P":999.978271484375,
"PM10":13.3,
"PM25":14.5,
"S":246.0,
"utciso":"2022-07-21T03:30:02Z"
}