{
"T":20.502704620361328,
"H":74.73860931396484,
"P":995.730224609375,
"PM10":110.3,
"PM25":165.4,
"S":143.0,
"utciso":"2023-05-24T00:50:03Z"
}