{
"T":23.046560287475586,
"H":78.34674072265625,
"P":1000.80224609375,
"PM10":120.7,
"PM25":195.9,
"S":143.0,
"utciso":"2023-06-21T03:10:03Z"
}