{
"T":26.16421890258789,
"H":80.24703979492188,
"P":998.321044921875,
"PM10":4.0,
"PM25":4.3,
"S":300.0,
"utciso":"2022-07-06T02:20:18Z"
}