{
"T":28.880216598510742,
"H":69.65484619140625,
"P":989.608642578125,
"PM10":138.4,
"PM25":247.8,
"S":132.0,
"utciso":"2023-07-01T13:40:03Z"
}