{
"T":31.730100631713867,
"H":45.79109191894531,
"P":998.50244140625,
"PM10":130.0,
"PM25":215.3,
"S":120.0,
"utciso":"2023-06-23T19:50:03Z"
}