{
"T":28.153400421142578,
"H":66.70968627929688,
"P":996.083251953125,
"PM10":113.6,
"PM25":173.4,
"S":114.0,
"utciso":"2023-06-07T16:30:03Z"
}