{
"T":25.9346981048584,
"H":73.31796264648438,
"P":994.37158203125,
"PM10":107.3,
"PM25":159.5,
"S":144.0,
"utciso":"2023-06-11T21:00:03Z"
}