{
"T":16.677356719970703,
"H":101.1564712524414,
"P":996.056396484375,
"PM10":99.0,
"PM25":141.5,
"S":118.0,
"utciso":"2023-05-12T18:20:03Z"
}