{
"T":20.61746597290039,
"H":67.17406463623047,
"P":988.42578125,
"PM10":98.6,
"PM25":142.8,
"S":109.0,
"utciso":"2023-05-16T19:10:03Z"
}