{
"T":24.404560089111328,
"H":73.63876342773438,
"P":1000.654541015625,
"PM10":121.0,
"PM25":195.3,
"S":141.0,
"utciso":"2023-06-21T01:30:03Z"
}