{
"T":28.11514663696289,
"H":68.28919982910156,
"P":995.420166015625,
"PM10":124.5,
"PM25":203.4,
"S":135.0,
"utciso":"2023-06-15T19:30:02Z"
}