{
"T":27.809120178222656,
"H":65.11184692382812,
"P":997.068359375,
"PM10":126.8,
"PM25":209.1,
"S":146.0,
"utciso":"2023-06-16T10:40:02Z"
}