{
"T":28.91847038269043,
"H":74.85165405273438,
"P":993.510009765625,
"PM10":158.4,
"PM25":301.1,
"S":180.0,
"utciso":"2023-06-27T22:30:02Z"
}