{
"T":29.320131301879883,
"H":50.33715057373047,
"P":992.462158203125,
"PM10":116.1,
"PM25":178.8,
"S":128.0,
"utciso":"2023-05-24T13:50:03Z"
}