{
"T":17.51893424987793,
"H":87.41136169433594,
"P":999.992919921875,
"PM10":101.8,
"PM25":151.2,
"S":121.0,
"utciso":"2023-05-18T07:00:03Z"
}