{
"T":19.948028564453125,
"H":81.66462707519531,
"P":997.35986328125,
"PM10":90.2,
"PM25":118.7,
"S":143.0,
"utciso":"2023-04-29T09:20:03Z"
}