{
"T":21.745943069458008,
"H":94.74677276611328,
"P":995.3955078125,
"PM10":126.5,
"PM25":207.1,
"S":153.0,
"utciso":"2023-06-30T04:10:03Z"
}