{
"T":26.221599578857422,
"H":76.11953735351562,
"P":997.59375,
"PM10":125.2,
"PM25":203.6,
"S":168.0,
"utciso":"2023-06-16T09:10:02Z"
}