{
"T":22.5875186920166,
"H":91.85354614257812,
"P":996.209228515625,
"PM10":131.2,
"PM25":217.6,
"S":137.0,
"utciso":"2023-06-30T01:40:03Z"
}