{
"T":33.77666091918945,
"H":60.15333557128906,
"P":1002.108154296875,
"PM10":7.4,
"PM25":8.0,
"S":238.0,
"utciso":"2022-07-17T19:40:03Z"
}