{
"T":24.175039291381836,
"H":99.1797866821289,
"P":999.466064453125,
"PM10":119.6,
"PM25":185.4,
"S":133.0,
"utciso":"2023-06-04T10:40:03Z"
}