{
"T":21.573802947998047,
"H":107.6914291381836,
"P":998.023193359375,
"PM10":153.9,
"PM25":273.5,
"S":137.0,
"utciso":"2023-06-03T22:10:04Z"
}