{
"T":27.50309181213379,
"H":64.91020202636719,
"P":1000.0341796875,
"PM10":126.0,
"PM25":211.3,
"S":122.0,
"utciso":"2023-06-29T12:20:03Z"
}