{
"T":28.134273529052734,
"H":58.75408172607422,
"P":996.98193359375,
"PM10":138.3,
"PM25":243.4,
"S":122.0,
"utciso":"2023-05-30T12:30:03Z"
}