{
"T":26.355487823486328,
"H":59.37427520751953,
"P":998.614501953125,
"PM10":116.0,
"PM25":183.6,
"S":139.0,
"utciso":"2023-05-26T18:50:02Z"
}