{
"T":19.69938087463379,
"H":119.52706909179688,
"P":992.772216796875,
"PM10":111.1,
"PM25":162.6,
"S":151.0,
"utciso":"2023-05-09T23:00:02Z"
}