{
"T":23.314334869384766,
"H":92.85563659667969,
"P":996.299072265625,
"PM10":107.2,
"PM25":158.0,
"S":148.0,
"utciso":"2023-06-12T02:30:03Z"
}