{
"T":22.931800842285156,
"H":93.52471160888672,
"P":998.297607421875,
"PM10":112.2,
"PM25":169.8,
"S":134.0,
"utciso":"2023-06-05T09:10:02Z"
}