{
"T":24.079404830932617,
"H":101.53225708007812,
"P":996.046142578125,
"PM10":109.4,
"PM25":164.5,
"S":137.0,
"utciso":"2023-06-12T09:30:03Z"
}