{
"T":21.17214012145996,
"H":128.3931121826172,
"P":993.541259765625,
"PM10":100.7,
"PM25":145.5,
"S":166.0,
"utciso":"2023-06-13T09:10:03Z"
}