{
"T":17.710201263427734,
"H":85.8868408203125,
"P":994.125244140625,
"PM10":94.5,
"PM25":133.4,
"S":112.0,
"utciso":"2023-05-11T23:10:03Z"
}