{
"T":29.587905883789062,
"H":68.10588073730469,
"P":998.2763671875,
"PM10":131.5,
"PM25":218.0,
"S":135.0,
"utciso":"2023-06-18T13:10:02Z"
}