{
"T":31.57708740234375,
"H":59.5850830078125,
"P":1000.350341796875,
"PM10":9.9,
"PM25":11.0,
"S":223.0,
"utciso":"2022-07-21T08:50:03Z"
}