{
"T":27.636978149414062,
"H":86.99280548095703,
"P":999.04833984375,
"PM10":7.7,
"PM25":8.4,
"S":301.0,
"utciso":"2022-07-16T05:40:02Z"
}