{
"T":34.3504638671875,
"H":44.10464859008789,
"P":1002.796630859375,
"PM10":5.8,
"PM25":6.3,
"S":190.0,
"utciso":"2022-07-19T11:30:03Z"
}