{
"T":20.46445083618164,
"H":71.85760498046875,
"P":999.61962890625,
"PM10":107.2,
"PM25":162.8,
"S":109.0,
"utciso":"2023-05-18T17:50:02Z"
}