{
"T":15.969667434692383,
"H":86.216796875,
"P":991.87451171875,
"PM10":99.1,
"PM25":144.5,
"S":113.0,
"utciso":"2023-05-15T02:00:03Z"
}