{
"T":26.451120376586914,
"H":59.38038635253906,
"P":1001.5654296875,
"PM10":120.0,
"PM25":191.7,
"S":148.0,
"utciso":"2023-06-21T22:50:02Z"
}