{
"T":21.076507568359375,
"H":72.74359893798828,
"P":992.954833984375,
"PM10":103.2,
"PM25":153.0,
"S":106.0,
"utciso":"2023-05-10T17:30:03Z"
}