{
"T":36.55004119873047,
"H":40.255165100097656,
"P":1000.754638671875,
"PM10":6.2,
"PM25":6.6,
"S":177.0,
"utciso":"2022-07-19T14:40:02Z"
}