{
"T":25.11224937438965,
"H":87.090576171875,
"P":1000.720947265625,
"PM10":5.9,
"PM25":6.5,
"S":283.0,
"utciso":"2022-07-02T04:10:29Z"
}