{
"T":17.30854034423828,
"H":85.4407958984375,
"P":994.02783203125,
"PM10":94.4,
"PM25":133.3,
"S":117.0,
"utciso":"2023-05-11T02:00:02Z"
}