{
"T":22.549266815185547,
"H":106.38077545166016,
"P":996.885498046875,
"PM10":114.2,
"PM25":178.0,
"S":207.0,
"utciso":"2023-06-15T07:20:03Z"
}