{
"T":18.035354614257812,
"H":88.969482421875,
"P":998.306396484375,
"PM10":98.6,
"PM25":140.7,
"S":117.0,
"utciso":"2023-05-13T22:30:02Z"
}