{
"T":25.150501251220703,
"H":61.100433349609375,
"P":994.875,
"PM10":89.8,
"PM25":114.3,
"S":115.0,
"utciso":"2023-04-29T13:40:03Z"
}