{
"T":16.830371856689453,
"H":91.90548706054688,
"P":991.290283203125,
"PM10":108.2,
"PM25":161.1,
"S":124.0,
"utciso":"2023-05-15T07:50:03Z"
}