{
"T":27.809120178222656,
"H":73.40045166015625,
"P":996.13330078125,
"PM10":108.7,
"PM25":156.8,
"S":118.0,
"utciso":"2023-06-06T13:40:03Z"
}