{
"T":33.202857971191406,
"H":56.811004638671875,
"P":996.678955078125,
"PM10":2.9,
"PM25":3.7,
"S":214.0,
"utciso":"2022-07-05T13:10:18Z"
}