{
"T":19.64200210571289,
"H":127.48267364501953,
"P":998.41357421875,
"PM10":107.4,
"PM25":157.8,
"S":125.0,
"utciso":"2023-05-29T05:20:03Z"
}