{
"T":26.9101619720459,
"H":74.38116455078125,
"P":998.456787109375,
"PM10":3.0,
"PM25":3.3,
"S":245.0,
"utciso":"2022-07-11T01:00:02Z"
}