{
"T":22.14760398864746,
"H":69.92063903808594,
"P":998.72998046875,
"PM10":92.2,
"PM25":122.3,
"S":123.0,
"utciso":"2023-05-05T21:10:03Z"
}