{
"T":24.117658615112305,
"H":83.12804412841797,
"P":997.98291015625,
"PM10":113.2,
"PM25":171.9,
"S":132.0,
"utciso":"2023-05-28T00:00:03Z"
}