{
"T":26.25985336303711,
"H":82.87141418457031,
"P":994.470458984375,
"PM10":113.4,
"PM25":173.2,
"S":195.0,
"utciso":"2023-06-10T10:20:03Z"
}