{
"T":18.245750427246094,
"H":74.78443908691406,
"P":990.032958984375,
"PM10":100.4,
"PM25":147.2,
"S":117.0,
"utciso":"2023-05-17T02:10:02Z"
}