{
"T":27.61785125732422,
"H":69.85037231445312,
"P":996.255126953125,
"PM10":109.7,
"PM25":158.8,
"S":115.0,
"utciso":"2023-06-06T13:30:02Z"
}