{
"T":22.24323844909668,
"H":59.24290466308594,
"P":1002.041259765625,
"PM10":99.3,
"PM25":144.1,
"S":107.0,
"utciso":"2023-05-03T19:20:03Z"
}