{
"T":18.13098907470703,
"H":105.24120330810547,
"P":1002.727294921875,
"PM10":105.5,
"PM25":153.5,
"S":157.0,
"utciso":"2023-05-26T00:20:03Z"
}