{
"T":27.694358825683594,
"H":76.68473815917969,
"P":990.5849609375,
"PM10":135.4,
"PM25":240.9,
"S":138.0,
"utciso":"2023-07-01T20:40:02Z"
}