{
"T":16.868623733520508,
"H":82.477294921875,
"P":996.8828125,
"PM10":86.3,
"PM25":111.0,
"S":118.0,
"utciso":"2023-04-29T01:50:03Z"
}