{
"T":28.55506134033203,
"H":65.72286987304688,
"P":995.97265625,
"PM10":137.2,
"PM25":241.6,
"S":127.0,
"utciso":"2023-06-17T19:20:03Z"
}