{
"T":18.83867835998535,
"H":104.83486938476562,
"P":996.434814453125,
"PM10":105.0,
"PM25":150.6,
"S":152.0,
"utciso":"2023-06-02T04:50:03Z"
}