{
"T":24.57670021057129,
"H":71.94009399414062,
"P":1001.024169921875,
"PM10":,
"PM25":,
"S":,
"utciso":"2022-07-10T02:50:19Z"
}