{
"T":26.451120376586914,
"H":55.22538757324219,
"P":1000.48974609375,
"PM10":120.6,
"PM25":192.8,
"S":143.0,
"utciso":"2023-06-24T00:10:02Z"
}