{
"T":18.150115966796875,
"H":82.96917724609375,
"P":1001.333251953125,
"PM10":117.0,
"PM25":187.8,
"S":158.0,
"utciso":"2023-05-27T05:10:02Z"
}