{
"T":33.6810302734375,
"H":37.56968688964844,
"P":1001.786376953125,
"PM10":1.5,
"PM25":1.6,
"S":155.0,
"utciso":"2022-07-08T14:50:17Z"
}