{
"T":25.571290969848633,
"H":77.40575408935547,
"P":997.161865234375,
"PM10":103.7,
"PM25":148.3,
"S":128.0,
"utciso":"2023-06-06T20:20:03Z"
}