{
"T":28.784584045410156,
"H":59.334556579589844,
"P":997.9013671875,
"PM10":121.4,
"PM25":194.1,
"S":138.0,
"utciso":"2023-06-22T21:40:03Z"
}