{
"T":30.945903778076172,
"H":45.90107727050781,
"P":1002.58154296875,
"PM10":2.2,
"PM25":2.3,
"S":156.0,
"utciso":"2022-07-08T11:40:17Z"
}