{
"T":24.80622100830078,
"H":103.67391204833984,
"P":998.816650390625,
"PM10":144.0,
"PM25":257.1,
"S":178.0,
"utciso":"2023-06-19T03:40:03Z"
}