{
"T":26.31723403930664,
"H":83.61991882324219,
"P":991.00048828125,
"PM10":142.7,
"PM25":265.6,
"S":145.0,
"utciso":"2023-07-01T22:40:03Z"
}