{
"T":19.37422752380371,
"H":85.60577392578125,
"P":998.9560546875,
"PM10":95.9,
"PM25":129.5,
"S":145.0,
"utciso":"2023-05-06T06:50:03Z"
}