{
"T":28.59331512451172,
"H":58.741859436035156,
"P":996.494140625,
"PM10":138.6,
"PM25":246.4,
"S":118.0,
"utciso":"2023-05-30T13:30:03Z"
}