{
"T":32.24652099609375,
"H":45.82164001464844,
"P":1001.328125,
"PM10":6.5,
"PM25":7.2,
"S":208.0,
"utciso":"2022-07-09T13:40:19Z"
}