{
"T":28.363794326782227,
"H":59.371219635009766,
"P":996.83984375,
"PM10":138.0,
"PM25":242.2,
"S":119.0,
"utciso":"2023-05-30T12:50:03Z"
}