{
"T":30.00869369506836,
"H":73.71208190917969,
"P":996.08642578125,
"PM10":142.5,
"PM25":251.5,
"S":178.0,
"utciso":"2023-06-27T09:10:02Z"
}