{
"T":24.175039291381836,
"H":91.8046646118164,
"P":995.20166015625,
"PM10":114.6,
"PM25":172.5,
"S":200.0,
"utciso":"2023-06-09T07:20:03Z"
}