{
"T":34.9051399230957,
"H":48.672096252441406,
"P":996.6484375,
"PM10":4.2,
"PM25":5.1,
"S":180.0,
"utciso":"2022-07-07T15:10:21Z"
}