{
"T":25.839065551757812,
"H":77.38742065429688,
"P":996.48291015625,
"PM10":108.1,
"PM25":157.6,
"S":107.0,
"utciso":"2023-06-05T18:30:03Z"
}