{
"T":27.8856258392334,
"H":70.16505432128906,
"P":999.5458984375,
"PM10":129.8,
"PM25":217.0,
"S":119.0,
"utciso":"2023-06-29T13:40:03Z"
}