{
"T":16.141807556152344,
"H":117.25098419189453,
"P":1000.120849609375,
"PM10":99.0,
"PM25":139.4,
"S":135.0,
"utciso":"2023-05-19T08:00:03Z"
}