{
"T":23.9263916015625,
"H":95.30281066894531,
"P":994.294677734375,
"PM10":111.7,
"PM25":167.0,
"S":193.0,
"utciso":"2023-06-10T23:20:03Z"
}