{
"T":23.199575424194336,
"H":92.7059326171875,
"P":997.879150390625,
"PM10":111.1,
"PM25":168.4,
"S":147.0,
"utciso":"2023-06-07T23:50:03Z"
}