{
"T":34.3504638671875,
"H":57.473976135253906,
"P":1001.5634765625,
"PM10":6.8,
"PM25":7.4,
"S":235.0,
"utciso":"2022-07-17T19:00:03Z"
}