{
"T":21.726816177368164,
"H":129.11106872558594,
"P":993.9873046875,
"PM10":132.3,
"PM25":223.5,
"S":154.0,
"utciso":"2023-06-30T20:10:03Z"
}