{
"T":17.270286560058594,
"H":89.32999420166016,
"P":997.1015625,
"PM10":96.6,
"PM25":134.2,
"S":123.0,
"utciso":"2023-05-14T02:10:03Z"
}