{
"T":24.30892562866211,
"H":99.56473541259766,
"P":994.564697265625,
"PM10":112.8,
"PM25":168.7,
"S":221.0,
"utciso":"2023-06-10T08:40:03Z"
}