{
"T":23.142194747924805,
"H":73.06439208984375,
"P":1000.354736328125,
"PM10":119.1,
"PM25":190.3,
"S":149.0,
"utciso":"2023-06-25T02:50:03Z"
}