{
"T":19.20208740234375,
"H":128.14869689941406,
"P":998.4169921875,
"PM10":106.6,
"PM25":156.8,
"S":127.0,
"utciso":"2023-05-29T04:40:03Z"
}