{
"T":38.73048782348633,
"H":45.79414367675781,
"P":997.322021484375,
"PM10":8.7,
"PM25":9.7,
"S":173.0,
"utciso":"2022-07-21T15:40:02Z"
}