{
"T":18.4370174407959,
"H":106.45104217529297,
"P":1002.89697265625,
"PM10":105.9,
"PM25":152.6,
"S":152.0,
"utciso":"2023-05-25T23:40:03Z"
}