{
"T":24.002897262573242,
"H":75.05329132080078,
"P":994.95849609375,
"PM10":110.1,
"PM25":165.4,
"S":125.0,
"utciso":"2023-05-24T18:10:03Z"
}