{
"T":24.557573318481445,
"H":102.13106536865234,
"P":996.771728515625,
"PM10":121.2,
"PM25":192.0,
"S":116.0,
"utciso":"2023-06-03T18:40:03Z"
}