{
"T":37.06645965576172,
"H":41.950767517089844,
"P":998.397216796875,
"PM10":7.1,
"PM25":7.8,
"S":165.0,
"utciso":"2022-07-20T18:10:03Z"
}