{
"T":23.71599769592285,
"H":70.56527709960938,
"P":1004.314697265625,
"PM10":2.8,
"PM25":3.0,
"S":216.0,
"utciso":"2022-07-09T05:50:17Z"
}