{
"T":19.680255889892578,
"H":122.27670288085938,
"P":998.455810546875,
"PM10":110.1,
"PM25":163.7,
"S":156.0,
"utciso":"2023-06-05T02:50:02Z"
}