{
"T":25.11224937438965,
"H":49.829994201660156,
"P":988.824462890625,
"PM10":98.8,
"PM25":140.1,
"S":110.0,
"utciso":"2023-05-15T17:10:03Z"
}