{
"T":28.363794326782227,
"H":51.11009979248047,
"P":1000.44775390625,
"PM10":143.4,
"PM25":267.6,
"S":126.0,
"utciso":"2023-06-20T20:10:03Z"
}