{
"T":25.78168487548828,
"H":87.87268829345703,
"P":994.9013671875,
"PM10":121.9,
"PM25":188.0,
"S":190.0,
"utciso":"2023-06-09T08:40:03Z"
}