{
"T":16.56259536743164,
"H":126.09258270263672,
"P":996.4013671875,
"PM10":99.7,
"PM25":143.5,
"S":123.0,
"utciso":"2023-05-20T16:20:02Z"
}