{
"T":22.950927734375,
"H":106.4388198852539,
"P":996.219970703125,
"PM10":108.3,
"PM25":162.5,
"S":136.0,
"utciso":"2023-06-12T08:50:02Z"
}