{
"T":30.620750427246094,
"H":66.39500427246094,
"P":999.670654296875,
"PM10":5.1,
"PM25":5.6,
"S":250.0,
"utciso":"2022-07-07T10:00:22Z"
}