{
"T":17.824960708618164,
"H":104.70655059814453,
"P":1002.47998046875,
"PM10":106.2,
"PM25":156.1,
"S":158.0,
"utciso":"2023-05-26T00:40:03Z"
}