{
"T":16.39045524597168,
"H":127.43990325927734,
"P":996.62939453125,
"PM10":97.6,
"PM25":138.9,
"S":123.0,
"utciso":"2023-05-20T14:20:02Z"
}