{
"T":25.246135711669922,
"H":71.26795959472656,
"P":1001.956787109375,
"PM10":114.7,
"PM25":178.4,
"S":172.0,
"utciso":"2023-06-22T06:20:03Z"
}