{
"T":30.792890548706055,
"H":57.684776306152344,
"P":998.431884765625,
"PM10":,
"PM25":,
"S":,
"utciso":"2022-07-10T11:30:17Z"
}