{
"T":29.377511978149414,
"H":72.49919128417969,
"P":995.334716796875,
"PM10":5.3,
"PM25":6.1,
"S":254.0,
"utciso":"2022-06-30T10:00:27Z"
}