{
"T":24.9592342376709,
"H":101.63307189941406,
"P":998.899658203125,
"PM10":165.1,
"PM25":330.8,
"S":193.0,
"utciso":"2023-06-19T06:00:03Z"
}