{
"T":29.511398315429688,
"H":74.41171264648438,
"P":1000.268798828125,
"PM10":7.9,
"PM25":8.7,
"S":292.0,
"utciso":"2022-07-17T01:20:02Z"
}