{
"T":34.809505462646484,
"H":48.277976989746094,
"P":996.410400390625,
"PM10":4.0,
"PM25":4.3,
"S":187.0,
"utciso":"2022-07-07T16:00:23Z"
}