{
"T":29.454017639160156,
"H":43.362247467041016,
"P":1001.6357421875,
"PM10":126.1,
"PM25":209.3,
"S":125.0,
"utciso":"2023-06-24T10:10:03Z"
}