{
"T":28.249034881591797,
"H":68.02033996582031,
"P":998.427734375,
"PM10":2.7,
"PM25":2.9,
"S":237.0,
"utciso":"2022-07-10T23:20:03Z"
}