{
"T":35.07727813720703,
"H":45.67499542236328,
"P":999.8994140625,
"PM10":4.1,
"PM25":4.4,
"S":234.0,
"utciso":"2022-07-02T15:50:26Z"
}