{
"T":22.51101303100586,
"H":111.00015258789062,
"P":996.51708984375,
"PM10":107.9,
"PM25":160.1,
"S":138.0,
"utciso":"2023-06-12T08:20:03Z"
}