{
"T":32.686439514160156,
"H":66.1689224243164,
"P":994.88671875,
"PM10":153.6,
"PM25":285.5,
"S":160.0,
"utciso":"2023-06-27T11:30:02Z"
}