{
"T":28.535934448242188,
"H":74.96774291992188,
"P":998.004150390625,
"PM10":7.5,
"PM25":8.1,
"S":278.0,
"utciso":"2022-07-15T01:00:03Z"
}