{
"T":19.20208740234375,
"H":127.68737030029297,
"P":998.08203125,
"PM10":112.2,
"PM25":169.4,
"S":126.0,
"utciso":"2023-05-29T03:10:03Z"
}