{
"T":29.24362564086914,
"H":79.69711303710938,
"P":1005.131103515625,
"PM10":17.0,
"PM25":18.8,
"S":287.0,
"utciso":"2022-07-18T06:30:03Z"
}