{
"T":29.79829978942871,
"H":66.24530029296875,
"P":995.46533203125,
"PM10":4.4,
"PM25":4.9,
"S":233.0,
"utciso":"2022-07-01T11:10:27Z"
}