{
"T":24.69145965576172,
"H":93.78134155273438,
"P":998.104736328125,
"PM10":125.8,
"PM25":196.4,
"S":126.0,
"utciso":"2023-06-03T10:30:03Z"
}