{
"T":18.570903778076172,
"H":97.49945831298828,
"P":997.38427734375,
"PM10":92.9,
"PM25":126.8,
"S":123.0,
"utciso":"2023-04-30T21:50:03Z"
}