{
"T":31.060665130615234,
"H":64.21668243408203,
"P":999.11572265625,
"PM10":7.4,
"PM25":8.0,
"S":253.0,
"utciso":"2022-07-21T23:50:03Z"
}