{
"T":21.669435501098633,
"H":62.63106155395508,
"P":996.837158203125,
"PM10":105.4,
"PM25":159.0,
"S":108.0,
"utciso":"2023-05-13T14:20:02Z"
}