{
"T":20.12017059326172,
"H":94.80481719970703,
"P":998.47412109375,
"PM10":122.4,
"PM25":196.2,
"S":143.0,
"utciso":"2023-05-30T01:00:02Z"
}