{
"T":22.377124786376953,
"H":53.93916702270508,
"P":987.835693359375,
"PM10":101.1,
"PM25":147.9,
"S":103.0,
"utciso":"2023-05-16T16:00:03Z"
}