{
"T":23.00830841064453,
"H":114.92296600341797,
"P":992.57373046875,
"PM10":109.3,
"PM25":166.8,
"S":152.0,
"utciso":"2023-06-13T20:20:03Z"
}