{
"T":26.833656311035156,
"H":70.86773681640625,
"P":996.73828125,
"PM10":123.4,
"PM25":201.1,
"S":120.0,
"utciso":"2023-05-29T16:00:03Z"
}