{
"T":23.103940963745117,
"H":105.71780395507812,
"P":994.849853515625,
"PM10":118.4,
"PM25":187.9,
"S":172.0,
"utciso":"2023-06-14T21:30:02Z"
}