{
"T":24.385433197021484,
"H":94.29460906982422,
"P":995.047607421875,
"PM10":106.6,
"PM25":153.6,
"S":123.0,
"utciso":"2023-06-02T21:00:02Z"
}