{
"T":28.956724166870117,
"H":58.271366119384766,
"P":993.326171875,
"PM10":116.2,
"PM25":174.6,
"S":136.0,
"utciso":"2023-05-23T15:10:03Z"
}