{
"T":14.267387390136719,
"H":125.33795928955078,
"P":997.462158203125,
"PM10":110.6,
"PM25":164.6,
"S":131.0,
"utciso":"2023-05-02T01:10:03Z"
}