{
"T":17.80583381652832,
"H":78.88444519042969,
"P":1003.606201171875,
"PM10":96.6,
"PM25":138.3,
"S":112.0,
"utciso":"2023-05-03T23:00:03Z"
}