{
"T":27.8282470703125,
"H":86.6323013305664,
"P":994.533935546875,
"PM10":115.7,
"PM25":172.9,
"S":117.0,
"utciso":"2023-06-02T14:10:03Z"
}