{
"T":35.89973068237305,
"H":50.47157287597656,
"P":997.15576171875,
"PM10":5.6,
"PM25":6.0,
"S":222.0,
"utciso":"2022-07-16T14:30:03Z"
}