{
"T":17.882341384887695,
"H":128.909423828125,
"P":996.781982421875,
"PM10":115.5,
"PM25":178.3,
"S":137.0,
"utciso":"2023-05-21T08:20:02Z"
}