{
"T":29.47314453125,
"H":70.93190002441406,
"P":1000.806884765625,
"PM10":10.0,
"PM25":10.9,
"S":287.0,
"utciso":"2022-07-03T08:40:17Z"
}