{
"T":31.538833618164062,
"H":45.66888427734375,
"P":996.496826171875,
"PM10":127.9,
"PM25":211.3,
"S":129.0,
"utciso":"2023-06-22T18:50:03Z"
}