{
"T":20.34969139099121,
"H":79.78877258300781,
"P":1000.178466796875,
"PM10":112.2,
"PM25":171.4,
"S":122.0,
"utciso":"2023-05-18T12:00:02Z"
}