{
"T":15.988794326782227,
"H":110.16915130615234,
"P":997.302001953125,
"PM10":113.7,
"PM25":170.3,
"S":182.0,
"utciso":"2023-05-22T04:50:03Z"
}