{
"T":34.31221008300781,
"H":45.60778045654297,
"P":999.831787109375,
"PM10":3.1,
"PM25":3.4,
"S":256.0,
"utciso":"2022-07-02T17:50:19Z"
}