{
"T":19.355100631713867,
"H":74.6622314453125,
"P":998.025146484375,
"PM10":106.0,
"PM25":159.9,
"S":106.0,
"utciso":"2023-04-28T22:00:02Z"
}