{
"T":21.076507568359375,
"H":125.97037506103516,
"P":1001.596923828125,
"PM10":131.5,
"PM25":222.0,
"S":125.0,
"utciso":"2023-05-31T08:40:03Z"
}