{
"T":29.8365535736084,
"H":67.25350189208984,
"P":995.1025390625,
"PM10":198.9,
"PM25":430.5,
"S":171.0,
"utciso":"2023-07-04T19:30:02Z"
}