{
"T":29.645286560058594,
"H":68.97048950195312,
"P":997.924560546875,
"PM10":127.7,
"PM25":206.3,
"S":123.0,
"utciso":"2023-06-28T21:40:02Z"
}