{
"T":36.473533630371094,
"H":49.597801208496094,
"P":999.583984375,
"PM10":5.4,
"PM25":5.9,
"S":212.0,
"utciso":"2022-07-14T15:30:02Z"
}