{
"T":22.281492233276367,
"H":93.35057067871094,
"P":995.7646484375,
"PM10":130.6,
"PM25":215.9,
"S":146.0,
"utciso":"2023-06-30T02:50:03Z"
}