{
"T":30.199962615966797,
"H":67.90730285644531,
"P":1002.045166015625,
"PM10":10.4,
"PM25":11.3,
"S":252.0,
"utciso":"2022-07-20T00:50:03Z"
}