{
"T":21.401660919189453,
"H":74.62251281738281,
"P":995.6650390625,
"PM10":92.2,
"PM25":118.0,
"S":110.0,
"utciso":"2023-04-30T14:50:03Z"
}