{
"T":15.759273529052734,
"H":110.38912200927734,
"P":996.652587890625,
"PM10":89.4,
"PM25":120.4,
"S":113.0,
"utciso":"2023-05-14T09:10:03Z"
}