{
"T":24.270671844482422,
"H":62.68299865722656,
"P":997.84375,
"PM10":104.2,
"PM25":152.6,
"S":109.0,
"utciso":"2023-04-28T15:40:03Z"
}