{
"T":20.34969139099121,
"H":95.08283996582031,
"P":998.550048828125,
"PM10":121.4,
"PM25":195.4,
"S":141.0,
"utciso":"2023-05-30T00:20:03Z"
}