{
"T":28.516807556152344,
"H":59.96086120605469,
"P":993.871826171875,
"PM10":114.7,
"PM25":171.1,
"S":138.0,
"utciso":"2023-05-23T14:20:03Z"
}