{
"T":24.825347900390625,
"H":84.37149047851562,
"P":994.744384765625,
"PM10":128.9,
"PM25":219.2,
"S":177.0,
"utciso":"2023-06-30T10:30:02Z"
}