{
"T":26.355487823486328,
"H":76.28756713867188,
"P":996.064697265625,
"PM10":111.2,
"PM25":163.9,
"S":112.0,
"utciso":"2023-06-05T16:20:02Z"
}