{
"T":26.25985336303711,
"H":65.9489517211914,
"P":1001.492431640625,
"PM10":,
"PM25":,
"S":,
"utciso":"2022-07-10T00:00:17Z"
}