{
"T":24.175039291381836,
"H":58.130828857421875,
"P":1002.042236328125,
"PM10":105.7,
"PM25":156.1,
"S":119.0,
"utciso":"2023-05-04T12:10:03Z"
}