{
"T":24.232418060302734,
"H":88.53871154785156,
"P":994.89404296875,
"PM10":113.4,
"PM25":171.0,
"S":171.0,
"utciso":"2023-06-08T23:30:02Z"
}