{
"T":18.628284454345703,
"H":87.51829528808594,
"P":996.01318359375,
"PM10":111.0,
"PM25":165.2,
"S":153.0,
"utciso":"2023-05-24T05:20:03Z"
}