{
"T":26.278980255126953,
"H":64.34500122070312,
"P":1001.317626953125,
"PM10":126.2,
"PM25":210.1,
"S":132.0,
"utciso":"2023-06-20T22:50:02Z"
}