{
"T":19.469860076904297,
"H":129.11106872558594,
"P":1001.036376953125,
"PM10":131.5,
"PM25":222.0,
"S":125.0,
"utciso":"2023-05-31T05:10:03Z"
}