{
"T":20.579212188720703,
"H":87.25249481201172,
"P":997.647705078125,
"PM10":97.6,
"PM25":137.4,
"S":121.0,
"utciso":"2023-05-24T23:20:03Z"
}