{
"T":20.426197052001953,
"H":84.79310607910156,
"P":994.588623046875,
"PM10":104.6,
"PM25":156.1,
"S":127.0,
"utciso":"2023-05-10T10:20:03Z"
}