{
"T":33.7957878112793,
"H":61.54954147338867,
"P":994.2177734375,
"PM10":4.7,
"PM25":5.1,
"S":234.0,
"utciso":"2022-07-15T18:20:02Z"
}