{
"T":30.104328155517578,
"H":69.89314270019531,
"P":1001.91845703125,
"PM10":11.3,
"PM25":12.4,
"S":264.0,
"utciso":"2022-07-20T02:10:03Z"
}