{
"T":18.743045806884766,
"H":129.03775024414062,
"P":997.043701171875,
"PM10":115.5,
"PM25":178.3,
"S":137.0,
"utciso":"2023-05-21T09:40:03Z"
}