{
"T":21.43991470336914,
"H":84.04153442382812,
"P":998.64453125,
"PM10":94.0,
"PM25":128.4,
"S":131.0,
"utciso":"2023-05-07T19:40:02Z"
}