{
"T":31.69184684753418,
"H":59.56369400024414,
"P":998.02685546875,
"PM10":207.4,
"PM25":451.9,
"S":132.0,
"utciso":"2023-06-26T11:20:03Z"
}