{
"T":26.10683822631836,
"H":63.98143768310547,
"P":998.78662109375,
"PM10":131.0,
"PM25":224.9,
"S":135.0,
"utciso":"2023-06-20T00:00:03Z"
}