{
"T":20.655717849731445,
"H":129.11106872558594,
"P":998.8896484375,
"PM10":111.0,
"PM25":165.7,
"S":142.0,
"utciso":"2023-06-04T21:00:03Z"
}