{
"T":20.579212188720703,
"H":110.1111068725586,
"P":996.79150390625,
"PM10":111.3,
"PM25":172.3,
"S":195.0,
"utciso":"2023-06-15T04:00:03Z"
}