{
"T":27.063175201416016,
"H":80.76030731201172,
"P":1001.279052734375,
"PM10":11.2,
"PM25":51.8,
"S":290.0,
"utciso":"2022-07-03T01:20:17Z"
}