{
"T":29.35838508605957,
"H":75.11439514160156,
"P":1000.436279296875,
"PM10":8.1,
"PM25":8.7,
"S":293.0,
"utciso":"2022-07-17T01:40:03Z"
}