{
"T":26.96754264831543,
"H":96.57374572753906,
"P":998.2412109375,
"PM10":6.1,
"PM25":6.7,
"S":300.0,
"utciso":"2022-07-05T08:20:17Z"
}