{
"T":26.75714874267578,
"H":76.00038146972656,
"P":996.85302734375,
"PM10":125.4,
"PM25":205.9,
"S":126.0,
"utciso":"2023-05-29T14:50:03Z"
}