{
"T":28.47855567932129,
"H":69.80455017089844,
"P":994.6162109375,
"PM10":118.7,
"PM25":182.8,
"S":129.0,
"utciso":"2023-06-08T14:10:03Z"
}