{
"T":22.14760398864746,
"H":80.5831069946289,
"P":999.767333984375,
"PM10":108.9,
"PM25":151.1,
"S":150.0,
"utciso":"2023-05-09T09:00:03Z"
}