{
"T":28.803709030151367,
"H":68.33807373046875,
"P":995.80029296875,
"PM10":4.2,
"PM25":5.0,
"S":243.0,
"utciso":"2022-07-01T10:00:17Z"
}