{
"T":17.710201263427734,
"H":97.29782104492188,
"P":995.05419921875,
"PM10":108.6,
"PM25":165.0,
"S":131.0,
"utciso":"2023-05-10T06:50:03Z"
}