{
"T":22.109350204467773,
"H":129.11106872558594,
"P":991.913818359375,
"PM10":136.2,
"PM25":232.7,
"S":190.0,
"utciso":"2023-07-01T05:30:03Z"
}