{
"T":22.453632354736328,
"H":122.53639221191406,
"P":999.906005859375,
"PM10":124.7,
"PM25":191.8,
"S":176.0,
"utciso":"2023-06-01T09:00:03Z"
}