{
"T":29.72179412841797,
"H":43.10866928100586,
"P":1001.6103515625,
"PM10":126.2,
"PM25":209.1,
"S":125.0,
"utciso":"2023-06-24T10:30:03Z"
}