{
"T":22.24323844909668,
"H":77.90985107421875,
"P":1001.938232421875,
"PM10":125.6,
"PM25":209.6,
"S":159.0,
"utciso":"2023-05-27T08:20:02Z"
}