{
"T":30.716384887695312,
"H":46.970375061035156,
"P":1000.13134765625,
"PM10":152.0,
"PM25":294.5,
"S":135.0,
"utciso":"2023-06-20T12:10:03Z"
}