{
"T":33.31761932373047,
"H":60.52912139892578,
"P":1004.177734375,
"PM10":7.8,
"PM25":8.4,
"S":241.0,
"utciso":"2022-07-17T10:50:03Z"
}