{
"T":29.817426681518555,
"H":61.369285583496094,
"P":1000.506103515625,
"PM10":3.1,
"PM25":3.4,
"S":220.0,
"utciso":"2022-07-11T10:30:02Z"
}