{
"T":18.800424575805664,
"H":88.81367492675781,
"P":999.990478515625,
"PM10":102.4,
"PM25":148.9,
"S":156.0,
"utciso":"2023-05-08T05:00:04Z"
}