{
"T":32.265647888183594,
"H":46.25852966308594,
"P":1001.37060546875,
"PM10":6.5,
"PM25":7.2,
"S":208.0,
"utciso":"2022-07-09T13:50:26Z"
}