{
"T":29.989566802978516,
"H":51.48893737792969,
"P":994.362060546875,
"PM10":127.3,
"PM25":209.7,
"S":121.0,
"utciso":"2023-06-15T15:10:03Z"
}