{
"T":17.729328155517578,
"H":88.9664306640625,
"P":994.281005859375,
"PM10":96.1,
"PM25":134.0,
"S":111.0,
"utciso":"2023-05-11T01:00:02Z"
}