{
"T":28.880216598510742,
"H":57.26011276245117,
"P":1003.7138671875,
"PM10":6.5,
"PM25":7.2,
"S":208.0,
"utciso":"2022-07-09T10:20:18Z"
}