{
"T":24.328052520751953,
"H":87.56411743164062,
"P":997.952392578125,
"PM10":109.6,
"PM25":158.0,
"S":143.0,
"utciso":"2023-06-06T09:00:03Z"
}