{
"T":28.82283592224121,
"H":79.97818756103516,
"P":997.617919921875,
"PM10":132.1,
"PM25":223.3,
"S":138.0,
"utciso":"2023-06-18T17:20:03Z"
}