{
"T":24.251544952392578,
"H":89.35137939453125,
"P":994.550048828125,
"PM10":111.1,
"PM25":168.4,
"S":207.0,
"utciso":"2023-06-11T08:00:02Z"
}