{
"T":21.91808319091797,
"H":129.11106872558594,
"P":991.78076171875,
"PM10":134.1,
"PM25":228.8,
"S":188.0,
"utciso":"2023-07-01T04:50:03Z"
}