{
"T":27.789993286132812,
"H":81.49048614501953,
"P":990.278076171875,
"PM10":136.3,
"PM25":240.7,
"S":140.0,
"utciso":"2023-07-01T12:30:03Z"
}