{
"T":22.79791259765625,
"H":78.89361572265625,
"P":1000.556640625,
"PM10":105.3,
"PM25":152.3,
"S":151.0,
"utciso":"2023-05-08T09:30:03Z"
}