{
"T":27.483964920043945,
"H":79.42520904541016,
"P":997.915283203125,
"PM10":131.1,
"PM25":223.1,
"S":142.0,
"utciso":"2023-06-18T19:30:02Z"
}