{
"T":30.716384887695312,
"H":67.52235412597656,
"P":1002.695556640625,
"PM10":10.0,
"PM25":10.9,
"S":248.0,
"utciso":"2022-07-14T08:50:03Z"
}