{
"T":36.62654495239258,
"H":47.19340515136719,
"P":1000.76904296875,
"PM10":8.1,
"PM25":8.7,
"S":180.0,
"utciso":"2022-07-18T18:10:03Z"
}