{
"T":16.466962814331055,
"H":88.98170471191406,
"P":999.84521484375,
"PM10":104.1,
"PM25":156.1,
"S":117.0,
"utciso":"2023-05-18T06:20:02Z"
}