{
"T":17.824960708618164,
"H":95.84051513671875,
"P":995.14404296875,
"PM10":108.1,
"PM25":161.8,
"S":127.0,
"utciso":"2023-05-10T07:30:03Z"
}