{
"T":25.360897064208984,
"H":82.52618408203125,
"P":998.4541015625,
"PM10":133.3,
"PM25":229.7,
"S":145.0,
"utciso":"2023-06-26T02:10:03Z"
}