{
"T":30.735509872436523,
"H":77.79986572265625,
"P":992.757080078125,
"PM10":2.8,
"PM25":4.5,
"S":240.0,
"utciso":"2022-06-29T17:50:18Z"
}