{
"T":25.01661491394043,
"H":88.00405883789062,
"P":996.080810546875,
"PM10":136.4,
"PM25":242.5,
"S":184.0,
"utciso":"2023-07-05T02:20:03Z"
}