{
"T":35.842350006103516,
"H":41.837730407714844,
"P":1001.3544921875,
"PM10":5.1,
"PM25":5.5,
"S":182.0,
"utciso":"2022-07-20T12:10:03Z"
}