{
"T":24.46194076538086,
"H":90.68647766113281,
"P":998.6162109375,
"PM10":123.9,
"PM25":197.5,
"S":172.0,
"utciso":"2023-06-18T07:10:02Z"
}