{
"T":24.002897262573242,
"H":89.14668273925781,
"P":998.174072265625,
"PM10":113.4,
"PM25":174.6,
"S":130.0,
"utciso":"2023-06-05T10:00:03Z"
}