{
"T":34.15919494628906,
"H":50.294376373291016,
"P":1000.585693359375,
"PM10":4.8,
"PM25":5.2,
"S":215.0,
"utciso":"2022-07-02T14:00:24Z"
}