{
"T":21.38253402709961,
"H":83.75740051269531,
"P":1000.862060546875,
"PM10":108.1,
"PM25":161.6,
"S":165.0,
"utciso":"2023-05-08T08:10:03Z"
}