{
"T":23.295207977294922,
"H":95.22643280029297,
"P":994.529541015625,
"PM10":110.9,
"PM25":165.1,
"S":197.0,
"utciso":"2023-06-11T00:00:02Z"
}