{
"T":19.775888442993164,
"H":94.41986846923828,
"P":998.513671875,
"PM10":122.6,
"PM25":196.9,
"S":143.0,
"utciso":"2023-05-30T01:40:03Z"
}