{
"T":24.825347900390625,
"H":86.18013763427734,
"P":998.085205078125,
"PM10":116.8,
"PM25":181.8,
"S":122.0,
"utciso":"2023-06-05T10:50:02Z"
}