{
"T":24.863601684570312,
"H":99.58612823486328,
"P":996.44140625,
"PM10":121.2,
"PM25":192.0,
"S":116.0,
"utciso":"2023-06-03T17:30:02Z"
}