{
"T":29.511398315429688,
"H":52.048030853271484,
"P":995.48828125,
"PM10":94.3,
"PM25":121.4,
"S":114.0,
"utciso":"2023-05-06T15:10:03Z"
}