{
"T":22.549266815185547,
"H":123.19935607910156,
"P":992.215087890625,
"PM10":140.0,
"PM25":240.9,
"S":186.0,
"utciso":"2023-07-01T06:50:02Z"
}