{
"T":17.174652099609375,
"H":110.60604095458984,
"P":996.81298828125,
"PM10":109.5,
"PM25":158.5,
"S":176.0,
"utciso":"2023-05-22T02:00:03Z"
}