{
"T":27.005796432495117,
"H":76.34561920166016,
"P":995.7314453125,
"PM10":140.2,
"PM25":254.6,
"S":171.0,
"utciso":"2023-07-04T22:50:02Z"
}