{
"T":25.494783401489258,
"H":45.69943618774414,
"P":988.916015625,
"PM10":101.2,
"PM25":145.5,
"S":110.0,
"utciso":"2023-05-15T16:30:02Z"
}