{
"T":20.273183822631836,
"H":94.70094299316406,
"P":998.511962890625,
"PM10":121.3,
"PM25":193.7,
"S":139.0,
"utciso":"2023-05-30T00:40:02Z"
}