{
"T":27.598724365234375,
"H":64.56802368164062,
"P":999.918701171875,
"PM10":126.8,
"PM25":214.2,
"S":120.0,
"utciso":"2023-06-29T12:30:03Z"
}