{
"T":21.80332374572754,
"H":119.6614990234375,
"P":993.565185546875,
"PM10":114.2,
"PM25":174.7,
"S":199.0,
"utciso":"2023-06-14T08:00:02Z"
}