{
"T":27.67523193359375,
"H":54.617408752441406,
"P":999.0234375,
"PM10":98.9,
"PM25":135.1,
"S":119.0,
"utciso":"2023-05-05T13:50:03Z"
}