{
"T":19.81414222717285,
"H":104.96012878417969,
"P":998.1494140625,
"PM10":102.1,
"PM25":144.1,
"S":133.0,
"utciso":"2023-06-06T03:50:03Z"
}