{
"T":15.68276596069336,
"H":114.3577651977539,
"P":997.91845703125,
"PM10":103.8,
"PM25":155.1,
"S":128.0,
"utciso":"2023-05-02T06:50:02Z"
}