{
"T":19.240339279174805,
"H":129.11106872558594,
"P":996.912353515625,
"PM10":115.5,
"PM25":178.3,
"S":137.0,
"utciso":"2023-05-21T10:30:03Z"
}