{
"T":29.664413452148438,
"H":75.81707763671875,
"P":996.728271484375,
"PM10":5.4,
"PM25":5.9,
"S":274.0,
"utciso":"2022-07-15T23:50:03Z"
}