{
"T":31.25193214416504,
"H":66.48360443115234,
"P":999.436279296875,
"PM10":6.7,
"PM25":7.2,
"S":279.0,
"utciso":"2022-07-16T22:50:03Z"
}