{
"T":24.289798736572266,
"H":80.3814697265625,
"P":998.296142578125,
"PM10":112.1,
"PM25":167.5,
"S":133.0,
"utciso":"2023-05-27T23:40:02Z"
}