{
"T":22.606645584106445,
"H":59.2673454284668,
"P":996.821044921875,
"PM10":86.8,
"PM25":111.7,
"S":114.0,
"utciso":"2023-05-06T21:10:03Z"
}