{
"T":27.273571014404297,
"H":81.65852355957031,
"P":1003.412353515625,
"PM10":11.3,
"PM25":12.3,
"S":265.0,
"utciso":"2022-07-14T06:30:03Z"
}