{
"T":21.019126892089844,
"H":74.63473510742188,
"P":996.866455078125,
"PM10":91.0,
"PM25":115.7,
"S":123.0,
"utciso":"2023-04-30T10:40:03Z"
}