{
"T":31.30931282043457,
"H":43.4233512878418,
"P":999.93994140625,
"PM10":218.5,
"PM25":476.8,
"S":132.0,
"utciso":"2023-06-20T13:30:03Z"
}