{
"T":34.61824035644531,
"H":56.82017135620117,
"P":1002.98193359375,
"PM10":8.4,
"PM25":9.1,
"S":225.0,
"utciso":"2022-07-17T13:00:03Z"
}