{
"T":21.153013229370117,
"H":66.5172119140625,
"P":999.463623046875,
"PM10":106.3,
"PM25":161.8,
"S":109.0,
"utciso":"2023-05-18T16:30:03Z"
}