{
"T":27.598724365234375,
"H":84.13929748535156,
"P":997.8232421875,
"PM10":149.2,
"PM25":274.5,
"S":215.0,
"utciso":"2023-07-05T09:10:02Z"
}