{
"T":18.13098907470703,
"H":92.5745620727539,
"P":1000.583740234375,
"PM10":99.2,
"PM25":139.6,
"S":127.0,
"utciso":"2023-05-19T00:30:02Z"
}