{
"T":16.696483612060547,
"H":128.7291717529297,
"P":996.770263671875,
"PM10":101.3,
"PM25":148.2,
"S":127.0,
"utciso":"2023-05-20T19:00:02Z"
}