{
"T":19.680255889892578,
"H":109.93390655517578,
"P":1003.072998046875,
"PM10":120.9,
"PM25":189.8,
"S":143.0,
"utciso":"2023-05-25T20:30:02Z"
}