{
"T":33.31761932373047,
"H":59.334556579589844,
"P":998.68701171875,
"PM10":5.1,
"PM25":5.5,
"S":270.0,
"utciso":"2022-07-14T19:30:02Z"
}