{
"T":24.825347900390625,
"H":81.29801177978516,
"P":997.8916015625,
"PM10":123.2,
"PM25":199.2,
"S":179.0,
"utciso":"2023-06-16T08:10:03Z"
}