{
"T":16.753864288330078,
"H":81.45382690429688,
"P":1003.740478515625,
"PM10":99.7,
"PM25":143.5,
"S":119.0,
"utciso":"2023-05-04T01:00:03Z"
}