{
"T":22.224111557006836,
"H":62.444698333740234,
"P":1002.2548828125,
"PM10":97.3,
"PM25":136.9,
"S":116.0,
"utciso":"2023-05-03T11:50:03Z"
}