{
"T":17.117271423339844,
"H":128.7933349609375,
"P":996.85009765625,
"PM10":101.3,
"PM25":148.2,
"S":127.0,
"utciso":"2023-05-20T21:40:03Z"
}