{
"T":20.426197052001953,
"H":89.57440185546875,
"P":997.457763671875,
"PM10":97.6,
"PM25":136.4,
"S":118.0,
"utciso":"2023-05-25T00:20:03Z"
}