{
"T":28.076892852783203,
"H":54.281341552734375,
"P":993.57470703125,
"PM10":114.1,
"PM25":174.9,
"S":139.0,
"utciso":"2023-05-24T12:20:02Z"
}