{
"T":21.38253402709961,
"H":64.21668243408203,
"P":991.282958984375,
"PM10":95.2,
"PM25":134.6,
"S":104.0,
"utciso":"2023-05-14T18:40:02Z"
}