{
"T":38.233192443847656,
"H":40.090187072753906,
"P":998.1669921875,
"PM10":7.0,
"PM25":7.6,
"S":157.0,
"utciso":"2022-07-20T17:00:02Z"
}