{
"T":26.75714874267578,
"H":77.4149169921875,
"P":996.204833984375,
"PM10":123.6,
"PM25":199.9,
"S":152.0,
"utciso":"2023-06-15T11:10:03Z"
}