{
"T":18.092735290527344,
"H":87.94296264648438,
"P":998.5986328125,
"PM10":94.0,
"PM25":126.4,
"S":135.0,
"utciso":"2023-05-06T05:20:03Z"
}