{
"T":23.65861701965332,
"H":111.91059112548828,
"P":998.81640625,
"PM10":4.9,
"PM25":6.9,
"S":324.0,
"utciso":"2022-07-04T16:20:19Z"
}