{
"T":25.972951889038086,
"H":73.78845977783203,
"P":999.62158203125,
"PM10":127.1,
"PM25":214.4,
"S":127.0,
"utciso":"2023-06-29T05:40:03Z"
}