{
"T":18.456144332885742,
"H":109.65894317626953,
"P":997.070556640625,
"PM10":114.5,
"PM25":169.0,
"S":162.0,
"utciso":"2023-05-21T22:50:03Z"
}