{
"T":20.980873107910156,
"H":66.95104217529297,
"P":997.88720703125,
"PM10":107.1,
"PM25":163.9,
"S":114.0,
"utciso":"2023-05-13T13:00:02Z"
}