{
"T":32.686439514160156,
"H":58.85795593261719,
"P":994.9345703125,
"PM10":139.4,
"PM25":233.5,
"S":126.0,
"utciso":"2023-06-28T16:40:03Z"
}