{
"T":28.11514663696289,
"H":69.94813537597656,
"P":995.755859375,
"PM10":159.0,
"PM25":322.4,
"S":169.0,
"utciso":"2023-07-04T21:00:03Z"
}