{
"T":25.45652961730957,
"H":73.80984497070312,
"P":997.146484375,
"PM10":122.5,
"PM25":200.4,
"S":121.0,
"utciso":"2023-05-29T19:10:03Z"
}