{
"T":32.533424377441406,
"H":59.35900115966797,
"P":995.003662109375,
"PM10":137.6,
"PM25":231.4,
"S":122.0,
"utciso":"2023-06-28T16:50:03Z"
}