{
"T":30.678131103515625,
"H":65.02629852294922,
"P":988.93505859375,
"PM10":139.2,
"PM25":251.2,
"S":126.0,
"utciso":"2023-07-01T16:30:02Z"
}