{
"T":24.079404830932617,
"H":86.13430786132812,
"P":996.506591796875,
"PM10":118.3,
"PM25":187.7,
"S":158.0,
"utciso":"2023-06-16T00:50:03Z"
}