{
"T":25.18875503540039,
"H":70.61721801757812,
"P":1001.0361328125,
"PM10":,
"PM25":,
"S":,
"utciso":"2022-07-10T01:40:17Z"
}