{
"T":22.204984664916992,
"H":64.02114868164062,
"P":997.338134765625,
"PM10":105.2,
"PM25":158.5,
"S":112.0,
"utciso":"2023-05-02T13:20:03Z"
}