{
"T":30.39122772216797,
"H":65.62815856933594,
"P":1000.115478515625,
"PM10":11.0,
"PM25":12.1,
"S":232.0,
"utciso":"2022-07-21T00:40:04Z"
}