{
"T":29.167118072509766,
"H":56.43522262573242,
"P":995.71923828125,
"PM10":139.6,
"PM25":246.6,
"S":116.0,
"utciso":"2023-05-30T15:00:03Z"
}