{
"T":19.068199157714844,
"H":87.54273223876953,
"P":995.877197265625,
"PM10":88.2,
"PM25":113.6,
"S":156.0,
"utciso":"2023-04-30T02:00:03Z"
}