{
"T":22.03284454345703,
"H":128.93997192382812,
"P":991.95947265625,
"PM10":138.2,
"PM25":238.9,
"S":192.0,
"utciso":"2023-07-01T05:40:03Z"
}