{
"T":14.688176155090332,
"H":69.54486083984375,
"P":1001.3837890625,
"PM10":110.7,
"PM25":171.1,
"S":109.0,
"utciso":"2023-04-28T02:30:02Z"
}