{
"T":29.47314453125,
"H":76.13481140136719,
"P":994.316162109375,
"PM10":144.9,
"PM25":269.3,
"S":194.0,
"utciso":"2023-07-03T10:10:03Z"
}