{
"T":24.30892562866211,
"H":47.43476104736328,
"P":989.264892578125,
"PM10":98.2,
"PM25":138.6,
"S":107.0,
"utciso":"2023-05-15T18:00:03Z"
}