{
"T":27.809120178222656,
"H":54.556304931640625,
"P":998.895751953125,
"PM10":98.4,
"PM25":133.3,
"S":119.0,
"utciso":"2023-05-05T14:00:02Z"
}