{
"T":23.86901092529297,
"H":114.11029815673828,
"P":991.625244140625,
"PM10":112.1,
"PM25":170.3,
"S":151.0,
"utciso":"2023-06-13T16:00:03Z"
}