{
"T":16.084426879882812,
"H":120.72468566894531,
"P":997.3056640625,
"PM10":97.6,
"PM25":138.4,
"S":123.0,
"utciso":"2023-05-20T11:10:02Z"
}