{
"T":18.475271224975586,
"H":94.7070541381836,
"P":998.595947265625,
"PM10":127.8,
"PM25":211.8,
"S":148.0,
"utciso":"2023-05-30T04:10:02Z"
}