{
"T":19.92890167236328,
"H":122.27059173583984,
"P":998.412353515625,
"PM10":116.5,
"PM25":180.5,
"S":155.0,
"utciso":"2023-06-05T05:20:03Z"
}