{
"T":31.13717269897461,
"H":46.82984161376953,
"P":996.6494140625,
"PM10":127.7,
"PM25":210.8,
"S":132.0,
"utciso":"2023-06-22T19:10:03Z"
}