{
"T":15.854907035827637,
"H":88.67924499511719,
"P":999.03173828125,
"PM10":103.2,
"PM25":154.5,
"S":110.0,
"utciso":"2023-05-18T03:50:03Z"
}