{
"T":21.9754638671875,
"H":75.56655883789062,
"P":1001.059814453125,
"PM10":96.0,
"PM25":131.0,
"S":124.0,
"utciso":"2023-05-08T22:30:02Z"
}