{
"T":18.188369750976562,
"H":91.56025695800781,
"P":1000.703125,
"PM10":99.9,
"PM25":141.1,
"S":127.0,
"utciso":"2023-05-19T00:20:03Z"
}