{
"T":23.467350006103516,
"H":72.81387329101562,
"P":1002.177490234375,
"PM10":117.1,
"PM25":187.1,
"S":153.0,
"utciso":"2023-06-24T06:20:02Z"
}