{
"T":22.62577247619629,
"H":128.81777954101562,
"P":992.383056640625,
"PM10":108.6,
"PM25":162.1,
"S":172.0,
"utciso":"2023-06-12T22:30:02Z"
}