{
"T":22.950927734375,
"H":129.11106872558594,
"P":992.6015625,
"PM10":103.7,
"PM25":149.0,
"S":168.0,
"utciso":"2023-06-12T21:30:03Z"
}