{
"T":24.614953994750977,
"H":75.00440979003906,
"P":998.8955078125,
"PM10":128.4,
"PM25":217.1,
"S":140.0,
"utciso":"2023-06-20T02:00:03Z"
}