{
"T":22.759660720825195,
"H":79.13191223144531,
"P":994.604248046875,
"PM10":89.8,
"PM25":116.7,
"S":136.0,
"utciso":"2023-04-29T17:30:03Z"
}