{
"T":24.423686981201172,
"H":79.22662353515625,
"P":998.480712890625,
"PM10":116.2,
"PM25":177.4,
"S":132.0,
"utciso":"2023-05-27T23:10:02Z"
}