{
"T":26.25985336303711,
"H":83.45188903808594,
"P":996.91943359375,
"PM10":118.4,
"PM25":184.9,
"S":115.0,
"utciso":"2023-06-03T14:30:02Z"
}