{
"T":32.36128234863281,
"H":63.520111083984375,
"P":1004.25537109375,
"PM10":7.5,
"PM25":8.3,
"S":262.0,
"utciso":"2022-07-17T09:50:02Z"
}