{
"T":27.866498947143555,
"H":73.83734130859375,
"P":1001.4267578125,
"PM10":5.5,
"PM25":6.0,
"S":283.0,
"utciso":"2022-07-03T00:10:17Z"
}