{
"T":31.271059036254883,
"H":70.53472900390625,
"P":997.735107421875,
"PM10":171.4,
"PM25":346.7,
"S":163.0,
"utciso":"2023-06-19T13:20:03Z"
}