{
"T":26.336360931396484,
"H":91.34028625488281,
"P":994.11962890625,
"PM10":111.0,
"PM25":163.2,
"S":123.0,
"utciso":"2023-06-02T19:00:03Z"
}