{
"T":20.655717849731445,
"H":68.75357818603516,
"P":998.333251953125,
"PM10":107.6,
"PM25":164.6,
"S":117.0,
"utciso":"2023-05-13T12:20:03Z"
}