{
"T":28.287288665771484,
"H":77.1705093383789,
"P":1001.444580078125,
"PM10":7.7,
"PM25":8.3,
"S":285.0,
"utciso":"2022-07-17T04:00:02Z"
}