{
"T":27.50309181213379,
"H":55.79058837890625,
"P":1000.04638671875,
"PM10":125.5,
"PM25":208.3,
"S":138.0,
"utciso":"2023-06-24T21:40:03Z"
}