{
"T":31.806608200073242,
"H":65.69842529296875,
"P":994.67822265625,
"PM10":4.5,
"PM25":4.9,
"S":241.0,
"utciso":"2022-06-30T12:00:25Z"
}