{
"T":28.249034881591797,
"H":61.051551818847656,
"P":995.569091796875,
"PM10":121.2,
"PM25":188.1,
"S":116.0,
"utciso":"2023-05-28T13:40:03Z"
}