{
"T":18.303129196166992,
"H":76.14703369140625,
"P":990.560546875,
"PM10":102.2,
"PM25":150.5,
"S":115.0,
"utciso":"2023-05-17T02:50:03Z"
}