{
"T":27.809120178222656,
"H":79.07691955566406,
"P":997.92919921875,
"PM10":131.5,
"PM25":224.0,
"S":142.0,
"utciso":"2023-06-18T19:20:03Z"
}