{
"T":19.565494537353516,
"H":76.6633529663086,
"P":1000.76611328125,
"PM10":100.6,
"PM25":146.4,
"S":111.0,
"utciso":"2023-05-02T20:30:02Z"
}