{
"T":24.729713439941406,
"H":85.71575927734375,
"P":997.8603515625,
"PM10":112.8,
"PM25":171.7,
"S":144.0,
"utciso":"2023-06-07T22:00:03Z"
}