{
"T":16.313949584960938,
"H":83.93154907226562,
"P":996.626220703125,
"PM10":86.4,
"PM25":111.0,
"S":119.0,
"utciso":"2023-04-29T02:20:03Z"
}