{
"T":30.16170883178711,
"H":67.94396209716797,
"P":997.71044921875,
"PM10":196.2,
"PM25":418.3,
"S":155.0,
"utciso":"2023-06-19T16:50:03Z"
}