{
"T":22.989181518554688,
"H":128.1273193359375,
"P":993.052978515625,
"PM10":103.1,
"PM25":148.3,
"S":154.0,
"utciso":"2023-06-12T20:10:03Z"
}