{
"T":20.46445083618164,
"H":92.18961334228516,
"P":1000.343994140625,
"PM10":103.8,
"PM25":153.2,
"S":118.0,
"utciso":"2023-05-25T07:40:02Z"
}