{
"T":14.630796432495117,
"H":122.67692565917969,
"P":998.0556640625,
"PM10":101.8,
"PM25":147.1,
"S":130.0,
"utciso":"2023-05-02T05:30:03Z"
}