{
"T":23.448223114013672,
"H":87.12112426757812,
"P":997.11865234375,
"PM10":130.6,
"PM25":214.8,
"S":137.0,
"utciso":"2023-06-30T00:20:03Z"
}