{
"T":29.511398315429688,
"H":52.33521270751953,
"P":995.489013671875,
"PM10":95.0,
"PM25":123.3,
"S":112.0,
"utciso":"2023-05-06T15:00:03Z"
}