{
"T":25.972951889038086,
"H":88.01628112792969,
"P":996.33203125,
"PM10":134.1,
"PM25":228.5,
"S":192.0,
"utciso":"2023-06-27T06:00:03Z"
}