{
"T":24.5384464263916,
"H":92.22627258300781,
"P":993.63427734375,
"PM10":122.2,
"PM25":201.9,
"S":198.0,
"utciso":"2023-07-03T04:20:03Z"
}