{
"T":26.278980255126953,
"H":89.41859436035156,
"P":994.66845703125,
"PM10":113.6,
"PM25":171.2,
"S":187.0,
"utciso":"2023-06-09T12:50:03Z"
}