{
"T":21.573802947998047,
"H":60.80713653564453,
"P":996.67041015625,
"PM10":105.5,
"PM25":159.7,
"S":112.0,
"utciso":"2023-05-13T14:50:03Z"
}