{
"T":24.595827102661133,
"H":81.87543487548828,
"P":998.493896484375,
"PM10":118.3,
"PM25":185.5,
"S":157.0,
"utciso":"2023-06-23T05:50:03Z"
}