{
"T":32.418663024902344,
"H":67.27488708496094,
"P":992.06689453125,
"PM10":146.1,
"PM25":265.3,
"S":172.0,
"utciso":"2023-06-27T18:20:02Z"
}