{
"T":19.278593063354492,
"H":76.31812286376953,
"P":992.256103515625,
"PM10":94.6,
"PM25":133.0,
"S":109.0,
"utciso":"2023-05-14T21:30:03Z"
}