{
"T":27.904752731323242,
"H":67.16184997558594,
"P":996.303955078125,
"PM10":112.6,
"PM25":170.0,
"S":116.0,
"utciso":"2023-06-07T16:00:03Z"
}