{
"T":23.888137817382812,
"H":63.96615982055664,
"P":997.78515625,
"PM10":104.5,
"PM25":153.3,
"S":106.0,
"utciso":"2023-04-28T16:00:03Z"
}