{
"T":26.202472686767578,
"H":65.49067687988281,
"P":1003.913330078125,
"PM10":2.8,
"PM25":3.7,
"S":224.0,
"utciso":"2022-07-09T00:10:21Z"
}