{
"T":25.55216407775879,
"H":77.02691650390625,
"P":997.78125,
"PM10":125.6,
"PM25":205.4,
"S":172.0,
"utciso":"2023-06-16T08:40:03Z"
}