{
"T":22.85529327392578,
"H":94.9972915649414,
"P":998.956787109375,
"PM10":115.9,
"PM25":177.5,
"S":137.0,
"utciso":"2023-05-28T01:00:03Z"
}