{
"T":36.26313781738281,
"H":41.27558135986328,
"P":1000.841796875,
"PM10":5.0,
"PM25":5.3,
"S":180.0,
"utciso":"2022-07-20T12:40:02Z"
}