{
"T":16.313949584960938,
"H":112.34136199951172,
"P":999.358642578125,
"PM10":98.8,
"PM25":139.0,
"S":130.0,
"utciso":"2023-05-19T23:20:03Z"
}