{
"T":18.743045806884766,
"H":99.12479400634766,
"P":997.0283203125,
"PM10":97.7,
"PM25":131.5,
"S":123.0,
"utciso":"2023-04-30T19:30:03Z"
}