{
"T":32.323028564453125,
"H":36.82423400878906,
"P":999.888427734375,
"PM10":132.6,
"PM25":224.4,
"S":113.0,
"utciso":"2023-06-24T13:30:03Z"
}