{
"T":24.519319534301758,
"H":72.60305786132812,
"P":1002.238037109375,
"PM10":113.5,
"PM25":175.6,
"S":161.0,
"utciso":"2023-06-22T04:10:03Z"
}