{
"T":22.931800842285156,
"H":93.0542221069336,
"P":994.76220703125,
"PM10":109.9,
"PM25":166.7,
"S":210.0,
"utciso":"2023-06-11T07:10:02Z"
}