{
"T":18.723918914794922,
"H":79.07997131347656,
"P":998.295166015625,
"PM10":84.2,
"PM25":105.3,
"S":111.0,
"utciso":"2023-04-28T23:20:03Z"
}