{
"T":16.92600440979004,
"H":116.804931640625,
"P":998.95654296875,
"PM10":103.2,
"PM25":145.3,
"S":124.0,
"utciso":"2023-05-19T16:30:03Z"
}