{
"T":25.9346981048584,
"H":90.62538146972656,
"P":992.75439453125,
"PM10":145.5,
"PM25":273.1,
"S":175.0,
"utciso":"2023-07-02T08:10:03Z"
}