{
"T":20.158424377441406,
"H":121.2226791381836,
"P":1002.857666015625,
"PM10":110.8,
"PM25":163.4,
"S":133.0,
"utciso":"2023-05-25T17:30:03Z"
}