{
"T":31.615341186523438,
"H":59.51481246948242,
"P":999.022705078125,
"PM10":15.6,
"PM25":16.7,
"S":220.0,
"utciso":"2022-07-07T11:10:21Z"
}