{
"T":34.426971435546875,
"H":60.281654357910156,
"P":991.93701171875,
"PM10":148.7,
"PM25":271.4,
"S":156.0,
"utciso":"2023-06-27T16:10:03Z"
}