{
"T":27.29269790649414,
"H":86.22901916503906,
"P":998.399658203125,
"PM10":7.7,
"PM25":8.4,
"S":295.0,
"utciso":"2022-07-16T04:20:03Z"
}