{
"T":24.079404830932617,
"H":88.36151123046875,
"P":997.744140625,
"PM10":113.5,
"PM25":172.6,
"S":145.0,
"utciso":"2023-06-07T22:40:03Z"
}