{
"T":26.278980255126953,
"H":79.07997131347656,
"P":993.967529296875,
"PM10":109.5,
"PM25":163.4,
"S":170.0,
"utciso":"2023-06-09T17:40:03Z"
}