{
"T":33.12635040283203,
"H":62.29499435424805,
"P":998.448974609375,
"PM10":6.6,
"PM25":7.1,
"S":267.0,
"utciso":"2022-07-16T20:30:03Z"
}