{
"T":16.199188232421875,
"H":114.30582427978516,
"P":996.447021484375,
"PM10":107.8,
"PM25":162.3,
"S":129.0,
"utciso":"2023-05-01T06:20:03Z"
}