{
"T":22.664026260375977,
"H":92.64176940917969,
"P":996.04638671875,
"PM10":128.8,
"PM25":211.1,
"S":140.0,
"utciso":"2023-06-30T02:10:03Z"
}