{
"T":20.101043701171875,
"H":80.66865539550781,
"P":1000.43212890625,
"PM10":112.3,
"PM25":176.1,
"S":159.0,
"utciso":"2023-05-27T00:40:02Z"
}