{
"T":25.647796630859375,
"H":85.56910705566406,
"P":999.824462890625,
"PM10":5.7,
"PM25":6.1,
"S":277.0,
"utciso":"2022-07-02T02:40:18Z"
}