{
"T":26.4893741607666,
"H":78.55754089355469,
"P":996.168701171875,
"PM10":139.9,
"PM25":253.0,
"S":175.0,
"utciso":"2023-07-04T23:50:02Z"
}