{
"T":26.470247268676758,
"H":88.77090454101562,
"P":994.3046875,
"PM10":3.9,
"PM25":4.8,
"S":257.0,
"utciso":"2022-06-29T23:00:26Z"
}