{
"T":20.3879451751709,
"H":83.65353393554688,
"P":998.838134765625,
"PM10":95.3,
"PM25":131.2,
"S":135.0,
"utciso":"2023-05-07T21:20:02Z"
}