{
"T":17.671947479248047,
"H":128.87582397460938,
"P":996.428466796875,
"PM10":115.5,
"PM25":178.3,
"S":137.0,
"utciso":"2023-05-21T06:30:03Z"
}