{
"T":26.31723403930664,
"H":83.93460083007812,
"P":995.377197265625,
"PM10":114.9,
"PM25":177.1,
"S":131.0,
"utciso":"2023-06-12T11:20:03Z"
}