{
"T":22.62577247619629,
"H":75.57572174072266,
"P":1002.056884765625,
"PM10":113.6,
"PM25":178.4,
"S":171.0,
"utciso":"2023-05-26T10:00:03Z"
}