{
"T":24.672334671020508,
"H":102.65349578857422,
"P":994.241455078125,
"PM10":116.6,
"PM25":182.5,
"S":162.0,
"utciso":"2023-06-14T19:50:03Z"
}