{
"T":25.9346981048584,
"H":89.01226043701172,
"P":994.84716796875,
"PM10":114.4,
"PM25":172.7,
"S":183.0,
"utciso":"2023-06-09T12:20:02Z"
}