{
"T":16.141807556152344,
"H":113.05015563964844,
"P":1000.302490234375,
"PM10":105.2,
"PM25":150.7,
"S":135.0,
"utciso":"2023-05-19T05:40:03Z"
}