{
"T":22.644899368286133,
"H":94.66122436523438,
"P":997.57666015625,
"PM10":104.4,
"PM25":149.2,
"S":140.0,
"utciso":"2023-06-07T01:40:03Z"
}