{
"T":18.303129196166992,
"H":90.10905456542969,
"P":1000.75927734375,
"PM10":100.5,
"PM25":142.3,
"S":122.0,
"utciso":"2023-05-19T00:00:02Z"
}