{
"T":16.772991180419922,
"H":77.29576873779297,
"P":989.365234375,
"PM10":96.0,
"PM25":135.7,
"S":119.0,
"utciso":"2023-05-16T00:50:02Z"
}