{
"T":24.90185546875,
"H":70.08256530761719,
"P":1002.14404296875,
"PM10":118.5,
"PM25":189.5,
"S":150.0,
"utciso":"2023-06-24T07:20:02Z"
}