{
"T":20.34969139099121,
"H":85.96932983398438,
"P":998.9443359375,
"PM10":93.9,
"PM25":128.5,
"S":136.0,
"utciso":"2023-05-07T21:30:03Z"
}