{
"T":30.085201263427734,
"H":73.45850372314453,
"P":1003.85400390625,
"PM10":9.1,
"PM25":9.9,
"S":269.0,
"utciso":"2022-07-18T00:00:02Z"
}