{
"T":21.860702514648438,
"H":104.41020202636719,
"P":998.301513671875,
"PM10":116.7,
"PM25":178.2,
"S":145.0,
"utciso":"2023-06-05T07:50:02Z"
}