{
"T":19.029945373535156,
"H":129.06219482421875,
"P":997.0498046875,
"PM10":115.5,
"PM25":178.3,
"S":137.0,
"utciso":"2023-05-21T10:10:02Z"
}