{
"T":31.95962142944336,
"H":45.012027740478516,
"P":998.115478515625,
"PM10":136.0,
"PM25":236.7,
"S":115.0,
"utciso":"2023-06-25T14:00:03Z"
}