{
"T":20.483577728271484,
"H":80.02706909179688,
"P":1000.396240234375,
"PM10":114.0,
"PM25":179.1,
"S":159.0,
"utciso":"2023-05-27T00:10:02Z"
}