{
"T":21.09563446044922,
"H":129.11106872558594,
"P":1000.49755859375,
"PM10":171.8,
"PM25":321.7,
"S":175.0,
"utciso":"2023-06-01T07:10:03Z"
}