{
"T":28.421175003051758,
"H":69.65179443359375,
"P":993.521484375,
"PM10":2.5,
"PM25":3.1,
"S":252.0,
"utciso":"2022-06-30T20:40:17Z"
}