{
"T":20.101043701171875,
"H":105.34507751464844,
"P":998.161376953125,
"PM10":101.2,
"PM25":140.5,
"S":129.0,
"utciso":"2023-06-06T02:40:03Z"
}