{
"T":25.55216407775879,
"H":65.08740234375,
"P":1000.513916015625,
"PM10":122.4,
"PM25":198.5,
"S":146.0,
"utciso":"2023-06-24T23:50:03Z"
}