{
"T":22.07109832763672,
"H":58.33246994018555,
"P":991.306396484375,
"PM10":97.5,
"PM25":139.6,
"S":101.0,
"utciso":"2023-05-14T15:00:03Z"
}