{
"T":23.046560287475586,
"H":129.11106872558594,
"P":992.508056640625,
"PM10":108.1,
"PM25":158.7,
"S":166.0,
"utciso":"2023-06-12T21:40:02Z"
}