{
"T":33.94880294799805,
"H":55.952510833740234,
"P":997.75390625,
"PM10":6.4,
"PM25":6.8,
"S":216.0,
"utciso":"2022-07-04T14:00:18Z"
}