{
"T":23.524728775024414,
"H":87.9796142578125,
"P":996.482177734375,
"PM10":117.9,
"PM25":187.6,
"S":164.0,
"utciso":"2023-06-16T02:10:03Z"
}