{
"T":23.027435302734375,
"H":89.57135009765625,
"P":997.532470703125,
"PM10":109.1,
"PM25":163.7,
"S":155.0,
"utciso":"2023-06-08T00:50:03Z"
}