{
"T":21.784196853637695,
"H":129.11106872558594,
"P":993.682373046875,
"PM10":131.3,
"PM25":222.7,
"S":157.0,
"utciso":"2023-06-30T22:00:04Z"
}