{
"T":20.139297485351562,
"H":105.32980346679688,
"P":998.18701171875,
"PM10":100.1,
"PM25":137.2,
"S":132.0,
"utciso":"2023-06-06T02:30:02Z"
}