{
"T":18.87693214416504,
"H":81.75017547607422,
"P":1003.251953125,
"PM10":95.0,
"PM25":132.0,
"S":144.0,
"utciso":"2023-05-03T08:50:02Z"
}