{
"T":22.109350204467773,
"H":129.11106872558594,
"P":992.971923828125,
"PM10":135.6,
"PM25":228.3,
"S":163.0,
"utciso":"2023-07-01T00:00:03Z"
}