{
"T":18.66653823852539,
"H":83.89183044433594,
"P":1000.81005859375,
"PM10":97.3,
"PM25":136.6,
"S":120.0,
"utciso":"2023-05-18T22:50:03Z"
}