{
"T":28.535934448242188,
"H":70.68748474121094,
"P":992.703857421875,
"PM10":116.9,
"PM25":182.2,
"S":126.0,
"utciso":"2023-06-12T15:30:03Z"
}