{
"T":22.721406936645508,
"H":94.0043716430664,
"P":997.361083984375,
"PM10":108.2,
"PM25":160.5,
"S":155.0,
"utciso":"2023-06-08T01:20:03Z"
}