{
"T":21.459041595458984,
"H":69.49597930908203,
"P":992.729736328125,
"PM10":102.5,
"PM25":151.8,
"S":107.0,
"utciso":"2023-05-10T16:50:03Z"
}