{
"T":26.52762794494629,
"H":71.47265625,
"P":995.160400390625,
"PM10":122.7,
"PM25":195.4,
"S":144.0,
"utciso":"2023-05-22T14:50:02Z"
}