{
"T":27.044050216674805,
"H":80.43951416015625,
"P":998.14892578125,
"PM10":129.7,
"PM25":218.9,
"S":145.0,
"utciso":"2023-06-18T20:00:03Z"
}