{
"T":34.273956298828125,
"H":51.53171157836914,
"P":997.918701171875,
"PM10":6.2,
"PM25":7.1,
"S":224.0,
"utciso":"2022-07-21T19:50:03Z"
}