{
"T":22.950927734375,
"H":101.3978271484375,
"P":996.25537109375,
"PM10":114.5,
"PM25":175.1,
"S":149.0,
"utciso":"2023-06-01T21:50:02Z"
}