{
"T":29.62615966796875,
"H":55.25288391113281,
"P":994.4970703125,
"PM10":127.3,
"PM25":209.3,
"S":121.0,
"utciso":"2023-06-15T17:50:02Z"
}