{
"T":28.4403018951416,
"H":70.14060974121094,
"P":994.068115234375,
"PM10":117.1,
"PM25":180.5,
"S":134.0,
"utciso":"2023-06-08T15:50:02Z"
}