{
"T":20.73222541809082,
"H":104.73404693603516,
"P":998.14892578125,
"PM10":116.1,
"PM25":178.5,
"S":140.0,
"utciso":"2023-06-03T06:40:02Z"
}