{
"T":29.167118072509766,
"H":52.93096923828125,
"P":992.656005859375,
"PM10":117.1,
"PM25":184.7,
"S":130.0,
"utciso":"2023-05-24T14:40:03Z"
}