{
"T":26.08771324157715,
"H":82.26038360595703,
"P":995.985107421875,
"PM10":127.9,
"PM25":208.9,
"S":186.0,
"utciso":"2023-06-28T05:50:02Z"
}