{
"T":34.23570251464844,
"H":49.814720153808594,
"P":1000.6484375,
"PM10":4.7,
"PM25":5.1,
"S":212.0,
"utciso":"2022-07-02T13:50:17Z"
}