{
"T":20.90436553955078,
"H":68.8085708618164,
"P":999.714111328125,
"PM10":102.3,
"PM25":150.3,
"S":104.0,
"utciso":"2023-05-02T19:10:02Z"
}