{
"T":24.978361129760742,
"H":84.57007598876953,
"P":997.8251953125,
"PM10":109.2,
"PM25":162.3,
"S":139.0,
"utciso":"2023-06-07T21:20:03Z"
}