{
"T":27.522218704223633,
"H":68.02951049804688,
"P":1000.22900390625,
"PM10":,
"PM25":,
"S":,
"utciso":"2022-07-10T09:10:23Z"
}