{
"T":29.740921020507812,
"H":73.01856231689453,
"P":999.93408203125,
"PM10":7.2,
"PM25":7.9,
"S":274.0,
"utciso":"2022-07-07T09:10:18Z"
}