{
"T":27.4648380279541,
"H":78.44145202636719,
"P":999.17822265625,
"PM10":5.4,
"PM25":6.0,
"S":260.0,
"utciso":"2022-07-01T23:20:17Z"
}