{
"T":26.565881729125977,
"H":90.23737335205078,
"P":999.351806640625,
"PM10":7.3,
"PM25":8.1,
"S":286.0,
"utciso":"2022-07-07T03:40:17Z"
}