{
"T":28.841962814331055,
"H":63.4498405456543,
"P":998.1259765625,
"PM10":124.7,
"PM25":200.6,
"S":120.0,
"utciso":"2023-05-27T15:00:03Z"
}