{
"T":20.90436553955078,
"H":128.45420837402344,
"P":1000.402099609375,
"PM10":131.5,
"PM25":222.0,
"S":125.0,
"utciso":"2023-05-31T20:10:03Z"
}