{
"T":19.355100631713867,
"H":82.15039825439453,
"P":998.33935546875,
"PM10":107.0,
"PM25":164.8,
"S":126.0,
"utciso":"2023-05-02T09:40:03Z"
}