{
"T":30.4486083984375,
"H":66.47749328613281,
"P":1001.96240234375,
"PM10":6.4,
"PM25":6.9,
"S":245.0,
"utciso":"2022-07-02T10:00:18Z"
}