{
"T":28.975849151611328,
"H":68.7230224609375,
"P":992.358154296875,
"PM10":116.9,
"PM25":183.6,
"S":124.0,
"utciso":"2023-06-12T16:30:02Z"
}