{
"T":16.141807556152344,
"H":96.76316833496094,
"P":998.988525390625,
"PM10":107.2,
"PM25":160.2,
"S":142.0,
"utciso":"2023-05-13T05:10:02Z"
}