{
"T":28.4976806640625,
"H":67.54985046386719,
"P":998.381591796875,
"PM10":2.4,
"PM25":2.5,
"S":234.0,
"utciso":"2022-07-10T23:00:02Z"
}