{
"T":24.347179412841797,
"H":62.084190368652344,
"P":998.4755859375,
"PM10":92.0,
"PM25":121.4,
"S":117.0,
"utciso":"2023-05-05T19:10:03Z"
}