{
"T":23.48647689819336,
"H":114.85575103759766,
"P":992.01416015625,
"PM10":110.0,
"PM25":167.5,
"S":149.0,
"utciso":"2023-06-13T18:40:02Z"
}