{
"T":16.54347038269043,
"H":128.70779418945312,
"P":996.556396484375,
"PM10":101.3,
"PM25":148.2,
"S":127.0,
"utciso":"2023-05-20T18:00:03Z"
}