{
"T":24.328052520751953,
"H":66.38583374023438,
"P":1001.24169921875,
"PM10":96.0,
"PM25":126.8,
"S":134.0,
"utciso":"2023-05-05T10:20:03Z"
}