{
"T":25.035741806030273,
"H":75.80485534667969,
"P":1001.175537109375,
"PM10":111.3,
"PM25":161.7,
"S":117.0,
"utciso":"2023-05-25T12:20:03Z"
}