{
"T":33.10722732543945,
"H":48.940948486328125,
"P":999.5146484375,
"PM10":132.7,
"PM25":222.5,
"S":127.0,
"utciso":"2023-06-22T13:50:03Z"
}