{
"T":18.4370174407959,
"H":95.81301879882812,
"P":996.95166015625,
"PM10":108.6,
"PM25":156.8,
"S":193.0,
"utciso":"2023-05-23T06:00:03Z"
}