{
"T":15.759273529052734,
"H":117.96894836425781,
"P":997.1953125,
"PM10":98.9,
"PM25":140.7,
"S":123.0,
"utciso":"2023-05-20T06:30:03Z"
}