{
"T":26.183345794677734,
"H":50.764869689941406,
"P":1000.31689453125,
"PM10":107.6,
"PM25":160.6,
"S":107.0,
"utciso":"2023-05-04T15:20:02Z"
}