{
"T":28.11514663696289,
"H":67.84925842285156,
"P":993.795654296875,
"PM10":115.1,
"PM25":175.5,
"S":133.0,
"utciso":"2023-06-08T16:40:03Z"
}