{
"T":19.240339279174805,
"H":81.31939697265625,
"P":994.55126953125,
"PM10":103.4,
"PM25":154.0,
"S":109.0,
"utciso":"2023-05-10T21:20:03Z"
}