{
"T":22.377124786376953,
"H":77.15522766113281,
"P":1002.453369140625,
"PM10":113.2,
"PM25":178.5,
"S":167.0,
"utciso":"2023-05-26T09:30:03Z"
}