{
"T":25.55216407775879,
"H":82.10151672363281,
"P":1000.14013671875,
"PM10":4.1,
"PM25":4.5,
"S":258.0,
"utciso":"2022-07-11T05:30:03Z"
}