{
"T":32.036128997802734,
"H":64.98963928222656,
"P":994.12060546875,
"PM10":160.4,
"PM25":320.9,
"S":169.0,
"utciso":"2023-07-05T16:20:03Z"
}