{
"T":20.062789916992188,
"H":71.04188537597656,
"P":988.78173828125,
"PM10":98.5,
"PM25":142.3,
"S":112.0,
"utciso":"2023-05-16T21:20:02Z"
}