{
"T":14.229133605957031,
"H":125.30741119384766,
"P":997.393310546875,
"PM10":108.9,
"PM25":162.3,
"S":132.0,
"utciso":"2023-05-02T01:00:03Z"
}