{
"T":26.412866592407227,
"H":74.92497253417969,
"P":996.47802734375,
"PM10":107.2,
"PM25":154.8,
"S":124.0,
"utciso":"2023-06-06T19:20:03Z"
}