{
"T":29.224498748779297,
"H":54.24162673950195,
"P":995.412841796875,
"PM10":137.0,
"PM25":238.5,
"S":113.0,
"utciso":"2023-05-30T15:50:03Z"
}