{
"T":25.28438949584961,
"H":79.70628356933594,
"P":1000.781494140625,
"PM10":134.1,
"PM25":234.4,
"S":153.0,
"utciso":"2023-06-20T07:10:02Z"
}