{
"T":36.951698303222656,
"H":46.33490753173828,
"P":1000.76904296875,
"PM10":8.5,
"PM25":9.3,
"S":187.0,
"utciso":"2022-07-18T17:00:03Z"
}