{
"T":23.86901092529297,
"H":96.14908599853516,
"P":991.345947265625,
"PM10":142.0,
"PM25":263.3,
"S":166.0,
"utciso":"2023-07-02T03:20:02Z"
}