{
"T":22.434505462646484,
"H":89.47358703613281,
"P":997.64013671875,
"PM10":120.0,
"PM25":186.8,
"S":183.0,
"utciso":"2023-05-22T09:50:03Z"
}