{
"T":27.08230209350586,
"H":75.49934387207031,
"P":993.328857421875,
"PM10":211.1,
"PM25":463.8,
"S":165.0,
"utciso":"2023-07-02T23:10:03Z"
}