{
"T":14.535161972045898,
"H":82.65144348144531,
"P":988.260009765625,
"PM10":103.1,
"PM25":152.8,
"S":122.0,
"utciso":"2023-05-16T04:20:03Z"
}