{
"T":27.50309181213379,
"H":64.32972717285156,
"P":1000.14697265625,
"PM10":126.5,
"PM25":213.1,
"S":123.0,
"utciso":"2023-06-29T12:10:03Z"
}