{
"T":29.492271423339844,
"H":76.27229309082031,
"P":1005.127685546875,
"PM10":13.7,
"PM25":15.0,
"S":284.0,
"utciso":"2022-07-18T07:00:02Z"
}