{
"T":31.21367835998535,
"H":40.38042449951172,
"P":1000.337890625,
"PM10":132.3,
"PM25":224.9,
"S":128.0,
"utciso":"2023-06-21T17:50:03Z"
}