{
"T":31.13717269897461,
"H":62.76548767089844,
"P":994.526123046875,
"PM10":171.5,
"PM25":352.3,
"S":165.0,
"utciso":"2023-07-04T18:00:02Z"
}