{
"T":19.718507766723633,
"H":78.44450378417969,
"P":1004.01171875,
"PM10":110.7,
"PM25":169.8,
"S":134.0,
"utciso":"2023-05-04T08:30:03Z"
}