{
"T":34.69474411010742,
"H":46.20658874511719,
"P":996.32177734375,
"PM10":3.6,
"PM25":4.0,
"S":157.0,
"utciso":"2022-07-07T17:40:18Z"
}