{
"T":21.363407135009766,
"H":125.49072265625,
"P":993.68212890625,
"PM10":103.2,
"PM25":151.0,
"S":162.0,
"utciso":"2023-06-13T09:40:03Z"
}