{
"T":15.68276596069336,
"H":87.06613159179688,
"P":996.67724609375,
"PM10":91.8,
"PM25":123.9,
"S":137.0,
"utciso":"2023-04-29T05:30:03Z"
}