{
"T":28.4403018951416,
"H":73.01856231689453,
"P":998.97216796875,
"PM10":177.9,
"PM25":370.7,
"S":155.0,
"utciso":"2023-06-26T09:00:03Z"
}