{
"T":34.56085968017578,
"H":45.650550842285156,
"P":999.6962890625,
"PM10":3.4,
"PM25":3.7,
"S":254.0,
"utciso":"2022-07-02T17:40:17Z"
}