{
"T":27.02492332458496,
"H":64.65662384033203,
"P":1001.92626953125,
"PM10":3.2,
"PM25":3.6,
"S":205.0,
"utciso":"2022-07-08T01:50:23Z"
}