{
"T":24.557573318481445,
"H":93.24058532714844,
"P":997.622314453125,
"PM10":141.0,
"PM25":256.3,
"S":207.0,
"utciso":"2023-07-05T05:40:02Z"
}