{
"T":22.03284454345703,
"H":60.67271423339844,
"P":1002.19921875,
"PM10":99.2,
"PM25":143.3,
"S":102.0,
"utciso":"2023-05-03T19:30:03Z"
}