{
"T":16.945131301879883,
"H":79.25411987304688,
"P":998.89111328125,
"PM10":102.5,
"PM25":152.6,
"S":113.0,
"utciso":"2023-05-18T00:50:02Z"
}