{
"T":25.303516387939453,
"H":67.32376861572266,
"P":1000.5068359375,
"PM10":123.9,
"PM25":203.0,
"S":148.0,
"utciso":"2023-06-25T00:30:03Z"
}