{
"T":26.738021850585938,
"H":78.07788848876953,
"P":995.98486328125,
"PM10":139.7,
"PM25":253.4,
"S":172.0,
"utciso":"2023-07-04T23:30:03Z"
}