{
"T":20.713098526000977,
"H":95.87106323242188,
"P":996.966796875,
"PM10":111.4,
"PM25":162.7,
"S":173.0,
"utciso":"2023-05-22T22:30:03Z"
}