{
"T":30.4486083984375,
"H":64.07003784179688,
"P":993.197021484375,
"PM10":121.1,
"PM25":189.2,
"S":140.0,
"utciso":"2023-06-11T13:30:03Z"
}