{
"T":23.33346176147461,
"H":87.98878479003906,
"P":996.4169921875,
"PM10":117.3,
"PM25":184.4,
"S":165.0,
"utciso":"2023-06-16T02:20:03Z"
}