{
"T":24.920982360839844,
"H":81.86627197265625,
"P":997.41162109375,
"PM10":124.5,
"PM25":202.4,
"S":122.0,
"utciso":"2023-06-29T20:20:02Z"
}