{
"T":24.57670021057129,
"H":77.68071746826172,
"P":998.4169921875,
"PM10":115.6,
"PM25":175.6,
"S":134.0,
"utciso":"2023-05-27T22:50:03Z"
}