{
"T":26.16421890258789,
"H":82.26954650878906,
"P":997.521240234375,
"PM10":7.9,
"PM25":8.7,
"S":280.0,
"utciso":"2022-07-15T05:50:02Z"
}