{
"T":20.0245361328125,
"H":64.70855712890625,
"P":989.7998046875,
"PM10":94.1,
"PM25":131.5,
"S":110.0,
"utciso":"2023-05-15T21:00:03Z"
}