{
"T":26.585006713867188,
"H":73.4462890625,
"P":996.375,
"PM10":124.7,
"PM25":205.0,
"S":141.0,
"utciso":"2023-06-15T20:50:02Z"
}