{
"T":21.9754638671875,
"H":129.11106872558594,
"P":991.8359375,
"PM10":130.6,
"PM25":218.9,
"S":179.0,
"utciso":"2023-07-01T02:30:02Z"
}