{
"T":30.06607437133789,
"H":68.07533264160156,
"P":998.968994140625,
"PM10":6.2,
"PM25":6.6,
"S":274.0,
"utciso":"2022-07-14T22:40:03Z"
}