{
"T":27.694358825683594,
"H":66.23613739013672,
"P":996.08740234375,
"PM10":121.2,
"PM25":189.2,
"S":117.0,
"utciso":"2023-05-28T12:40:03Z"
}