{
"T":23.5629825592041,
"H":94.80787658691406,
"P":995.87646484375,
"PM10":108.2,
"PM25":158.1,
"S":147.0,
"utciso":"2023-06-02T09:00:03Z"
}