{
"T":24.289798736572266,
"H":80.91000366210938,
"P":1000.6650390625,
"PM10":131.7,
"PM25":225.5,
"S":152.0,
"utciso":"2023-06-20T06:20:02Z"
}