{
"T":18.723918914794922,
"H":129.03469848632812,
"P":1000.25244140625,
"PM10":106.9,
"PM25":154.6,
"S":149.0,
"utciso":"2023-06-01T01:00:03Z"
}