{
"T":29.224498748779297,
"H":73.232421875,
"P":995.216796875,
"PM10":5.0,
"PM25":5.7,
"S":254.0,
"utciso":"2022-06-30T09:50:24Z"
}