{
"T":27.560470581054688,
"H":93.92799377441406,
"P":998.263427734375,
"PM10":6.0,
"PM25":6.6,
"S":294.0,
"utciso":"2022-07-05T08:40:17Z"
}