{
"T":18.743045806884766,
"H":98.41600036621094,
"P":997.27001953125,
"PM10":94.9,
"PM25":125.7,
"S":123.0,
"utciso":"2023-04-30T20:10:03Z"
}