{
"T":27.522218704223633,
"H":67.91952514648438,
"P":996.72607421875,
"PM10":145.1,
"PM25":271.1,
"S":126.0,
"utciso":"2023-06-17T20:30:03Z"
}