{
"T":26.298107147216797,
"H":57.76726531982422,
"P":1001.02001953125,
"PM10":117.8,
"PM25":188.0,
"S":142.0,
"utciso":"2023-05-26T12:10:03Z"
}