{
"T":22.62577247619629,
"H":88.01628112792969,
"P":998.265625,
"PM10":120.5,
"PM25":190.8,
"S":166.0,
"utciso":"2023-06-17T06:40:03Z"
}