{
"T":28.191654205322266,
"H":71.11215209960938,
"P":994.967041015625,
"PM10":117.3,
"PM25":179.5,
"S":133.0,
"utciso":"2023-06-08T13:40:03Z"
}