{
"T":29.492271423339844,
"H":51.14676284790039,
"P":995.6015625,
"PM10":92.9,
"PM25":118.4,
"S":115.0,
"utciso":"2023-05-06T15:30:02Z"
}