{
"T":21.59292984008789,
"H":129.11106872558594,
"P":993.89892578125,
"PM10":131.8,
"PM25":223.1,
"S":153.0,
"utciso":"2023-06-30T19:50:02Z"
}