{
"T":24.653207778930664,
"H":85.9051742553711,
"P":995.07177734375,
"PM10":114.0,
"PM25":170.8,
"S":164.0,
"utciso":"2023-06-08T22:20:03Z"
}