{
"T":30.77376365661621,
"H":64.40304565429688,
"P":993.21533203125,
"PM10":119.0,
"PM25":183.9,
"S":134.0,
"utciso":"2023-06-11T15:40:03Z"
}