{
"T":16.33307647705078,
"H":119.884521484375,
"P":996.672119140625,
"PM10":110.7,
"PM25":159.7,
"S":137.0,
"utciso":"2023-05-01T11:20:02Z"
}