{
"T":26.278980255126953,
"H":93.8271713256836,
"P":995.670654296875,
"PM10":120.7,
"PM25":187.8,
"S":135.0,
"utciso":"2023-06-01T18:50:03Z"
}