{
"T":30.50598907470703,
"H":55.3964729309082,
"P":998.84326171875,
"PM10":131.8,
"PM25":225.2,
"S":122.0,
"utciso":"2023-06-25T12:20:03Z"
}