{
"T":21.191267013549805,
"H":67.81259155273438,
"P":1000.174072265625,
"PM10":107.0,
"PM25":164.8,
"S":116.0,
"utciso":"2023-05-18T13:10:02Z"
}