{
"T":21.6120548248291,
"H":109.52452087402344,
"P":995.93798828125,
"PM10":112.1,
"PM25":172.0,
"S":184.0,
"utciso":"2023-06-15T00:50:02Z"
}