{
"T":18.150115966796875,
"H":88.07738494873047,
"P":998.2060546875,
"PM10":147.0,
"PM25":234.1,
"S":117.0,
"utciso":"2023-05-13T22:10:07Z"
}