{
"T":28.172527313232422,
"H":51.98387145996094,
"P":1000.0498046875,
"PM10":180.5,
"PM25":352.0,
"S":133.0,
"utciso":"2023-06-23T22:10:06Z"
}