{
"T":27.560470581054688,
"H":81.88765716552734,
"P":993.962158203125,
"PM10":128.0,
"PM25":205.9,
"S":193.0,
"utciso":"2023-06-28T01:20:03Z"
}