{
"T":24.46194076538086,
"H":80.95889282226562,
"P":998.2724609375,
"PM10":124.4,
"PM25":198.9,
"S":161.0,
"utciso":"2023-06-17T08:00:03Z"
}