{
"T":29.30100440979004,
"H":69.94813537597656,
"P":993.65576171875,
"PM10":116.9,
"PM25":179.1,
"S":150.0,
"utciso":"2023-06-11T12:00:03Z"
}