{
"T":24.19416618347168,
"H":45.995784759521484,
"P":990.07275390625,
"PM10":97.2,
"PM25":137.3,
"S":113.0,
"utciso":"2023-05-11T12:20:02Z"
}