{
"T":24.882728576660156,
"H":72.54501342773438,
"P":1001.754150390625,
"PM10":115.5,
"PM25":180.4,
"S":163.0,
"utciso":"2023-06-22T02:20:03Z"
}