{
"T":28.191654205322266,
"H":70.7027587890625,
"P":1001.352294921875,
"PM10":5.1,
"PM25":5.5,
"S":281.0,
"utciso":"2022-07-02T23:20:17Z"
}