{
"T":24.347179412841797,
"H":68.59471130371094,
"P":1000.426513671875,
"PM10":121.2,
"PM25":196.2,
"S":148.0,
"utciso":"2023-06-25T01:30:02Z"
}