{
"T":28.880216598510742,
"H":75.69486999511719,
"P":999.1875,
"PM10":9.6,
"PM25":10.4,
"S":265.0,
"utciso":"2022-07-22T03:30:03Z"
}