{
"T":37.31510925292969,
"H":47.2667236328125,
"P":994.664306640625,
"PM10":2.9,
"PM25":3.0,
"S":198.0,
"utciso":"2022-07-15T14:00:03Z"
}