{
"T":29.56877899169922,
"H":80.57089233398438,
"P":992.9091796875,
"PM10":3.7,
"PM25":4.9,
"S":236.0,
"utciso":"2022-06-29T18:40:20Z"
}