{
"T":28.516807556152344,
"H":66.72801208496094,
"P":998.35546875,
"PM10":2.6,
"PM25":2.8,
"S":232.0,
"utciso":"2022-07-10T22:50:02Z"
}