{
"T":28.82283592224121,
"H":67.21684265136719,
"P":993.69970703125,
"PM10":2.6,
"PM25":2.9,
"S":248.0,
"utciso":"2022-06-30T20:10:18Z"
}