{
"T":20.693971633911133,
"H":68.39918518066406,
"P":988.406982421875,
"PM10":98.9,
"PM25":143.1,
"S":106.0,
"utciso":"2023-05-16T18:40:03Z"
}