{
"T":25.896446228027344,
"H":78.96693420410156,
"P":997.443359375,
"PM10":122.6,
"PM25":198.8,
"S":129.0,
"utciso":"2023-05-29T13:30:03Z"
}