{
"T":18.0736083984375,
"H":97.53001403808594,
"P":996.752685546875,
"PM10":103.9,
"PM25":144.6,
"S":187.0,
"utciso":"2023-05-23T03:30:02Z"
}