{
"T":19.125579833984375,
"H":76.33645629882812,
"P":998.3564453125,
"PM10":83.5,
"PM25":104.4,
"S":106.0,
"utciso":"2023-04-28T22:50:02Z"
}