{
"T":17.117271423339844,
"H":128.7933349609375,
"P":996.145751953125,
"PM10":115.5,
"PM25":178.3,
"S":137.0,
"utciso":"2023-05-21T00:40:03Z"
}