{
"T":31.653594970703125,
"H":42.18601608276367,
"P":999.6533203125,
"PM10":144.2,
"PM25":265.4,
"S":127.0,
"utciso":"2023-06-20T14:40:03Z"
}