{
"T":24.614953994750977,
"H":85.41940307617188,
"P":998.71533203125,
"PM10":136.1,
"PM25":238.2,
"S":150.0,
"utciso":"2023-06-26T03:20:03Z"
}