{
"T":14.994203567504883,
"H":122.77774810791016,
"P":998.016357421875,
"PM10":104.0,
"PM25":151.9,
"S":132.0,
"utciso":"2023-05-02T06:00:03Z"
}