{
"T":20.521831512451172,
"H":92.53178405761719,
"P":1002.756103515625,
"PM10":111.8,
"PM25":176.1,
"S":177.0,
"utciso":"2023-05-26T08:10:03Z"
}