{
"T":25.01661491394043,
"H":71.08160400390625,
"P":1000.15087890625,
"PM10":106.0,
"PM25":154.4,
"S":141.0,
"utciso":"2023-05-08T11:20:03Z"
}