{
"T":22.09022331237793,
"H":108.62936401367188,
"P":995.509521484375,
"PM10":114.2,
"PM25":177.0,
"S":178.0,
"utciso":"2023-06-14T23:30:04Z"
}