{
"T":24.920982360839844,
"H":86.95614624023438,
"P":994.753173828125,
"PM10":128.0,
"PM25":217.0,
"S":181.0,
"utciso":"2023-06-30T10:20:03Z"
}