{
"T":22.319744110107422,
"H":91.35861206054688,
"P":997.2158203125,
"PM10":119.8,
"PM25":191.7,
"S":174.0,
"utciso":"2023-06-16T04:30:02Z"
}