{
"T":24.997488021850586,
"H":91.19974517822266,
"P":996.31982421875,
"PM10":144.4,
"PM25":269.5,
"S":194.0,
"utciso":"2023-07-06T03:30:03Z"
}