{
"T":34.23570251464844,
"H":62.780765533447266,
"P":993.236083984375,
"PM10":218.5,
"PM25":463.4,
"S":146.0,
"utciso":"2023-06-27T13:30:02Z"
}