{
"T":20.34969139099121,
"H":105.6658706665039,
"P":998.6923828125,
"PM10":113.0,
"PM25":172.2,
"S":124.0,
"utciso":"2023-05-29T01:20:03Z"
}