{
"T":26.585006713867188,
"H":70.76386260986328,
"P":995.10107421875,
"PM10":2.9,
"PM25":3.2,
"S":247.0,
"utciso":"2022-06-30T23:30:23Z"
}