{
"T":31.7874813079834,
"H":65.33792114257812,
"P":995.970458984375,
"PM10":156.0,
"PM25":307.9,
"S":167.0,
"utciso":"2023-07-04T13:10:03Z"
}