{
"T":21.860702514648438,
"H":61.07293701171875,
"P":991.5419921875,
"PM10":98.3,
"PM25":141.8,
"S":103.0,
"utciso":"2023-05-14T14:30:02Z"
}