{
"T":23.295207977294922,
"H":88.90838623046875,
"P":996.470703125,
"PM10":118.3,
"PM25":188.2,
"S":165.0,
"utciso":"2023-06-16T02:40:03Z"
}