{
"T":24.36630630493164,
"H":87.49385070800781,
"P":994.931396484375,
"PM10":115.3,
"PM25":175.8,
"S":166.0,
"utciso":"2023-06-08T23:10:03Z"
}