{
"T":24.079404830932617,
"H":48.4765625,
"P":1000.759033203125,
"PM10":100.3,
"PM25":144.9,
"S":102.0,
"utciso":"2023-05-03T17:50:02Z"
}