{
"T":29.932186126708984,
"H":52.362709045410156,
"P":1000.136474609375,
"PM10":1.9,
"PM25":2.1,
"S":209.0,
"utciso":"2022-07-11T21:10:02Z"
}