{
"T":27.369203567504883,
"H":85.84407043457031,
"P":998.822265625,
"PM10":7.8,
"PM25":8.5,
"S":299.0,
"utciso":"2022-07-16T05:20:02Z"
}