{
"T":21.860702514648438,
"H":64.2105712890625,
"P":997.5615234375,
"PM10":95.2,
"PM25":129.9,
"S":113.0,
"utciso":"2023-05-06T22:20:03Z"
}