{
"T":27.751739501953125,
"H":74.90969848632812,
"P":994.28955078125,
"PM10":115.2,
"PM25":174.7,
"S":168.0,
"utciso":"2023-06-11T10:30:03Z"
}