{
"T":18.34138298034668,
"H":89.7332763671875,
"P":999.43212890625,
"PM10":103.9,
"PM25":152.2,
"S":149.0,
"utciso":"2023-05-08T03:40:03Z"
}