{
"T":15.797527313232422,
"H":113.9636459350586,
"P":997.69287109375,
"PM10":99.6,
"PM25":142.2,
"S":124.0,
"utciso":"2023-05-20T03:10:02Z"
}