{
"T":23.964645385742188,
"H":88.88088989257812,
"P":996.069091796875,
"PM10":108.3,
"PM25":159.8,
"S":159.0,
"utciso":"2023-06-12T01:30:03Z"
}