{
"T":31.69184684753418,
"H":64.61691284179688,
"P":1002.395751953125,
"PM10":9.0,
"PM25":10.0,
"S":232.0,
"utciso":"2022-07-14T09:30:03Z"
}