{
"T":20.40707015991211,
"H":78.65531158447266,
"P":1000.421875,
"PM10":108.2,
"PM25":164.9,
"S":122.0,
"utciso":"2023-05-18T10:20:03Z"
}