{
"T":24.767967224121094,
"H":44.99369812011719,
"P":989.230712890625,
"PM10":103.1,
"PM25":152.0,
"S":112.0,
"utciso":"2023-05-15T13:10:03Z"
}