{
"T":32.380409240722656,
"H":71.95536804199219,
"P":1003.9853515625,
"PM10":9.5,
"PM25":10.2,
"S":275.0,
"utciso":"2022-07-17T09:30:02Z"
}