{
"T":24.997488021850586,
"H":70.86773681640625,
"P":997.753173828125,
"PM10":106.0,
"PM25":145.4,
"S":136.0,
"utciso":"2023-05-09T11:50:03Z"
}