{
"T":35.70846176147461,
"H":53.902503967285156,
"P":1002.132080078125,
"PM10":8.2,
"PM25":8.8,
"S":225.0,
"utciso":"2022-07-17T14:20:02Z"
}