{
"T":37.42987060546875,
"H":39.595252990722656,
"P":999.80859375,
"PM10":6.5,
"PM25":6.9,
"S":174.0,
"utciso":"2022-07-20T14:20:02Z"
}