{
"T":21.0,
"H":118.91909790039062,
"P":996.7666015625,
"PM10":105.5,
"PM25":156.1,
"S":139.0,
"utciso":"2023-06-12T04:50:03Z"
}