{
"T":24.69145965576172,
"H":80.6930923461914,
"P":1000.7783203125,
"PM10":132.6,
"PM25":229.5,
"S":152.0,
"utciso":"2023-06-20T06:50:02Z"
}