{
"T":26.240726470947266,
"H":75.30686950683594,
"P":997.51953125,
"PM10":125.7,
"PM25":204.4,
"S":163.0,
"utciso":"2023-06-16T09:20:03Z"
}