{
"T":18.054481506347656,
"H":80.79086303710938,
"P":998.109619140625,
"PM10":84.1,
"PM25":104.9,
"S":115.0,
"utciso":"2023-04-29T00:10:03Z"
}