{
"T":20.61746597290039,
"H":78.8416748046875,
"P":999.898193359375,
"PM10":98.2,
"PM25":136.1,
"S":137.0,
"utciso":"2023-05-07T07:10:03Z"
}