{
"T":25.01661491394043,
"H":100.9365005493164,
"P":999.431884765625,
"PM10":5.4,
"PM25":5.9,
"S":305.0,
"utciso":"2022-07-04T03:20:18Z"
}