{
"T":37.257728576660156,
"H":40.07490921020508,
"P":998.20556640625,
"PM10":3.6,
"PM25":3.8,
"S":210.0,
"utciso":"2022-07-03T15:00:26Z"
}