{
"T":27.981260299682617,
"H":61.326515197753906,
"P":996.041015625,
"PM10":138.2,
"PM25":231.6,
"S":112.0,
"utciso":"2023-05-30T18:30:03Z"
}