{
"T":27.981260299682617,
"H":74.67140197753906,
"P":993.132568359375,
"PM10":116.1,
"PM25":180.2,
"S":123.0,
"utciso":"2023-06-12T14:20:03Z"
}