{
"T":25.07399559020996,
"H":81.01388549804688,
"P":995.437744140625,
"PM10":3.1,
"PM25":3.3,
"S":258.0,
"utciso":"2022-07-01T03:00:17Z"
}