{
"T":29.549652099609375,
"H":63.29708480834961,
"P":996.35009765625,
"PM10":134.4,
"PM25":224.2,
"S":119.0,
"utciso":"2023-06-17T12:20:03Z"
}