{
"T":25.8773193359375,
"H":85.09556579589844,
"P":996.359130859375,
"PM10":127.9,
"PM25":212.3,
"S":184.0,
"utciso":"2023-06-27T03:40:03Z"
}