{
"T":20.770479202270508,
"H":105.64142608642578,
"P":996.4130859375,
"PM10":115.5,
"PM25":178.3,
"S":137.0,
"utciso":"2023-05-21T18:50:03Z"
}