{
"T":21.459041595458984,
"H":108.25357818603516,
"P":996.986572265625,
"PM10":111.8,
"PM25":172.2,
"S":207.0,
"utciso":"2023-06-15T06:20:03Z"
}