{
"T":19.795015335083008,
"H":128.96441650390625,
"P":1000.70068359375,
"PM10":108.4,
"PM25":159.5,
"S":150.0,
"utciso":"2023-05-31T23:00:03Z"
}