{
"T":32.380409240722656,
"H":54.93514633178711,
"P":1003.18798828125,
"PM10":8.5,
"PM25":14.0,
"S":244.0,
"utciso":"2022-07-20T08:40:03Z"
}