{
"T":27.61785125732422,
"H":61.85505294799805,
"P":994.43212890625,
"PM10":112.8,
"PM25":166.5,
"S":141.0,
"utciso":"2023-05-23T13:20:02Z"
}