{
"T":26.833656311035156,
"H":57.26316833496094,
"P":998.8212890625,
"PM10":103.3,
"PM25":148.1,
"S":115.0,
"utciso":"2023-05-08T16:50:03Z"
}