{
"T":15.434118270874023,
"H":80.65032196044922,
"P":988.775634765625,
"PM10":97.0,
"PM25":138.4,
"S":120.0,
"utciso":"2023-05-16T02:40:03Z"
}