{
"T":27.84737205505371,
"H":86.94087219238281,
"P":999.37841796875,
"PM10":8.4,
"PM25":9.1,
"S":301.0,
"utciso":"2022-07-16T06:10:02Z"
}