{
"T":26.986669540405273,
"H":79.78265380859375,
"P":993.935302734375,
"PM10":110.8,
"PM25":166.7,
"S":172.0,
"utciso":"2023-06-09T16:00:02Z"
}