{
"T":32.43778991699219,
"H":62.151405334472656,
"P":995.189697265625,
"PM10":3.6,
"PM25":3.9,
"S":223.0,
"utciso":"2022-07-01T14:40:17Z"
}