{
"T":20.770479202270508,
"H":113.69479370117188,
"P":997.138671875,
"PM10":117.4,
"PM25":181.5,
"S":127.0,
"utciso":"2023-05-28T22:50:03Z"
}