{
"T":27.369203567504883,
"H":92.48291015625,
"P":999.780029296875,
"PM10":6.7,
"PM25":7.3,
"S":310.0,
"utciso":"2022-07-04T07:20:25Z"
}