{
"T":26.25985336303711,
"H":68.83606719970703,
"P":996.73486328125,
"PM10":121.8,
"PM25":196.2,
"S":120.0,
"utciso":"2023-05-29T17:50:02Z"
}