{
"T":24.672334671020508,
"H":92.6845474243164,
"P":997.3193359375,
"PM10":140.4,
"PM25":255.8,
"S":204.0,
"utciso":"2023-07-05T05:20:03Z"
}