{
"T":26.355487823486328,
"H":77.59822845458984,
"P":998.41162109375,
"PM10":130.0,
"PM25":219.6,
"S":141.0,
"utciso":"2023-06-26T00:20:03Z"
}