{
"T":18.532649993896484,
"H":86.60480499267578,
"P":1002.590576171875,
"PM10":98.7,
"PM25":134.9,
"S":145.0,
"utciso":"2023-05-05T06:00:02Z"
}