{
"T":16.21831512451172,
"H":121.57096862792969,
"P":996.6318359375,
"PM10":109.4,
"PM25":155.4,
"S":139.0,
"utciso":"2023-05-01T12:00:03Z"
}