{
"T":28.82283592224121,
"H":75.39852142333984,
"P":994.302978515625,
"PM10":163.1,
"PM25":335.8,
"S":176.0,
"utciso":"2023-07-03T19:40:03Z"
}