{
"T":18.111862182617188,
"H":85.60577392578125,
"P":994.31494140625,
"PM10":96.3,
"PM25":134.9,
"S":114.0,
"utciso":"2023-05-10T23:10:03Z"
}