{
"T":26.79540252685547,
"H":81.18802642822266,
"P":996.0283203125,
"PM10":127.6,
"PM25":210.2,
"S":170.0,
"utciso":"2023-06-27T02:10:02Z"
}