{
"T":15.395865440368652,
"H":116.0105972290039,
"P":996.69140625,
"PM10":106.3,
"PM25":155.7,
"S":132.0,
"utciso":"2023-05-01T14:40:02Z"
}