{
"T":26.75714874267578,
"H":75.8720703125,
"P":992.840576171875,
"PM10":135.7,
"PM25":238.8,
"S":137.0,
"utciso":"2023-06-30T15:30:03Z"
}