{
"T":24.57670021057129,
"H":90.71092224121094,
"P":993.448486328125,
"PM10":127.9,
"PM25":219.9,
"S":191.0,
"utciso":"2023-07-03T03:20:03Z"
}