{
"T":26.852783203125,
"H":72.76803588867188,
"P":993.922119140625,
"PM10":135.1,
"PM25":238.7,
"S":157.0,
"utciso":"2023-06-30T12:20:03Z"
}