{
"T":25.28438949584961,
"H":89.38192749023438,
"P":994.567626953125,
"PM10":112.4,
"PM25":170.0,
"S":210.0,
"utciso":"2023-06-10T09:30:02Z"
}