{
"T":20.78960609436035,
"H":126.99385070800781,
"P":1000.347900390625,
"PM10":131.5,
"PM25":222.0,
"S":125.0,
"utciso":"2023-05-31T16:00:03Z"
}