{
"T":24.385433197021484,
"H":70.0367431640625,
"P":1004.37451171875,
"PM10":3.2,
"PM25":3.5,
"S":215.0,
"utciso":"2022-07-09T06:30:17Z"
}