{
"T":24.595827102661133,
"H":71.27407836914062,
"P":1002.254150390625,
"PM10":112.9,
"PM25":174.4,
"S":165.0,
"utciso":"2023-06-22T04:50:03Z"
}