{
"T":26.546754837036133,
"H":80.83057403564453,
"P":995.188232421875,
"PM10":140.7,
"PM25":258.8,
"S":170.0,
"utciso":"2023-07-03T23:10:03Z"
}