{
"T":27.694358825683594,
"H":93.1458740234375,
"P":998.216552734375,
"PM10":6.0,
"PM25":6.9,
"S":291.0,
"utciso":"2022-07-05T08:50:17Z"
}