{
"T":29.224498748779297,
"H":70.18338775634766,
"P":998.166748046875,
"PM10":128.3,
"PM25":209.3,
"S":120.0,
"utciso":"2023-06-28T22:00:02Z"
}