{
"T":26.030332565307617,
"H":86.28401184082031,
"P":994.98095703125,
"PM10":121.3,
"PM25":185.2,
"S":190.0,
"utciso":"2023-06-09T09:00:02Z"
}