{
"T":25.494783401489258,
"H":85.69131469726562,
"P":1000.21826171875,
"PM10":5.9,
"PM25":8.1,
"S":303.0,
"utciso":"2022-07-06T05:30:18Z"
}