{
"T":26.011205673217773,
"H":77.54017639160156,
"P":1000.9912109375,
"PM10":135.0,
"PM25":217.2,
"S":148.0,
"utciso":"2023-05-27T10:20:02Z"
}