{
"T":17.90146827697754,
"H":86.27178955078125,
"P":994.44091796875,
"PM10":95.7,
"PM25":134.1,
"S":114.0,
"utciso":"2023-05-11T00:10:03Z"
}