{
"T":34.484352111816406,
"H":56.01055908203125,
"P":998.0419921875,
"PM10":5.8,
"PM25":6.3,
"S":235.0,
"utciso":"2022-07-16T12:50:03Z"
}