{
"T":26.623260498046875,
"H":81.13609313964844,
"P":1003.370849609375,
"PM10":10.2,
"PM25":11.2,
"S":258.0,
"utciso":"2022-07-14T03:20:03Z"
}