{
"T":31.118045806884766,
"H":51.73029708862305,
"P":1000.630859375,
"PM10":127.3,
"PM25":207.8,
"S":143.0,
"utciso":"2023-06-22T10:30:03Z"
}