{
"T":24.84447479248047,
"H":81.9273681640625,
"P":997.774169921875,
"PM10":110.3,
"PM25":159.8,
"S":140.0,
"utciso":"2023-06-06T09:30:03Z"
}