{
"T":22.24323844909668,
"H":95.02478790283203,
"P":994.85888671875,
"PM10":133.3,
"PM25":224.8,
"S":164.0,
"utciso":"2023-06-30T06:00:03Z"
}