{
"T":30.77376365661621,
"H":74.27117919921875,
"P":1003.1435546875,
"PM10":9.5,
"PM25":10.8,
"S":286.0,
"utciso":"2022-07-17T07:30:03Z"
}