{
"T":31.36669158935547,
"H":63.61787414550781,
"P":995.756591796875,
"PM10":134.9,
"PM25":224.3,
"S":131.0,
"utciso":"2023-06-28T13:10:03Z"
}