{
"T":23.448223114013672,
"H":89.956298828125,
"P":997.197509765625,
"PM10":117.1,
"PM25":183.2,
"S":154.0,
"utciso":"2023-06-18T02:30:03Z"
}