{
"T":21.87982940673828,
"H":114.7335433959961,
"P":992.49560546875,
"PM10":109.9,
"PM25":168.5,
"S":165.0,
"utciso":"2023-06-14T00:20:02Z"
}