{
"T":25.18875503540039,
"H":91.4930419921875,
"P":996.226318359375,
"PM10":143.4,
"PM25":265.8,
"S":191.0,
"utciso":"2023-07-06T02:50:03Z"
}