{
"T":31.098918914794922,
"H":72.07147216796875,
"P":999.321044921875,
"PM10":7.1,
"PM25":7.7,
"S":277.0,
"utciso":"2022-07-16T10:00:03Z"
}