{
"T":28.956724166870117,
"H":73.64791870117188,
"P":999.526611328125,
"PM10":4.7,
"PM25":5.1,
"S":251.0,
"utciso":"2022-07-06T22:40:18Z"
}