{
"T":23.888137817382812,
"H":72.84442138671875,
"P":1000.887939453125,
"PM10":120.4,
"PM25":194.7,
"S":148.0,
"utciso":"2023-06-25T06:50:03Z"
}