{
"T":32.34215545654297,
"H":39.473045349121094,
"P":998.471923828125,
"PM10":132.5,
"PM25":225.0,
"S":121.0,
"utciso":"2023-06-24T18:30:03Z"
}