{
"T":26.31723403930664,
"H":81.08110046386719,
"P":995.230224609375,
"PM10":140.0,
"PM25":256.1,
"S":171.0,
"utciso":"2023-07-03T23:30:03Z"
}