{
"T":33.9296760559082,
"H":58.05445098876953,
"P":1001.8525390625,
"PM10":6.7,
"PM25":7.2,
"S":234.0,
"utciso":"2022-07-17T19:20:03Z"
}