{
"T":26.814529418945312,
"H":90.91561889648438,
"P":999.189453125,
"PM10":156.0,
"PM25":301.8,
"S":184.0,
"utciso":"2023-06-19T08:30:03Z"
}