{
"T":27.120555877685547,
"H":80.09733581542969,
"P":1003.419189453125,
"PM10":10.3,
"PM25":11.2,
"S":255.0,
"utciso":"2022-07-14T02:30:02Z"
}