{
"T":29.09061050415039,
"H":50.709877014160156,
"P":995.544677734375,
"PM10":91.3,
"PM25":115.8,
"S":115.0,
"utciso":"2023-05-06T16:00:03Z"
}