{
"T":27.08230209350586,
"H":84.88780975341797,
"P":997.681884765625,
"PM10":148.9,
"PM25":276.4,
"S":214.0,
"utciso":"2023-07-05T08:40:03Z"
}