{
"T":19.81414222717285,
"H":80.14927673339844,
"P":998.34814453125,
"PM10":88.3,
"PM25":114.0,
"S":128.0,
"utciso":"2023-05-06T00:30:02Z"
}