{
"T":22.262365341186523,
"H":76.76722717285156,
"P":999.436279296875,
"PM10":99.1,
"PM25":137.2,
"S":132.0,
"utciso":"2023-05-07T08:40:02Z"
}