{
"T":32.87770462036133,
"H":56.948486328125,
"P":993.826416015625,
"PM10":3.0,
"PM25":3.5,
"S":222.0,
"utciso":"2022-06-30T16:20:17Z"
}