{
"T":23.86901092529297,
"H":96.22240447998047,
"P":991.499755859375,
"PM10":136.8,
"PM25":245.4,
"S":171.0,
"utciso":"2023-07-02T03:40:03Z"
}