{
"T":37.142967224121094,
"H":51.589759826660156,
"P":994.76806640625,
"PM10":3.2,
"PM25":4.3,
"S":196.0,
"utciso":"2022-07-15T14:40:03Z"
}