{
"T":26.546754837036133,
"H":67.65678405761719,
"P":994.54443359375,
"PM10":108.9,
"PM25":163.5,
"S":138.0,
"utciso":"2023-06-11T20:20:02Z"
}