{
"T":22.664026260375977,
"H":119.6828842163086,
"P":999.8564453125,
"PM10":131.5,
"PM25":222.0,
"S":125.0,
"utciso":"2023-05-31T14:50:02Z"
}