{
"T":22.281492233276367,
"H":98.62069702148438,
"P":995.274169921875,
"PM10":112.8,
"PM25":171.8,
"S":129.0,
"utciso":"2023-06-02T23:20:02Z"
}