{
"T":20.215803146362305,
"H":71.7812271118164,
"P":992.15673828125,
"PM10":94.8,
"PM25":133.3,
"S":109.0,
"utciso":"2023-05-14T20:30:02Z"
}