{
"T":24.175039291381836,
"H":74.42393493652344,
"P":1000.500244140625,
"PM10":106.3,
"PM25":155.8,
"S":147.0,
"utciso":"2023-05-08T10:30:03Z"
}