{
"T":19.240339279174805,
"H":127.87679290771484,
"P":998.18359375,
"PM10":111.6,
"PM25":167.6,
"S":128.0,
"utciso":"2023-05-29T03:30:02Z"
}