{
"T":28.74633026123047,
"H":60.0372428894043,
"P":1001.4345703125,
"PM10":6.5,
"PM25":7.2,
"S":208.0,
"utciso":"2022-07-09T21:20:17Z"
}