{
"T":25.972951889038086,
"H":98.91704559326172,
"P":999.26171875,
"PM10":167.0,
"PM25":332.4,
"S":198.0,
"utciso":"2023-06-19T07:10:03Z"
}