{
"T":24.48106575012207,
"H":115.31707763671875,
"P":992.11083984375,
"PM10":142.3,
"PM25":252.0,
"S":182.0,
"utciso":"2023-07-01T08:20:03Z"
}