{
"T":25.45652961730957,
"H":91.06532287597656,
"P":997.780029296875,
"PM10":139.6,
"PM25":253.6,
"S":209.0,
"utciso":"2023-07-05T06:50:02Z"
}