{
"T":17.90146827697754,
"H":90.97671508789062,
"P":991.021728515625,
"PM10":109.5,
"PM25":162.9,
"S":129.0,
"utciso":"2023-05-15T08:40:03Z"
}