{
"T":22.109350204467773,
"H":81.16358947753906,
"P":998.71044921875,
"PM10":128.9,
"PM25":220.1,
"S":154.0,
"utciso":"2023-05-30T07:40:02Z"
}