{
"T":31.003284454345703,
"H":60.12889862060547,
"P":999.970947265625,
"PM10":11.4,
"PM25":12.4,
"S":221.0,
"utciso":"2022-07-20T23:30:03Z"
}