{
"T":23.00830841064453,
"H":95.00340270996094,
"P":994.772705078125,
"PM10":132.6,
"PM25":224.9,
"S":177.0,
"utciso":"2023-06-30T08:10:03Z"
}