{
"T":25.858192443847656,
"H":83.78184509277344,
"P":995.7373046875,
"PM10":5.4,
"PM25":6.1,
"S":271.0,
"utciso":"2022-07-01T06:30:26Z"
}