{
"T":24.710586547851562,
"H":82.08929443359375,
"P":994.887451171875,
"PM10":118.7,
"PM25":181.7,
"S":153.0,
"utciso":"2023-05-22T18:00:03Z"
}