{
"T":25.227008819580078,
"H":82.35203552246094,
"P":995.497314453125,
"PM10":3.6,
"PM25":3.9,
"S":257.0,
"utciso":"2022-07-01T02:40:18Z"
}