{
"T":27.350078582763672,
"H":79.59934997558594,
"P":999.342041015625,
"PM10":173.7,
"PM25":357.6,
"S":161.0,
"utciso":"2023-06-26T08:00:02Z"
}