{
"T":20.67484474182129,
"H":110.13555145263672,
"P":996.356689453125,
"PM10":111.7,
"PM25":172.6,
"S":190.0,
"utciso":"2023-06-15T03:00:03Z"
}