{
"T":25.972951889038086,
"H":66.66385650634766,
"P":994.867919921875,
"PM10":118.4,
"PM25":185.4,
"S":142.0,
"utciso":"2023-05-22T16:00:02Z"
}