{
"T":24.80622100830078,
"H":93.53693389892578,
"P":996.745361328125,
"PM10":142.9,
"PM25":264.9,
"S":199.0,
"utciso":"2023-07-06T04:20:03Z"
}