{
"T":17.174652099609375,
"H":87.19139099121094,
"P":996.925537109375,
"PM10":97.2,
"PM25":135.4,
"S":120.0,
"utciso":"2023-05-14T02:50:03Z"
}