{
"T":33.27936553955078,
"H":58.075836181640625,
"P":1004.1015625,
"PM10":9.0,
"PM25":9.7,
"S":230.0,
"utciso":"2022-07-18T10:50:03Z"
}