{
"T":20.311437606811523,
"H":104.22383880615234,
"P":998.38330078125,
"PM10":101.6,
"PM25":142.0,
"S":143.0,
"utciso":"2023-06-06T06:00:03Z"
}