{
"T":18.551776885986328,
"H":89.98379516601562,
"P":994.6513671875,
"PM10":100.9,
"PM25":146.9,
"S":128.0,
"utciso":"2023-05-12T09:40:03Z"
}