{
"T":22.664026260375977,
"H":91.75578308105469,
"P":997.72216796875,
"PM10":118.4,
"PM25":188.8,
"S":180.0,
"utciso":"2023-06-16T06:20:03Z"
}