{
"T":32.11263656616211,
"H":44.06798553466797,
"P":996.605712890625,
"PM10":128.7,
"PM25":214.6,
"S":131.0,
"utciso":"2023-06-22T17:30:03Z"
}