{
"T":18.953439712524414,
"H":88.5234375,
"P":996.833984375,
"PM10":107.6,
"PM25":166.1,
"S":130.0,
"utciso":"2023-05-17T11:30:02Z"
}