{
"T":28.249034881591797,
"H":74.62557220458984,
"P":993.30615234375,
"PM10":116.1,
"PM25":178.5,
"S":163.0,
"utciso":"2023-06-10T13:40:03Z"
}