{
"T":18.857805252075195,
"H":84.88780975341797,
"P":999.326416015625,
"PM10":98.0,
"PM25":139.5,
"S":144.0,
"utciso":"2023-05-08T00:50:02Z"
}