{
"T":28.32554054260254,
"H":79.00970458984375,
"P":1003.5654296875,
"PM10":14.8,
"PM25":16.3,
"S":254.0,
"utciso":"2022-07-19T03:10:03Z"
}