{
"T":25.054868698120117,
"H":82.20845031738281,
"P":996.87939453125,
"PM10":121.6,
"PM25":194.1,
"S":144.0,
"utciso":"2023-06-18T00:10:03Z"
}