{
"T":27.541343688964844,
"H":64.7788314819336,
"P":1000.443115234375,
"PM10":124.6,
"PM25":207.1,
"S":124.0,
"utciso":"2023-06-29T11:40:03Z"
}