{
"T":20.177549362182617,
"H":102.49156951904297,
"P":996.405517578125,
"PM10":104.3,
"PM25":148.4,
"S":152.0,
"utciso":"2023-06-02T01:50:02Z"
}