{
"T":25.169628143310547,
"H":70.22615814208984,
"P":1000.81396484375,
"PM10":121.9,
"PM25":197.8,
"S":143.0,
"utciso":"2023-06-25T07:40:02Z"
}