{
"T":24.423686981201172,
"H":75.9606704711914,
"P":999.0439453125,
"PM10":129.1,
"PM25":219.0,
"S":140.0,
"utciso":"2023-06-20T02:10:02Z"
}