{
"T":26.508501052856445,
"H":74.25283813476562,
"P":998.322265625,
"PM10":125.6,
"PM25":207.5,
"S":119.0,
"utciso":"2023-06-29T16:40:03Z"
}