{
"T":33.18373107910156,
"H":46.92760467529297,
"P":996.829345703125,
"PM10":138.1,
"PM25":241.1,
"S":112.0,
"utciso":"2023-06-25T17:30:02Z"
}