{
"T":20.29231071472168,
"H":79.54740905761719,
"P":1000.3037109375,
"PM10":108.8,
"PM25":164.6,
"S":124.0,
"utciso":"2023-05-18T11:30:02Z"
}