{
"T":21.6120548248291,
"H":90.7445297241211,
"P":998.099853515625,
"PM10":145.6,
"PM25":249.9,
"S":131.0,
"utciso":"2023-05-29T22:20:03Z"
}