{
"T":25.246135711669922,
"H":79.54740905761719,
"P":997.816162109375,
"PM10":120.2,
"PM25":188.6,
"S":151.0,
"utciso":"2023-06-23T03:10:03Z"
}