{
"T":17.80583381652832,
"H":83.38162231445312,
"P":994.0146484375,
"PM10":95.2,
"PM25":134.0,
"S":106.0,
"utciso":"2023-05-11T22:50:03Z"
}