{
"T":32.76294708251953,
"H":52.964576721191406,
"P":1003.036376953125,
"PM10":7.2,
"PM25":9.6,
"S":239.0,
"utciso":"2022-07-20T09:10:03Z"
}