{
"T":25.686050415039062,
"H":58.73880386352539,
"P":1001.36767578125,
"PM10":114.7,
"PM25":181.8,
"S":144.0,
"utciso":"2023-05-26T11:40:04Z"
}