{
"T":20.005409240722656,
"H":69.88398742675781,
"P":988.872802734375,
"PM10":144.4,
"PM25":241.5,
"S":110.0,
"utciso":"2023-05-16T22:10:06Z"
}