{
"T":16.964258193969727,
"H":90.5948257446289,
"P":999.085205078125,
"PM10":109.6,
"PM25":169.5,
"S":113.0,
"utciso":"2023-05-17T20:50:03Z"
}