{
"T":22.166730880737305,
"H":112.64993286132812,
"P":994.574462890625,
"PM10":104.6,
"PM25":153.4,
"S":210.0,
"utciso":"2023-06-10T01:30:03Z"
}