{
"T":33.18373107910156,
"H":55.06957244873047,
"P":1001.291748046875,
"PM10":4.3,
"PM25":5.4,
"S":192.0,
"utciso":"2022-07-12T13:50:03Z"
}