{
"T":21.70768928527832,
"H":125.47850036621094,
"P":992.0537109375,
"PM10":107.2,
"PM25":159.7,
"S":200.0,
"utciso":"2023-06-13T04:20:03Z"
}