{
"T":33.03071975708008,
"H":49.387001037597656,
"P":998.661376953125,
"PM10":133.5,
"PM25":223.6,
"S":131.0,
"utciso":"2023-06-22T15:30:03Z"
}