{
"T":24.404560089111328,
"H":103.70140838623047,
"P":994.51171875,
"PM10":116.7,
"PM25":182.9,
"S":165.0,
"utciso":"2023-06-14T20:10:03Z"
}