{
"T":28.26816177368164,
"H":81.85099792480469,
"P":999.146240234375,
"PM10":159.6,
"PM25":313.9,
"S":171.0,
"utciso":"2023-06-19T09:40:03Z"
}