{
"T":24.442813873291016,
"H":87.45413208007812,
"P":994.894287109375,
"PM10":113.5,
"PM25":171.2,
"S":166.0,
"utciso":"2023-06-08T23:00:02Z"
}