{
"T":20.846986770629883,
"H":110.2913589477539,
"P":997.723876953125,
"PM10":111.1,
"PM25":165.6,
"S":145.0,
"utciso":"2023-06-04T00:00:02Z"
}