{
"T":18.16924285888672,
"H":76.60224914550781,
"P":1003.39013671875,
"PM10":96.4,
"PM25":136.9,
"S":115.0,
"utciso":"2023-05-03T22:20:02Z"
}