{
"T":22.74053382873535,
"H":105.60476684570312,
"P":996.855224609375,
"PM10":117.1,
"PM25":183.6,
"S":206.0,
"utciso":"2023-06-15T07:30:03Z"
}