{
"T":19.90977668762207,
"H":84.00792694091797,
"P":995.997314453125,
"PM10":87.5,
"PM25":112.9,
"S":149.0,
"utciso":"2023-04-29T21:30:02Z"
}