{
"T":23.849884033203125,
"H":117.12267303466797,
"P":999.247314453125,
"PM10":126.1,
"PM25":195.9,
"S":168.0,
"utciso":"2023-06-01T10:20:03Z"
}