{
"T":18.66653823852539,
"H":103.5975341796875,
"P":996.750244140625,
"PM10":98.7,
"PM25":131.6,
"S":120.0,
"utciso":"2023-04-30T18:50:02Z"
}