{
"T":14.152627944946289,
"H":124.55278778076172,
"P":997.54345703125,
"PM10":106.8,
"PM25":156.5,
"S":127.0,
"utciso":"2023-05-02T02:40:02Z"
}