{
"T":19.240339279174805,
"H":126.52336120605469,
"P":998.05029296875,
"PM10":110.2,
"PM25":164.3,
"S":123.0,
"utciso":"2023-05-29T02:40:03Z"
}