{
"T":32.036128997802734,
"H":63.96615982055664,
"P":996.29638671875,
"PM10":3.7,
"PM25":4.1,
"S":276.0,
"utciso":"2022-07-05T19:40:17Z"
}