{
"T":25.380023956298828,
"H":87.84213256835938,
"P":995.059326171875,
"PM10":120.4,
"PM25":183.5,
"S":194.0,
"utciso":"2023-06-09T08:20:03Z"
}