{
"T":30.54424285888672,
"H":66.77384185791016,
"P":1003.9296875,
"PM10":6.7,
"PM25":7.3,
"S":238.0,
"utciso":"2022-07-13T21:20:02Z"
}