{
"T":30.352975845336914,
"H":46.07827377319336,
"P":999.933349609375,
"PM10":147.2,
"PM25":278.3,
"S":124.0,
"utciso":"2023-06-20T18:10:03Z"
}