{
"T":26.374614715576172,
"H":85.15666198730469,
"P":1000.935791015625,
"PM10":8.6,
"PM25":9.5,
"S":296.0,
"utciso":"2022-07-03T02:50:22Z"
}