{
"T":18.723918914794922,
"H":105.80640411376953,
"P":996.466064453125,
"PM10":101.6,
"PM25":135.2,
"S":120.0,
"utciso":"2023-04-30T18:20:02Z"
}