{
"T":27.598724365234375,
"H":71.93704223632812,
"P":996.0244140625,
"PM10":124.1,
"PM25":201.6,
"S":138.0,
"utciso":"2023-06-15T12:00:02Z"
}