{
"T":28.899343490600586,
"H":74.71417236328125,
"P":1003.287353515625,
"PM10":11.0,
"PM25":12.1,
"S":264.0,
"utciso":"2022-07-14T07:40:02Z"
}