{
"T":21.133886337280273,
"H":74.18869018554688,
"P":996.83154296875,
"PM10":90.9,
"PM25":119.9,
"S":135.0,
"utciso":"2023-04-29T10:00:03Z"
}