{
"T":37.965415954589844,
"H":42.607627868652344,
"P":997.57373046875,
"PM10":8.2,
"PM25":9.1,
"S":171.0,
"utciso":"2022-07-21T14:50:03Z"
}