{
"T":24.36630630493164,
"H":73.31185913085938,
"P":1000.425048828125,
"PM10":107.5,
"PM25":158.2,
"S":144.0,
"utciso":"2023-05-08T10:50:02Z"
}