{
"T":28.8610897064209,
"H":68.1669921875,
"P":993.70751953125,
"PM10":115.8,
"PM25":177.9,
"S":134.0,
"utciso":"2023-06-11T16:50:03Z"
}