{
"T":21.114761352539062,
"H":97.1969985961914,
"P":994.791015625,
"PM10":107.6,
"PM25":159.9,
"S":210.0,
"utciso":"2023-06-11T04:40:02Z"
}