{
"T":25.150501251220703,
"H":104.29105377197266,
"P":998.44140625,
"PM10":5.5,
"PM25":7.3,
"S":311.0,
"utciso":"2022-07-05T07:00:17Z"
}