{
"T":22.68315315246582,
"H":106.00498962402344,
"P":997.847900390625,
"PM10":121.2,
"PM25":192.0,
"S":116.0,
"utciso":"2023-06-03T20:40:03Z"
}