{
"T":22.950927734375,
"H":79.1746826171875,
"P":1001.481201171875,
"PM10":115.3,
"PM25":170.4,
"S":121.0,
"utciso":"2023-05-25T10:10:03Z"
}