{
"T":33.81491470336914,
"H":57.15318298339844,
"P":997.33837890625,
"PM10":6.6,
"PM25":7.1,
"S":219.0,
"utciso":"2022-07-04T13:50:18Z"
}