{
"T":17.557186126708984,
"H":93.84550476074219,
"P":994.6689453125,
"PM10":101.2,
"PM25":146.4,
"S":130.0,
"utciso":"2023-05-12T08:20:03Z"
}