{
"T":28.516807556152344,
"H":76.40672302246094,
"P":995.32666015625,
"PM10":4.7,
"PM25":5.2,
"S":269.0,
"utciso":"2022-06-30T09:10:25Z"
}