{
"T":25.858192443847656,
"H":78.88444519042969,
"P":998.3388671875,
"PM10":127.1,
"PM25":209.0,
"S":121.0,
"utciso":"2023-06-29T17:30:03Z"
}