{
"T":16.619976043701172,
"H":98.82844543457031,
"P":997.521728515625,
"PM10":100.0,
"PM25":146.3,
"S":126.0,
"utciso":"2023-05-12T20:40:03Z"
}