{
"T":23.21870231628418,
"H":78.89361572265625,
"P":1001.484619140625,
"PM10":114.4,
"PM25":168.0,
"S":122.0,
"utciso":"2023-05-25T10:20:03Z"
}