{
"T":22.319744110107422,
"H":93.94631958007812,
"P":994.792236328125,
"PM10":107.6,
"PM25":160.3,
"S":212.0,
"utciso":"2023-06-11T06:40:03Z"
}