{
"T":16.37133026123047,
"H":97.53001403808594,
"P":999.1669921875,
"PM10":105.3,
"PM25":156.1,
"S":146.0,
"utciso":"2023-05-13T05:40:03Z"
}