{
"T":27.61785125732422,
"H":79.33660888671875,
"P":996.854736328125,
"PM10":129.7,
"PM25":210.3,
"S":167.0,
"utciso":"2023-06-28T08:30:03Z"
}