{
"T":23.888137817382812,
"H":65.7503662109375,
"P":1000.724853515625,
"PM10":118.9,
"PM25":191.0,
"S":146.0,
"utciso":"2023-06-24T03:00:03Z"
}