{
"T":25.590417861938477,
"H":78.63392639160156,
"P":997.647705078125,
"PM10":123.3,
"PM25":199.0,
"S":130.0,
"utciso":"2023-05-29T13:10:03Z"
}