{
"T":26.221599578857422,
"H":87.02641296386719,
"P":997.8623046875,
"PM10":142.0,
"PM25":259.3,
"S":213.0,
"utciso":"2023-07-05T07:50:02Z"
}