{
"T":23.314334869384766,
"H":78.12982177734375,
"P":995.3779296875,
"PM10":109.9,
"PM25":165.1,
"S":124.0,
"utciso":"2023-05-24T18:50:03Z"
}