{
"T":36.014488220214844,
"H":45.93162536621094,
"P":998.43505859375,
"PM10":742.3,
"PM25":1999.9,
"S":205.0,
"utciso":"2022-07-03T13:30:24Z"
}