{
"T":28.994976043701172,
"H":78.19703674316406,
"P":997.52587890625,
"PM10":131.6,
"PM25":221.5,
"S":136.0,
"utciso":"2023-06-18T17:00:02Z"
}