{
"T":26.278980255126953,
"H":58.784629821777344,
"P":999.37451171875,
"PM10":103.3,
"PM25":147.2,
"S":113.0,
"utciso":"2023-05-08T17:50:03Z"
}