{
"T":17.63369369506836,
"H":110.60604095458984,
"P":996.7890625,
"PM10":110.3,
"PM25":160.3,
"S":170.0,
"utciso":"2023-05-22T01:00:02Z"
}