{
"T":22.224111557006836,
"H":128.16091918945312,
"P":992.333251953125,
"PM10":107.3,
"PM25":157.1,
"S":182.0,
"utciso":"2023-06-13T00:20:02Z"
}