{
"T":28.096019744873047,
"H":74.29561614990234,
"P":993.298095703125,
"PM10":116.0,
"PM25":178.0,
"S":166.0,
"utciso":"2023-06-10T13:30:03Z"
}