{
"T":23.142194747924805,
"H":80.00568389892578,
"P":994.749755859375,
"PM10":89.2,
"PM25":116.0,
"S":126.0,
"utciso":"2023-04-29T16:10:03Z"
}