{
"T":15.701892852783203,
"H":88.26679992675781,
"P":998.97998046875,
"PM10":102.8,
"PM25":153.1,
"S":110.0,
"utciso":"2023-05-18T03:40:02Z"
}