{
"T":27.13968276977539,
"H":79.53213500976562,
"P":995.608642578125,
"PM10":123.4,
"PM25":197.7,
"S":133.0,
"utciso":"2023-06-01T16:40:03Z"
}