{
"T":17.021638870239258,
"H":81.86016082763672,
"P":1003.735595703125,
"PM10":100.4,
"PM25":146.1,
"S":118.0,
"utciso":"2023-05-04T00:30:03Z"
}