{
"T":20.67484474182129,
"H":116.31305694580078,
"P":995.95263671875,
"PM10":111.3,
"PM25":165.8,
"S":121.0,
"utciso":"2023-05-28T21:30:03Z"
}