{
"T":29.47314453125,
"H":69.75566101074219,
"P":998.04833984375,
"PM10":129.4,
"PM25":211.5,
"S":119.0,
"utciso":"2023-06-28T21:50:03Z"
}