{
"T":27.273571014404297,
"H":75.97900390625,
"P":993.92431640625,
"PM10":113.4,
"PM25":172.5,
"S":173.0,
"utciso":"2023-06-10T12:00:02Z"
}