{
"T":32.686439514160156,
"H":61.70229721069336,
"P":995.19677734375,
"PM10":162.2,
"PM25":325.2,
"S":163.0,
"utciso":"2023-07-04T14:40:03Z"
}