{
"T":26.412866592407227,
"H":74.94941711425781,
"P":997.44482421875,
"PM10":126.2,
"PM25":206.5,
"S":165.0,
"utciso":"2023-06-16T09:30:03Z"
}