{
"T":26.412866592407227,
"H":80.35397338867188,
"P":993.40673828125,
"PM10":164.6,
"PM25":340.9,
"S":170.0,
"utciso":"2023-07-03T00:30:03Z"
}