{
"T":18.475271224975586,
"H":83.73602294921875,
"P":998.184814453125,
"PM10":103.6,
"PM25":154.9,
"S":111.0,
"utciso":"2023-05-13T21:30:02Z"
}