{
"T":16.33307647705078,
"H":127.1679916381836,
"P":997.185546875,
"PM10":96.7,
"PM25":136.1,
"S":125.0,
"utciso":"2023-05-20T13:00:02Z"
}