{
"T":25.418277740478516,
"H":79.1685791015625,
"P":999.295166015625,
"PM10":3.7,
"PM25":4.0,
"S":251.0,
"utciso":"2022-07-11T04:30:02Z"
}