{
"T":21.956336975097656,
"H":121.95896911621094,
"P":993.80224609375,
"PM10":115.5,
"PM25":176.4,
"S":200.0,
"utciso":"2023-06-14T08:50:03Z"
}