{
"T":19.69938087463379,
"H":111.33316802978516,
"P":1002.961669921875,
"PM10":103.6,
"PM25":150.2,
"S":125.0,
"utciso":"2023-05-25T14:40:02Z"
}