{
"T":28.306415557861328,
"H":78.05345153808594,
"P":999.725341796875,
"PM10":11.0,
"PM25":12.0,
"S":269.0,
"utciso":"2022-07-22T04:50:02Z"
}