{
"T":16.33307647705078,
"H":90.42678833007812,
"P":993.692626953125,
"PM10":99.1,
"PM25":143.0,
"S":118.0,
"utciso":"2023-05-12T03:20:02Z"
}