{
"T":25.01661491394043,
"H":99.64417266845703,
"P":1000.0380859375,
"PM10":5.5,
"PM25":6.0,
"S":308.0,
"utciso":"2022-07-04T05:00:27Z"
}