{
"T":21.363407135009766,
"H":80.79086303710938,
"P":1002.503662109375,
"PM10":101.3,
"PM25":137.6,
"S":151.0,
"utciso":"2023-05-05T08:20:03Z"
}