{
"T":30.831144332885742,
"H":44.54458999633789,
"P":994.48828125,
"PM10":135.4,
"PM25":236.8,
"S":116.0,
"utciso":"2023-06-16T17:30:03Z"
}