{
"T":27.67523193359375,
"H":51.04899597167969,
"P":998.207275390625,
"PM10":96.0,
"PM25":127.9,
"S":118.0,
"utciso":"2023-05-05T16:00:03Z"
}