{
"T":20.885238647460938,
"H":83.37857055664062,
"P":1000.477294921875,
"PM10":95.3,
"PM25":128.0,
"S":130.0,
"utciso":"2023-05-09T01:10:03Z"
}