{
"T":33.451507568359375,
"H":47.077308654785156,
"P":1003.259765625,
"PM10":5.7,
"PM25":6.2,
"S":209.0,
"utciso":"2022-07-19T10:40:03Z"
}