{
"T":23.582109451293945,
"H":66.48360443115234,
"P":1000.796630859375,
"PM10":118.8,
"PM25":191.3,
"S":150.0,
"utciso":"2023-06-24T03:20:03Z"
}