{
"T":26.852783203125,
"H":67.00603485107422,
"P":1000.49755859375,
"PM10":125.3,
"PM25":207.2,
"S":137.0,
"utciso":"2023-06-25T09:20:03Z"
}