{
"T":15.835780143737793,
"H":113.94837188720703,
"P":996.369384765625,
"PM10":107.3,
"PM25":162.9,
"S":129.0,
"utciso":"2023-05-01T05:20:02Z"
}