{
"T":34.10181427001953,
"H":46.31657409667969,
"P":1002.417236328125,
"PM10":5.8,
"PM25":6.5,
"S":208.0,
"utciso":"2022-07-20T10:30:03Z"
}