{
"T":27.426584243774414,
"H":62.68299865722656,
"P":994.5556640625,
"PM10":112.5,
"PM25":167.8,
"S":143.0,
"utciso":"2023-05-23T13:00:02Z"
}