{
"T":22.62577247619629,
"H":101.8377685546875,
"P":997.692138671875,
"PM10":111.4,
"PM25":166.2,
"S":166.0,
"utciso":"2023-06-08T06:40:02Z"
}