{
"T":15.376738548278809,
"H":117.98422241210938,
"P":996.7802734375,
"PM10":105.5,
"PM25":154.0,
"S":129.0,
"utciso":"2023-05-01T14:50:03Z"
}