{
"T":19.546367645263672,
"H":105.09149932861328,
"P":998.158935546875,
"PM10":104.9,
"PM25":149.2,
"S":134.0,
"utciso":"2023-06-06T04:10:03Z"
}