{
"T":27.101428985595703,
"H":86.63841247558594,
"P":997.391357421875,
"PM10":147.0,
"PM25":275.7,
"S":211.0,
"utciso":"2023-07-06T08:10:03Z"
}