{
"T":26.546754837036133,
"H":89.45526123046875,
"P":992.576416015625,
"PM10":123.0,
"PM25":199.8,
"S":151.0,
"utciso":"2023-06-14T16:10:03Z"
}