{
"T":28.65069580078125,
"H":64.82771301269531,
"P":995.36962890625,
"PM10":137.6,
"PM25":242.9,
"S":137.0,
"utciso":"2023-06-16T19:40:03Z"
}