{
"T":26.068586349487305,
"H":85.1138916015625,
"P":990.980224609375,
"PM10":146.4,
"PM25":278.4,
"S":144.0,
"utciso":"2023-07-01T23:10:03Z"
}