{
"T":21.956336975097656,
"H":94.87203216552734,
"P":999.18603515625,
"PM10":107.9,
"PM25":158.4,
"S":140.0,
"utciso":"2023-06-07T04:00:03Z"
}