{
"T":26.011205673217773,
"H":70.15589141845703,
"P":997.610595703125,
"PM10":119.7,
"PM25":186.7,
"S":124.0,
"utciso":"2023-05-28T10:20:03Z"
}