{
"T":19.527240753173828,
"H":88.27902221679688,
"P":996.372314453125,
"PM10":90.7,
"PM25":118.6,
"S":169.0,
"utciso":"2023-04-30T06:30:03Z"
}