{
"T":18.915185928344727,
"H":103.85416412353516,
"P":992.581787109375,
"PM10":111.9,
"PM25":170.8,
"S":146.0,
"utciso":"2023-05-10T03:30:03Z"
}