{
"T":23.907264709472656,
"H":81.87849426269531,
"P":1000.340087890625,
"PM10":132.2,
"PM25":228.1,
"S":151.0,
"utciso":"2023-06-20T05:40:03Z"
}