{
"T":32.11263656616211,
"H":62.609676361083984,
"P":1000.19384765625,
"PM10":10.5,
"PM25":11.6,
"S":243.0,
"utciso":"2022-07-22T09:00:03Z"
}