{
"T":24.882728576660156,
"H":67.79731750488281,
"P":1000.406494140625,
"PM10":121.5,
"PM25":198.0,
"S":148.0,
"utciso":"2023-06-25T01:00:03Z"
}