{
"T":32.97333908081055,
"H":43.496673583984375,
"P":1001.84228515625,
"PM10":2.1,
"PM25":2.3,
"S":188.0,
"utciso":"2022-07-08T18:30:17Z"
}