{
"T":35.82322311401367,
"H":51.40339660644531,
"P":1001.914794921875,
"PM10":7.8,
"PM25":8.4,
"S":215.0,
"utciso":"2022-07-17T14:50:03Z"
}