{
"T":20.139297485351562,
"H":74.546142578125,
"P":1000.5263671875,
"PM10":99.4,
"PM25":144.3,
"S":106.0,
"utciso":"2023-05-02T20:00:03Z"
}