{
"T":29.24362564086914,
"H":51.534767150878906,
"P":992.485107421875,
"PM10":115.8,
"PM25":177.1,
"S":131.0,
"utciso":"2023-05-24T14:20:02Z"
}