{
"T":23.524728775024414,
"H":90.729248046875,
"P":997.705810546875,
"PM10":111.9,
"PM25":169.2,
"S":145.0,
"utciso":"2023-06-07T23:20:02Z"
}