{
"T":25.972951889038086,
"H":94.76509857177734,
"P":993.48974609375,
"PM10":119.7,
"PM25":190.7,
"S":146.0,
"utciso":"2023-06-14T18:10:03Z"
}