{
"T":31.768354415893555,
"H":45.522239685058594,
"P":998.17626953125,
"PM10":135.2,
"PM25":235.6,
"S":118.0,
"utciso":"2023-06-25T13:40:03Z"
}