{
"T":22.836166381835938,
"H":62.19723129272461,
"P":997.45849609375,
"PM10":104.1,
"PM25":155.3,
"S":107.0,
"utciso":"2023-05-02T17:10:02Z"
}