{
"T":27.177936553955078,
"H":77.9831771850586,
"P":993.60791015625,
"PM10":114.1,
"PM25":172.2,
"S":155.0,
"utciso":"2023-06-08T18:50:03Z"
}