{
"T":22.950927734375,
"H":89.9532470703125,
"P":996.525146484375,
"PM10":117.7,
"PM25":184.8,
"S":169.0,
"utciso":"2023-06-16T03:10:03Z"
}