{
"T":17.95884895324707,
"H":87.06918334960938,
"P":998.19189453125,
"PM10":95.3,
"PM25":134.5,
"S":121.0,
"utciso":"2023-05-13T23:00:02Z"
}