{
"T":29.071483612060547,
"H":73.3424072265625,
"P":999.63525390625,
"PM10":4.8,
"PM25":5.3,
"S":250.0,
"utciso":"2022-07-06T22:30:25Z"
}