{
"T":27.330951690673828,
"H":74.49114990234375,
"P":994.547119140625,
"PM10":113.8,
"PM25":169.1,
"S":119.0,
"utciso":"2023-06-02T11:50:03Z"
}