{
"T":32.30390167236328,
"H":56.920989990234375,
"P":1002.009521484375,
"PM10":3.9,
"PM25":4.2,
"S":188.0,
"utciso":"2022-07-12T12:50:03Z"
}