{
"T":26.145092010498047,
"H":81.67074584960938,
"P":997.472900390625,
"PM10":8.5,
"PM25":9.3,
"S":278.0,
"utciso":"2022-07-15T05:30:03Z"
}