{
"T":28.4976806640625,
"H":81.33773040771484,
"P":999.268798828125,
"PM10":4.4,
"PM25":5.4,
"S":303.0,
"utciso":"2022-07-04T08:40:17Z"
}