{
"T":21.726816177368164,
"H":95.30586242675781,
"P":999.32177734375,
"PM10":109.0,
"PM25":159.6,
"S":139.0,
"utciso":"2023-06-07T04:30:03Z"
}