{
"T":20.90436553955078,
"H":72.19978332519531,
"P":997.47802734375,
"PM10":102.0,
"PM25":148.6,
"S":107.0,
"utciso":"2023-04-28T18:40:03Z"
}