{
"T":26.10683822631836,
"H":51.357566833496094,
"P":1000.0087890625,
"PM10":107.7,
"PM25":161.1,
"S":105.0,
"utciso":"2023-05-04T17:10:02Z"
}