{
"T":21.860702514648438,
"H":85.57827758789062,
"P":997.02490234375,
"PM10":118.3,
"PM25":187.2,
"S":156.0,
"utciso":"2023-06-17T03:20:03Z"
}