{
"T":26.891035079956055,
"H":78.41700744628906,
"P":993.743896484375,
"PM10":115.1,
"PM25":177.2,
"S":129.0,
"utciso":"2023-06-12T13:00:02Z"
}