{
"T":22.013717651367188,
"H":94.4840316772461,
"P":999.013671875,
"PM10":108.3,
"PM25":158.4,
"S":136.0,
"utciso":"2023-06-07T03:50:03Z"
}