{
"T":33.987056732177734,
"H":53.08067321777344,
"P":996.345703125,
"PM10":2.6,
"PM25":2.9,
"S":211.0,
"utciso":"2022-07-05T14:20:21Z"
}