{
"T":21.26777458190918,
"H":62.799095153808594,
"P":992.192138671875,
"PM10":97.5,
"PM25":139.9,
"S":104.0,
"utciso":"2023-05-14T13:50:03Z"
}