{
"T":35.36418151855469,
"H":48.3543586730957,
"P":995.830078125,
"PM10":153.2,
"PM25":291.6,
"S":121.0,
"utciso":"2023-06-26T15:40:03Z"
}