{
"T":26.145092010498047,
"H":79.12580108642578,
"P":998.589599609375,
"PM10":131.4,
"PM25":223.2,
"S":143.0,
"utciso":"2023-06-26T00:50:03Z"
}