{
"T":33.33674621582031,
"H":45.43363952636719,
"P":997.0654296875,
"PM10":134.1,
"PM25":229.2,
"S":124.0,
"utciso":"2023-06-23T13:30:02Z"
}