{
"T":32.13176345825195,
"H":65.16683959960938,
"P":993.566162109375,
"PM10":174.7,
"PM25":364.4,
"S":169.0,
"utciso":"2023-07-03T15:30:02Z"
}