{
"T":25.896446228027344,
"H":77.35992431640625,
"P":996.524169921875,
"PM10":126.2,
"PM25":208.4,
"S":147.0,
"utciso":"2023-06-15T22:00:03Z"
}