{
"T":28.402048110961914,
"H":49.9063720703125,
"P":998.9013671875,
"PM10":118.0,
"PM25":188.9,
"S":130.0,
"utciso":"2023-05-26T17:00:03Z"
}