{
"T":22.166730880737305,
"H":64.84298706054688,
"P":1003.2548828125,
"PM10":110.4,
"PM25":167.4,
"S":121.0,
"utciso":"2023-05-04T10:30:03Z"
}