{
"T":25.227008819580078,
"H":99.16757202148438,
"P":995.916259765625,
"PM10":117.0,
"PM25":181.0,
"S":143.0,
"utciso":"2023-06-01T19:50:06Z"
}