{
"T":16.141807556152344,
"H":101.16869354248047,
"P":998.108642578125,
"PM10":102.8,
"PM25":152.4,
"S":142.0,
"utciso":"2023-05-13T02:30:03Z"
}