{
"T":21.573802947998047,
"H":99.28060913085938,
"P":996.42431640625,
"PM10":115.5,
"PM25":178.3,
"S":137.0,
"utciso":"2023-05-21T16:30:03Z"
}