{
"T":23.352588653564453,
"H":104.40715026855469,
"P":994.66748046875,
"PM10":117.1,
"PM25":185.5,
"S":168.0,
"utciso":"2023-06-14T21:10:03Z"
}