{
"T":22.702280044555664,
"H":102.2563247680664,
"P":997.72216796875,
"PM10":113.8,
"PM25":173.8,
"S":166.0,
"utciso":"2023-06-08T06:30:02Z"
}