{
"T":29.128864288330078,
"H":70.10700988769531,
"P":998.02783203125,
"PM10":3.1,
"PM25":3.3,
"S":295.0,
"utciso":"2022-07-05T22:20:22Z"
}