{
"T":20.368818283081055,
"H":129.11106872558594,
"P":1001.505859375,
"PM10":131.5,
"PM25":222.0,
"S":125.0,
"utciso":"2023-05-31T07:10:03Z"
}