{
"T":23.199575424194336,
"H":96.70512390136719,
"P":998.45849609375,
"PM10":125.1,
"PM25":202.0,
"S":176.0,
"utciso":"2023-06-18T06:10:03Z"
}