{
"T":24.63408088684082,
"H":107.04679107666016,
"P":991.80615234375,
"PM10":111.1,
"PM25":168.8,
"S":153.0,
"utciso":"2023-06-13T15:30:02Z"
}