{
"T":33.16460418701172,
"H":56.652137756347656,
"P":994.2177734375,
"PM10":3.0,
"PM25":3.3,
"S":212.0,
"utciso":"2022-06-30T15:10:24Z"
}