{
"T":21.726816177368164,
"H":93.68968963623047,
"P":999.642333984375,
"PM10":109.9,
"PM25":161.8,
"S":136.0,
"utciso":"2023-06-07T05:00:03Z"
}