{
"T":26.030332565307617,
"H":75.35881042480469,
"P":997.03125,
"PM10":163.8,
"PM25":292.0,
"S":133.0,
"utciso":"2023-06-17T22:20:03Z"
}