{
"T":29.587905883789062,
"H":69.706787109375,
"P":998.786865234375,
"PM10":6.2,
"PM25":6.6,
"S":276.0,
"utciso":"2022-07-14T23:10:02Z"
}