{
"T":28.59331512451172,
"H":78.3803482055664,
"P":999.859619140625,
"PM10":11.4,
"PM25":12.7,
"S":270.0,
"utciso":"2022-07-22T06:00:02Z"
}