{
"T":24.21329116821289,
"H":61.625919342041016,
"P":998.552734375,
"PM10":91.9,
"PM25":121.6,
"S":121.0,
"utciso":"2023-05-05T19:20:03Z"
}