{
"T":16.600849151611328,
"H":114.2508316040039,
"P":999.750732421875,
"PM10":102.2,
"PM25":143.5,
"S":125.0,
"utciso":"2023-05-19T12:10:03Z"
}