{
"T":16.046175003051758,
"H":93.57970428466797,
"P":1003.224365234375,
"PM10":94.8,
"PM25":129.3,
"S":144.0,
"utciso":"2023-05-03T06:20:02Z"
}