{
"T":33.700157165527344,
"H":58.13388442993164,
"P":1000.573974609375,
"PM10":4.6,
"PM25":5.0,
"S":215.0,
"utciso":"2022-07-12T18:30:03Z"
}