{
"T":18.34138298034668,
"H":79.18995666503906,
"P":992.489013671875,
"PM10":99.7,
"PM25":145.7,
"S":111.0,
"utciso":"2023-05-14T22:50:03Z"
}