{
"T":25.418277740478516,
"H":76.79777526855469,
"P":995.808837890625,
"PM10":119.5,
"PM25":185.9,
"S":150.0,
"utciso":"2023-05-22T13:40:04Z"
}