{
"T":16.65822982788086,
"H":117.20210266113281,
"P":999.36669921875,
"PM10":101.8,
"PM25":144.4,
"S":126.0,
"utciso":"2023-05-19T14:50:03Z"
}