{
"T":16.37133026123047,
"H":86.03654479980469,
"P":992.9892578125,
"PM10":96.5,
"PM25":137.6,
"S":118.0,
"utciso":"2023-05-11T06:20:03Z"
}