{
"T":22.702280044555664,
"H":101.34894561767578,
"P":996.23583984375,
"PM10":120.8,
"PM25":191.6,
"S":149.0,
"utciso":"2023-06-01T22:00:03Z"
}