{
"T":24.328052520751953,
"H":75.99122619628906,
"P":1000.952392578125,
"PM10":,
"PM25":,
"S":,
"utciso":"2022-07-10T04:00:17Z"
}