{
"T":33.96792984008789,
"H":52.24661636352539,
"P":997.72119140625,
"PM10":4.3,
"PM25":4.6,
"S":183.0,
"utciso":"2022-07-06T17:00:24Z"
}