{
"T":17.117271423339844,
"H":82.70643615722656,
"P":993.69482421875,
"PM10":95.8,
"PM25":136.2,
"S":113.0,
"utciso":"2023-05-11T02:50:03Z"
}