{
"T":21.898956298828125,
"H":63.630096435546875,
"P":997.02490234375,
"PM10":100.7,
"PM25":147.7,
"S":109.0,
"utciso":"2023-05-13T16:40:02Z"
}