{
"T":24.787094116210938,
"H":92.62039184570312,
"P":993.911865234375,
"PM10":124.8,
"PM25":208.7,
"S":206.0,
"utciso":"2023-07-03T05:40:02Z"
}