{
"T":23.16132164001465,
"H":55.167335510253906,
"P":989.543212890625,
"PM10":102.5,
"PM25":151.2,
"S":114.0,
"utciso":"2023-05-15T12:00:02Z"
}