{
"T":30.00869369506836,
"H":56.423004150390625,
"P":999.3232421875,
"PM10":131.8,
"PM25":224.6,
"S":126.0,
"utciso":"2023-06-25T11:50:02Z"
}