{
"T":22.530139923095703,
"H":95.42501068115234,
"P":997.537353515625,
"PM10":105.0,
"PM25":149.9,
"S":139.0,
"utciso":"2023-06-07T01:50:03Z"
}