{
"T":25.99207878112793,
"H":61.59842300415039,
"P":1000.5419921875,
"PM10":121.0,
"PM25":194.1,
"S":146.0,
"utciso":"2023-06-24T00:30:02Z"
}