{
"T":25.169628143310547,
"H":81.0230484008789,
"P":997.927001953125,
"PM10":109.4,
"PM25":162.3,
"S":135.0,
"utciso":"2023-06-07T20:50:02Z"
}