{
"T":26.221599578857422,
"H":80.11260986328125,
"P":998.46728515625,
"PM10":3.5,
"PM25":3.9,
"S":251.0,
"utciso":"2022-07-11T02:10:02Z"
}