{
"T":19.10645294189453,
"H":81.02915954589844,
"P":994.540283203125,
"PM10":101.2,
"PM25":148.8,
"S":109.0,
"utciso":"2023-05-10T21:10:03Z"
}