{
"T":27.29269790649414,
"H":69.17518615722656,
"P":996.641845703125,
"PM10":112.2,
"PM25":170.9,
"S":114.0,
"utciso":"2023-06-07T14:40:03Z"
}