{
"T":22.74053382873535,
"H":94.3740463256836,
"P":994.421142578125,
"PM10":112.1,
"PM25":167.8,
"S":179.0,
"utciso":"2023-06-09T01:40:03Z"
}