{
"T":22.77878761291504,
"H":109.71393585205078,
"P":994.213623046875,
"PM10":107.9,
"PM25":159.0,
"S":233.0,
"utciso":"2023-06-10T06:10:02Z"
}