{
"T":25.915573120117188,
"H":80.63504028320312,
"P":998.55908203125,
"PM10":131.2,
"PM25":223.9,
"S":141.0,
"utciso":"2023-06-26T01:10:03Z"
}