{
"T":27.216190338134766,
"H":58.4852294921875,
"P":1001.748779296875,
"PM10":144.5,
"PM25":270.6,
"S":128.0,
"utciso":"2023-06-20T21:40:03Z"
}