{
"T":33.145477294921875,
"H":40.02602767944336,
"P":1001.886962890625,
"PM10":1.7,
"PM25":1.8,
"S":150.0,
"utciso":"2022-07-08T13:50:21Z"
}