{
"T":16.945131301879883,
"H":81.6126937866211,
"P":1003.7021484375,
"PM10":98.7,
"PM25":141.5,
"S":114.0,
"utciso":"2023-05-04T00:40:03Z"
}