{
"T":23.582109451293945,
"H":95.61138153076172,
"P":994.409912109375,
"PM10":110.8,
"PM25":165.7,
"S":196.0,
"utciso":"2023-06-10T23:50:03Z"
}