{
"T":27.94300651550293,
"H":67.39098358154297,
"P":996.295166015625,
"PM10":115.0,
"PM25":176.8,
"S":117.0,
"utciso":"2023-06-07T15:50:02Z"
}