{
"T":27.23531723022461,
"H":67.34210205078125,
"P":993.824462890625,
"PM10":111.8,
"PM25":170.2,
"S":138.0,
"utciso":"2023-06-11T18:50:03Z"
}