{
"T":26.08771324157715,
"H":66.04366302490234,
"P":995.30224609375,
"PM10":110.9,
"PM25":163.2,
"S":152.0,
"utciso":"2023-05-23T11:40:03Z"
}