{
"T":13.961359977722168,
"H":124.0822982788086,
"P":997.650634765625,
"PM10":107.0,
"PM25":156.8,
"S":124.0,
"utciso":"2023-05-02T02:50:03Z"
}