{
"T":25.11224937438965,
"H":105.12205505371094,
"P":998.741943359375,
"PM10":4.5,
"PM25":5.9,
"S":296.0,
"utciso":"2022-07-04T00:30:25Z"
}