{
"T":36.14837646484375,
"H":40.40486526489258,
"P":1001.083740234375,
"PM10":6.7,
"PM25":7.3,
"S":179.0,
"utciso":"2022-07-19T14:00:02Z"
}