{
"T":22.41537857055664,
"H":96.91592407226562,
"P":998.718994140625,
"PM10":114.2,
"PM25":173.7,
"S":137.0,
"utciso":"2023-05-28T05:50:03Z"
}