{
"T":28.00038719177246,
"H":66.37361907958984,
"P":995.641357421875,
"PM10":138.1,
"PM25":244.7,
"S":139.0,
"utciso":"2023-06-16T20:00:03Z"
}