{
"T":34.75212478637695,
"H":59.90281677246094,
"P":997.212890625,
"PM10":6.3,
"PM25":6.7,
"S":256.0,
"utciso":"2022-07-16T19:00:02Z"
}