{
"T":35.937984466552734,
"H":39.46998977661133,
"P":1001.5625,
"PM10":6.3,
"PM25":7.0,
"S":176.0,
"utciso":"2022-07-19T13:20:02Z"
}