{
"T":16.81124496459961,
"H":128.74749755859375,
"P":996.77734375,
"PM10":101.3,
"PM25":148.2,
"S":127.0,
"utciso":"2023-05-20T19:20:02Z"
}