{
"T":30.16170883178711,
"H":63.184043884277344,
"P":993.011962890625,
"PM10":2.3,
"PM25":2.5,
"S":247.0,
"utciso":"2022-06-30T19:10:17Z"
}