{
"T":15.548879623413086,
"H":86.99280548095703,
"P":996.684326171875,
"PM10":91.0,
"PM25":120.7,
"S":136.0,
"utciso":"2023-04-29T05:40:03Z"
}