{
"T":32.93508529663086,
"H":36.61648178100586,
"P":998.55908203125,
"PM10":135.0,
"PM25":232.8,
"S":114.0,
"utciso":"2023-06-24T16:10:03Z"
}