{
"T":16.27569580078125,
"H":90.98283386230469,
"P":993.783447265625,
"PM10":100.7,
"PM25":147.0,
"S":120.0,
"utciso":"2023-05-12T03:30:03Z"
}