{
"T":32.51429748535156,
"H":66.55693054199219,
"P":994.9765625,
"PM10":153.5,
"PM25":284.9,
"S":160.0,
"utciso":"2023-06-27T11:20:03Z"
}