{
"T":26.661514282226562,
"H":80.90084838867188,
"P":994.28466796875,
"PM10":115.0,
"PM25":174.6,
"S":186.0,
"utciso":"2023-06-11T09:40:03Z"
}