{
"T":20.980873107910156,
"H":109.5214614868164,
"P":996.0537109375,
"PM10":112.7,
"PM25":173.8,
"S":189.0,
"utciso":"2023-06-15T02:10:03Z"
}