{
"T":15.950540542602539,
"H":112.08168029785156,
"P":998.9013671875,
"PM10":99.5,
"PM25":140.8,
"S":129.0,
"utciso":"2023-05-20T00:20:03Z"
}