{
"T":32.80119705200195,
"H":47.645565032958984,
"P":997.07275390625,
"PM10":139.8,
"PM25":247.3,
"S":112.0,
"utciso":"2023-06-25T18:30:02Z"
}