{
"T":21.669435501098633,
"H":78.86000061035156,
"P":1000.309814453125,
"PM10":115.1,
"PM25":181.2,
"S":156.0,
"utciso":"2023-05-26T22:30:03Z"
}