{
"T":14.822063446044922,
"H":82.06790924072266,
"P":988.412841796875,
"PM10":99.5,
"PM25":143.5,
"S":120.0,
"utciso":"2023-05-16T03:50:02Z"
}