{
"T":18.150115966796875,
"H":77.31105041503906,
"P":1003.421630859375,
"PM10":96.6,
"PM25":138.2,
"S":110.0,
"utciso":"2023-05-03T22:30:02Z"
}