{
"T":25.705177307128906,
"H":76.89554595947266,
"P":996.96142578125,
"PM10":105.3,
"PM25":152.2,
"S":124.0,
"utciso":"2023-06-06T20:00:03Z"
}