{
"T":20.67484474182129,
"H":124.01813507080078,
"P":1001.635986328125,
"PM10":131.5,
"PM25":222.0,
"S":125.0,
"utciso":"2023-05-31T07:50:02Z"
}