{
"T":23.21870231628418,
"H":120.47111511230469,
"P":994.052978515625,
"PM10":119.5,
"PM25":187.1,
"S":178.0,
"utciso":"2023-06-14T11:40:02Z"
}