{
"T":28.688949584960938,
"H":73.18965148925781,
"P":1000.93212890625,
"PM10":6.3,
"PM25":6.8,
"S":288.0,
"utciso":"2022-07-17T03:20:03Z"
}