{
"T":14.994203567504883,
"H":122.55472564697266,
"P":997.512939453125,
"PM10":101.8,
"PM25":147.2,
"S":129.0,
"utciso":"2023-05-01T17:00:03Z"
}