{
"T":18.60915756225586,
"H":81.09637451171875,
"P":1001.166748046875,
"PM10":102.8,
"PM25":150.0,
"S":112.0,
"utciso":"2023-05-02T21:30:03Z"
}