{
"T":16.199188232421875,
"H":88.196533203125,
"P":997.81298828125,
"PM10":93.6,
"PM25":126.8,
"S":139.0,
"utciso":"2023-04-29T06:50:03Z"
}