{
"T":24.672334671020508,
"H":87.34720611572266,
"P":999.356201171875,
"PM10":152.2,
"PM25":293.7,
"S":160.0,
"utciso":"2023-06-26T06:00:03Z"
}