{
"T":26.43199348449707,
"H":82.79503631591797,
"P":995.9775390625,
"PM10":129.2,
"PM25":215.1,
"S":174.0,
"utciso":"2023-06-27T02:50:04Z"
}