{
"T":27.789993286132812,
"H":87.25555419921875,
"P":999.6259765625,
"PM10":6.4,
"PM25":6.9,
"S":308.0,
"utciso":"2022-07-04T08:00:17Z"
}