{
"T":22.166730880737305,
"H":68.06005859375,
"P":992.598876953125,
"PM10":102.9,
"PM25":152.7,
"S":109.0,
"utciso":"2023-05-10T16:00:02Z"
}