{
"T":20.445323944091797,
"H":67.13435363769531,
"P":988.48046875,
"PM10":99.9,
"PM25":145.8,
"S":109.0,
"utciso":"2023-05-16T19:30:04Z"
}