{
"T":24.385433197021484,
"H":67.76982116699219,
"P":999.0546875,
"PM10":113.0,
"PM25":177.7,
"S":145.0,
"utciso":"2023-05-26T20:00:03Z"
}