{
"T":23.71599769592285,
"H":80.46701049804688,
"P":1001.483154296875,
"PM10":107.7,
"PM25":156.6,
"S":122.0,
"utciso":"2023-05-25T13:10:02Z"
}