{
"T":19.661128997802734,
"H":108.0886001586914,
"P":996.984375,
"PM10":114.9,
"PM25":177.3,
"S":133.0,
"utciso":"2023-06-03T04:40:03Z"
}