{
"T":34.02531051635742,
"H":52.02664566040039,
"P":998.020263671875,
"PM10":6.6,
"PM25":7.1,
"S":221.0,
"utciso":"2022-07-21T20:00:03Z"
}