{
"T":34.522605895996094,
"H":44.0832633972168,
"P":1002.57861328125,
"PM10":5.7,
"PM25":6.1,
"S":192.0,
"utciso":"2022-07-19T11:50:02Z"
}