{
"T":28.631568908691406,
"H":80.8427963256836,
"P":1004.686767578125,
"PM10":13.8,
"PM25":15.1,
"S":281.0,
"utciso":"2022-07-18T05:00:02Z"
}