{
"T":19.775888442993164,
"H":104.62406158447266,
"P":998.16064453125,
"PM10":103.6,
"PM25":147.3,
"S":135.0,
"utciso":"2023-06-06T04:00:02Z"
}