{
"T":19.737634658813477,
"H":83.97126770019531,
"P":1002.482666015625,
"PM10":101.9,
"PM25":141.0,
"S":151.0,
"utciso":"2023-05-05T07:10:03Z"
}