{
"T":29.224498748779297,
"H":58.05445098876953,
"P":996.56884765625,
"PM10":129.3,
"PM25":217.9,
"S":131.0,
"utciso":"2023-06-16T12:10:03Z"
}