{
"T":32.265647888183594,
"H":62.08724594116211,
"P":995.22216796875,
"PM10":3.9,
"PM25":4.3,
"S":228.0,
"utciso":"2022-07-01T14:20:17Z"
}