{
"T":16.27569580078125,
"H":84.07514190673828,
"P":998.89697265625,
"PM10":101.4,
"PM25":150.0,
"S":114.0,
"utciso":"2023-05-18T02:10:02Z"
}