{
"T":26.738021850585938,
"H":83.81239318847656,
"P":995.1064453125,
"PM10":122.1,
"PM25":186.3,
"S":183.0,
"utciso":"2023-06-09T09:50:03Z"
}