{
"T":26.948415756225586,
"H":85.87156677246094,
"P":997.0263671875,
"PM10":122.9,
"PM25":190.4,
"S":116.0,
"utciso":"2023-06-03T13:40:03Z"
}