{
"T":22.817039489746094,
"H":95.28142547607422,
"P":994.77880859375,
"PM10":109.1,
"PM25":163.1,
"S":199.0,
"utciso":"2023-06-11T00:50:03Z"
}