{
"T":24.90185546875,
"H":90.3748550415039,
"P":993.33447265625,
"PM10":135.1,
"PM25":242.6,
"S":188.0,
"utciso":"2023-07-03T02:50:03Z"
}