{
"T":32.686439514160156,
"H":62.2369499206543,
"P":995.3310546875,
"PM10":159.6,
"PM25":319.1,
"S":164.0,
"utciso":"2023-07-04T14:30:03Z"
}