{
"T":34.75212478637695,
"H":49.75361633300781,
"P":995.81201171875,
"PM10":153.2,
"PM25":291.2,
"S":126.0,
"utciso":"2023-06-26T17:50:02Z"
}