{
"T":24.787094116210938,
"H":74.38421630859375,
"P":997.952880859375,
"PM10":114.0,
"PM25":175.5,
"S":130.0,
"utciso":"2023-05-27T21:20:03Z"
}