{
"T":34.88601303100586,
"H":48.232154846191406,
"P":999.2587890625,
"PM10":9.0,
"PM25":10.0,
"S":189.0,
"utciso":"2022-07-21T11:50:03Z"
}