{
"T":26.891035079956055,
"H":96.12770080566406,
"P":999.98779296875,
"PM10":6.8,
"PM25":8.0,
"S":311.0,
"utciso":"2022-07-04T07:00:17Z"
}