{
"T":28.631568908691406,
"H":79.87126159667969,
"P":1004.598876953125,
"PM10":13.4,
"PM25":14.6,
"S":281.0,
"utciso":"2022-07-18T04:30:02Z"
}