{
"T":25.475656509399414,
"H":87.82380676269531,
"P":994.595458984375,
"PM10":112.7,
"PM25":170.2,
"S":205.0,
"utciso":"2023-06-10T09:40:02Z"
}