{
"T":27.923879623413086,
"H":80.19815826416016,
"P":1001.19873046875,
"PM10":8.3,
"PM25":9.1,
"S":297.0,
"utciso":"2022-07-03T07:20:18Z"
}