{
"T":27.8282470703125,
"H":70.22004699707031,
"P":994.0234375,
"PM10":2.8,
"PM25":3.1,
"S":251.0,
"utciso":"2022-06-30T21:50:24Z"
}