{
"T":24.653207778930664,
"H":91.41055297851562,
"P":993.004638671875,
"PM10":133.2,
"PM25":232.1,
"S":138.0,
"utciso":"2023-06-30T17:10:03Z"
}