{
"T":31.290185928344727,
"H":65.16378021240234,
"P":1002.50439453125,
"PM10":9.1,
"PM25":9.9,
"S":237.0,
"utciso":"2022-07-14T09:20:02Z"
}