{
"T":25.72430419921875,
"H":78.3803482055664,
"P":997.376708984375,
"PM10":115.1,
"PM25":179.1,
"S":118.0,
"utciso":"2023-06-05T12:50:02Z"
}