{
"T":25.475656509399414,
"H":100.55155181884766,
"P":999.285888671875,
"PM10":163.8,
"PM25":324.2,
"S":196.0,
"utciso":"2023-06-19T06:30:02Z"
}