{
"T":21.70768928527832,
"H":65.92145538330078,
"P":998.6767578125,
"PM10":103.8,
"PM25":155.3,
"S":108.0,
"utciso":"2023-05-02T18:30:03Z"
}