{
"T":20.655717849731445,
"H":116.35582733154297,
"P":996.017578125,
"PM10":111.6,
"PM25":166.9,
"S":125.0,
"utciso":"2023-05-28T21:20:03Z"
}