{
"T":30.314722061157227,
"H":70.61721801757812,
"P":993.032958984375,
"PM10":157.4,
"PM25":314.8,
"S":173.0,
"utciso":"2023-07-03T17:30:02Z"
}