{
"T":19.795015335083008,
"H":74.58891296386719,
"P":992.30859375,
"PM10":95.7,
"PM25":136.0,
"S":103.0,
"utciso":"2023-05-14T21:00:03Z"
}