{
"T":37.08558654785156,
"H":40.28876876831055,
"P":1000.37158203125,
"PM10":5.4,
"PM25":5.8,
"S":175.0,
"utciso":"2022-07-20T13:40:04Z"
}