{
"T":25.686050415039062,
"H":86.56814575195312,
"P":995.94140625,
"PM10":145.2,
"PM25":274.7,
"S":183.0,
"utciso":"2023-07-06T01:10:03Z"
}