{
"T":35.26854705810547,
"H":42.097415924072266,
"P":1002.064208984375,
"PM10":6.9,
"PM25":7.6,
"S":181.0,
"utciso":"2022-07-19T12:20:02Z"
}