{
"T":24.863601684570312,
"H":94.57262420654297,
"P":994.923828125,
"PM10":108.9,
"PM25":159.3,
"S":123.0,
"utciso":"2023-06-02T20:30:03Z"
}