{
"T":23.86901092529297,
"H":96.36294555664062,
"P":991.43310546875,
"PM10":137.5,
"PM25":248.7,
"S":168.0,
"utciso":"2023-07-02T03:30:02Z"
}