{
"T":27.94300651550293,
"H":67.34515380859375,
"P":999.7412109375,
"PM10":128.6,
"PM25":217.0,
"S":122.0,
"utciso":"2023-06-29T13:10:03Z"
}