{
"T":29.72179412841797,
"H":77.25605773925781,
"P":997.283447265625,
"PM10":152.8,
"PM25":290.7,
"S":189.0,
"utciso":"2023-07-06T10:30:03Z"
}