{
"T":25.303516387939453,
"H":66.58136749267578,
"P":1003.73583984375,
"PM10":2.5,
"PM25":2.8,
"S":225.0,
"utciso":"2022-07-09T01:40:18Z"
}