{
"T":29.53052520751953,
"H":77.75099182128906,
"P":997.364501953125,
"PM10":152.5,
"PM25":286.8,
"S":191.0,
"utciso":"2023-07-06T10:20:03Z"
}