{
"T":32.49517059326172,
"H":48.07633972167969,
"P":999.687744140625,
"PM10":130.5,
"PM25":216.6,
"S":132.0,
"utciso":"2023-06-22T12:30:03Z"
}