{
"T":28.937597274780273,
"H":78.63392639160156,
"P":996.9462890625,
"PM10":5.8,
"PM25":6.3,
"S":277.0,
"utciso":"2022-07-16T00:40:03Z"
}