{
"T":25.303516387939453,
"H":79.1930160522461,
"P":997.54248046875,
"PM10":118.3,
"PM25":184.9,
"S":149.0,
"utciso":"2023-06-23T03:00:02Z"
}