{
"T":25.78168487548828,
"H":87.55189514160156,
"P":995.1103515625,
"PM10":113.5,
"PM25":171.3,
"S":180.0,
"utciso":"2023-06-09T11:50:02Z"
}