{
"T":29.779172897338867,
"H":50.587669372558594,
"P":994.22705078125,
"PM10":127.4,
"PM25":210.7,
"S":120.0,
"utciso":"2023-06-15T15:30:03Z"
}