{
"T":18.570903778076172,
"H":77.49435424804688,
"P":993.55126953125,
"PM10":90.4,
"PM25":123.3,
"S":105.0,
"utciso":"2023-05-11T20:40:03Z"
}