{
"T":30.295595169067383,
"H":68.92771911621094,
"P":1002.029541015625,
"PM10":10.1,
"PM25":11.1,
"S":255.0,
"utciso":"2022-07-20T01:00:02Z"
}