{
"T":27.522218704223633,
"H":78.68891906738281,
"P":1003.742919921875,
"PM10":,
"PM25":,
"S":,
"utciso":"2022-07-14T01:40:03Z"
}