{
"T":23.467350006103516,
"H":82.94779205322266,
"P":999.751220703125,
"PM10":131.7,
"PM25":226.6,
"S":147.0,
"utciso":"2023-06-20T04:30:03Z"
}