{
"T":24.30892562866211,
"H":93.7874526977539,
"P":993.861083984375,
"PM10":131.0,
"PM25":228.8,
"S":203.0,
"utciso":"2023-07-03T05:00:03Z"
}