{
"T":29.72179412841797,
"H":72.4564208984375,
"P":1002.945068359375,
"PM10":13.8,
"PM25":16.5,
"S":270.0,
"utciso":"2022-07-20T06:10:02Z"
}