{
"T":30.639877319335938,
"H":69.79232788085938,
"P":994.214599609375,
"PM10":157.6,
"PM25":315.2,
"S":171.0,
"utciso":"2023-07-05T18:30:03Z"
}