{
"T":22.5875186920166,
"H":92.69065856933594,
"P":996.1181640625,
"PM10":129.3,
"PM25":211.6,
"S":139.0,
"utciso":"2023-06-30T02:00:03Z"
}