{
"T":34.44609832763672,
"H":47.03147888183594,
"P":996.092529296875,
"PM10":2.3,
"PM25":2.5,
"S":215.0,
"utciso":"2022-07-05T15:20:18Z"
}