{
"T":26.64238739013672,
"H":72.47169494628906,
"P":996.856201171875,
"PM10":124.0,
"PM25":202.6,
"S":123.0,
"utciso":"2023-05-29T15:20:03Z"
}