{
"T":19.163833618164062,
"H":89.12835693359375,
"P":999.3662109375,
"PM10":99.9,
"PM25":141.9,
"S":146.0,
"utciso":"2023-05-08T00:20:02Z"
}