{
"T":14.496908187866211,
"H":71.92176818847656,
"P":1001.16943359375,
"PM10":111.4,
"PM25":172.9,
"S":108.0,
"utciso":"2023-04-28T03:20:02Z"
}