{
"T":18.13098907470703,
"H":81.74406433105469,
"P":1002.111328125,
"PM10":86.3,
"PM25":110.5,
"S":130.0,
"utciso":"2023-05-05T02:30:02Z"
}