{
"T":22.472759246826172,
"H":77.31715393066406,
"P":1000.953125,
"PM10":120.5,
"PM25":195.2,
"S":144.0,
"utciso":"2023-06-25T05:50:02Z"
}