{
"T":16.466962814331055,
"H":128.66807556152344,
"P":996.645751953125,
"PM10":101.3,
"PM25":148.2,
"S":127.0,
"utciso":"2023-05-20T17:40:03Z"
}