{
"T":15.548879623413086,
"H":115.09710693359375,
"P":997.44873046875,
"PM10":97.9,
"PM25":139.2,
"S":123.0,
"utciso":"2023-05-20T03:40:03Z"
}