{
"T":29.109737396240234,
"H":61.790897369384766,
"P":999.4765625,
"PM10":,
"PM25":,
"S":,
"utciso":"2022-07-10T10:10:21Z"
}