{
"T":18.188369750976562,
"H":80.75724792480469,
"P":998.053466796875,
"PM10":85.2,
"PM25":107.8,
"S":111.0,
"utciso":"2023-04-29T00:00:03Z"
}