{
"T":22.68315315246582,
"H":80.04234313964844,
"P":1001.36669921875,
"PM10":114.1,
"PM25":168.6,
"S":122.0,
"utciso":"2023-05-25T09:30:03Z"
}