{
"T":25.55216407775879,
"H":70.96244812011719,
"P":998.994140625,
"PM10":129.6,
"PM25":221.3,
"S":136.0,
"utciso":"2023-06-20T00:40:02Z"
}