{
"T":30.831144332885742,
"H":67.27488708496094,
"P":991.798095703125,
"PM10":218.6,
"PM25":480.9,
"S":159.0,
"utciso":"2023-07-02T17:50:02Z"
}