{
"T":26.508501052856445,
"H":62.7685432434082,
"P":1001.171142578125,
"PM10":127.1,
"PM25":214.1,
"S":135.0,
"utciso":"2023-06-20T22:40:03Z"
}