{
"T":14.516035079956055,
"H":123.0924301147461,
"P":998.571533203125,
"PM10":102.3,
"PM25":147.9,
"S":128.0,
"utciso":"2023-05-01T20:10:03Z"
}