{
"T":24.9592342376709,
"H":70.88607025146484,
"P":1001.246826171875,
"PM10":115.8,
"PM25":180.4,
"S":163.0,
"utciso":"2023-06-22T02:50:03Z"
}