{
"T":23.33346176147461,
"H":97.83552551269531,
"P":997.594970703125,
"PM10":114.3,
"PM25":171.2,
"S":164.0,
"utciso":"2023-06-08T07:50:02Z"
}