{
"T":23.964645385742188,
"H":83.10054779052734,
"P":997.9375,
"PM10":123.0,
"PM25":202.3,
"S":124.0,
"utciso":"2023-05-29T20:30:02Z"
}