{
"T":34.31221008300781,
"H":54.614356994628906,
"P":998.036376953125,
"PM10":4.6,
"PM25":4.9,
"S":188.0,
"utciso":"2022-07-11T16:10:02Z"
}