{
"T":23.409969329833984,
"H":84.83892822265625,
"P":998.04345703125,
"PM10":123.3,
"PM25":201.8,
"S":126.0,
"utciso":"2023-05-29T20:50:03Z"
}