{
"T":28.803709030151367,
"H":73.40657043457031,
"P":1000.820068359375,
"PM10":6.4,
"PM25":7.0,
"S":289.0,
"utciso":"2022-07-17T03:10:02Z"
}