{
"T":23.65861701965332,
"H":50.04690933227539,
"P":987.431640625,
"PM10":101.2,
"PM25":148.5,
"S":112.0,
"utciso":"2023-05-16T13:30:03Z"
}