{
"T":25.839065551757812,
"H":81.8326644897461,
"P":994.191650390625,
"PM10":110.0,
"PM25":164.7,
"S":174.0,
"utciso":"2023-06-09T18:40:02Z"
}