{
"T":32.9542121887207,
"H":46.44794464111328,
"P":996.942138671875,
"PM10":139.1,
"PM25":244.1,
"S":115.0,
"utciso":"2023-06-25T16:30:03Z"
}