{
"T":17.15552520751953,
"H":128.7994384765625,
"P":996.007080078125,
"PM10":115.5,
"PM25":178.3,
"S":137.0,
"utciso":"2023-05-21T02:20:02Z"
}