{
"T":18.83867835998535,
"H":84.54869079589844,
"P":995.663818359375,
"PM10":113.5,
"PM25":171.9,
"S":145.0,
"utciso":"2023-05-24T03:10:03Z"
}