{
"T":21.631181716918945,
"H":62.57606887817383,
"P":1002.456298828125,
"PM10":96.9,
"PM25":135.6,
"S":120.0,
"utciso":"2023-05-03T11:20:03Z"
}