{
"T":28.937597274780273,
"H":62.68605422973633,
"P":999.702392578125,
"PM10":130.2,
"PM25":220.6,
"S":128.0,
"utciso":"2023-06-25T11:00:03Z"
}