{
"T":22.128477096557617,
"H":114.62966918945312,
"P":992.636962890625,
"PM10":110.3,
"PM25":169.6,
"S":166.0,
"utciso":"2023-06-13T23:40:03Z"
}