{
"T":27.77086639404297,
"H":51.10093688964844,
"P":1000.380859375,
"PM10":118.8,
"PM25":192.1,
"S":136.0,
"utciso":"2023-05-26T13:50:02Z"
}