{
"T":28.096019744873047,
"H":64.867431640625,
"P":994.36572265625,
"PM10":117.7,
"PM25":182.0,
"S":113.0,
"utciso":"2023-05-28T17:00:02Z"
}