{
"T":15.548879623413086,
"H":119.36820220947266,
"P":997.1650390625,
"PM10":100.2,
"PM25":144.0,
"S":125.0,
"utciso":"2023-05-20T06:40:03Z"
}