{
"T":29.339258193969727,
"H":72.01342010498047,
"P":1003.372802734375,
"PM10":12.2,
"PM25":13.3,
"S":241.0,
"utciso":"2022-07-19T01:30:03Z"
}