{
"T":19.335973739624023,
"H":77.26827239990234,
"P":999.341796875,
"PM10":105.8,
"PM25":161.0,
"S":128.0,
"utciso":"2023-05-13T10:10:03Z"
}