{
"T":23.409969329833984,
"H":110.45633697509766,
"P":998.86962890625,
"PM10":4.7,
"PM25":5.9,
"S":322.0,
"utciso":"2022-07-04T16:30:21Z"
}