{
"T":17.42329978942871,
"H":85.85324096679688,
"P":994.144287109375,
"PM10":93.1,
"PM25":130.1,
"S":108.0,
"utciso":"2023-05-11T23:40:03Z"
}