{
"T":25.380023956298828,
"H":89.94102478027344,
"P":996.47216796875,
"PM10":138.3,
"PM25":250.8,
"S":182.0,
"utciso":"2023-07-04T03:30:02Z"
}