{
"T":23.964645385742188,
"H":96.56764221191406,
"P":991.327392578125,
"PM10":141.1,
"PM25":260.4,
"S":165.0,
"utciso":"2023-07-02T03:10:03Z"
}