{
"T":25.054868698120117,
"H":71.54904174804688,
"P":1001.827880859375,
"PM10":114.4,
"PM25":177.2,
"S":158.0,
"utciso":"2023-06-22T01:10:03Z"
}