{
"T":19.31684684753418,
"H":83.12804412841797,
"P":990.62646484375,
"PM10":108.1,
"PM25":161.5,
"S":124.0,
"utciso":"2023-05-15T09:30:03Z"
}