{
"T":16.505216598510742,
"H":102.37547302246094,
"P":1002.376708984375,
"PM10":107.2,
"PM25":161.1,
"S":169.0,
"utciso":"2023-05-26T04:40:02Z"
}