{
"T":25.8773193359375,
"H":73.72735595703125,
"P":996.920654296875,
"PM10":111.9,
"PM25":170.0,
"S":113.0,
"utciso":"2023-06-05T14:10:03Z"
}