{
"T":21.344282150268555,
"H":111.75477600097656,
"P":998.35791015625,
"PM10":111.0,
"PM25":161.5,
"S":142.0,
"utciso":"2023-06-03T23:00:03Z"
}