{
"T":19.431608200073242,
"H":109.17012023925781,
"P":1003.00634765625,
"PM10":119.2,
"PM25":184.1,
"S":147.0,
"utciso":"2023-05-25T21:20:03Z"
}