{
"T":22.30061912536621,
"H":108.2383041381836,
"P":995.4697265625,
"PM10":112.8,
"PM25":174.7,
"S":178.0,
"utciso":"2023-06-14T23:10:03Z"
}