{
"T":18.532649993896484,
"H":81.31329345703125,
"P":1002.12890625,
"PM10":91.8,
"PM25":122.8,
"S":128.0,
"utciso":"2023-05-05T01:50:02Z"
}