{
"T":17.710201263427734,
"H":87.26776885986328,
"P":1003.1875,
"PM10":95.3,
"PM25":131.3,
"S":148.0,
"utciso":"2023-05-03T07:50:03Z"
}