{
"T":21.286901473999023,
"H":109.73226928710938,
"P":998.405029296875,
"PM10":112.0,
"PM25":163.4,
"S":143.0,
"utciso":"2023-06-03T22:40:03Z"
}