{
"T":19.068199157714844,
"H":75.47795867919922,
"P":992.218994140625,
"PM10":97.5,
"PM25":139.5,
"S":117.0,
"utciso":"2023-05-11T08:30:02Z"
}