{
"T":28.994976043701172,
"H":78.81723022460938,
"P":997.596923828125,
"PM10":133.1,
"PM25":224.9,
"S":135.0,
"utciso":"2023-06-18T17:10:03Z"
}