{
"T":21.80332374572754,
"H":98.92010498046875,
"P":996.63720703125,
"PM10":115.5,
"PM25":178.3,
"S":137.0,
"utciso":"2023-05-21T14:30:03Z"
}