{
"T":36.760433197021484,
"H":39.757171630859375,
"P":1000.5908203125,
"PM10":6.0,
"PM25":6.4,
"S":187.0,
"utciso":"2022-07-19T15:10:03Z"
}