{
"T":29.62615966796875,
"H":75.0135726928711,
"P":1002.878662109375,
"PM10":8.1,
"PM25":8.8,
"S":292.0,
"utciso":"2022-07-17T06:40:03Z"
}