{
"T":28.249034881591797,
"H":75.27937316894531,
"P":1001.870361328125,
"PM10":6.7,
"PM25":7.2,
"S":288.0,
"utciso":"2022-07-17T05:10:03Z"
}