{
"T":24.672334671020508,
"H":95.30586242675781,
"P":996.309326171875,
"PM10":117.6,
"PM25":182.1,
"S":115.0,
"utciso":"2023-06-03T16:30:03Z"
}