{
"T":25.035741806030273,
"H":89.04891967773438,
"P":991.0654296875,
"PM10":148.7,
"PM25":286.6,
"S":152.0,
"utciso":"2023-07-02T01:00:03Z"
}