{
"T":23.620363235473633,
"H":82.30621337890625,
"P":999.787109375,
"PM10":141.7,
"PM25":256.2,
"S":147.0,
"utciso":"2023-06-20T04:40:03Z"
}