{
"T":27.67523193359375,
"H":77.64710998535156,
"P":997.76513671875,
"PM10":7.7,
"PM25":8.3,
"S":277.0,
"utciso":"2022-07-15T01:40:03Z"
}