{
"T":26.680641174316406,
"H":76.45866394042969,
"P":996.69482421875,
"PM10":111.7,
"PM25":166.9,
"S":125.0,
"utciso":"2023-06-07T19:00:03Z"
}