{
"T":18.704792022705078,
"H":91.80772399902344,
"P":996.080078125,
"PM10":90.4,
"PM25":119.3,
"S":162.0,
"utciso":"2023-04-30T04:50:03Z"
}