{
"T":17.002511978149414,
"H":85.68826293945312,
"P":993.6591796875,
"PM10":94.5,
"PM25":133.5,
"S":112.0,
"utciso":"2023-05-12T01:10:02Z"
}