{
"T":20.540958404541016,
"H":129.11106872558594,
"P":999.9013671875,
"PM10":131.5,
"PM25":222.0,
"S":125.0,
"utciso":"2023-05-31T16:50:02Z"
}