{
"T":31.51970672607422,
"H":56.13276290893555,
"P":996.482666015625,
"PM10":147.9,
"PM25":277.7,
"S":140.0,
"utciso":"2023-06-26T20:20:02Z"
}