{
"T":23.409969329833984,
"H":97.27337646484375,
"P":997.54248046875,
"PM10":113.9,
"PM25":170.7,
"S":163.0,
"utciso":"2023-06-08T08:00:02Z"
}