{
"T":25.571290969848633,
"H":85.98460388183594,
"P":999.86572265625,
"PM10":6.3,
"PM25":6.9,
"S":276.0,
"utciso":"2022-07-02T02:50:18Z"
}