{
"T":36.7221794128418,
"H":46.67402648925781,
"P":996.355224609375,
"PM10":5.7,
"PM25":6.1,
"S":210.0,
"utciso":"2022-07-16T16:30:03Z"
}