{
"T":28.00038719177246,
"H":71.6865234375,
"P":995.98486328125,
"PM10":109.5,
"PM25":159.4,
"S":119.0,
"utciso":"2023-06-06T14:00:03Z"
}