{
"T":21.745943069458008,
"H":128.71694946289062,
"P":994.1259765625,
"PM10":116.2,
"PM25":175.7,
"S":196.0,
"utciso":"2023-06-14T09:50:03Z"
}