{
"T":25.494783401489258,
"H":72.48391723632812,
"P":997.1650390625,
"PM10":132.9,
"PM25":223.9,
"S":118.0,
"utciso":"2023-05-30T20:30:03Z"
}