{
"T":23.620363235473633,
"H":64.52220153808594,
"P":998.6025390625,
"PM10":91.1,
"PM25":119.2,
"S":121.0,
"utciso":"2023-05-05T19:50:03Z"
}