{
"T":21.860702514648438,
"H":94.57262420654297,
"P":995.439453125,
"PM10":128.3,
"PM25":210.4,
"S":153.0,
"utciso":"2023-06-30T03:50:03Z"
}