{
"T":22.970054626464844,
"H":120.49861145019531,
"P":1001.12158203125,
"PM10":131.5,
"PM25":222.0,
"S":125.0,
"utciso":"2023-05-31T10:20:03Z"
}