{
"T":20.34969139099121,
"H":128.6864013671875,
"P":1000.4423828125,
"PM10":146.2,
"PM25":257.1,
"S":173.0,
"utciso":"2023-06-01T06:50:03Z"
}