{
"T":21.401660919189453,
"H":129.11106872558594,
"P":997.966796875,
"PM10":107.6,
"PM25":155.8,
"S":136.0,
"utciso":"2023-06-04T18:20:03Z"
}