{
"T":20.005409240722656,
"H":113.78950500488281,
"P":997.95263671875,
"PM10":115.3,
"PM25":173.0,
"S":153.0,
"utciso":"2023-06-04T02:50:02Z"
}