{
"T":26.4893741607666,
"H":84.16374206542969,
"P":1000.970947265625,
"PM10":10.3,
"PM25":22.8,
"S":295.0,
"utciso":"2022-07-03T02:40:17Z"
}