{
"T":17.346792221069336,
"H":110.79240417480469,
"P":996.846923828125,
"PM10":110.8,
"PM25":162.7,
"S":170.0,
"utciso":"2023-05-22T01:10:04Z"
}