{
"T":22.262365341186523,
"H":77.17662048339844,
"P":1000.97265625,
"PM10":121.3,
"PM25":199.1,
"S":148.0,
"utciso":"2023-06-25T05:40:02Z"
}