{
"T":32.30390167236328,
"H":63.66675567626953,
"P":998.9423828125,
"PM10":6.6,
"PM25":7.1,
"S":271.0,
"utciso":"2022-07-16T21:40:02Z"
}