{
"T":30.792890548706055,
"H":70.34530639648438,
"P":1003.7158203125,
"PM10":8.4,
"PM25":9.1,
"S":263.0,
"utciso":"2022-07-17T22:50:03Z"
}