{
"T":22.817039489746094,
"H":129.11106872558594,
"P":992.36083984375,
"PM10":181.2,
"PM25":316.7,
"S":172.0,
"utciso":"2023-06-12T22:10:05Z"
}