{
"T":23.71599769592285,
"H":82.73088073730469,
"P":999.88720703125,
"PM10":129.2,
"PM25":221.9,
"S":148.0,
"utciso":"2023-06-20T05:00:03Z"
}