{
"T":23.9263916015625,
"H":65.08740234375,
"P":995.2109375,
"PM10":88.9,
"PM25":113.3,
"S":119.0,
"utciso":"2023-04-29T12:00:03Z"
}