{
"T":31.404945373535156,
"H":67.33293151855469,
"P":1003.509033203125,
"PM10":7.8,
"PM25":8.6,
"S":260.0,
"utciso":"2022-07-17T22:00:03Z"
}