{
"T":24.595827102661133,
"H":86.3451156616211,
"P":995.565185546875,
"PM10":4.3,
"PM25":5.2,
"S":262.0,
"utciso":"2022-07-01T04:40:23Z"
}