{
"T":26.278980255126953,
"H":85.57215881347656,
"P":1000.9423828125,
"PM10":8.2,
"PM25":8.9,
"S":296.0,
"utciso":"2022-07-03T03:10:27Z"
}