{
"T":20.46445083618164,
"H":111.51647186279297,
"P":997.9189453125,
"PM10":110.6,
"PM25":162.8,
"S":148.0,
"utciso":"2023-06-04T01:10:03Z"
}