{
"T":20.521831512451172,
"H":106.13330841064453,
"P":996.58544921875,
"PM10":115.5,
"PM25":178.3,
"S":137.0,
"utciso":"2023-05-21T19:10:03Z"
}