{
"T":22.18585777282715,
"H":87.80548095703125,
"P":998.014892578125,
"PM10":122.2,
"PM25":199.9,
"S":129.0,
"utciso":"2023-05-29T21:50:03Z"
}