{
"T":29.09061050415039,
"H":59.23373794555664,
"P":1001.35693359375,
"PM10":6.5,
"PM25":7.2,
"S":208.0,
"utciso":"2022-07-09T21:10:17Z"
}