{
"T":29.205371856689453,
"H":73.91983032226562,
"P":994.95556640625,
"PM10":156.7,
"PM25":311.0,
"S":172.0,
"utciso":"2023-07-05T19:40:03Z"
}