{
"T":21.841575622558594,
"H":127.51016998291016,
"P":1000.386962890625,
"PM10":142.0,
"PM25":243.6,
"S":174.0,
"utciso":"2023-06-01T08:00:03Z"
}