{
"T":29.587905883789062,
"H":64.99574279785156,
"P":995.521484375,
"PM10":135.3,
"PM25":234.8,
"S":122.0,
"utciso":"2023-06-17T18:40:03Z"
}