{
"T":23.295207977294922,
"H":94.34349060058594,
"P":994.966552734375,
"PM10":112.4,
"PM25":169.2,
"S":202.0,
"utciso":"2023-06-09T06:50:03Z"
}