{
"T":27.197063446044922,
"H":74.67140197753906,
"P":993.50732421875,
"PM10":230.3,
"PM25":504.6,
"S":168.0,
"utciso":"2023-07-02T22:00:03Z"
}