{
"T":26.623260498046875,
"H":81.79600524902344,
"P":1003.38720703125,
"PM10":11.6,
"PM25":12.6,
"S":262.0,
"utciso":"2022-07-14T05:30:03Z"
}