{
"T":21.038253784179688,
"H":126.55696868896484,
"P":1001.6953125,
"PM10":131.5,
"PM25":222.0,
"S":125.0,
"utciso":"2023-05-31T08:10:03Z"
}