{
"T":33.31761932373047,
"H":56.10526657104492,
"P":999.7626953125,
"PM10":6.3,
"PM25":6.7,
"S":229.0,
"utciso":"2022-07-03T11:20:25Z"
}