{
"T":15.87403392791748,
"H":119.98229217529297,
"P":997.44384765625,
"PM10":97.2,
"PM25":138.7,
"S":120.0,
"utciso":"2023-05-20T09:50:02Z"
}