{
"T":28.535934448242188,
"H":67.53762817382812,
"P":1003.787353515625,
"PM10":3.4,
"PM25":3.7,
"S":246.0,
"utciso":"2022-07-12T08:10:02Z"
}