{
"T":24.022024154663086,
"H":64.78189086914062,
"P":997.673095703125,
"PM10":104.9,
"PM25":154.3,
"S":106.0,
"utciso":"2023-04-28T16:10:03Z"
}