{
"T":24.825347900390625,
"H":91.11114501953125,
"P":993.436279296875,
"PM10":131.1,
"PM25":230.9,
"S":193.0,
"utciso":"2023-07-03T03:40:03Z"
}