{
"T":25.399150848388672,
"H":95.68164825439453,
"P":998.9638671875,
"PM10":144.9,
"PM25":266.1,
"S":171.0,
"utciso":"2023-06-19T01:30:03Z"
}