{
"T":14.439528465270996,
"H":125.270751953125,
"P":997.982421875,
"PM10":103.3,
"PM25":146.8,
"S":133.0,
"utciso":"2023-05-02T00:00:03Z"
}