{
"T":15.625386238098145,
"H":108.73628997802734,
"P":996.490478515625,
"PM10":91.2,
"PM25":124.5,
"S":113.0,
"utciso":"2023-05-14T09:20:03Z"
}