{
"T":34.98164749145508,
"H":58.31414031982422,
"P":994.0126953125,
"PM10":4.2,
"PM25":4.5,
"S":218.0,
"utciso":"2022-07-15T17:20:03Z"
}