{
"T":26.412866592407227,
"H":80.1614990234375,
"P":994.473876953125,
"PM10":114.1,
"PM25":175.1,
"S":130.0,
"utciso":"2023-06-12T12:20:03Z"
}