{
"T":30.429481506347656,
"H":75.00746154785156,
"P":998.036865234375,
"PM10":164.2,
"PM25":327.4,
"S":165.0,
"utciso":"2023-06-19T12:40:03Z"
}