{
"T":27.02492332458496,
"H":64.61996459960938,
"P":1003.957763671875,
"PM10":3.0,
"PM25":3.3,
"S":221.0,
"utciso":"2022-07-08T22:50:27Z"
}