{
"T":24.978361129760742,
"H":54.779335021972656,
"P":998.59375,
"PM10":106.5,
"PM25":161.4,
"S":110.0,
"utciso":"2023-04-28T13:20:02Z"
}