{
"T":27.923879623413086,
"H":68.3014144897461,
"P":995.576416015625,
"PM10":126.5,
"PM25":208.6,
"S":137.0,
"utciso":"2023-06-15T12:30:02Z"
}