{
"T":19.010818481445312,
"H":85.10166931152344,
"P":996.944580078125,
"PM10":106.1,
"PM25":163.1,
"S":131.0,
"utciso":"2023-05-17T12:10:03Z"
}