{
"T":15.357611656188965,
"H":68.16393280029297,
"P":1000.638427734375,
"PM10":115.7,
"PM25":184.4,
"S":111.0,
"utciso":"2023-04-28T01:20:03Z"
}