{
"T":16.199188232421875,
"H":88.07127380371094,
"P":1002.194091796875,
"PM10":90.0,
"PM25":120.0,
"S":124.0,
"utciso":"2023-05-03T00:40:03Z"
}