{
"T":26.16421890258789,
"H":50.51129150390625,
"P":1000.067138671875,
"PM10":107.5,
"PM25":160.2,
"S":110.0,
"utciso":"2023-05-04T16:20:03Z"
}