{
"T":24.729713439941406,
"H":75.18161010742188,
"P":1001.194091796875,
"PM10":112.1,
"PM25":162.3,
"S":121.0,
"utciso":"2023-05-25T11:40:03Z"
}