{
"T":26.565881729125977,
"H":68.95826721191406,
"P":996.557861328125,
"PM10":123.4,
"PM25":201.3,
"S":120.0,
"utciso":"2023-05-29T17:20:03Z"
}