{
"T":24.978361129760742,
"H":93.13365173339844,
"P":996.977294921875,
"PM10":141.9,
"PM25":260.2,
"S":205.0,
"utciso":"2023-07-06T05:40:02Z"
}