{
"T":18.723918914794922,
"H":73.14993286132812,
"P":989.423583984375,
"PM10":99.2,
"PM25":144.5,
"S":114.0,
"utciso":"2023-05-17T00:30:03Z"
}