{
"T":22.606645584106445,
"H":129.11106872558594,
"P":992.2001953125,
"PM10":107.9,
"PM25":157.9,
"S":176.0,
"utciso":"2023-06-12T23:00:02Z"
}