{
"T":22.434505462646484,
"H":110.41356658935547,
"P":994.200439453125,
"PM10":105.0,
"PM25":152.8,
"S":232.0,
"utciso":"2023-06-10T05:30:03Z"
}