{
"T":14.76468276977539,
"H":88.54788208007812,
"P":991.86474609375,
"PM10":104.1,
"PM25":154.8,
"S":116.0,
"utciso":"2023-05-15T05:10:02Z"
}