{
"T":14.879443168640137,
"H":123.2024154663086,
"P":998.148681640625,
"PM10":104.6,
"PM25":152.2,
"S":130.0,
"utciso":"2023-05-01T19:00:02Z"
}