{
"T":14.70730209350586,
"H":89.623291015625,
"P":991.798583984375,
"PM10":103.2,
"PM25":152.6,
"S":118.0,
"utciso":"2023-05-15T05:40:03Z"
}