{
"T":32.915958404541016,
"H":64.23501586914062,
"P":998.61328125,
"PM10":6.4,
"PM25":6.9,
"S":253.0,
"utciso":"2022-07-16T11:40:03Z"
}