{
"T":30.295595169067383,
"H":65.4173583984375,
"P":1001.953125,
"PM10":10.0,
"PM25":11.0,
"S":248.0,
"utciso":"2022-07-20T00:00:03Z"
}