{
"T":24.347179412841797,
"H":62.481361389160156,
"P":1000.632568359375,
"PM10":117.3,
"PM25":185.8,
"S":146.0,
"utciso":"2023-06-24T02:10:02Z"
}