{
"T":16.639102935791016,
"H":86.94697570800781,
"P":993.60986328125,
"PM10":94.2,
"PM25":132.9,
"S":114.0,
"utciso":"2023-05-12T02:20:04Z"
}