{
"T":26.16421890258789,
"H":74.39337921142578,
"P":999.712158203125,
"PM10":127.2,
"PM25":215.3,
"S":129.0,
"utciso":"2023-06-29T05:50:02Z"
}