{
"T":22.319744110107422,
"H":95.41584777832031,
"P":998.22216796875,
"PM10":104.7,
"PM25":149.7,
"S":142.0,
"utciso":"2023-06-07T02:50:03Z"
}