{
"T":30.869396209716797,
"H":62.28888702392578,
"P":998.343017578125,
"PM10":195.2,
"PM25":420.9,
"S":137.0,
"utciso":"2023-06-26T10:40:02Z"
}