{
"T":19.010818481445312,
"H":73.47378540039062,
"P":993.46435546875,
"PM10":91.5,
"PM25":125.5,
"S":107.0,
"utciso":"2023-05-11T20:10:02Z"
}