{
"T":36.64567184448242,
"H":44.05576705932617,
"P":1000.1494140625,
"PM10":4.3,
"PM25":4.7,
"S":187.0,
"utciso":"2022-07-14T13:50:02Z"
}