{
"T":24.69145965576172,
"H":91.62440490722656,
"P":997.39990234375,
"PM10":117.4,
"PM25":177.7,
"S":164.0,
"utciso":"2023-06-08T09:10:03Z"
}