{
"T":21.554676055908203,
"H":126.3522720336914,
"P":992.261962890625,
"PM10":116.8,
"PM25":183.8,
"S":200.0,
"utciso":"2023-06-13T04:50:02Z"
}