{
"T":33.94880294799805,
"H":35.9199104309082,
"P":1001.79345703125,
"PM10":1.5,
"PM25":1.6,
"S":153.0,
"utciso":"2022-07-08T15:10:17Z"
}