{
"T":33.26023864746094,
"H":64.91631317138672,
"P":991.98095703125,
"PM10":145.8,
"PM25":263.8,
"S":169.0,
"utciso":"2023-06-27T17:40:02Z"
}