{
"T":15.56800651550293,
"H":88.74951171875,
"P":999.054443359375,
"PM10":104.2,
"PM25":156.0,
"S":116.0,
"utciso":"2023-05-18T04:00:03Z"
}