{
"T":20.693971633911133,
"H":114.26305389404297,
"P":997.3134765625,
"PM10":119.0,
"PM25":184.2,
"S":123.0,
"utciso":"2023-05-28T22:40:04Z"
}