{
"T":16.734737396240234,
"H":102.80319213867188,
"P":1000.114990234375,
"PM10":103.0,
"PM25":144.2,
"S":133.0,
"utciso":"2023-05-19T04:30:02Z"
}