{
"T":22.721406936645508,
"H":58.91905975341797,
"P":996.36474609375,
"PM10":106.1,
"PM25":160.6,
"S":106.0,
"utciso":"2023-05-13T15:40:02Z"
}