{
"T":30.27646827697754,
"H":63.993656158447266,
"P":1001.93896484375,
"PM10":8.4,
"PM25":9.2,
"S":244.0,
"utciso":"2022-07-19T23:40:02Z"
}