{
"T":15.950540542602539,
"H":120.324462890625,
"P":997.348388671875,
"PM10":98.0,
"PM25":138.5,
"S":125.0,
"utciso":"2023-05-20T10:00:03Z"
}