{
"T":26.79540252685547,
"H":67.20767211914062,
"P":994.06005859375,
"PM10":109.3,
"PM25":164.0,
"S":136.0,
"utciso":"2023-06-11T19:40:03Z"
}