{
"T":28.38292121887207,
"H":58.88545227050781,
"P":996.74072265625,
"PM10":138.5,
"PM25":245.3,
"S":117.0,
"utciso":"2023-05-30T13:10:03Z"
}