{
"T":26.451120376586914,
"H":82.24510955810547,
"P":998.533447265625,
"PM10":125.7,
"PM25":201.4,
"S":167.0,
"utciso":"2023-06-18T08:30:03Z"
}