{
"T":29.970439910888672,
"H":69.47459411621094,
"P":1001.833740234375,
"PM10":4.4,
"PM25":4.8,
"S":253.0,
"utciso":"2022-07-06T09:30:22Z"
}