{
"T":29.281879425048828,
"H":65.17294311523438,
"P":995.655517578125,
"PM10":136.1,
"PM25":236.8,
"S":125.0,
"utciso":"2023-06-17T18:50:03Z"
}