{
"T":16.505216598510742,
"H":99.51585388183594,
"P":997.76513671875,
"PM10":103.5,
"PM25":153.7,
"S":128.0,
"utciso":"2023-05-12T21:10:03Z"
}