{
"T":20.368818283081055,
"H":68.39918518066406,
"P":989.004638671875,
"PM10":97.9,
"PM25":139.6,
"S":110.0,
"utciso":"2023-05-16T20:30:02Z"
}