{
"T":30.735509872436523,
"H":48.62932205200195,
"P":1000.13671875,
"PM10":149.9,
"PM25":286.3,
"S":138.0,
"utciso":"2023-06-20T11:50:02Z"
}