{
"T":25.322643280029297,
"H":79.55046844482422,
"P":998.154296875,
"PM10":119.5,
"PM25":190.2,
"S":132.0,
"utciso":"2023-05-29T12:00:03Z"
}