{
"T":23.60123634338379,
"H":119.0199203491211,
"P":999.432373046875,
"PM10":128.6,
"PM25":200.0,
"S":172.0,
"utciso":"2023-06-01T10:00:03Z"
}