{
"T":26.43199348449707,
"H":68.21281433105469,
"P":1001.599609375,
"PM10":,
"PM25":,
"S":,
"utciso":"2022-07-09T23:40:18Z"
}