{
"T":26.298107147216797,
"H":87.70159912109375,
"P":997.513427734375,
"PM10":144.8,
"PM25":270.3,
"S":210.0,
"utciso":"2023-07-06T07:10:02Z"
}