{
"T":18.245750427246094,
"H":128.96441650390625,
"P":1000.193603515625,
"PM10":124.7,
"PM25":197.9,
"S":163.0,
"utciso":"2023-06-01T04:50:03Z"
}