{
"T":27.426584243774414,
"H":80.931396484375,
"P":1001.4169921875,
"PM10":5.8,
"PM25":7.4,
"S":299.0,
"utciso":"2022-07-06T07:10:17Z"
}