{
"T":26.565881729125977,
"H":79.42520904541016,
"P":997.150634765625,
"PM10":123.8,
"PM25":193.5,
"S":116.0,
"utciso":"2023-06-03T13:00:03Z"
}