{
"T":25.494783401489258,
"H":73.84956359863281,
"P":994.587158203125,
"PM10":106.2,
"PM25":157.4,
"S":148.0,
"utciso":"2023-06-11T21:40:02Z"
}