{
"T":30.486862182617188,
"H":45.25949478149414,
"P":1002.9794921875,
"PM10":1.9,
"PM25":2.0,
"S":158.0,
"utciso":"2022-07-08T10:50:24Z"
}