{
"T":31.48145294189453,
"H":63.019065856933594,
"P":998.942138671875,
"PM10":7.9,
"PM25":8.7,
"S":246.0,
"utciso":"2022-07-21T23:10:03Z"
}