{
"T":26.565881729125977,
"H":93.5888671875,
"P":992.599853515625,
"PM10":122.6,
"PM25":196.9,
"S":156.0,
"utciso":"2023-06-14T15:30:03Z"
}