{
"T":23.620363235473633,
"H":65.35931396484375,
"P":997.702880859375,
"PM10":103.6,
"PM25":150.5,
"S":111.0,
"utciso":"2023-04-28T16:20:03Z"
}