{
"T":28.516807556152344,
"H":79.31216430664062,
"P":997.50927734375,
"PM10":152.8,
"PM25":289.2,
"S":205.0,
"utciso":"2023-07-05T10:10:03Z"
}