{
"T":26.183345794677734,
"H":81.85099792480469,
"P":997.503173828125,
"PM10":8.4,
"PM25":9.3,
"S":279.0,
"utciso":"2022-07-15T06:00:02Z"
}