{
"T":25.5139102935791,
"H":69.45014953613281,
"P":994.85986328125,
"PM10":115.3,
"PM25":174.0,
"S":147.0,
"utciso":"2023-05-24T10:10:03Z"
}