{
"T":21.80332374572754,
"H":120.53527069091797,
"P":993.600341796875,
"PM10":113.6,
"PM25":172.9,
"S":201.0,
"utciso":"2023-06-14T08:10:03Z"
}