{
"T":20.139297485351562,
"H":129.11106872558594,
"P":1000.660888671875,
"PM10":109.7,
"PM25":161.1,
"S":153.0,
"utciso":"2023-05-31T22:30:03Z"
}