{
"T":21.38253402709961,
"H":100.6065444946289,
"P":994.155517578125,
"PM10":108.0,
"PM25":150.8,
"S":130.0,
"utciso":"2023-05-09T17:20:02Z"
}