{
"T":25.34177017211914,
"H":67.37570190429688,
"P":997.1533203125,
"PM10":104.4,
"PM25":142.7,
"S":131.0,
"utciso":"2023-05-09T12:30:02Z"
}