{
"T":22.281492233276367,
"H":92.20488739013672,
"P":997.034423828125,
"PM10":120.8,
"PM25":194.8,
"S":171.0,
"utciso":"2023-06-16T04:20:03Z"
}