{
"T":28.91847038269043,
"H":72.54196166992188,
"P":998.35302734375,
"PM10":6.5,
"PM25":7.0,
"S":276.0,
"utciso":"2022-07-15T00:20:03Z"
}