{
"T":32.8203239440918,
"H":57.56562805175781,
"P":999.930419921875,
"PM10":6.4,
"PM25":6.9,
"S":230.0,
"utciso":"2022-07-03T11:00:17Z"
}