{
"T":23.964645385742188,
"H":88.24542236328125,
"P":996.94677734375,
"PM10":118.3,
"PM25":185.5,
"S":151.0,
"utciso":"2023-06-18T01:40:03Z"
}