{
"T":23.103940963745117,
"H":124.98356628417969,
"P":992.470703125,
"PM10":106.9,
"PM25":158.7,
"S":147.0,
"utciso":"2023-06-12T19:20:03Z"
}