{
"T":25.686050415039062,
"H":78.27952575683594,
"P":1001.069091796875,
"PM10":,
"PM25":,
"S":,
"utciso":"2022-07-10T06:50:17Z"
}