{
"T":18.743045806884766,
"H":98.29074096679688,
"P":997.1845703125,
"PM10":92.9,
"PM25":123.4,
"S":122.0,
"utciso":"2023-04-30T20:20:03Z"
}