{
"T":27.656105041503906,
"H":69.07742309570312,
"P":998.9111328125,
"PM10":156.8,
"PM25":312.6,
"S":146.0,
"utciso":"2023-06-19T20:20:03Z"
}