{
"T":18.322256088256836,
"H":82.98445129394531,
"P":1000.96435546875,
"PM10":116.6,
"PM25":186.7,
"S":158.0,
"utciso":"2023-05-27T04:00:02Z"
}