{
"T":22.24323844909668,
"H":97.38642120361328,
"P":994.67578125,
"PM10":111.5,
"PM25":167.0,
"S":196.0,
"utciso":"2023-06-09T05:40:03Z"
}