{
"T":28.096019744873047,
"H":74.88525390625,
"P":1000.046875,
"PM10":12.7,
"PM25":14.1,
"S":247.0,
"utciso":"2022-07-21T04:00:02Z"
}