{
"T":27.005796432495117,
"H":89.30555725097656,
"P":994.1806640625,
"PM10":3.7,
"PM25":4.1,
"S":253.0,
"utciso":"2022-06-29T21:30:17Z"
}