{
"T":16.0653018951416,
"H":96.5370864868164,
"P":998.869140625,
"PM10":108.6,
"PM25":164.6,
"S":146.0,
"utciso":"2023-05-13T04:50:03Z"
}