{
"T":25.207881927490234,
"H":93.42694854736328,
"P":994.71826171875,
"PM10":109.0,
"PM25":158.9,
"S":123.0,
"utciso":"2023-06-02T20:10:03Z"
}