{
"T":25.11224937438965,
"H":109.67422485351562,
"P":999.5732421875,
"PM10":4.8,
"PM25":7.9,
"S":285.0,
"utciso":"2022-07-03T22:20:19Z"
}