{
"T":31.806608200073242,
"H":54.84960174560547,
"P":1000.104736328125,
"PM10":3.5,
"PM25":3.8,
"S":276.0,
"utciso":"2022-07-02T19:50:18Z"
}