{
"T":27.73261260986328,
"H":69.30656433105469,
"P":995.74560546875,
"PM10":125.3,
"PM25":205.6,
"S":137.0,
"utciso":"2023-06-15T12:20:02Z"
}