{
"T":27.923879623413086,
"H":76.34255981445312,
"P":992.980712890625,
"PM10":112.1,
"PM25":166.2,
"S":156.0,
"utciso":"2023-06-10T19:00:02Z"
}