{
"T":30.716384887695312,
"H":62.20334243774414,
"P":1000.163330078125,
"PM10":10.7,
"PM25":11.7,
"S":223.0,
"utciso":"2022-07-21T00:00:03Z"
}