{
"T":28.4976806640625,
"H":44.98453140258789,
"P":1000.574462890625,
"PM10":1.3,
"PM25":1.4,
"S":211.0,
"utciso":"2022-07-08T00:20:17Z"
}