{
"T":27.369203567504883,
"H":76.26313018798828,
"P":998.607421875,
"PM10":3.7,
"PM25":4.1,
"S":304.0,
"utciso":"2022-07-06T00:30:20Z"
}