{
"T":25.360897064208984,
"H":89.92575073242188,
"P":996.875,
"PM10":137.9,
"PM25":249.4,
"S":185.0,
"utciso":"2023-07-04T04:10:03Z"
}