{
"T":15.912286758422852,
"H":109.47257995605469,
"P":997.06298828125,
"PM10":114.6,
"PM25":173.1,
"S":181.0,
"utciso":"2023-05-22T04:20:02Z"
}