{
"T":20.770479202270508,
"H":106.7718276977539,
"P":997.78662109375,
"PM10":110.8,
"PM25":162.5,
"S":148.0,
"utciso":"2023-06-04T00:30:03Z"
}