{
"T":33.700157165527344,
"H":37.45664978027344,
"P":1001.53564453125,
"PM10":1.6,
"PM25":2.0,
"S":161.0,
"utciso":"2022-07-08T16:30:20Z"
}