{
"T":27.120555877685547,
"H":76.62669372558594,
"P":998.11181640625,
"PM10":3.5,
"PM25":3.9,
"S":305.0,
"utciso":"2022-07-06T01:00:17Z"
}