{
"T":19.75676155090332,
"H":100.08716583251953,
"P":995.966552734375,
"PM10":98.6,
"PM25":131.4,
"S":114.0,
"utciso":"2023-04-30T16:40:03Z"
}