{
"T":24.729713439941406,
"H":71.42377471923828,
"P":1000.67724609375,
"PM10":120.8,
"PM25":195.7,
"S":140.0,
"utciso":"2023-06-21T01:10:02Z"
}