{
"T":32.87770462036133,
"H":45.250328063964844,
"P":1000.38818359375,
"PM10":6.5,
"PM25":7.2,
"S":208.0,
"utciso":"2022-07-09T15:40:17Z"
}