{
"T":23.524728775024414,
"H":76.205078125,
"P":1000.600830078125,
"PM10":107.2,
"PM25":158.4,
"S":150.0,
"utciso":"2023-05-08T10:10:02Z"
}