{
"T":29.24362564086914,
"H":61.67174530029297,
"P":999.640625,
"PM10":130.4,
"PM25":220.3,
"S":128.0,
"utciso":"2023-06-25T11:10:03Z"
}