{
"T":19.335973739624023,
"H":70.86773681640625,
"P":988.908935546875,
"PM10":98.2,
"PM25":141.1,
"S":113.0,
"utciso":"2023-05-16T23:10:03Z"
}