{
"T":20.521831512451172,
"H":85.88990020751953,
"P":996.8515625,
"PM10":100.2,
"PM25":132.1,
"S":159.0,
"utciso":"2023-04-30T08:10:03Z"
}