{
"T":23.21870231628418,
"H":78.57587432861328,
"P":995.5234375,
"PM10":108.9,
"PM25":164.6,
"S":124.0,
"utciso":"2023-05-24T19:00:03Z"
}