{
"T":20.254056930541992,
"H":86.1068115234375,
"P":995.89013671875,
"PM10":111.8,
"PM25":167.3,
"S":161.0,
"utciso":"2023-05-24T07:00:02Z"
}