{
"T":24.672334671020508,
"H":104.38270568847656,
"P":998.857666015625,
"PM10":161.3,
"PM25":315.0,
"S":189.0,
"utciso":"2023-06-19T05:10:02Z"
}