{
"T":25.475656509399414,
"H":98.4496078491211,
"P":999.909912109375,
"PM10":6.1,
"PM25":6.8,
"S":307.0,
"utciso":"2022-07-04T05:30:21Z"
}