{
"T":28.096019744873047,
"H":78.27342224121094,
"P":995.4853515625,
"PM10":6.5,
"PM25":7.4,
"S":271.0,
"utciso":"2022-06-30T08:50:25Z"
}