{
"T":18.264877319335938,
"H":86.19541931152344,
"P":998.254150390625,
"PM10":104.9,
"PM25":158.3,
"S":116.0,
"utciso":"2023-05-13T21:40:03Z"
}