{
"T":24.69145965576172,
"H":79.03109741210938,
"P":997.914306640625,
"PM10":118.3,
"PM25":182.9,
"S":130.0,
"utciso":"2023-05-28T09:10:03Z"
}