{
"T":22.396251678466797,
"H":75.79263305664062,
"P":1000.786865234375,
"PM10":120.2,
"PM25":194.5,
"S":148.0,
"utciso":"2023-06-25T05:10:03Z"
}