{
"T":29.91305923461914,
"H":75.39546966552734,
"P":997.26513671875,
"PM10":153.6,
"PM25":292.3,
"S":185.0,
"utciso":"2023-07-06T10:40:03Z"
}