{
"T":18.01622772216797,
"H":109.99501037597656,
"P":996.875244140625,
"PM10":114.1,
"PM25":169.3,
"S":169.0,
"utciso":"2023-05-21T23:50:03Z"
}