{
"T":27.426584243774414,
"H":64.74827575683594,
"P":1000.56591796875,
"PM10":126.4,
"PM25":212.5,
"S":121.0,
"utciso":"2023-06-29T11:30:03Z"
}