{
"T":17.002511978149414,
"H":97.01368713378906,
"P":994.7255859375,
"PM10":98.2,
"PM25":140.9,
"S":127.0,
"utciso":"2023-05-12T07:50:03Z"
}