{
"T":34.120941162109375,
"H":47.00093078613281,
"P":999.8671875,
"PM10":3.2,
"PM25":3.5,
"S":258.0,
"utciso":"2022-07-02T18:10:27Z"
}