{
"T":23.467350006103516,
"H":92.58067321777344,
"P":994.62548828125,
"PM10":111.8,
"PM25":167.3,
"S":175.0,
"utciso":"2023-06-09T00:20:03Z"
}