{
"T":23.199575424194336,
"H":75.74986267089844,
"P":996.0654296875,
"PM10":111.7,
"PM25":166.7,
"S":181.0,
"utciso":"2023-05-23T09:20:02Z"
}