{
"T":32.418663024902344,
"H":59.331504821777344,
"P":999.472412109375,
"PM10":198.4,
"PM25":1999.9,
"S":191.0,
"utciso":"2022-07-06T13:00:19Z"
}