{
"T":19.20208740234375,
"H":78.23675537109375,
"P":1000.68017578125,
"PM10":103.2,
"PM25":153.4,
"S":116.0,
"utciso":"2023-05-18T20:40:03Z"
}