{
"T":29.587905883789062,
"H":53.682533264160156,
"P":1000.246826171875,
"PM10":143.2,
"PM25":265.5,
"S":143.0,
"utciso":"2023-06-20T10:40:03Z"
}