{
"T":17.576313018798828,
"H":81.96708679199219,
"P":997.483154296875,
"PM10":86.0,
"PM25":111.5,
"S":113.0,
"utciso":"2023-04-29T00:50:03Z"
}