{
"T":22.491886138916016,
"H":70.01229858398438,
"P":992.68505859375,
"PM10":105.0,
"PM25":157.9,
"S":113.0,
"utciso":"2023-05-10T13:50:02Z"
}