{
"T":33.77666091918945,
"H":52.90041732788086,
"P":1000.978271484375,
"PM10":7.6,
"PM25":8.5,
"S":223.0,
"utciso":"2022-07-19T19:50:02Z"
}