{
"T":28.11514663696289,
"H":73.3424072265625,
"P":1001.953857421875,
"PM10":7.3,
"PM25":8.0,
"S":277.0,
"utciso":"2022-07-02T08:20:17Z"
}