{
"T":28.880216598510742,
"H":78.38340759277344,
"P":1004.23095703125,
"PM10":11.6,
"PM25":12.6,
"S":276.0,
"utciso":"2022-07-18T02:50:03Z"
}