{
"T":19.833269119262695,
"H":113.34956359863281,
"P":991.95361328125,
"PM10":114.7,
"PM25":171.3,
"S":155.0,
"utciso":"2023-05-10T02:00:03Z"
}