{
"T":19.890649795532227,
"H":87.58856201171875,
"P":996.455322265625,
"PM10":94.7,
"PM25":124.9,
"S":166.0,
"utciso":"2023-04-30T07:10:03Z"
}