{
"T":21.91808319091797,
"H":115.03600311279297,
"P":992.4873046875,
"PM10":108.3,
"PM25":164.1,
"S":165.0,
"utciso":"2023-06-14T00:10:03Z"
}