{
"T":26.31723403930664,
"H":76.43727111816406,
"P":997.232177734375,
"PM10":121.9,
"PM25":193.4,
"S":143.0,
"utciso":"2023-06-23T00:30:03Z"
}