{
"T":25.01661491394043,
"H":89.16195678710938,
"P":996.422119140625,
"PM10":115.6,
"PM25":179.3,
"S":113.0,
"utciso":"2023-06-03T15:50:03Z"
}