{
"T":29.760047912597656,
"H":75.39241027832031,
"P":998.718505859375,
"PM10":163.5,
"PM25":326.8,
"S":164.0,
"utciso":"2023-06-19T11:30:02Z"
}