{
"T":14.477781295776367,
"H":82.89585876464844,
"P":987.86767578125,
"PM10":102.0,
"PM25":150.3,
"S":123.0,
"utciso":"2023-05-16T05:30:03Z"
}