{
"T":22.453632354736328,
"H":99.15840148925781,
"P":995.34765625,
"PM10":117.0,
"PM25":182.6,
"S":126.0,
"utciso":"2023-06-02T23:10:03Z"
}