{
"T":20.579212188720703,
"H":68.8513412475586,
"P":992.669189453125,
"PM10":94.6,
"PM25":133.4,
"S":103.0,
"utciso":"2023-05-14T20:00:03Z"
}