{
"T":31.443199157714844,
"H":37.96074676513672,
"P":1000.506591796875,
"PM10":129.8,
"PM25":217.6,
"S":120.0,
"utciso":"2023-06-24T12:20:03Z"
}