{
"T":36.8560676574707,
"H":38.55650329589844,
"P":1000.54736328125,
"PM10":5.7,
"PM25":6.2,
"S":184.0,
"utciso":"2022-07-19T15:20:03Z"
}