{
"T":34.19744873046875,
"H":46.87261199951172,
"P":1002.184326171875,
"PM10":5.2,
"PM25":5.8,
"S":208.0,
"utciso":"2022-07-20T10:50:02Z"
}