{
"T":25.43740463256836,
"H":61.31734848022461,
"P":1000.76025390625,
"PM10":100.8,
"PM25":138.6,
"S":130.0,
"utciso":"2023-05-05T11:10:03Z"
}