{
"T":18.87693214416504,
"H":129.04995727539062,
"P":1000.421875,
"PM10":109.5,
"PM25":161.5,
"S":152.0,
"utciso":"2023-06-01T00:40:03Z"
}