{
"T":20.713098526000977,
"H":105.34202575683594,
"P":996.147705078125,
"PM10":104.6,
"PM25":150.9,
"S":155.0,
"utciso":"2023-06-02T07:10:03Z"
}