{
"T":28.019512176513672,
"H":72.34031677246094,
"P":998.887939453125,
"PM10":123.4,
"PM25":197.7,
"S":151.0,
"utciso":"2023-06-23T09:00:02Z"
}