{
"T":32.571678161621094,
"H":47.566131591796875,
"P":1001.000732421875,
"PM10":6.5,
"PM25":7.2,
"S":208.0,
"utciso":"2022-07-09T14:30:17Z"
}