{
"T":14.669049263000488,
"H":73.92594146728516,
"P":1001.485107421875,
"PM10":110.6,
"PM25":171.2,
"S":117.0,
"utciso":"2023-04-28T06:40:03Z"
}