{
"T":24.46194076538086,
"H":80.50978088378906,
"P":1001.22265625,
"PM10":129.8,
"PM25":210.5,
"S":156.0,
"utciso":"2023-05-27T09:30:03Z"
}