{
"T":21.76506996154785,
"H":111.23234558105469,
"P":998.35400390625,
"PM10":116.8,
"PM25":180.3,
"S":151.0,
"utciso":"2023-06-05T07:30:03Z"
}