{
"T":23.237829208374023,
"H":114.4035873413086,
"P":992.270751953125,
"PM10":111.2,
"PM25":169.8,
"S":151.0,
"utciso":"2023-06-13T19:20:03Z"
}