{
"T":15.070711135864258,
"H":107.8900146484375,
"P":997.028076171875,
"PM10":89.7,
"PM25":121.7,
"S":111.0,
"utciso":"2023-05-14T07:50:02Z"
}