{
"T":22.319744110107422,
"H":107.58450317382812,
"P":996.931396484375,
"PM10":115.4,
"PM25":182.4,
"S":208.0,
"utciso":"2023-06-15T07:10:02Z"
}