{
"T":37.142967224121094,
"H":38.88951110839844,
"P":1000.157470703125,
"PM10":5.4,
"PM25":5.9,
"S":184.0,
"utciso":"2022-07-19T16:10:02Z"
}