{
"T":23.33346176147461,
"H":107.3584213256836,
"P":998.26611328125,
"PM10":4.5,
"PM25":6.3,
"S":315.0,
"utciso":"2022-07-05T05:40:18Z"
}