{
"T":17.80583381652832,
"H":86.14958190917969,
"P":1000.05029296875,
"PM10":103.1,
"PM25":153.7,
"S":120.0,
"utciso":"2023-05-18T07:10:02Z"
}