{
"T":18.494396209716797,
"H":87.10585021972656,
"P":995.9462890625,
"PM10":110.4,
"PM25":164.4,
"S":150.0,
"utciso":"2023-05-24T05:00:02Z"
}