{
"T":26.565881729125977,
"H":78.82945251464844,
"P":993.80419921875,
"PM10":109.4,
"PM25":164.5,
"S":172.0,
"utciso":"2023-06-09T17:10:03Z"
}