{
"T":30.257341384887695,
"H":61.381507873535156,
"P":996.734130859375,
"PM10":146.7,
"PM25":271.7,
"S":144.0,
"utciso":"2023-06-26T21:20:03Z"
}