{
"T":23.199575424194336,
"H":129.11106872558594,
"P":992.677978515625,
"PM10":104.0,
"PM25":148.8,
"S":166.0,
"utciso":"2023-06-12T21:20:03Z"
}