{
"T":25.399150848388672,
"H":65.67398834228516,
"P":998.22265625,
"PM10":100.8,
"PM25":139.7,
"S":126.0,
"utciso":"2023-05-07T11:00:03Z"
}