{
"T":21.726816177368164,
"H":128.58863830566406,
"P":998.544921875,
"PM10":113.5,
"PM25":167.7,
"S":128.0,
"utciso":"2023-06-04T16:10:03Z"
}