{
"T":19.125579833984375,
"H":127.75152587890625,
"P":997.989990234375,
"PM10":108.6,
"PM25":161.2,
"S":126.0,
"utciso":"2023-05-29T04:00:03Z"
}