{
"T":26.852783203125,
"H":82.05569458007812,
"P":994.308837890625,
"PM10":113.8,
"PM25":172.8,
"S":182.0,
"utciso":"2023-06-09T14:10:03Z"
}