{
"T":21.6120548248291,
"H":60.519954681396484,
"P":989.673095703125,
"PM10":93.4,
"PM25":128.3,
"S":111.0,
"utciso":"2023-05-15T19:50:03Z"
}