{
"T":27.522218704223633,
"H":65.41124725341797,
"P":1000.806640625,
"PM10":2.4,
"PM25":2.6,
"S":237.0,
"utciso":"2022-07-12T01:50:02Z"
}