{
"T":31.806608200073242,
"H":61.845890045166016,
"P":999.193115234375,
"PM10":5.0,
"PM25":5.4,
"S":271.0,
"utciso":"2022-07-14T20:40:02Z"
}