{
"T":34.273956298828125,
"H":48.439903259277344,
"P":997.806884765625,
"PM10":532.4,
"PM25":1999.9,
"S":220.0,
"utciso":"2022-07-03T18:50:17Z"
}