{
"T":29.262752532958984,
"H":75.55738830566406,
"P":1000.53076171875,
"PM10":8.1,
"PM25":8.7,
"S":295.0,
"utciso":"2022-07-17T01:50:03Z"
}