{
"T":16.71561050415039,
"H":101.47726440429688,
"P":1002.56787109375,
"PM10":106.6,
"PM25":160.0,
"S":170.0,
"utciso":"2023-05-26T05:10:02Z"
}