{
"T":18.93431282043457,
"H":107.28509521484375,
"P":996.236083984375,
"PM10":99.8,
"PM25":131.0,
"S":118.0,
"utciso":"2023-04-30T18:00:03Z"
}