{
"T":25.590417861938477,
"H":53.90556335449219,
"P":1000.4140625,
"PM10":107.7,
"PM25":160.9,
"S":110.0,
"utciso":"2023-05-04T18:00:03Z"
}