{
"T":18.417890548706055,
"H":86.40316772460938,
"P":998.1162109375,
"PM10":93.3,
"PM25":124.4,
"S":133.0,
"utciso":"2023-05-06T03:50:02Z"
}