{
"T":23.142194747924805,
"H":109.48785400390625,
"P":998.3876953125,
"PM10":4.5,
"PM25":5.7,
"S":318.0,
"utciso":"2022-07-04T17:40:17Z"
}