{
"T":30.678131103515625,
"H":57.53507614135742,
"P":998.67333984375,
"PM10":,
"PM25":,
"S":,
"utciso":"2022-07-10T11:20:18Z"
}