{
"T":16.141807556152344,
"H":107.5417251586914,
"P":995.65771484375,
"PM10":97.7,
"PM25":140.6,
"S":119.0,
"utciso":"2023-05-12T17:00:03Z"
}