{
"T":26.25985336303711,
"H":65.3134765625,
"P":999.249755859375,
"PM10":106.4,
"PM25":156.1,
"S":137.0,
"utciso":"2023-05-08T13:20:02Z"
}