{
"T":14.229133605957031,
"H":124.6352767944336,
"P":997.3564453125,
"PM10":107.8,
"PM25":159.0,
"S":126.0,
"utciso":"2023-05-02T01:50:02Z"
}