{
"T":24.940109252929688,
"H":102.36325073242188,
"P":999.185546875,
"PM10":5.3,
"PM25":6.7,
"S":300.0,
"utciso":"2022-07-04T02:00:18Z"
}