{
"T":27.84737205505371,
"H":77.86097717285156,
"P":997.863525390625,
"PM10":126.8,
"PM25":210.3,
"S":138.0,
"utciso":"2023-06-18T15:00:03Z"
}