{
"T":26.10683822631836,
"H":61.52204513549805,
"P":998.78125,
"PM10":103.7,
"PM25":148.5,
"S":127.0,
"utciso":"2023-05-08T14:30:02Z"
}