{
"T":20.655717849731445,
"H":69.27906799316406,
"P":998.2880859375,
"PM10":106.7,
"PM25":162.8,
"S":119.0,
"utciso":"2023-05-13T12:10:03Z"
}