{
"T":16.524343490600586,
"H":116.85076141357422,
"P":999.17626953125,
"PM10":103.7,
"PM25":147.9,
"S":126.0,
"utciso":"2023-05-19T15:20:03Z"
}