{
"T":27.57959747314453,
"H":68.35946655273438,
"P":1000.302490234375,
"PM10":,
"PM25":,
"S":,
"utciso":"2022-07-10T09:00:17Z"
}