{
"T":24.155912399291992,
"H":71.48793029785156,
"P":997.94140625,
"PM10":165.0,
"PM25":315.5,
"S":121.0,
"utciso":"2023-05-30T22:10:05Z"
}