{
"T":25.571290969848633,
"H":87.21888732910156,
"P":996.353515625,
"PM10":145.5,
"PM25":273.6,
"S":184.0,
"utciso":"2023-07-06T01:50:03Z"
}