{
"T":20.61746597290039,
"H":76.26924133300781,
"P":998.4541015625,
"PM10":107.9,
"PM25":167.2,
"S":124.0,
"utciso":"2023-05-02T10:50:03Z"
}