{
"T":28.70807647705078,
"H":60.07084655761719,
"P":996.760498046875,
"PM10":132.0,
"PM25":220.0,
"S":124.0,
"utciso":"2023-06-17T11:40:03Z"
}