{
"T":20.82785987854004,
"H":104.3704833984375,
"P":996.258056640625,
"PM10":115.5,
"PM25":178.3,
"S":137.0,
"utciso":"2023-05-21T18:40:03Z"
}