{
"T":25.360897064208984,
"H":80.37229919433594,
"P":998.0302734375,
"PM10":121.0,
"PM25":193.4,
"S":135.0,
"utciso":"2023-05-29T12:10:03Z"
}