{
"T":19.125579833984375,
"H":97.99134063720703,
"P":1002.852294921875,
"PM10":111.0,
"PM25":172.4,
"S":177.0,
"utciso":"2023-05-26T07:20:02Z"
}