{
"T":25.647796630859375,
"H":45.99272918701172,
"P":988.835205078125,
"PM10":100.6,
"PM25":144.8,
"S":106.0,
"utciso":"2023-05-15T16:00:03Z"
}