{
"T":30.16170883178711,
"H":71.30157470703125,
"P":993.196533203125,
"PM10":156.5,
"PM25":312.4,
"S":174.0,
"utciso":"2023-07-03T17:40:02Z"
}