{
"T":22.89354705810547,
"H":115.66841888427734,
"P":992.634033203125,
"PM10":108.6,
"PM25":166.0,
"S":155.0,
"utciso":"2023-06-13T20:50:03Z"
}