{
"T":17.442426681518555,
"H":109.06013488769531,
"P":996.572509765625,
"PM10":107.1,
"PM25":160.8,
"S":135.0,
"utciso":"2023-05-01T08:50:03Z"
}