{
"T":30.792890548706055,
"H":42.262393951416016,
"P":1000.86279296875,
"PM10":127.7,
"PM25":212.9,
"S":123.0,
"utciso":"2023-06-24T11:40:03Z"
}