{
"T":14.649922370910645,
"H":123.58430480957031,
"P":998.36376953125,
"PM10":107.2,
"PM25":155.6,
"S":130.0,
"utciso":"2023-05-01T21:50:03Z"
}