{
"T":21.76506996154785,
"H":69.12936401367188,
"P":996.13525390625,
"PM10":88.7,
"PM25":113.2,
"S":110.0,
"utciso":"2023-04-30T13:10:02Z"
}