{
"T":29.377511978149414,
"H":69.98480224609375,
"P":997.8916015625,
"PM10":3.9,
"PM25":4.3,
"S":245.0,
"utciso":"2022-07-01T20:30:21Z"
}