{
"T":23.9263916015625,
"H":76.98109436035156,
"P":1001.429443359375,
"PM10":113.1,
"PM25":165.5,
"S":122.0,
"utciso":"2023-05-25T10:40:03Z"
}