{
"T":24.404560089111328,
"H":82.44674682617188,
"P":995.05078125,
"PM10":108.7,
"PM25":162.9,
"S":153.0,
"utciso":"2023-06-11T22:40:03Z"
}