{
"T":33.011592864990234,
"H":48.669036865234375,
"P":1000.085693359375,
"PM10":133.1,
"PM25":224.0,
"S":128.0,
"utciso":"2023-06-22T14:10:03Z"
}