{
"T":17.36591911315918,
"H":91.48998260498047,
"P":991.2421875,
"PM10":108.0,
"PM25":161.3,
"S":124.0,
"utciso":"2023-05-15T08:10:03Z"
}