{
"T":16.103553771972656,
"H":110.05000305175781,
"P":997.53125,
"PM10":113.1,
"PM25":167.3,
"S":181.0,
"utciso":"2023-05-22T05:10:02Z"
}