{
"T":21.688562393188477,
"H":61.66563415527344,
"P":991.189453125,
"PM10":97.0,
"PM25":140.0,
"S":103.0,
"utciso":"2023-05-14T18:20:03Z"
}