{
"T":19.029945373535156,
"H":93.75690460205078,
"P":998.57421875,
"PM10":126.4,
"PM25":209.8,
"S":145.0,
"utciso":"2023-05-30T03:00:03Z"
}