{
"T":29.8365535736084,
"H":70.88912963867188,
"P":1001.904296875,
"PM10":10.9,
"PM25":12.1,
"S":262.0,
"utciso":"2022-07-20T02:30:03Z"
}