{
"T":26.814529418945312,
"H":66.66691589355469,
"P":1003.664794921875,
"PM10":3.6,
"PM25":4.0,
"S":186.0,
"utciso":"2022-07-08T07:40:18Z"
}