{
"T":22.5875186920166,
"H":129.11106872558594,
"P":992.33203125,
"PM10":108.1,
"PM25":160.4,
"S":174.0,
"utciso":"2023-06-12T22:50:03Z"
}