{
"T":16.18006134033203,
"H":90.82090759277344,
"P":996.835205078125,
"PM10":95.6,
"PM25":135.4,
"S":118.0,
"utciso":"2023-05-14T04:30:02Z"
}