{
"T":25.131376266479492,
"H":81.00777435302734,
"P":998.952392578125,
"PM10":118.9,
"PM25":187.8,
"S":159.0,
"utciso":"2023-06-23T06:40:03Z"
}