{
"T":25.43740463256836,
"H":83.31746673583984,
"P":994.669677734375,
"PM10":112.9,
"PM25":170.9,
"S":163.0,
"utciso":"2023-06-08T20:50:02Z"
}