{
"T":19.890649795532227,
"H":71.96148681640625,
"P":997.182373046875,
"PM10":100.2,
"PM25":147.1,
"S":109.0,
"utciso":"2023-05-13T18:20:03Z"
}