{
"T":25.07399559020996,
"H":89.4247055053711,
"P":994.183837890625,
"PM10":113.1,
"PM25":171.0,
"S":184.0,
"utciso":"2023-06-10T22:00:04Z"
}