{
"T":17.0407657623291,
"H":93.46666717529297,
"P":998.366455078125,
"PM10":106.5,
"PM25":162.2,
"S":115.0,
"utciso":"2023-05-17T18:20:03Z"
}