{
"T":27.311824798583984,
"H":72.05007934570312,
"P":999.542724609375,
"PM10":129.9,
"PM25":218.5,
"S":119.0,
"utciso":"2023-06-29T14:40:02Z"
}