{
"T":30.410354614257812,
"H":64.72383880615234,
"P":995.151611328125,
"PM10":4.8,
"PM25":5.2,
"S":229.0,
"utciso":"2022-07-01T11:50:17Z"
}