{
"T":33.068973541259766,
"H":51.98387145996094,
"P":999.74072265625,
"PM10":3.5,
"PM25":3.9,
"S":268.0,
"utciso":"2022-07-02T19:00:29Z"
}