{
"T":20.139297485351562,
"H":117.58094024658203,
"P":1000.729736328125,
"PM10":103.2,
"PM25":149.0,
"S":125.0,
"utciso":"2023-06-07T08:50:02Z"
}