{
"T":16.27569580078125,
"H":78.01373291015625,
"P":989.2392578125,
"PM10":97.0,
"PM25":137.5,
"S":118.0,
"utciso":"2023-05-16T01:10:02Z"
}