{
"T":24.442813873291016,
"H":45.47946548461914,
"P":989.764404296875,
"PM10":96.2,
"PM25":135.2,
"S":116.0,
"utciso":"2023-05-11T12:40:03Z"
}