{
"T":33.394126892089844,
"H":53.2059326171875,
"P":1001.17138671875,
"PM10":4.5,
"PM25":4.9,
"S":190.0,
"utciso":"2022-07-12T14:10:03Z"
}