{
"T":22.874420166015625,
"H":68.31363677978516,
"P":1001.822998046875,
"PM10":105.8,
"PM25":158.0,
"S":113.0,
"utciso":"2023-05-04T20:40:03Z"
}