{
"T":30.754636764526367,
"H":45.375587463378906,
"P":995.111572265625,
"PM10":133.2,
"PM25":228.5,
"S":120.0,
"utciso":"2023-06-16T14:30:03Z"
}