{
"T":19.469860076904297,
"H":75.81096649169922,
"P":1002.344482421875,
"PM10":92.6,
"PM25":125.2,
"S":120.0,
"utciso":"2023-05-05T00:10:03Z"
}