{
"T":35.325927734375,
"H":49.600860595703125,
"P":995.6728515625,
"PM10":152.7,
"PM25":289.2,
"S":123.0,
"utciso":"2023-06-26T17:00:03Z"
}