{
"T":26.565881729125977,
"H":53.76502227783203,
"P":1000.44873046875,
"PM10":121.5,
"PM25":195.4,
"S":143.0,
"utciso":"2023-06-24T00:00:02Z"
}