{
"T":25.647796630859375,
"H":84.81143188476562,
"P":998.652099609375,
"PM10":127.3,
"PM25":211.2,
"S":123.0,
"utciso":"2023-06-29T18:10:03Z"
}