{
"T":20.005409240722656,
"H":78.7103042602539,
"P":995.532958984375,
"PM10":110.1,
"PM25":164.5,
"S":144.0,
"utciso":"2023-05-24T01:20:03Z"
}