{
"T":19.010818481445312,
"H":85.27275848388672,
"P":996.13037109375,
"PM10":88.6,
"PM25":114.5,
"S":153.0,
"utciso":"2023-04-29T23:40:03Z"
}