{
"T":26.030332565307617,
"H":66.37361907958984,
"P":998.11572265625,
"PM10":101.4,
"PM25":138.8,
"S":122.0,
"utciso":"2023-05-07T12:30:03Z"
}