{
"T":32.227394104003906,
"H":65.76564025878906,
"P":994.588134765625,
"PM10":4.2,
"PM25":4.7,
"S":237.0,
"utciso":"2022-06-30T12:50:17Z"
}