{
"T":22.950927734375,
"H":59.991416931152344,
"P":997.14990234375,
"PM10":104.3,
"PM25":156.8,
"S":108.0,
"utciso":"2023-05-02T16:50:02Z"
}