{
"T":28.535934448242188,
"H":60.489402770996094,
"P":1001.44775390625,
"PM10":6.5,
"PM25":7.2,
"S":208.0,
"utciso":"2022-07-09T21:30:17Z"
}