{
"T":27.598724365234375,
"H":80.03012084960938,
"P":999.178955078125,
"PM10":6.0,
"PM25":6.7,
"S":261.0,
"utciso":"2022-07-07T00:40:19Z"
}