{
"T":26.929288864135742,
"H":69.03465270996094,
"P":1000.51416015625,
"PM10":124.8,
"PM25":207.6,
"S":125.0,
"utciso":"2023-06-29T10:00:03Z"
}