{
"T":27.656105041503906,
"H":69.47459411621094,
"P":995.82421875,
"PM10":124.6,
"PM25":204.6,
"S":140.0,
"utciso":"2023-06-15T12:10:03Z"
}