{
"T":21.6120548248291,
"H":81.45077514648438,
"P":1000.137939453125,
"PM10":104.6,
"PM25":143.5,
"S":150.0,
"utciso":"2023-05-09T08:20:03Z"
}