{
"T":17.15552520751953,
"H":99.9496841430664,
"P":1000.079345703125,
"PM10":104.2,
"PM25":149.7,
"S":133.0,
"utciso":"2023-05-19T04:00:03Z"
}