{
"T":34.14006805419922,
"H":53.343414306640625,
"P":1000.21728515625,
"PM10":4.6,
"PM25":5.0,
"S":198.0,
"utciso":"2022-07-12T17:40:02Z"
}