{
"T":24.920982360839844,
"H":90.44207000732422,
"P":993.349853515625,
"PM10":130.0,
"PM25":225.4,
"S":190.0,
"utciso":"2023-07-03T03:00:02Z"
}