{
"T":21.841575622558594,
"H":117.2234878540039,
"P":992.54736328125,
"PM10":110.1,
"PM25":170.0,
"S":196.0,
"utciso":"2023-06-14T05:40:02Z"
}