{
"T":20.273183822631836,
"H":105.31452941894531,
"P":997.77685546875,
"PM10":115.9,
"PM25":179.4,
"S":142.0,
"utciso":"2023-06-03T06:10:02Z"
}