{
"T":29.147991180419922,
"H":65.18516540527344,
"P":1003.55859375,
"PM10":3.7,
"PM25":4.5,
"S":239.0,
"utciso":"2022-07-12T09:10:03Z"
}