{
"T":19.81414222717285,
"H":106.2371826171875,
"P":996.286376953125,
"PM10":112.4,
"PM25":172.2,
"S":132.0,
"utciso":"2023-06-03T03:10:03Z"
}