{
"T":19.81414222717285,
"H":114.20500183105469,
"P":992.0888671875,
"PM10":112.9,
"PM25":167.5,
"S":152.0,
"utciso":"2023-05-10T01:10:03Z"
}