{
"T":27.694358825683594,
"H":60.41302490234375,
"P":1003.728271484375,
"PM10":3.1,
"PM25":3.4,
"S":215.0,
"utciso":"2022-07-08T22:00:19Z"
}