{
"T":30.027820587158203,
"H":58.176658630371094,
"P":999.405029296875,
"PM10":130.8,
"PM25":221.4,
"S":125.0,
"utciso":"2023-06-25T11:40:03Z"
}