{
"T":24.9592342376709,
"H":79.33049774169922,
"P":997.385986328125,
"PM10":122.3,
"PM25":199.3,
"S":120.0,
"utciso":"2023-05-29T19:30:02Z"
}