{
"T":20.005409240722656,
"H":129.11106872558594,
"P":1000.6201171875,
"PM10":106.9,
"PM25":154.3,
"S":154.0,
"utciso":"2023-05-31T22:20:03Z"
}