{
"T":19.431608200073242,
"H":81.66462707519531,
"P":998.3115234375,
"PM10":88.8,
"PM25":114.0,
"S":127.0,
"utciso":"2023-05-06T01:00:05Z"
}