{
"T":18.188369750976562,
"H":128.04177856445312,
"P":1000.26416015625,
"PM10":112.3,
"PM25":166.1,
"S":167.0,
"utciso":"2023-06-01T05:10:02Z"
}