{
"T":32.05525588989258,
"H":68.49388885498047,
"P":999.056640625,
"PM10":6.7,
"PM25":7.2,
"S":261.0,
"utciso":"2022-07-16T10:40:03Z"
}