{
"T":28.803709030151367,
"H":75.19688415527344,
"P":1001.044189453125,
"PM10":8.2,
"PM25":8.9,
"S":293.0,
"utciso":"2022-07-03T08:00:19Z"
}