{
"T":32.11263656616211,
"H":55.051239013671875,
"P":999.384765625,
"PM10":3.1,
"PM25":3.3,
"S":192.0,
"utciso":"2022-07-11T12:40:02Z"
}