{
"T":26.565881729125977,
"H":84.93058776855469,
"P":997.0263671875,
"PM10":123.7,
"PM25":193.9,
"S":110.0,
"utciso":"2023-06-03T14:10:03Z"
}