{
"T":23.314334869384766,
"H":86.44593811035156,
"P":998.412353515625,
"PM10":121.7,
"PM25":193.8,
"S":166.0,
"utciso":"2023-06-17T07:00:03Z"
}