{
"T":15.013330459594727,
"H":89.85242462158203,
"P":991.6796875,
"PM10":104.0,
"PM25":155.1,
"S":125.0,
"utciso":"2023-05-15T06:10:03Z"
}