{
"T":22.644899368286133,
"H":67.21072387695312,
"P":992.460693359375,
"PM10":106.6,
"PM25":160.6,
"S":114.0,
"utciso":"2023-05-10T14:50:03Z"
}