{
"T":19.64200210571289,
"H":107.85946655273438,
"P":997.013916015625,
"PM10":115.5,
"PM25":178.3,
"S":137.0,
"utciso":"2023-05-21T20:40:03Z"
}