{
"T":16.199188232421875,
"H":87.52134704589844,
"P":1002.14453125,
"PM10":89.0,
"PM25":118.8,
"S":124.0,
"utciso":"2023-05-03T00:20:03Z"
}