{
"T":28.076892852783203,
"H":81.66157531738281,
"P":997.76513671875,
"PM10":150.8,
"PM25":281.6,
"S":213.0,
"utciso":"2023-07-05T09:40:03Z"
}