{
"T":17.652820587158203,
"H":86.60785675048828,
"P":1001.98046875,
"PM10":92.4,
"PM25":122.2,
"S":132.0,
"utciso":"2023-05-05T03:50:03Z"
}