{
"T":31.19455337524414,
"H":68.57943725585938,
"P":998.29248046875,
"PM10":4.9,
"PM25":5.4,
"S":230.0,
"utciso":"2022-07-06T20:00:17Z"
}