{
"T":27.101428985595703,
"H":86.72090148925781,
"P":999.6279296875,
"PM10":6.7,
"PM25":7.5,
"S":289.0,
"utciso":"2022-07-07T05:30:25Z"
}