{
"T":21.32515525817871,
"H":77.92512512207031,
"P":1000.470947265625,
"PM10":113.0,
"PM25":179.2,
"S":157.0,
"utciso":"2023-05-26T23:00:02Z"
}