{
"T":21.32515525817871,
"H":79.91098022460938,
"P":995.970458984375,
"PM10":89.6,
"PM25":112.7,
"S":111.0,
"utciso":"2023-04-30T16:10:03Z"
}