{
"T":21.669435501098633,
"H":128.37171936035156,
"P":992.649169921875,
"PM10":106.2,
"PM25":156.1,
"S":203.0,
"utciso":"2023-06-13T05:20:02Z"
}