{
"T":28.937597274780273,
"H":78.64002990722656,
"P":1004.229736328125,
"PM10":12.9,
"PM25":14.0,
"S":278.0,
"utciso":"2022-07-18T02:30:02Z"
}