{
"T":25.360897064208984,
"H":89.96546936035156,
"P":995.57763671875,
"PM10":5.7,
"PM25":7.0,
"S":287.0,
"utciso":"2022-06-30T06:40:23Z"
}