{
"T":32.80119705200195,
"H":45.40003204345703,
"P":997.27734375,
"PM10":137.5,
"PM25":241.1,
"S":115.0,
"utciso":"2023-06-25T15:30:03Z"
}