{
"T":25.34177017211914,
"H":87.98573303222656,
"P":993.352783203125,
"PM10":132.4,
"PM25":233.7,
"S":184.0,
"utciso":"2023-07-03T02:10:03Z"
}