{
"T":31.175426483154297,
"H":56.44744110107422,
"P":995.21435546875,
"PM10":137.3,
"PM25":234.5,
"S":116.0,
"utciso":"2023-06-17T14:30:02Z"
}