{
"T":24.442813873291016,
"H":102.81541442871094,
"P":996.703369140625,
"PM10":121.2,
"PM25":192.0,
"S":116.0,
"utciso":"2023-06-03T18:50:03Z"
}