{
"T":14.955949783325195,
"H":93.7141342163086,
"P":1002.44482421875,
"PM10":94.7,
"PM25":129.3,
"S":136.0,
"utciso":"2023-05-03T04:20:03Z"
}