{
"T":32.036128997802734,
"H":72.72526550292969,
"P":993.18701171875,
"PM10":2.5,
"PM25":3.0,
"S":228.0,
"utciso":"2022-06-29T13:00:23Z"
}