{
"T":19.029945373535156,
"H":87.1852798461914,
"P":995.99658203125,
"PM10":88.7,
"PM25":114.8,
"S":152.0,
"utciso":"2023-04-30T01:00:03Z"
}