{
"T":24.69145965576172,
"H":97.84163665771484,
"P":994.54638671875,
"PM10":111.4,
"PM25":165.5,
"S":219.0,
"utciso":"2023-06-10T09:00:03Z"
}