{
"T":26.60413360595703,
"H":55.00846862792969,
"P":1000.712158203125,
"PM10":116.7,
"PM25":185.9,
"S":142.0,
"utciso":"2023-05-26T12:40:03Z"
}