{
"T":24.9592342376709,
"H":73.81595611572266,
"P":997.422607421875,
"PM10":114.8,
"PM25":176.8,
"S":131.0,
"utciso":"2023-05-27T20:50:02Z"
}