{
"T":37.927162170410156,
"H":45.77275848388672,
"P":997.22216796875,
"PM10":7.3,
"PM25":7.9,
"S":186.0,
"utciso":"2022-07-21T17:10:03Z"
}