{
"T":25.207881927490234,
"H":71.7965087890625,
"P":1003.29052734375,
"PM10":4.0,
"PM25":5.0,
"S":225.0,
"utciso":"2022-07-08T05:40:22Z"
}