{
"T":20.368818283081055,
"H":63.21154022216797,
"P":989.6240234375,
"PM10":95.8,
"PM25":135.6,
"S":110.0,
"utciso":"2023-05-15T20:40:02Z"
}