{
"T":19.64200210571289,
"H":122.84496307373047,
"P":998.543701171875,
"PM10":109.8,
"PM25":161.6,
"S":158.0,
"utciso":"2023-06-05T02:40:02Z"
}