{
"T":38.615726470947266,
"H":45.16478729248047,
"P":997.409912109375,
"PM10":8.3,
"PM25":9.0,
"S":171.0,
"utciso":"2022-07-21T16:00:03Z"
}