{
"T":21.153013229370117,
"H":108.546875,
"P":995.951171875,
"PM10":111.9,
"PM25":172.4,
"S":187.0,
"utciso":"2023-06-15T02:00:02Z"
}