{
"T":26.96754264831543,
"H":61.65952682495117,
"P":993.412109375,
"PM10":113.2,
"PM25":169.7,
"S":138.0,
"utciso":"2023-05-23T18:30:03Z"
}