{
"T":17.920595169067383,
"H":99.09729766845703,
"P":994.48193359375,
"PM10":107.1,
"PM25":162.1,
"S":133.0,
"utciso":"2023-05-10T06:10:03Z"
}