{
"T":22.74053382873535,
"H":115.87006378173828,
"P":992.721923828125,
"PM10":107.1,
"PM25":161.3,
"S":155.0,
"utciso":"2023-06-13T21:00:03Z"
}