{
"T":24.74884033203125,
"H":91.10503387451172,
"P":993.46435546875,
"PM10":130.2,
"PM25":226.8,
"S":192.0,
"utciso":"2023-07-03T03:30:03Z"
}