{
"T":37.31510925292969,
"H":43.56388854980469,
"P":998.0458984375,
"PM10":8.1,
"PM25":8.9,
"S":169.0,
"utciso":"2022-07-21T13:50:03Z"
}