{
"T":30.50598907470703,
"H":66.56609344482422,
"P":999.11669921875,
"PM10":8.2,
"PM25":9.0,
"S":255.0,
"utciso":"2022-07-22T00:30:03Z"
}