{
"T":21.860702514648438,
"H":109.83003234863281,
"P":996.94580078125,
"PM10":111.2,
"PM25":171.6,
"S":208.0,
"utciso":"2023-06-15T06:40:03Z"
}