{
"T":26.948415756225586,
"H":81.07192993164062,
"P":1003.25390625,
"PM10":10.5,
"PM25":11.5,
"S":254.0,
"utciso":"2022-07-14T02:50:02Z"
}