{
"T":25.399150848388672,
"H":50.43185806274414,
"P":1000.742431640625,
"PM10":107.8,
"PM25":162.1,
"S":111.0,
"utciso":"2023-05-04T14:00:02Z"
}