{
"T":19.182960510253906,
"H":73.03384399414062,
"P":1003.289794921875,
"PM10":100.5,
"PM25":148.7,
"S":111.0,
"utciso":"2023-05-03T21:30:03Z"
}