{
"T":25.303516387939453,
"H":75.98816680908203,
"P":996.49462890625,
"PM10":122.2,
"PM25":194.6,
"S":147.0,
"utciso":"2023-06-16T22:20:02Z"
}