{
"T":24.74884033203125,
"H":43.967166900634766,
"P":989.652587890625,
"PM10":95.6,
"PM25":133.2,
"S":113.0,
"utciso":"2023-05-11T13:00:03Z"
}