{
"T":29.24362564086914,
"H":63.795074462890625,
"P":1001.051025390625,
"PM10":4.2,
"PM25":4.5,
"S":281.0,
"utciso":"2022-07-02T21:50:28Z"
}