{
"T":17.4615535736084,
"H":86.86754608154297,
"P":997.660400390625,
"PM10":95.1,
"PM25":134.1,
"S":123.0,
"utciso":"2023-05-14T00:10:02Z"
}