{
"T":18.494396209716797,
"H":86.40927124023438,
"P":994.698486328125,
"PM10":100.7,
"PM25":146.6,
"S":130.0,
"utciso":"2023-05-12T10:20:02Z"
}