{
"T":25.227008819580078,
"H":40.40486526489258,
"P":988.929931640625,
"PM10":94.0,
"PM25":129.0,
"S":109.0,
"utciso":"2023-05-11T14:40:03Z"
}