{
"T":33.85316848754883,
"H":53.82918167114258,
"P":996.527099609375,
"PM10":2.7,
"PM25":3.6,
"S":207.0,
"utciso":"2022-07-05T13:40:22Z"
}