{
"T":35.42156219482422,
"H":56.49938201904297,
"P":1001.237548828125,
"PM10":6.7,
"PM25":7.4,
"S":220.0,
"utciso":"2022-07-17T17:40:02Z"
}