{
"T":16.98338508605957,
"H":70.23532104492188,
"P":1001.427490234375,
"PM10":113.1,
"PM25":176.4,
"S":121.0,
"utciso":"2023-04-28T07:50:03Z"
}