{
"T":18.857805252075195,
"H":102.25326538085938,
"P":996.40869140625,
"PM10":109.0,
"PM25":160.4,
"S":150.0,
"utciso":"2023-06-02T04:40:03Z"
}