{
"T":18.22662353515625,
"H":85.63937377929688,
"P":994.499755859375,
"PM10":96.5,
"PM25":136.2,
"S":113.0,
"utciso":"2023-05-10T22:50:03Z"
}