{
"T":29.052356719970703,
"H":58.240814208984375,
"P":993.173095703125,
"PM10":116.3,
"PM25":174.7,
"S":137.0,
"utciso":"2023-05-23T15:20:03Z"
}