{
"T":21.363407135009766,
"H":85.07417297363281,
"P":1000.95458984375,
"PM10":109.6,
"PM25":164.2,
"S":168.0,
"utciso":"2023-05-08T07:50:03Z"
}