{
"T":24.614953994750977,
"H":67.953125,
"P":1003.68994140625,
"PM10":2.7,
"PM25":2.9,
"S":224.0,
"utciso":"2022-07-09T02:40:18Z"
}