{
"T":25.972951889038086,
"H":94.53902435302734,
"P":993.397705078125,
"PM10":118.0,
"PM25":186.3,
"S":146.0,
"utciso":"2023-06-14T18:00:03Z"
}