{
"T":22.79791259765625,
"H":86.18624877929688,
"P":998.3916015625,
"PM10":120.5,
"PM25":191.6,
"S":166.0,
"utciso":"2023-06-17T06:50:03Z"
}