{
"T":29.35838508605957,
"H":51.149818420410156,
"P":992.21435546875,
"PM10":117.4,
"PM25":182.0,
"S":126.0,
"utciso":"2023-05-24T14:10:03Z"
}