{
"T":29.511398315429688,
"H":69.53874969482422,
"P":998.743896484375,
"PM10":6.2,
"PM25":6.7,
"S":276.0,
"utciso":"2022-07-14T23:30:03Z"
}