{
"T":21.76506996154785,
"H":125.46322631835938,
"P":991.93359375,
"PM10":108.5,
"PM25":163.5,
"S":199.0,
"utciso":"2023-06-13T04:10:03Z"
}