{
"T":20.846986770629883,
"H":61.74201583862305,
"P":989.649169921875,
"PM10":94.3,
"PM25":131.7,
"S":114.0,
"utciso":"2023-05-15T20:20:02Z"
}