{
"T":26.43199348449707,
"H":81.91209411621094,
"P":1003.389892578125,
"PM10":10.2,
"PM25":11.1,
"S":261.0,
"utciso":"2022-07-14T04:50:02Z"
}