{
"T":31.079792022705078,
"H":62.76548767089844,
"P":992.82763671875,
"PM10":122.2,
"PM25":191.9,
"S":136.0,
"utciso":"2023-06-11T14:20:03Z"
}