{
"T":32.43778991699219,
"H":40.258216857910156,
"P":1000.014892578125,
"PM10":135.7,
"PM25":236.7,
"S":131.0,
"utciso":"2023-06-21T16:10:03Z"
}