{
"T":28.363794326782227,
"H":74.23756408691406,
"P":998.463623046875,
"PM10":132.1,
"PM25":220.1,
"S":125.0,
"utciso":"2023-06-28T23:50:03Z"
}