{
"T":30.850271224975586,
"H":73.30574798583984,
"P":999.54443359375,
"PM10":7.3,
"PM25":8.0,
"S":278.0,
"utciso":"2022-07-16T09:40:03Z"
}