{
"T":19.10645294189453,
"H":107.36453247070312,
"P":996.048583984375,
"PM10":99.1,
"PM25":129.5,
"S":117.0,
"utciso":"2023-04-30T17:40:02Z"
}