{
"T":18.87693214416504,
"H":88.79840087890625,
"P":996.3056640625,
"PM10":107.2,
"PM25":164.7,
"S":132.0,
"utciso":"2023-05-17T10:30:02Z"
}