{
"T":28.4976806640625,
"H":78.08705139160156,
"P":997.388671875,
"PM10":149.5,
"PM25":283.7,
"S":203.0,
"utciso":"2023-07-06T09:20:03Z"
}