{
"T":18.762170791625977,
"H":78.731689453125,
"P":992.545654296875,
"PM10":99.4,
"PM25":143.9,
"S":121.0,
"utciso":"2023-05-11T08:10:02Z"
}