{
"T":26.145092010498047,
"H":84.3409423828125,
"P":999.2216796875,
"PM10":160.4,
"PM25":322.8,
"S":163.0,
"utciso":"2023-06-26T07:10:03Z"
}