{
"T":20.598339080810547,
"H":103.36228942871094,
"P":996.4345703125,
"PM10":103.8,
"PM25":146.9,
"S":152.0,
"utciso":"2023-06-02T01:10:03Z"
}