{
"T":21.191267013549805,
"H":111.01848602294922,
"P":997.9228515625,
"PM10":112.0,
"PM25":165.8,
"S":146.0,
"utciso":"2023-06-03T23:40:02Z"
}