{
"T":21.573802947998047,
"H":98.94454193115234,
"P":996.636474609375,
"PM10":115.5,
"PM25":178.3,
"S":137.0,
"utciso":"2023-05-21T15:10:02Z"
}