{
"T":25.01661491394043,
"H":71.66818237304688,
"P":1001.025634765625,
"PM10":,
"PM25":,
"S":,
"utciso":"2022-07-10T02:10:17Z"
}