{
"T":16.619976043701172,
"H":101.38560485839844,
"P":995.703369140625,
"PM10":98.9,
"PM25":141.2,
"S":120.0,
"utciso":"2023-05-12T17:40:03Z"
}