{
"T":27.120555877685547,
"H":70.65082550048828,
"P":992.90234375,
"PM10":136.8,
"PM25":242.3,
"S":141.0,
"utciso":"2023-06-30T14:00:03Z"
}