{
"T":35.97623825073242,
"H":41.66053009033203,
"P":1000.1787109375,
"PM10":6.2,
"PM25":6.7,
"S":190.0,
"utciso":"2022-07-19T18:00:03Z"
}