{
"T":32.66731262207031,
"H":59.835601806640625,
"P":998.3759765625,
"PM10":5.9,
"PM25":6.5,
"S":231.0,
"utciso":"2022-07-04T11:50:17Z"
}