{
"T":27.350078582763672,
"H":68.15476989746094,
"P":1000.466064453125,
"PM10":,
"PM25":,
"S":,
"utciso":"2022-07-10T08:50:17Z"
}