{
"T":25.43740463256836,
"H":83.77879333496094,
"P":994.76611328125,
"PM10":113.1,
"PM25":170.4,
"S":161.0,
"utciso":"2023-06-08T21:00:02Z"
}