{
"T":23.256954193115234,
"H":70.85246276855469,
"P":1001.930419921875,
"PM10":114.3,
"PM25":181.9,
"S":166.0,
"utciso":"2023-05-26T10:20:02Z"
}