{
"T":14.363021850585938,
"H":82.75531768798828,
"P":988.06005859375,
"PM10":100.4,
"PM25":146.0,
"S":122.0,
"utciso":"2023-05-16T04:50:02Z"
}