{
"T":23.60123634338379,
"H":91.75273132324219,
"P":999.097900390625,
"PM10":107.9,
"PM25":161.7,
"S":120.0,
"utciso":"2023-06-07T11:00:03Z"
}