{
"T":22.35799789428711,
"H":96.44237518310547,
"P":998.05859375,
"PM10":105.5,
"PM25":151.4,
"S":139.0,
"utciso":"2023-06-07T02:40:02Z"
}