{
"T":30.06607437133789,
"H":65.57928466796875,
"P":993.214111328125,
"PM10":119.1,
"PM25":184.7,
"S":137.0,
"utciso":"2023-06-11T16:10:03Z"
}