{
"T":17.42329978942871,
"H":89.30555725097656,
"P":994.04248046875,
"PM10":94.2,
"PM25":130.0,
"S":112.0,
"utciso":"2023-05-11T01:30:02Z"
}