{
"T":23.39084243774414,
"H":51.35145568847656,
"P":990.79638671875,
"PM10":95.6,
"PM25":133.7,
"S":115.0,
"utciso":"2023-05-11T11:20:03Z"
}