{
"T":22.530139923095703,
"H":96.04826354980469,
"P":998.056884765625,
"PM10":121.2,
"PM25":189.9,
"S":175.0,
"utciso":"2023-06-18T05:40:03Z"
}