{
"T":26.718894958496094,
"H":72.01953125,
"P":995.259033203125,
"PM10":117.8,
"PM25":181.9,
"S":124.0,
"utciso":"2023-05-28T18:50:03Z"
}