{
"T":26.10683822631836,
"H":58.732696533203125,
"P":992.94580078125,
"PM10":110.4,
"PM25":166.6,
"S":128.0,
"utciso":"2023-05-24T16:10:02Z"
}