{
"T":28.459428787231445,
"H":69.09574890136719,
"P":993.90625,
"PM10":116.5,
"PM25":179.5,
"S":135.0,
"utciso":"2023-06-08T16:00:03Z"
}