{
"T":17.95884895324707,
"H":81.58213806152344,
"P":994.0419921875,
"PM10":95.3,
"PM25":134.4,
"S":110.0,
"utciso":"2023-05-11T22:30:03Z"
}