{
"T":20.311437606811523,
"H":104.73404693603516,
"P":998.398193359375,
"PM10":102.8,
"PM25":145.3,
"S":144.0,
"utciso":"2023-06-06T06:10:03Z"
}