{
"T":35.21116638183594,
"H":52.52157974243164,
"P":997.843994140625,
"PM10":5.9,
"PM25":6.3,
"S":223.0,
"utciso":"2022-07-16T13:20:03Z"
}