{
"T":26.79540252685547,
"H":73.33018493652344,
"P":996.88525390625,
"PM10":124.3,
"PM25":202.1,
"S":121.0,
"utciso":"2023-05-29T15:10:03Z"
}