{
"T":19.068199157714844,
"H":89.47969818115234,
"P":996.384521484375,
"PM10":89.2,
"PM25":116.0,
"S":166.0,
"utciso":"2023-04-30T06:00:02Z"
}