{
"T":27.541343688964844,
"H":51.61725616455078,
"P":998.25927734375,
"PM10":96.8,
"PM25":130.2,
"S":117.0,
"utciso":"2023-05-05T16:10:03Z"
}