{
"T":28.32554054260254,
"H":74.75389099121094,
"P":992.594970703125,
"PM10":113.8,
"PM25":170.7,
"S":151.0,
"utciso":"2023-06-10T18:00:03Z"
}