{
"T":19.661128997802734,
"H":129.11106872558594,
"P":1000.494140625,
"PM10":148.7,
"PM25":266.3,
"S":172.0,
"utciso":"2023-06-01T06:30:02Z"
}