{
"T":32.93508529663086,
"H":52.27105712890625,
"P":997.947265625,
"PM10":3.7,
"PM25":4.0,
"S":195.0,
"utciso":"2022-07-07T12:30:22Z"
}