{
"T":29.224498748779297,
"H":78.21231079101562,
"P":996.7939453125,
"PM10":5.9,
"PM25":6.3,
"S":276.0,
"utciso":"2022-07-16T00:30:03Z"
}