{
"T":21.133886337280273,
"H":100.954833984375,
"P":998.482666015625,
"PM10":103.4,
"PM25":143.4,
"S":125.0,
"utciso":"2023-06-06T00:00:03Z"
}