{
"T":25.303516387939453,
"H":83.0211181640625,
"P":999.748779296875,
"PM10":4.1,
"PM25":4.4,
"S":255.0,
"utciso":"2022-07-11T05:00:02Z"
}