{
"T":21.478168487548828,
"H":67.3115463256836,
"P":998.895751953125,
"PM10":104.6,
"PM25":156.7,
"S":103.0,
"utciso":"2023-05-02T18:40:03Z"
}