{
"T":23.754249572753906,
"H":116.8232650756836,
"P":992.240478515625,
"PM10":141.1,
"PM25":244.9,
"S":181.0,
"utciso":"2023-07-01T07:50:02Z"
}