{
"T":23.142194747924805,
"H":103.34090423583984,
"P":999.71435546875,
"PM10":118.9,
"PM25":181.5,
"S":134.0,
"utciso":"2023-06-04T10:00:02Z"
}