{
"T":24.863601684570312,
"H":102.79708099365234,
"P":999.48193359375,
"PM10":5.4,
"PM25":6.0,
"S":307.0,
"utciso":"2022-07-04T03:40:25Z"
}