{
"T":33.394126892089844,
"H":53.98194122314453,
"P":998.290283203125,
"PM10":6.8,
"PM25":7.3,
"S":226.0,
"utciso":"2022-07-21T20:40:03Z"
}