{
"T":32.83945083618164,
"H":63.90811538696289,
"P":994.429443359375,
"PM10":4.5,
"PM25":4.9,
"S":243.0,
"utciso":"2022-07-15T19:00:03Z"
}