{
"T":27.330951690673828,
"H":61.72368240356445,
"P":1004.3310546875,
"PM10":6.5,
"PM25":7.2,
"S":208.0,
"utciso":"2022-07-09T08:50:18Z"
}