{
"T":21.554676055908203,
"H":129.11106872558594,
"P":994.01171875,
"PM10":130.2,
"PM25":216.8,
"S":154.0,
"utciso":"2023-06-30T20:30:03Z"
}