{
"T":25.78168487548828,
"H":85.0008544921875,
"P":993.551025390625,
"PM10":130.5,
"PM25":226.8,
"S":177.0,
"utciso":"2023-07-03T01:30:03Z"
}