{
"T":16.81124496459961,
"H":79.69711303710938,
"P":999.014892578125,
"PM10":103.2,
"PM25":154.0,
"S":108.0,
"utciso":"2023-05-18T01:10:03Z"
}