{
"T":30.39122772216797,
"H":73.06134033203125,
"P":995.882080078125,
"PM10":5.2,
"PM25":5.6,
"S":270.0,
"utciso":"2022-07-15T22:00:03Z"
}