{
"T":35.47894287109375,
"H":41.58720779418945,
"P":1001.849365234375,
"PM10":6.4,
"PM25":7.0,
"S":173.0,
"utciso":"2022-07-19T12:40:03Z"
}