{
"T":32.18914031982422,
"H":59.19096374511719,
"P":994.900390625,
"PM10":4.7,
"PM25":5.1,
"S":223.0,
"utciso":"2022-07-01T13:30:23Z"
}