{
"T":29.052356719970703,
"H":56.759071350097656,
"P":993.056884765625,
"PM10":116.9,
"PM25":176.0,
"S":135.0,
"utciso":"2023-05-23T15:50:03Z"
}