{
"T":32.858577728271484,
"H":58.961830139160156,
"P":994.24755859375,
"PM10":3.3,
"PM25":4.7,
"S":213.0,
"utciso":"2022-06-30T14:50:17Z"
}