{
"T":31.978748321533203,
"H":58.9251708984375,
"P":997.94189453125,
"PM10":235.2,
"PM25":511.7,
"S":129.0,
"utciso":"2023-06-26T11:30:03Z"
}