{
"T":16.44783592224121,
"H":119.94562530517578,
"P":999.0751953125,
"PM10":102.9,
"PM25":146.0,
"S":131.0,
"utciso":"2023-05-19T18:30:02Z"
}