{
"T":32.87770462036133,
"H":48.620155334472656,
"P":1003.522705078125,
"PM10":5.6,
"PM25":6.1,
"S":219.0,
"utciso":"2022-07-19T10:10:02Z"
}