{
"T":19.010818481445312,
"H":84.11180114746094,
"P":999.4189453125,
"PM10":98.9,
"PM25":138.3,
"S":132.0,
"utciso":"2023-05-07T05:20:03Z"
}