{
"T":30.27646827697754,
"H":45.88274383544922,
"P":999.5224609375,
"PM10":145.9,
"PM25":273.3,
"S":125.0,
"utciso":"2023-06-20T18:00:03Z"
}