{
"T":23.39084243774414,
"H":109.4114761352539,
"P":998.493896484375,
"PM10":4.4,
"PM25":4.9,
"S":318.0,
"utciso":"2022-07-04T17:20:26Z"
}