{
"T":26.929288864135742,
"H":75.44740295410156,
"P":993.329833984375,
"PM10":139.6,
"PM25":256.6,
"S":165.0,
"utciso":"2023-07-02T23:20:07Z"
}