{
"T":31.921367645263672,
"H":57.079856872558594,
"P":1001.255859375,
"PM10":7.8,
"PM25":8.5,
"S":235.0,
"utciso":"2022-07-19T21:00:03Z"
}