{
"T":19.20208740234375,
"H":107.2301025390625,
"P":995.91455078125,
"PM10":102.0,
"PM25":134.5,
"S":119.0,
"utciso":"2023-04-30T17:30:03Z"
}