{
"T":31.51970672607422,
"H":66.73107147216797,
"P":1004.8154296875,
"PM10":10.7,
"PM25":12.3,
"S":260.0,
"utciso":"2022-07-18T09:10:03Z"
}