{
"T":14.535161972045898,
"H":125.35324096679688,
"P":998.119384765625,
"PM10":101.8,
"PM25":143.3,
"S":133.0,
"utciso":"2023-05-01T23:30:02Z"
}