{
"T":28.229907989501953,
"H":81.25830078125,
"P":1004.4111328125,
"PM10":16.8,
"PM25":18.6,
"S":274.0,
"utciso":"2022-07-19T06:10:03Z"
}