{
"T":37.047332763671875,
"H":46.39601135253906,
"P":1001.219482421875,
"PM10":8.1,
"PM25":8.8,
"S":187.0,
"utciso":"2022-07-18T15:50:03Z"
}