{
"T":28.459428787231445,
"H":59.566749572753906,
"P":994.29541015625,
"PM10":119.7,
"PM25":185.0,
"S":115.0,
"utciso":"2023-05-28T16:30:02Z"
}