{
"T":24.672334671020508,
"H":81.89682006835938,
"P":998.50830078125,
"PM10":117.8,
"PM25":184.9,
"S":157.0,
"utciso":"2023-06-23T06:00:03Z"
}