{
"T":30.06607437133789,
"H":63.24209213256836,
"P":995.238525390625,
"PM10":137.9,
"PM25":242.8,
"S":124.0,
"utciso":"2023-06-17T18:10:02Z"
}