{
"T":30.199962615966797,
"H":71.4512710571289,
"P":996.35791015625,
"PM10":162.3,
"PM25":321.5,
"S":184.0,
"utciso":"2023-07-05T11:50:03Z"
}