{
"T":29.951313018798828,
"H":68.4113998413086,
"P":1003.218017578125,
"PM10":10.0,
"PM25":10.9,
"S":234.0,
"utciso":"2022-07-19T00:10:02Z"
}