{
"T":25.743431091308594,
"H":84.92752838134766,
"P":998.625,
"PM10":125.5,
"PM25":203.2,
"S":167.0,
"utciso":"2023-06-18T08:00:03Z"
}