{
"T":24.46194076538086,
"H":111.75477600097656,
"P":999.020751953125,
"PM10":127.6,
"PM25":206.0,
"S":163.0,
"utciso":"2023-06-01T11:00:02Z"
}