{
"T":22.530139923095703,
"H":59.98835754394531,
"P":996.518798828125,
"PM10":107.0,
"PM25":162.6,
"S":109.0,
"utciso":"2023-05-13T16:00:03Z"
}