{
"T":26.08771324157715,
"H":79.82237243652344,
"P":998.635009765625,
"PM10":3.4,
"PM25":3.7,
"S":249.0,
"utciso":"2022-07-11T02:50:03Z"
}