{
"T":25.169628143310547,
"H":72.53279113769531,
"P":999.012451171875,
"PM10":128.9,
"PM25":218.2,
"S":137.0,
"utciso":"2023-06-20T01:20:03Z"
}