{
"T":19.737634658813477,
"H":74.12147521972656,
"P":997.937744140625,
"PM10":100.6,
"PM25":146.7,
"S":111.0,
"utciso":"2023-04-28T20:50:02Z"
}