{
"T":22.836166381835938,
"H":129.11106872558594,
"P":992.454345703125,
"PM10":107.0,
"PM25":155.6,
"S":167.0,
"utciso":"2023-06-12T21:50:03Z"
}