{
"T":33.011592864990234,
"H":60.559669494628906,
"P":995.075927734375,
"PM10":3.5,
"PM25":4.0,
"S":228.0,
"utciso":"2022-07-01T15:50:18Z"
}