{
"T":23.98377227783203,
"H":85.10778045654297,
"P":998.396484375,
"PM10":121.8,
"PM25":193.8,
"S":165.0,
"utciso":"2023-06-17T07:30:03Z"
}