{
"T":25.972951889038086,
"H":80.65338134765625,
"P":994.169921875,
"PM10":109.3,
"PM25":162.9,
"S":175.0,
"utciso":"2023-06-09T18:30:02Z"
}