{
"T":24.57670021057129,
"H":92.11018371582031,
"P":993.532958984375,
"PM10":128.9,
"PM25":222.2,
"S":194.0,
"utciso":"2023-07-03T04:00:03Z"
}