{
"T":19.20208740234375,
"H":105.72697448730469,
"P":992.3876953125,
"PM10":112.5,
"PM25":171.9,
"S":148.0,
"utciso":"2023-05-10T03:20:02Z"
}