{
"T":25.686050415039062,
"H":86.68423461914062,
"P":996.048828125,
"PM10":146.0,
"PM25":275.0,
"S":182.0,
"utciso":"2023-07-06T01:20:02Z"
}