{
"T":30.678131103515625,
"H":59.502593994140625,
"P":1004.184326171875,
"PM10":8.2,
"PM25":9.2,
"S":252.0,
"utciso":"2022-07-19T08:20:03Z"
}