{
"T":16.54347038269043,
"H":96.93730926513672,
"P":995.291015625,
"PM10":97.9,
"PM25":141.4,
"S":117.0,
"utciso":"2023-05-12T14:40:02Z"
}