{
"T":19.469860076904297,
"H":105.13121795654297,
"P":996.396240234375,
"PM10":108.2,
"PM25":159.0,
"S":151.0,
"utciso":"2023-06-02T03:20:03Z"
}