{
"T":33.6810302734375,
"H":55.821136474609375,
"P":997.36083984375,
"PM10":7.0,
"PM25":7.7,
"S":215.0,
"utciso":"2022-07-04T14:10:24Z"
}