{
"T":22.74053382873535,
"H":72.07452392578125,
"P":1000.868896484375,
"PM10":99.9,
"PM25":141.1,
"S":120.0,
"utciso":"2023-05-08T21:00:03Z"
}