{
"T":26.298107147216797,
"H":83.45494842529297,
"P":998.25048828125,
"PM10":135.8,
"PM25":237.9,
"S":149.0,
"utciso":"2023-06-18T21:30:03Z"
}