{
"T":24.787094116210938,
"H":43.88467788696289,
"P":989.63427734375,
"PM10":93.1,
"PM25":126.8,
"S":108.0,
"utciso":"2023-05-11T15:30:03Z"
}