{
"T":22.396251678466797,
"H":97.55139923095703,
"P":998.746826171875,
"PM10":114.9,
"PM25":179.6,
"S":125.0,
"utciso":"2023-05-29T09:00:02Z"
}