{
"T":21.114761352539062,
"H":70.45223999023438,
"P":1000.21484375,
"PM10":109.4,
"PM25":171.0,
"S":117.0,
"utciso":"2023-05-18T13:00:02Z"
}