{
"T":26.08771324157715,
"H":81.25218200683594,
"P":997.4892578125,
"PM10":8.0,
"PM25":8.8,
"S":280.0,
"utciso":"2022-07-15T05:00:02Z"
}