{
"T":27.197063446044922,
"H":63.63620376586914,
"P":1001.8369140625,
"PM10":153.6,
"PM25":287.1,
"S":148.0,
"utciso":"2023-06-21T22:10:08Z"
}