{
"T":20.90436553955078,
"H":82.93862915039062,
"P":999.0,
"PM10":94.0,
"PM25":128.8,
"S":130.0,
"utciso":"2023-05-07T20:30:03Z"
}