{
"T":30.77376365661621,
"H":45.95912170410156,
"P":994.560302734375,
"PM10":136.7,
"PM25":240.5,
"S":121.0,
"utciso":"2023-06-16T17:40:02Z"
}