{
"T":28.05776596069336,
"H":52.017478942871094,
"P":1000.147216796875,
"PM10":119.8,
"PM25":196.4,
"S":131.0,
"utciso":"2023-05-26T14:10:02Z"
}