{
"T":26.16421890258789,
"H":74.06036376953125,
"P":1002.651123046875,
"PM10":119.7,
"PM25":188.9,
"S":174.0,
"utciso":"2023-06-22T07:20:03Z"
}