{
"T":29.989566802978516,
"H":74.52169799804688,
"P":996.389404296875,
"PM10":5.6,
"PM25":6.1,
"S":272.0,
"utciso":"2022-07-15T22:40:02Z"
}