{
"T":28.631568908691406,
"H":71.26185607910156,
"P":992.484375,
"PM10":226.6,
"PM25":498.3,
"S":165.0,
"utciso":"2023-07-02T19:50:03Z"
}