{
"T":18.743045806884766,
"H":83.63520050048828,
"P":999.466064453125,
"PM10":97.2,
"PM25":137.8,
"S":146.0,
"utciso":"2023-05-08T01:00:03Z"
}