{
"T":32.533424377441406,
"H":59.79588317871094,
"P":995.00830078125,
"PM10":137.8,
"PM25":231.7,
"S":125.0,
"utciso":"2023-06-28T17:10:02Z"
}