{
"T":27.445711135864258,
"H":74.67445373535156,
"P":996.465576171875,
"PM10":111.1,
"PM25":162.4,
"S":118.0,
"utciso":"2023-06-06T13:10:03Z"
}