{
"T":30.8120174407959,
"H":59.444541931152344,
"P":996.6591796875,
"PM10":146.5,
"PM25":272.2,
"S":143.0,
"utciso":"2023-06-26T21:00:03Z"
}