{
"T":29.18624496459961,
"H":70.95328521728516,
"P":998.51806640625,
"PM10":6.4,
"PM25":6.9,
"S":274.0,
"utciso":"2022-07-15T00:00:02Z"
}