{
"T":31.079792022705078,
"H":64.9835205078125,
"P":1001.042236328125,
"PM10":4.6,
"PM25":5.4,
"S":220.0,
"utciso":"2022-07-06T11:40:17Z"
}