{
"T":18.39876365661621,
"H":87.58245086669922,
"P":995.850341796875,
"PM10":112.4,
"PM25":169.8,
"S":150.0,
"utciso":"2023-05-24T04:40:02Z"
}