{
"T":29.03322982788086,
"H":67.55290222167969,
"P":995.244873046875,
"PM10":109.8,
"PM25":159.9,
"S":114.0,
"utciso":"2023-06-06T15:20:02Z"
}