{
"T":27.369203567504883,
"H":80.0545654296875,
"P":997.941650390625,
"PM10":130.4,
"PM25":221.0,
"S":144.0,
"utciso":"2023-06-18T19:40:02Z"
}