{
"T":17.95884895324707,
"H":108.2016372680664,
"P":998.190185546875,
"PM10":115.1,
"PM25":172.7,
"S":191.0,
"utciso":"2023-05-22T06:50:02Z"
}