{
"T":28.994976043701172,
"H":80.99555206298828,
"P":1004.839111328125,
"PM10":14.2,
"PM25":15.8,
"S":285.0,
"utciso":"2022-07-18T05:40:03Z"
}