{
"T":22.912673950195312,
"H":103.25230407714844,
"P":995.35693359375,
"PM10":107.1,
"PM25":158.0,
"S":184.0,
"utciso":"2023-06-09T21:20:02Z"
}