{
"T":25.169628143310547,
"H":91.62440490722656,
"P":998.744384765625,
"PM10":121.6,
"PM25":188.6,
"S":120.0,
"utciso":"2023-06-04T12:50:03Z"
}