{
"T":24.385433197021484,
"H":85.38274383544922,
"P":998.89599609375,
"PM10":139.8,
"PM25":254.1,
"S":152.0,
"utciso":"2023-06-26T04:10:02Z"
}