{
"T":22.166730880737305,
"H":124.50390625,
"P":1000.34033203125,
"PM10":131.5,
"PM25":222.0,
"S":125.0,
"utciso":"2023-05-31T13:20:03Z"
}