{
"T":19.69938087463379,
"H":87.82380676269531,
"P":996.42724609375,
"PM10":92.8,
"PM25":122.8,
"S":166.0,
"utciso":"2023-04-30T07:00:03Z"
}