{
"T":14.19088077545166,
"H":125.05994415283203,
"P":997.289794921875,
"PM10":108.2,
"PM25":159.9,
"S":127.0,
"utciso":"2023-05-02T01:40:03Z"
}