{
"T":21.05738067626953,
"H":113.939208984375,
"P":999.17529296875,
"PM10":112.0,
"PM25":164.7,
"S":165.0,
"utciso":"2023-06-04T06:20:03Z"
}