{
"T":25.647796630859375,
"H":66.62108612060547,
"P":1000.784912109375,
"PM10":123.6,
"PM25":203.3,
"S":138.0,
"utciso":"2023-06-21T00:00:03Z"
}