{
"T":28.249034881591797,
"H":77.9617919921875,
"P":1003.3837890625,
"PM10":10.9,
"PM25":12.2,
"S":267.0,
"utciso":"2022-07-14T07:10:02Z"
}