{
"T":22.24323844909668,
"H":62.884639739990234,
"P":997.4580078125,
"PM10":105.2,
"PM25":159.5,
"S":116.0,
"utciso":"2023-05-02T13:10:02Z"
}