{
"T":16.428709030151367,
"H":114.55329132080078,
"P":999.6328125,
"PM10":105.5,
"PM25":152.0,
"S":132.0,
"utciso":"2023-05-19T21:40:03Z"
}