{
"T":17.385046005249023,
"H":88.66397094726562,
"P":997.50732421875,
"PM10":95.1,
"PM25":133.1,
"S":125.0,
"utciso":"2023-05-14T00:40:03Z"
}