{
"T":36.09099578857422,
"H":44.407108306884766,
"P":1000.53466796875,
"PM10":4.5,
"PM25":4.9,
"S":197.0,
"utciso":"2022-07-14T13:00:03Z"
}