{
"T":16.141807556152344,
"H":89.24444580078125,
"P":1002.03759765625,
"PM10":88.0,
"PM25":116.3,
"S":123.0,
"utciso":"2023-05-03T01:10:03Z"
}