{
"T":26.738021850585938,
"H":79.70016479492188,
"P":990.926513671875,
"PM10":133.0,
"PM25":233.5,
"S":139.0,
"utciso":"2023-07-01T22:00:03Z"
}