{
"T":35.05815124511719,
"H":42.91925048828125,
"P":1001.923828125,
"PM10":4.8,
"PM25":5.3,
"S":194.0,
"utciso":"2022-07-20T11:20:03Z"
}