{
"T":25.5139102935791,
"H":69.159912109375,
"P":1002.01953125,
"PM10":115.7,
"PM25":179.6,
"S":154.0,
"utciso":"2023-06-22T00:20:03Z"
}