{
"T":27.197063446044922,
"H":79.07997131347656,
"P":995.615234375,
"PM10":123.1,
"PM25":195.7,
"S":131.0,
"utciso":"2023-06-01T16:50:02Z"
}