{
"T":16.44783592224121,
"H":119.67372131347656,
"P":999.067138671875,
"PM10":102.1,
"PM25":143.7,
"S":128.0,
"utciso":"2023-05-19T19:10:02Z"
}