{
"T":22.224111557006836,
"H":97.12367248535156,
"P":998.92822265625,
"PM10":114.9,
"PM25":176.1,
"S":139.0,
"utciso":"2023-05-28T05:20:03Z"
}