{
"T":30.142581939697266,
"H":76.98109436035156,
"P":999.80126953125,
"PM10":7.1,
"PM25":7.7,
"S":286.0,
"utciso":"2022-07-16T09:00:03Z"
}