{
"T":21.784196853637695,
"H":129.11106872558594,
"P":993.3291015625,
"PM10":134.0,
"PM25":227.2,
"S":158.0,
"utciso":"2023-06-30T22:40:02Z"
}