{
"T":28.631568908691406,
"H":75.41380310058594,
"P":997.35595703125,
"PM10":8.7,
"PM25":9.5,
"S":275.0,
"utciso":"2022-07-15T08:00:02Z"
}