{
"T":26.64238739013672,
"H":72.52668762207031,
"P":997.3271484375,
"PM10":122.8,
"PM25":195.9,
"S":142.0,
"utciso":"2023-06-22T23:40:03Z"
}