{
"T":28.74633026123047,
"H":59.02293395996094,
"P":994.47802734375,
"PM10":119.8,
"PM25":185.4,
"S":116.0,
"utciso":"2023-05-28T16:10:03Z"
}