{
"T":25.054868698120117,
"H":109.37481689453125,
"P":999.3232421875,
"PM10":5.7,
"PM25":6.7,
"S":284.0,
"utciso":"2022-07-03T22:30:17Z"
}