{
"T":25.131376266479492,
"H":92.03684997558594,
"P":998.75048828125,
"PM10":119.8,
"PM25":185.1,
"S":120.0,
"utciso":"2023-06-04T13:00:03Z"
}