{
"T":32.55255126953125,
"H":53.392295837402344,
"P":999.409912109375,
"PM10":691.3,
"PM25":1999.9,
"S":237.0,
"utciso":"2022-07-03T20:10:19Z"
}