{
"T":24.940109252929688,
"H":78.80195617675781,
"P":998.009765625,
"PM10":115.1,
"PM25":180.5,
"S":122.0,
"utciso":"2023-06-05T11:10:02Z"
}