{
"T":32.64818572998047,
"H":61.72673797607422,
"P":995.361328125,
"PM10":3.9,
"PM25":4.2,
"S":211.0,
"utciso":"2022-07-01T17:20:20Z"
}