{
"T":21.822450637817383,
"H":102.6321029663086,
"P":998.593994140625,
"PM10":114.8,
"PM25":179.7,
"S":127.0,
"utciso":"2023-05-29T08:00:02Z"
}