{
"T":25.150501251220703,
"H":90.07545471191406,
"P":996.3388671875,
"PM10":118.2,
"PM25":185.2,
"S":111.0,
"utciso":"2023-06-03T15:40:02Z"
}