{
"T":25.093122482299805,
"H":88.79228973388672,
"P":994.34619140625,
"PM10":113.3,
"PM25":173.2,
"S":206.0,
"utciso":"2023-06-11T08:30:03Z"
}