{
"T":26.393741607666016,
"H":90.4145736694336,
"P":992.543701171875,
"PM10":121.9,
"PM25":195.6,
"S":152.0,
"utciso":"2023-06-14T15:50:03Z"
}