{
"T":30.88852310180664,
"H":73.34851837158203,
"P":997.88232421875,
"PM10":163.8,
"PM25":326.6,
"S":166.0,
"utciso":"2023-06-19T13:00:02Z"
}