{
"T":27.809120178222656,
"H":78.54226684570312,
"P":995.530517578125,
"PM10":5.4,
"PM25":6.9,
"S":271.0,
"utciso":"2022-06-30T08:40:17Z"
}