{
"T":30.582496643066406,
"H":58.14916229248047,
"P":998.11767578125,
"PM10":128.4,
"PM25":213.9,
"S":138.0,
"utciso":"2023-06-23T11:10:03Z"
}