{
"T":27.483964920043945,
"H":63.404014587402344,
"P":996.320556640625,
"PM10":138.3,
"PM25":233.2,
"S":110.0,
"utciso":"2023-05-30T18:50:03Z"
}