{
"T":27.40745735168457,
"H":61.74201583862305,
"P":1001.612548828125,
"PM10":3.0,
"PM25":3.2,
"S":204.0,
"utciso":"2022-07-08T01:20:17Z"
}