{
"T":22.281492233276367,
"H":104.55073547363281,
"P":997.669189453125,
"PM10":111.8,
"PM25":169.3,
"S":169.0,
"utciso":"2023-06-08T05:50:02Z"
}