{
"T":32.01700210571289,
"H":44.74928283691406,
"P":998.112548828125,
"PM10":135.8,
"PM25":236.7,
"S":117.0,
"utciso":"2023-06-25T13:50:02Z"
}