{
"T":34.67561721801758,
"H":48.76374816894531,
"P":1000.455322265625,
"PM10":5.2,
"PM25":5.7,
"S":223.0,
"utciso":"2022-07-02T14:40:17Z"
}