{
"T":24.175039291381836,
"H":81.71351623535156,
"P":997.7861328125,
"PM10":123.3,
"PM25":202.2,
"S":124.0,
"utciso":"2023-05-29T20:10:02Z"
}