{
"T":20.445323944091797,
"H":82.26344299316406,
"P":997.196044921875,
"PM10":96.4,
"PM25":123.5,
"S":147.0,
"utciso":"2023-04-30T09:00:03Z"
}