{
"T":27.962133407592773,
"H":82.45896911621094,
"P":1000.245849609375,
"PM10":7.4,
"PM25":8.2,
"S":293.0,
"utciso":"2022-07-07T07:30:18Z"
}