{
"T":28.937597274780273,
"H":56.148040771484375,
"P":995.788818359375,
"PM10":138.9,
"PM25":245.4,
"S":115.0,
"utciso":"2023-05-30T14:50:03Z"
}