{
"T":32.01700210571289,
"H":60.996559143066406,
"P":1003.412109375,
"PM10":10.3,
"PM25":11.2,
"S":222.0,
"utciso":"2022-07-13T20:00:04Z"
}