{
"T":33.31761932373047,
"H":54.058319091796875,
"P":998.2734375,
"PM10":3.2,
"PM25":3.5,
"S":190.0,
"utciso":"2022-07-11T17:40:03Z"
}