{
"T":14.305641174316406,
"H":72.55418395996094,
"P":1001.17529296875,
"PM10":110.5,
"PM25":170.9,
"S":108.0,
"utciso":"2023-04-28T04:00:02Z"
}