{
"T":22.62577247619629,
"H":92.29959869384766,
"P":997.51904296875,
"PM10":122.9,
"PM25":195.5,
"S":162.0,
"utciso":"2023-06-18T03:50:02Z"
}