{
"T":30.410354614257812,
"H":70.96549987792969,
"P":997.4970703125,
"PM10":133.7,
"PM25":222.4,
"S":143.0,
"utciso":"2023-06-18T12:40:03Z"
}