{
"T":22.721406936645508,
"H":61.66257858276367,
"P":997.560302734375,
"PM10":104.4,
"PM25":156.4,
"S":104.0,
"utciso":"2023-05-02T17:20:03Z"
}