{
"T":23.696870803833008,
"H":95.31808471679688,
"P":994.281494140625,
"PM10":110.2,
"PM25":162.0,
"S":195.0,
"utciso":"2023-06-10T23:30:03Z"
}