{
"T":24.442813873291016,
"H":52.97068786621094,
"P":987.064208984375,
"PM10":104.3,
"PM25":153.4,
"S":121.0,
"utciso":"2023-05-16T11:40:03Z"
}