{
"T":18.39876365661621,
"H":128.98580932617188,
"P":1000.46435546875,
"PM10":111.5,
"PM25":167.1,
"S":169.0,
"utciso":"2023-06-01T05:30:02Z"
}