{
"T":16.37133026123047,
"H":117.93839263916016,
"P":999.522705078125,
"PM10":101.4,
"PM25":142.1,
"S":132.0,
"utciso":"2023-05-19T20:20:03Z"
}