{
"T":26.278980255126953,
"H":81.68907165527344,
"P":995.13037109375,
"PM10":140.4,
"PM25":256.7,
"S":171.0,
"utciso":"2023-07-04T00:00:03Z"
}