{
"T":25.915573120117188,
"H":86.70562744140625,
"P":1001.1572265625,
"PM10":8.7,
"PM25":9.5,
"S":300.0,
"utciso":"2022-07-03T05:10:18Z"
}