{
"T":32.93508529663086,
"H":54.07359313964844,
"P":1001.079833984375,
"PM10":7.7,
"PM25":8.5,
"S":229.0,
"utciso":"2022-07-19T20:20:03Z"
}