{
"T":24.825347900390625,
"H":40.737876892089844,
"P":989.596923828125,
"PM10":96.1,
"PM25":134.1,
"S":110.0,
"utciso":"2023-05-11T13:10:03Z"
}