{
"T":32.265647888183594,
"H":67.05186462402344,
"P":995.30224609375,
"PM10":151.2,
"PM25":275.9,
"S":164.0,
"utciso":"2023-06-27T10:50:02Z"
}