{
"T":26.79540252685547,
"H":60.416080474853516,
"P":1003.983642578125,
"PM10":2.4,
"PM25":2.6,
"S":221.0,
"utciso":"2022-07-08T23:10:27Z"
}