{
"T":24.270671844482422,
"H":93.04505157470703,
"P":998.288330078125,
"PM10":123.8,
"PM25":193.3,
"S":126.0,
"utciso":"2023-06-03T10:10:03Z"
}