{
"T":30.257341384887695,
"H":71.95536804199219,
"P":997.609619140625,
"PM10":135.3,
"PM25":225.9,
"S":144.0,
"utciso":"2023-06-18T12:20:03Z"
}