{
"T":28.55506134033203,
"H":75.11744689941406,
"P":989.872802734375,
"PM10":137.8,
"PM25":247.3,
"S":133.0,
"utciso":"2023-07-01T13:10:02Z"
}