{
"T":27.94300651550293,
"H":84.05986022949219,
"P":997.53369140625,
"PM10":7.6,
"PM25":8.3,
"S":292.0,
"utciso":"2022-07-16T02:50:03Z"
}