{
"T":30.77376365661621,
"H":68.87577819824219,
"P":996.355712890625,
"PM10":153.4,
"PM25":296.0,
"S":167.0,
"utciso":"2023-07-04T12:20:03Z"
}