{
"T":23.696870803833008,
"H":93.86994171142578,
"P":995.087646484375,
"PM10":112.7,
"PM25":169.0,
"S":202.0,
"utciso":"2023-06-09T07:00:03Z"
}