{
"T":27.13968276977539,
"H":56.532989501953125,
"P":998.828369140625,
"PM10":104.9,
"PM25":151.0,
"S":117.0,
"utciso":"2023-05-08T16:10:02Z"
}