{
"T":17.63369369506836,
"H":88.71591186523438,
"P":994.048828125,
"PM10":95.1,
"PM25":131.8,
"S":116.0,
"utciso":"2023-05-11T01:40:03Z"
}