{
"T":31.710973739624023,
"H":47.52641296386719,
"P":1000.8583984375,
"PM10":128.1,
"PM25":210.2,
"S":139.0,
"utciso":"2023-06-22T11:00:03Z"
}