{
"T":20.34969139099121,
"H":114.96878814697266,
"P":998.721923828125,
"PM10":114.0,
"PM25":170.9,
"S":164.0,
"utciso":"2023-06-04T05:30:03Z"
}