{
"T":19.297719955444336,
"H":83.66575622558594,
"P":999.092529296875,
"PM10":96.2,
"PM25":133.4,
"S":134.0,
"utciso":"2023-05-07T05:00:02Z"
}