{
"T":23.888137817382812,
"H":104.0619125366211,
"P":994.356201171875,
"PM10":111.5,
"PM25":165.4,
"S":229.0,
"utciso":"2023-06-10T07:30:03Z"
}