{
"T":36.68392562866211,
"H":39.16141891479492,
"P":1000.220458984375,
"PM10":5.9,
"PM25":6.3,
"S":179.0,
"utciso":"2022-07-19T17:00:02Z"
}