{
"T":21.822450637817383,
"H":129.11106872558594,
"P":991.62890625,
"PM10":131.1,
"PM25":219.7,
"S":185.0,
"utciso":"2023-07-01T04:00:03Z"
}