{
"T":21.229520797729492,
"H":71.11215209960938,
"P":992.80419921875,
"PM10":104.3,
"PM25":155.7,
"S":107.0,
"utciso":"2023-05-10T17:10:03Z"
}