{
"T":19.58462142944336,
"H":95.37918853759766,
"P":998.779296875,
"PM10":107.1,
"PM25":162.0,
"S":115.0,
"utciso":"2023-05-25T05:40:03Z"
}