{
"T":34.216575622558594,
"H":49.29228973388672,
"P":1000.74755859375,
"PM10":4.8,
"PM25":5.3,
"S":211.0,
"utciso":"2022-07-02T13:40:20Z"
}