{
"T":19.90977668762207,
"H":129.11106872558594,
"P":1000.438720703125,
"PM10":137.8,
"PM25":233.0,
"S":173.0,
"utciso":"2023-06-01T06:40:03Z"
}