{
"T":33.94880294799805,
"H":55.35369873046875,
"P":996.538330078125,
"PM10":2.8,
"PM25":3.2,
"S":207.0,
"utciso":"2022-07-05T13:50:17Z"
}