{
"T":18.532649993896484,
"H":97.11145782470703,
"P":996.645751953125,
"PM10":100.9,
"PM25":137.4,
"S":185.0,
"utciso":"2023-05-23T02:30:02Z"
}