{
"T":27.560470581054688,
"H":65.12100219726562,
"P":1000.5400390625,
"PM10":126.3,
"PM25":211.4,
"S":125.0,
"utciso":"2023-06-29T11:10:02Z"
}