{
"T":24.347179412841797,
"H":53.56644058227539,
"P":987.106201171875,
"PM10":103.3,
"PM25":151.8,
"S":117.0,
"utciso":"2023-05-16T11:50:03Z"
}