{
"T":21.80332374572754,
"H":123.1810302734375,
"P":993.933837890625,
"PM10":113.7,
"PM25":172.8,
"S":197.0,
"utciso":"2023-06-14T09:20:03Z"
}