{
"T":23.352588653564453,
"H":54.47992706298828,
"P":990.892333984375,
"PM10":96.5,
"PM25":135.9,
"S":115.0,
"utciso":"2023-05-11T11:00:02Z"
}