{
"T":25.839065551757812,
"H":85.61493682861328,
"P":996.32958984375,
"PM10":129.0,
"PM25":214.0,
"S":183.0,
"utciso":"2023-06-27T03:50:03Z"
}