{
"T":27.8856258392334,
"H":75.44129943847656,
"P":998.200927734375,
"PM10":3.4,
"PM25":3.7,
"S":303.0,
"utciso":"2022-07-05T23:40:18Z"
}