{
"T":22.74053382873535,
"H":73.999267578125,
"P":1000.62158203125,
"PM10":117.2,
"PM25":186.4,
"S":145.0,
"utciso":"2023-06-25T03:40:03Z"
}