{
"T":31.271059036254883,
"H":70.33308410644531,
"P":995.69384765625,
"PM10":145.0,
"PM25":258.2,
"S":172.0,
"utciso":"2023-06-27T10:00:02Z"
}