{
"T":35.80409622192383,
"H":50.419639587402344,
"P":999.065185546875,
"PM10":5.2,
"PM25":5.5,
"S":223.0,
"utciso":"2022-07-14T16:20:02Z"
}