{
"T":14.745555877685547,
"H":82.44674682617188,
"P":988.371337890625,
"PM10":100.0,
"PM25":144.7,
"S":120.0,
"utciso":"2023-05-16T04:00:03Z"
}