{
"T":28.38292121887207,
"H":66.61192321777344,
"P":1001.10205078125,
"PM10":3.5,
"PM25":4.1,
"S":239.0,
"utciso":"2022-07-11T08:40:03Z"
}