{
"T":33.08810043334961,
"H":54.86487579345703,
"P":998.456298828125,
"PM10":6.4,
"PM25":7.0,
"S":233.0,
"utciso":"2022-07-21T21:00:03Z"
}