{
"T":28.91847038269043,
"H":46.87261199951172,
"P":999.353759765625,
"PM10":120.5,
"PM25":197.1,
"S":127.0,
"utciso":"2023-05-26T16:00:03Z"
}