{
"T":31.347564697265625,
"H":61.60453414916992,
"P":1003.21337890625,
"PM10":9.2,
"PM25":10.1,
"S":258.0,
"utciso":"2022-07-20T07:40:03Z"
}