{
"T":17.69107437133789,
"H":85.44995880126953,
"P":994.116943359375,
"PM10":93.7,
"PM25":132.3,
"S":111.0,
"utciso":"2023-05-11T23:20:02Z"
}