{
"T":19.14470672607422,
"H":93.5858154296875,
"P":996.966064453125,
"PM10":108.8,
"PM25":157.6,
"S":195.0,
"utciso":"2023-05-23T06:40:03Z"
}