{
"T":30.39122772216797,
"H":85.48661804199219,
"P":997.802978515625,
"PM10":4.8,
"PM25":5.2,
"S":253.0,
"utciso":"2022-07-05T10:50:21Z"
}