{
"T":27.77086639404297,
"H":83.4824447631836,
"P":997.53564453125,
"PM10":7.6,
"PM25":8.3,
"S":291.0,
"utciso":"2022-07-16T02:40:03Z"
}