{
"T":21.21039390563965,
"H":112.1580581665039,
"P":998.31640625,
"PM10":111.9,
"PM25":163.9,
"S":145.0,
"utciso":"2023-06-03T23:10:02Z"
}