{
"T":31.95962142944336,
"H":68.33502197265625,
"P":992.14599609375,
"PM10":145.1,
"PM25":260.7,
"S":173.0,
"utciso":"2023-06-27T18:40:03Z"
}