{
"T":25.150501251220703,
"H":78.61559295654297,
"P":997.433349609375,
"PM10":106.3,
"PM25":155.1,
"S":126.0,
"utciso":"2023-06-06T20:50:03Z"
}