{
"T":27.177936553955078,
"H":74.9921875,
"P":993.531982421875,
"PM10":272.4,
"PM25":503.4,
"S":165.0,
"utciso":"2023-07-02T22:10:04Z"
}