{
"T":21.53554916381836,
"H":66.77690124511719,
"P":1003.492431640625,
"PM10":108.5,
"PM25":164.0,
"S":124.0,
"utciso":"2023-05-04T10:00:03Z"
}