{
"T":32.60993194580078,
"H":57.87114334106445,
"P":998.54443359375,
"PM10":6.0,
"PM25":6.5,
"S":237.0,
"utciso":"2022-07-21T21:50:03Z"
}