{
"T":35.249420166015625,
"H":52.22217559814453,
"P":998.540771484375,
"PM10":5.1,
"PM25":5.5,
"S":249.0,
"utciso":"2022-07-14T17:40:03Z"
}