{
"T":26.4893741607666,
"H":68.81163024902344,
"P":996.637451171875,
"PM10":122.3,
"PM25":198.5,
"S":118.0,
"utciso":"2023-05-29T17:30:03Z"
}