{
"T":27.598724365234375,
"H":83.39384460449219,
"P":1003.9423828125,
"PM10":16.5,
"PM25":18.2,
"S":266.0,
"utciso":"2022-07-19T04:40:02Z"
}