{
"T":28.21078109741211,
"H":45.922462463378906,
"P":1001.977294921875,
"PM10":123.6,
"PM25":201.6,
"S":134.0,
"utciso":"2023-06-24T09:20:03Z"
}