{
"T":33.96792984008789,
"H":49.23118591308594,
"P":997.83056640625,
"PM10":633.5,
"PM25":1999.9,
"S":226.0,
"utciso":"2022-07-03T19:00:21Z"
}