{
"T":30.69725799560547,
"H":69.30044555664062,
"P":995.901611328125,
"PM10":209.3,
"PM25":451.0,
"S":174.0,
"utciso":"2023-07-05T12:30:03Z"
}