{
"T":32.74382019042969,
"H":61.84283447265625,
"P":998.512451171875,
"PM10":6.2,
"PM25":6.6,
"S":267.0,
"utciso":"2022-07-16T20:50:03Z"
}