{
"T":29.874807357788086,
"H":54.56852722167969,
"P":999.70751953125,
"PM10":3.3,
"PM25":3.6,
"S":215.0,
"utciso":"2022-07-07T22:10:21Z"
}