{
"T":33.547142028808594,
"H":57.241783142089844,
"P":1002.144287109375,
"PM10":9.0,
"PM25":10.6,
"S":213.0,
"utciso":"2022-07-18T20:30:02Z"
}