{
"T":26.565881729125977,
"H":56.35273361206055,
"P":999.975830078125,
"PM10":100.3,
"PM25":138.5,
"S":119.0,
"utciso":"2023-05-05T12:20:03Z"
}