{
"T":31.04153823852539,
"H":64.59246826171875,
"P":1003.638916015625,
"PM10":6.2,
"PM25":6.8,
"S":234.0,
"utciso":"2022-07-13T20:50:04Z"
}