{
"T":34.59911346435547,
"H":54.20496368408203,
"P":995.900634765625,
"PM10":3.5,
"PM25":3.8,
"S":229.0,
"utciso":"2022-07-05T18:00:18Z"
}