{
"T":16.39045524597168,
"H":63.69119644165039,
"P":1000.93994140625,
"PM10":113.8,
"PM25":180.9,
"S":107.0,
"utciso":"2023-04-28T00:30:02Z"
}