{
"T":31.902240753173828,
"H":64.54052734375,
"P":991.829345703125,
"PM10":200.1,
"PM25":439.3,
"S":152.0,
"utciso":"2023-07-02T14:30:03Z"
}