{
"T":17.15552520751953,
"H":112.29248046875,
"P":996.310546875,
"PM10":110.0,
"PM25":167.4,
"S":129.0,
"utciso":"2023-05-01T02:30:03Z"
}