{
"T":17.53805923461914,
"H":107.41035461425781,
"P":996.625,
"PM10":114.4,
"PM25":167.7,
"S":138.0,
"utciso":"2023-05-01T10:10:02Z"
}