{
"T":26.336360931396484,
"H":77.37825775146484,
"P":996.811767578125,
"PM10":111.6,
"PM25":168.4,
"S":126.0,
"utciso":"2023-06-07T19:10:03Z"
}