{
"T":21.573802947998047,
"H":117.10739135742188,
"P":992.37841796875,
"PM10":112.1,
"PM25":174.9,
"S":192.0,
"utciso":"2023-06-14T05:00:03Z"
}