{
"T":16.677356719970703,
"H":110.96349334716797,
"P":996.50634765625,
"PM10":107.8,
"PM25":163.4,
"S":131.0,
"utciso":"2023-05-01T07:50:02Z"
}