{
"T":15.931413650512695,
"H":89.80659484863281,
"P":1002.0732421875,
"PM10":87.9,
"PM25":115.2,
"S":124.0,
"utciso":"2023-05-03T01:30:03Z"
}