{
"T":21.573802947998047,
"H":77.40269470214844,
"P":994.02978515625,
"PM10":108.6,
"PM25":166.4,
"S":120.0,
"utciso":"2023-05-10T11:50:03Z"
}