{
"T":18.857805252075195,
"H":88.16598510742188,
"P":999.465087890625,
"PM10":101.6,
"PM25":147.1,
"S":145.0,
"utciso":"2023-05-08T02:50:03Z"
}