{
"T":26.336360931396484,
"H":71.93704223632812,
"P":995.3193359375,
"PM10":122.9,
"PM25":195.4,
"S":144.0,
"utciso":"2023-05-22T14:40:03Z"
}