{
"T":16.65822982788086,
"H":95.8771743774414,
"P":999.567626953125,
"PM10":106.0,
"PM25":158.1,
"S":143.0,
"utciso":"2023-05-13T06:30:03Z"
}