{
"T":26.52762794494629,
"H":73.52265930175781,
"P":996.106689453125,
"PM10":111.1,
"PM25":164.2,
"S":112.0,
"utciso":"2023-06-05T16:00:04Z"
}