{
"T":16.237442016601562,
"H":84.36843872070312,
"P":1003.856201171875,
"PM10":101.0,
"PM25":147.4,
"S":118.0,
"utciso":"2023-05-04T02:00:03Z"
}