{
"T":34.08268737792969,
"H":55.56145095825195,
"P":1000.331298828125,
"PM10":4.6,
"PM25":5.0,
"S":206.0,
"utciso":"2022-07-12T18:00:03Z"
}