{
"T":24.940109252929688,
"H":63.18098831176758,
"P":1001.6064453125,
"PM10":119.8,
"PM25":196.3,
"S":151.0,
"utciso":"2023-05-26T11:10:03Z"
}