{
"T":23.352588653564453,
"H":109.539794921875,
"P":998.494140625,
"PM10":4.8,
"PM25":7.7,
"S":318.0,
"utciso":"2022-07-04T17:30:17Z"
}