{
"T":31.51970672607422,
"H":48.74847412109375,
"P":1000.408935546875,
"PM10":6.5,
"PM25":7.2,
"S":208.0,
"utciso":"2022-07-09T19:20:25Z"
}