{
"T":19.622875213623047,
"H":118.18891906738281,
"P":992.26416015625,
"PM10":111.2,
"PM25":162.6,
"S":154.0,
"utciso":"2023-05-10T00:00:03Z"
}