{
"T":35.096405029296875,
"H":44.97230911254883,
"P":998.810546875,
"PM10":10.4,
"PM25":11.3,
"S":178.0,
"utciso":"2022-07-20T19:40:02Z"
}