{
"T":24.36630630493164,
"H":59.68589782714844,
"P":1001.27099609375,
"PM10":103.7,
"PM25":151.5,
"S":108.0,
"utciso":"2023-05-04T19:20:03Z"
}