{
"T":25.265262603759766,
"H":88.850341796875,
"P":994.201416015625,
"PM10":109.9,
"PM25":162.3,
"S":182.0,
"utciso":"2023-06-10T21:40:03Z"
}