{
"T":24.442813873291016,
"H":84.05375671386719,
"P":997.03955078125,
"PM10":124.3,
"PM25":201.0,
"S":126.0,
"utciso":"2023-06-29T21:30:03Z"
}