{
"T":25.265262603759766,
"H":69.94203186035156,
"P":1002.860595703125,
"PM10":2.8,
"PM25":3.0,
"S":217.0,
"utciso":"2022-07-08T04:00:17Z"
}