{
"T":28.402048110961914,
"H":57.89863967895508,
"P":995.533935546875,
"PM10":140.9,
"PM25":238.1,
"S":114.0,
"utciso":"2023-05-30T18:00:03Z"
}