{
"T":29.932186126708984,
"H":74.12147521972656,
"P":997.67822265625,
"PM10":136.1,
"PM25":225.8,
"S":148.0,
"utciso":"2023-06-18T11:50:03Z"
}