{
"T":37.81240463256836,
"H":45.74831771850586,
"P":997.114501953125,
"PM10":7.5,
"PM25":8.0,
"S":188.0,
"utciso":"2022-07-21T17:20:03Z"
}