{
"T":15.74014663696289,
"H":66.81050109863281,
"P":1000.911865234375,
"PM10":116.0,
"PM25":186.7,
"S":110.0,
"utciso":"2023-04-28T00:50:03Z"
}