{
"T":16.21831512451172,
"H":104.75238037109375,
"P":998.095703125,
"PM10":104.5,
"PM25":155.9,
"S":141.0,
"utciso":"2023-05-13T02:00:03Z"
}