{
"T":22.51101303100586,
"H":79.12274932861328,
"P":999.57568359375,
"PM10":107.2,
"PM25":147.5,
"S":148.0,
"utciso":"2023-05-09T09:40:03Z"
}