{
"T":18.915185928344727,
"H":82.85614013671875,
"P":995.64306640625,
"PM10":109.4,
"PM25":162.5,
"S":146.0,
"utciso":"2023-05-24T02:50:02Z"
}