{
"T":17.480680465698242,
"H":87.423583984375,
"P":991.895263671875,
"PM10":100.2,
"PM25":145.2,
"S":124.0,
"utciso":"2023-05-17T05:00:03Z"
}