{
"T":21.76506996154785,
"H":102.24105072021484,
"P":996.586181640625,
"PM10":115.5,
"PM25":178.3,
"S":137.0,
"utciso":"2023-05-21T13:50:02Z"
}