{
"T":34.9051399230957,
"H":53.178436279296875,
"P":995.75537109375,
"PM10":3.6,
"PM25":3.9,
"S":223.0,
"utciso":"2022-07-05T17:40:17Z"
}