{
"T":26.929288864135742,
"H":82.15345764160156,
"P":994.005615234375,
"PM10":114.1,
"PM25":172.4,
"S":177.0,
"utciso":"2023-06-09T14:50:02Z"
}