{
"T":25.81993865966797,
"H":43.18505096435547,
"P":988.750732421875,
"PM10":101.5,
"PM25":146.1,
"S":105.0,
"utciso":"2023-05-15T15:10:03Z"
}