{
"T":30.352975845336914,
"H":65.49984741210938,
"P":1001.967529296875,
"PM10":9.5,
"PM25":10.5,
"S":247.0,
"utciso":"2022-07-20T00:10:02Z"
}