{
"T":23.83075714111328,
"H":118.27751922607422,
"P":999.283447265625,
"PM10":129.7,
"PM25":206.7,
"S":170.0,
"utciso":"2023-06-01T10:10:03Z"
}