{
"T":24.09853172302246,
"H":84.50286102294922,
"P":997.141357421875,
"PM10":128.5,
"PM25":213.4,
"S":131.0,
"utciso":"2023-06-29T23:00:03Z"
}