{
"T":26.355487823486328,
"H":75.08995056152344,
"P":1000.72998046875,
"PM10":137.0,
"PM25":244.1,
"S":157.0,
"utciso":"2023-06-20T08:10:02Z"
}