{
"T":30.410354614257812,
"H":69.00715637207031,
"P":999.849853515625,
"PM10":6.2,
"PM25":6.8,
"S":260.0,
"utciso":"2022-07-07T09:40:17Z"
}