{
"T":29.79829978942871,
"H":53.26703643798828,
"P":994.447509765625,
"PM10":127.3,
"PM25":209.7,
"S":118.0,
"utciso":"2023-06-15T15:00:03Z"
}