{
"T":31.500579833984375,
"H":71.64068603515625,
"P":992.687744140625,
"PM10":2.3,
"PM25":4.1,
"S":227.0,
"utciso":"2022-06-29T16:30:17Z"
}