{
"T":22.721406936645508,
"H":70.45223999023438,
"P":1001.541748046875,
"PM10":117.1,
"PM25":185.7,
"S":150.0,
"utciso":"2023-06-24T04:50:03Z"
}