{
"T":20.693971633911133,
"H":74.106201171875,
"P":990.307861328125,
"PM10":107.5,
"PM25":162.9,
"S":125.0,
"utciso":"2023-05-15T10:30:03Z"
}