{
"T":19.31684684753418,
"H":81.56381225585938,
"P":998.3466796875,
"PM10":89.0,
"PM25":115.3,
"S":127.0,
"utciso":"2023-05-06T01:10:03Z"
}