{
"T":32.99246597290039,
"H":46.64653015136719,
"P":996.77001953125,
"PM10":138.1,
"PM25":240.6,
"S":111.0,
"utciso":"2023-06-25T17:00:02Z"
}