{
"T":28.153400421142578,
"H":67.43986511230469,
"P":996.065673828125,
"PM10":114.6,
"PM25":174.7,
"S":117.0,
"utciso":"2023-06-07T17:10:03Z"
}