{
"T":22.472759246826172,
"H":53.45034408569336,
"P":988.181640625,
"PM10":100.1,
"PM25":145.4,
"S":108.0,
"utciso":"2023-05-16T15:50:03Z"
}