{
"T":24.74884033203125,
"H":101.38255310058594,
"P":996.676025390625,
"PM10":121.2,
"PM25":192.0,
"S":116.0,
"utciso":"2023-06-03T18:30:03Z"
}