{
"T":34.84775924682617,
"H":59.499534606933594,
"P":992.470458984375,
"PM10":149.6,
"PM25":274.6,
"S":150.0,
"utciso":"2023-06-27T15:20:03Z"
}