{
"T":20.311437606811523,
"H":71.33212280273438,
"P":992.186279296875,
"PM10":94.8,
"PM25":133.4,
"S":109.0,
"utciso":"2023-05-14T20:20:03Z"
}