{
"T":32.170013427734375,
"H":50.44713592529297,
"P":997.6240234375,
"PM10":132.1,
"PM25":224.4,
"S":128.0,
"utciso":"2023-06-23T12:20:03Z"
}