{
"T":23.907264709472656,
"H":55.12150955200195,
"P":1001.165283203125,
"PM10":97.5,
"PM25":138.2,
"S":113.0,
"utciso":"2023-05-03T13:50:02Z"
}