{
"T":19.986282348632812,
"H":71.63763427734375,
"P":997.160888671875,
"PM10":102.0,
"PM25":151.9,
"S":107.0,
"utciso":"2023-05-13T18:10:03Z"
}