{
"T":19.450733184814453,
"H":79.75515747070312,
"P":994.45263671875,
"PM10":102.3,
"PM25":150.6,
"S":105.0,
"utciso":"2023-05-10T20:10:03Z"
}