{
"T":32.858577728271484,
"H":46.46322250366211,
"P":998.404296875,
"PM10":130.5,
"PM25":216.2,
"S":130.0,
"utciso":"2023-06-22T15:40:03Z"
}