{
"T":22.74053382873535,
"H":55.94334411621094,
"P":991.02392578125,
"PM10":95.1,
"PM25":133.8,
"S":119.0,
"utciso":"2023-05-11T10:50:03Z"
}