{
"T":24.13678550720215,
"H":82.75837707519531,
"P":997.82177734375,
"PM10":123.2,
"PM25":202.4,
"S":124.0,
"utciso":"2023-05-29T20:20:02Z"
}