{
"T":30.69725799560547,
"H":68.22808837890625,
"P":1001.558837890625,
"PM10":4.4,
"PM25":4.9,
"S":240.0,
"utciso":"2022-07-06T10:30:17Z"
}