{
"T":19.775888442993164,
"H":121.8642578125,
"P":998.330322265625,
"PM10":115.5,
"PM25":177.6,
"S":158.0,
"utciso":"2023-06-05T04:20:03Z"
}