{
"T":22.77878761291504,
"H":124.13423156738281,
"P":1000.894287109375,
"PM10":131.5,
"PM25":222.0,
"S":125.0,
"utciso":"2023-05-31T11:00:03Z"
}