{
"T":26.508501052856445,
"H":88.68841552734375,
"P":992.683837890625,
"PM10":148.8,
"PM25":284.4,
"S":173.0,
"utciso":"2023-07-02T08:40:03Z"
}