{
"T":20.770479202270508,
"H":129.11106872558594,
"P":999.051025390625,
"PM10":111.5,
"PM25":166.8,
"S":143.0,
"utciso":"2023-06-04T21:30:03Z"
}