{
"T":22.85529327392578,
"H":68.386962890625,
"P":995.674072265625,
"PM10":88.0,
"PM25":111.9,
"S":125.0,
"utciso":"2023-04-29T11:20:02Z"
}