{
"T":17.002511978149414,
"H":128.77499389648438,
"P":995.986572265625,
"PM10":115.5,
"PM25":178.3,
"S":137.0,
"utciso":"2023-05-21T02:00:03Z"
}