{
"T":23.60123634338379,
"H":82.30621337890625,
"P":999.689208984375,
"PM10":130.0,
"PM25":222.8,
"S":147.0,
"utciso":"2023-06-20T04:10:02Z"
}