{
"T":33.9296760559082,
"H":53.172325134277344,
"P":998.275390625,
"PM10":4.4,
"PM25":4.7,
"S":192.0,
"utciso":"2022-07-11T15:10:03Z"
}