{
"T":25.18875503540039,
"H":62.475250244140625,
"P":994.057861328125,
"PM10":110.1,
"PM25":165.7,
"S":131.0,
"utciso":"2023-05-24T17:00:03Z"
}