{
"T":14.516035079956055,
"H":70.97772216796875,
"P":1001.351806640625,
"PM10":109.4,
"PM25":168.5,
"S":109.0,
"utciso":"2023-04-28T03:00:02Z"
}