{
"T":25.360897064208984,
"H":83.97126770019531,
"P":999.56787109375,
"PM10":4.9,
"PM25":5.3,
"S":303.0,
"utciso":"2022-07-06T04:30:17Z"
}