{
"T":18.857805252075195,
"H":94.1571273803711,
"P":998.615234375,
"PM10":127.5,
"PM25":212.6,
"S":148.0,
"utciso":"2023-05-30T03:50:02Z"
}