{
"T":31.424072265625,
"H":67.26266479492188,
"P":998.12060546875,
"PM10":191.9,
"PM25":404.1,
"S":158.0,
"utciso":"2023-06-19T15:40:03Z"
}