{
"T":20.67484474182129,
"H":115.79673767089844,
"P":998.647216796875,
"PM10":109.6,
"PM25":165.8,
"S":126.0,
"utciso":"2023-05-29T06:50:03Z"
}