{
"T":16.753864288330078,
"H":88.17820739746094,
"P":996.819091796875,
"PM10":97.3,
"PM25":135.8,
"S":122.0,
"utciso":"2023-05-14T03:30:03Z"
}