{
"T":27.560470581054688,
"H":74.25283813476562,
"P":996.12744140625,
"PM10":117.3,
"PM25":180.9,
"S":139.0,
"utciso":"2023-06-08T12:00:03Z"
}