{
"T":22.664026260375977,
"H":120.64830780029297,
"P":999.831298828125,
"PM10":131.5,
"PM25":222.0,
"S":125.0,
"utciso":"2023-05-31T15:00:02Z"
}