{
"T":25.093122482299805,
"H":107.72809600830078,
"P":999.494384765625,
"PM10":5.7,
"PM25":7.0,
"S":286.0,
"utciso":"2022-07-03T22:50:23Z"
}