{
"T":28.249034881591797,
"H":67.57123565673828,
"P":1001.68212890625,
"PM10":123.4,
"PM25":194.9,
"S":168.0,
"utciso":"2023-06-22T09:00:03Z"
}