{
"T":27.273571014404297,
"H":88.48371887207031,
"P":994.087158203125,
"PM10":4.4,
"PM25":8.2,
"S":248.0,
"utciso":"2022-06-29T20:40:21Z"
}