{
"T":32.18914031982422,
"H":63.84090042114258,
"P":993.38037109375,
"PM10":168.6,
"PM25":348.6,
"S":170.0,
"utciso":"2023-07-03T14:20:03Z"
}