{
"T":33.26023864746094,
"H":60.37330627441406,
"P":995.13134765625,
"PM10":3.4,
"PM25":3.7,
"S":221.0,
"utciso":"2022-07-01T16:00:18Z"
}