{
"T":15.357611656188965,
"H":117.40985107421875,
"P":996.677978515625,
"PM10":105.2,
"PM25":152.1,
"S":135.0,
"utciso":"2023-05-01T14:30:03Z"
}