{
"T":32.323028564453125,
"H":45.14339828491211,
"P":1002.145263671875,
"PM10":1.7,
"PM25":2.1,
"S":194.0,
"utciso":"2022-07-08T19:00:20Z"
}