{
"T":27.388330459594727,
"H":73.02162170410156,
"P":1002.28857421875,
"PM10":122.8,
"PM25":193.9,
"S":175.0,
"utciso":"2023-06-22T08:10:03Z"
}