{
"T":28.91847038269043,
"H":76.73362731933594,
"P":996.2314453125,
"PM10":140.2,
"PM25":243.3,
"S":185.0,
"utciso":"2023-06-27T08:20:03Z"
}