{
"T":21.669435501098633,
"H":82.74920654296875,
"P":1000.332275390625,
"PM10":103.9,
"PM25":143.0,
"S":149.0,
"utciso":"2023-05-09T07:50:03Z"
}