{
"T":30.716384887695312,
"H":65.47845458984375,
"P":999.16064453125,
"PM10":7.8,
"PM25":8.5,
"S":253.0,
"utciso":"2022-07-22T00:10:03Z"
}