{
"T":25.34177017211914,
"H":103.54559326171875,
"P":993.454345703125,
"PM10":122.1,
"PM25":194.1,
"S":167.0,
"utciso":"2023-06-14T13:40:03Z"
}