{
"T":21.994590759277344,
"H":129.11106872558594,
"P":991.80810546875,
"PM10":130.2,
"PM25":219.9,
"S":182.0,
"utciso":"2023-07-01T03:30:03Z"
}