{
"T":33.87229537963867,
"H":58.0361213684082,
"P":1003.576171875,
"PM10":7.7,
"PM25":8.3,
"S":232.0,
"utciso":"2022-07-17T12:00:02Z"
}