{
"T":21.87982940673828,
"H":58.671592712402344,
"P":989.557373046875,
"PM10":94.1,
"PM25":130.3,
"S":112.0,
"utciso":"2023-05-15T19:40:03Z"
}