{
"T":28.59331512451172,
"H":75.59405517578125,
"P":998.023681640625,
"PM10":3.6,
"PM25":4.8,
"S":301.0,
"utciso":"2022-07-05T22:50:17Z"
}