{
"T":18.111862182617188,
"H":83.36634826660156,
"P":1001.419921875,
"PM10":121.2,
"PM25":193.7,
"S":118.0,
"utciso":"2023-05-02T22:10:04Z"
}