{
"T":22.491886138916016,
"H":89.44609069824219,
"P":995.903564453125,
"PM10":116.3,
"PM25":177.9,
"S":168.0,
"utciso":"2023-05-22T20:10:03Z"
}