{
"T":34.15919494628906,
"H":43.17893981933594,
"P":996.763916015625,
"PM10":135.7,
"PM25":233.2,
"S":120.0,
"utciso":"2023-06-23T14:50:03Z"
}