{
"T":21.80332374572754,
"H":129.11106872558594,
"P":993.43359375,
"PM10":133.3,
"PM25":223.4,
"S":159.0,
"utciso":"2023-06-30T22:30:03Z"
}