{
"T":24.155912399291992,
"H":74.87303924560547,
"P":998.4150390625,
"PM10":130.6,
"PM25":222.7,
"S":153.0,
"utciso":"2023-05-30T08:50:03Z"
}