{
"T":23.582109451293945,
"H":77.16744995117188,
"P":1000.568603515625,
"PM10":105.8,
"PM25":153.8,
"S":149.0,
"utciso":"2023-05-08T10:00:03Z"
}