{
"T":24.423686981201172,
"H":93.0145034790039,
"P":994.538330078125,
"PM10":5.9,
"PM25":6.7,
"S":275.0,
"utciso":"2022-06-30T02:20:20Z"
}