{
"T":32.3995361328125,
"H":66.24835205078125,
"P":994.3486328125,
"PM10":4.7,
"PM25":5.2,
"S":227.0,
"utciso":"2022-06-30T14:00:17Z"
}