{
"T":26.75714874267578,
"H":90.42984771728516,
"P":995.67578125,
"PM10":123.5,
"PM25":195.9,
"S":132.0,
"utciso":"2023-06-01T18:00:03Z"
}