{
"T":36.7221794128418,
"H":40.16045379638672,
"P":997.76513671875,
"PM10":4.2,
"PM25":4.4,
"S":221.0,
"utciso":"2022-07-03T16:50:22Z"
}