{
"T":23.180448532104492,
"H":72.98495483398438,
"P":1002.05419921875,
"PM10":118.6,
"PM25":190.9,
"S":153.0,
"utciso":"2023-06-24T06:10:03Z"
}