{
"T":26.221599578857422,
"H":72.30059814453125,
"P":994.9462890625,
"PM10":117.8,
"PM25":181.4,
"S":146.0,
"utciso":"2023-05-22T15:40:03Z"
}