{
"T":26.96754264831543,
"H":79.75515747070312,
"P":999.27099609375,
"PM10":4.8,
"PM25":5.2,
"S":266.0,
"utciso":"2022-07-02T00:20:19Z"
}