{
"T":27.369203567504883,
"H":68.74441528320312,
"P":996.718505859375,
"PM10":163.5,
"PM25":334.9,
"S":128.0,
"utciso":"2023-06-17T20:40:03Z"
}