{
"T":23.620363235473633,
"H":76.78556060791016,
"P":999.179443359375,
"PM10":108.3,
"PM25":150.5,
"S":147.0,
"utciso":"2023-05-09T10:20:02Z"
}