{
"T":36.989952087402344,
"H":39.30501174926758,
"P":1000.318603515625,
"PM10":5.4,
"PM25":5.9,
"S":174.0,
"utciso":"2022-07-20T13:50:03Z"
}