{
"T":24.863601684570312,
"H":52.234397888183594,
"P":1001.62939453125,
"PM10":104.5,
"PM25":153.6,
"S":116.0,
"utciso":"2023-05-04T13:00:02Z"
}