{
"T":29.645286560058594,
"H":74.30172729492188,
"P":1000.09521484375,
"PM10":8.1,
"PM25":8.8,
"S":289.0,
"utciso":"2022-07-17T01:10:03Z"
}