{
"T":16.71561050415039,
"H":79.47714233398438,
"P":998.945068359375,
"PM10":100.8,
"PM25":148.9,
"S":111.0,
"utciso":"2023-05-18T01:00:03Z"
}