{
"T":32.78207015991211,
"H":37.694950103759766,
"P":998.350830078125,
"PM10":133.0,
"PM25":226.8,
"S":118.0,
"utciso":"2023-06-24T17:00:03Z"
}