{
"T":25.01661491394043,
"H":67.41542053222656,
"P":1003.75439453125,
"PM10":2.6,
"PM25":3.5,
"S":221.0,
"utciso":"2022-07-09T02:00:17Z"
}