{
"T":22.51101303100586,
"H":52.432979583740234,
"P":991.206298828125,
"PM10":91.9,
"PM25":124.9,
"S":109.0,
"utciso":"2023-05-11T17:10:02Z"
}