{
"T":17.15552520751953,
"H":86.31455993652344,
"P":999.140380859375,
"PM10":155.6,
"PM25":250.8,
"S":116.0,
"utciso":"2023-05-17T22:10:04Z"
}