{
"T":30.33384895324707,
"H":73.42184448242188,
"P":995.99560546875,
"PM10":7.0,
"PM25":7.5,
"S":269.0,
"utciso":"2022-07-15T22:10:03Z"
}