{
"T":22.24323844909668,
"H":82.77365112304688,
"P":1001.12451171875,
"PM10":111.5,
"PM25":162.9,
"S":122.0,
"utciso":"2023-05-25T09:10:03Z"
}