{
"T":25.686050415039062,
"H":65.5090103149414,
"P":1003.84033203125,
"PM10":2.5,
"PM25":2.7,
"S":224.0,
"utciso":"2022-07-09T01:20:17Z"
}