{
"T":22.549266815185547,
"H":53.13871765136719,
"P":988.0283203125,
"PM10":100.9,
"PM25":146.6,
"S":105.0,
"utciso":"2023-05-16T15:30:02Z"
}