{
"T":23.429096221923828,
"H":70.68748474121094,
"P":1004.2783203125,
"PM10":3.2,
"PM25":3.4,
"S":217.0,
"utciso":"2022-07-09T05:30:18Z"
}