{
"T":26.814529418945312,
"H":85.18721008300781,
"P":996.874755859375,
"PM10":127.5,
"PM25":203.2,
"S":110.0,
"utciso":"2023-06-03T13:50:03Z"
}