{
"T":31.997875213623047,
"H":43.27364730834961,
"P":997.168212890625,
"PM10":129.2,
"PM25":213.3,
"S":128.0,
"utciso":"2023-06-22T16:30:02Z"
}