{
"T":30.104328155517578,
"H":68.88494873046875,
"P":997.67724609375,
"PM10":206.1,
"PM25":447.7,
"S":155.0,
"utciso":"2023-06-19T17:10:03Z"
}