{
"T":25.322643280029297,
"H":63.16265869140625,
"P":994.73046875,
"PM10":108.9,
"PM25":160.1,
"S":139.0,
"utciso":"2023-05-23T19:50:02Z"
}