{
"T":19.680255889892578,
"H":114.5135726928711,
"P":992.11865234375,
"PM10":112.3,
"PM25":166.5,
"S":151.0,
"utciso":"2023-05-10T00:50:02Z"
}