{
"T":16.81124496459961,
"H":128.74749755859375,
"P":996.49609375,
"PM10":115.5,
"PM25":178.3,
"S":137.0,
"utciso":"2023-05-20T23:50:02Z"
}