{
"T":23.295207977294922,
"H":90.47567749023438,
"P":997.8486328125,
"PM10":107.7,
"PM25":156.6,
"S":137.0,
"utciso":"2023-06-07T00:40:03Z"
}