{
"T":17.30854034423828,
"H":100.8662338256836,
"P":1000.11474609375,
"PM10":102.4,
"PM25":144.5,
"S":132.0,
"utciso":"2023-05-19T04:10:03Z"
}