{
"T":32.170013427734375,
"H":63.6575927734375,
"P":993.637939453125,
"PM10":165.7,
"PM25":340.9,
"S":172.0,
"utciso":"2023-07-03T13:50:02Z"
}