{
"T":33.145477294921875,
"H":59.81421661376953,
"P":1004.17333984375,
"PM10":9.5,
"PM25":10.5,
"S":236.0,
"utciso":"2022-07-18T10:40:03Z"
}