{
"T":15.434118270874023,
"H":117.33653259277344,
"P":997.43798828125,
"PM10":96.4,
"PM25":135.1,
"S":123.0,
"utciso":"2023-05-20T04:50:02Z"
}