{
"T":28.306415557861328,
"H":68.62525939941406,
"P":993.889404296875,
"PM10":115.7,
"PM25":177.2,
"S":135.0,
"utciso":"2023-06-08T16:20:03Z"
}