{
"T":28.956724166870117,
"H":73.20187377929688,
"P":1000.752685546875,
"PM10":12.8,
"PM25":14.0,
"S":248.0,
"utciso":"2022-07-21T07:00:02Z"
}