{
"T":28.975849151611328,
"H":66.01310729980469,
"P":995.689453125,
"PM10":136.6,
"PM25":239.2,
"S":127.0,
"utciso":"2023-06-17T19:00:03Z"
}