{
"T":37.104713439941406,
"H":38.11961364746094,
"P":1000.354736328125,
"PM10":5.4,
"PM25":5.8,
"S":186.0,
"utciso":"2022-07-19T15:40:03Z"
}