{
"T":30.907649993896484,
"H":68.7413558959961,
"P":998.416259765625,
"PM10":5.1,
"PM25":5.5,
"S":234.0,
"utciso":"2022-07-06T20:10:17Z"
}