{
"T":31.04153823852539,
"H":64.9835205078125,
"P":999.134765625,
"PM10":5.6,
"PM25":6.1,
"S":272.0,
"utciso":"2022-07-14T21:50:03Z"
}