{
"T":21.59292984008789,
"H":115.54927062988281,
"P":992.055908203125,
"PM10":110.5,
"PM25":173.1,
"S":183.0,
"utciso":"2023-06-14T04:00:03Z"
}