{
"T":28.975849151611328,
"H":79.73072052001953,
"P":1005.06982421875,
"PM10":15.2,
"PM25":16.9,
"S":286.0,
"utciso":"2022-07-18T06:10:03Z"
}