{
"T":25.494783401489258,
"H":66.14448547363281,
"P":1003.796142578125,
"PM10":2.5,
"PM25":2.7,
"S":225.0,
"utciso":"2022-07-09T01:30:20Z"
}