{
"T":16.237442016601562,
"H":84.86642456054688,
"P":1003.783935546875,
"PM10":108.2,
"PM25":162.9,
"S":121.0,
"utciso":"2023-05-04T03:20:03Z"
}