{
"T":23.21870231628418,
"H":60.54745101928711,
"P":996.765380859375,
"PM10":103.9,
"PM25":155.3,
"S":109.0,
"utciso":"2023-05-02T15:40:02Z"
}