{
"T":15.434118270874023,
"H":67.32987976074219,
"P":1000.82080078125,
"PM10":117.0,
"PM25":188.0,
"S":110.0,
"utciso":"2023-04-28T01:00:02Z"
}