{
"T":18.494396209716797,
"H":86.04571533203125,
"P":1000.83349609375,
"PM10":97.3,
"PM25":136.7,
"S":119.0,
"utciso":"2023-05-18T23:30:03Z"
}