{
"T":21.420787811279297,
"H":60.816307067871094,
"P":999.97265625,
"PM10":107.4,
"PM25":165.2,
"S":115.0,
"utciso":"2023-05-18T13:50:02Z"
}