{
"T":38.15668487548828,
"H":45.22894287109375,
"P":997.1572265625,
"PM10":7.0,
"PM25":7.7,
"S":179.0,
"utciso":"2022-07-21T17:00:03Z"
}