{
"T":27.904752731323242,
"H":78.0931625366211,
"P":996.94287109375,
"PM10":130.3,
"PM25":213.2,
"S":165.0,
"utciso":"2023-06-28T08:50:03Z"
}