{
"T":18.83867835998535,
"H":78.36812591552734,
"P":998.092529296875,
"PM10":86.2,
"PM25":110.1,
"S":107.0,
"utciso":"2023-04-28T23:10:03Z"
}