{
"T":20.73222541809082,
"H":86.08543395996094,
"P":1000.56884765625,
"PM10":99.6,
"PM25":136.1,
"S":144.0,
"utciso":"2023-05-09T05:50:02Z"
}