{
"T":22.281492233276367,
"H":90.46040344238281,
"P":997.643310546875,
"PM10":120.7,
"PM25":187.2,
"S":186.0,
"utciso":"2023-05-22T09:40:03Z"
}