{
"T":22.491886138916016,
"H":95.28447723388672,
"P":997.886962890625,
"PM10":120.0,
"PM25":189.0,
"S":171.0,
"utciso":"2023-06-18T05:10:03Z"
}