{
"T":31.653594970703125,
"H":57.030975341796875,
"P":994.97314453125,
"PM10":137.7,
"PM25":238.4,
"S":115.0,
"utciso":"2023-06-17T16:00:03Z"
}