{
"T":20.82785987854004,
"H":80.20121765136719,
"P":994.2685546875,
"PM10":105.1,
"PM25":157.2,
"S":124.0,
"utciso":"2023-05-10T10:50:03Z"
}