{
"T":28.191654205322266,
"H":77.36909484863281,
"P":1001.17626953125,
"PM10":8.7,
"PM25":9.4,
"S":295.0,
"utciso":"2022-07-03T07:40:18Z"
}