{
"T":36.41615295410156,
"H":56.56353759765625,
"P":996.522216796875,
"PM10":6.3,
"PM25":6.9,
"S":229.0,
"utciso":"2022-07-16T17:40:02Z"
}