{
"T":27.29269790649414,
"H":75.57572174072266,
"P":993.927490234375,
"PM10":113.8,
"PM25":174.1,
"S":171.0,
"utciso":"2023-06-10T12:10:03Z"
}