{
"T":25.494783401489258,
"H":70.93800354003906,
"P":1003.52880859375,
"PM10":5.8,
"PM25":7.3,
"S":216.0,
"utciso":"2022-07-08T06:10:24Z"
}