{
"T":17.748455047607422,
"H":86.64146423339844,
"P":1001.96630859375,
"PM10":90.2,
"PM25":116.9,
"S":130.0,
"utciso":"2023-05-05T03:40:02Z"
}