{
"T":32.858577728271484,
"H":64.49470520019531,
"P":1002.810546875,
"PM10":7.4,
"PM25":8.0,
"S":250.0,
"utciso":"2022-07-17T20:30:03Z"
}