{
"T":29.511398315429688,
"H":64.78494262695312,
"P":1001.201171875,
"PM10":131.0,
"PM25":218.5,
"S":142.0,
"utciso":"2023-06-21T10:30:03Z"
}