{
"T":32.227394104003906,
"H":64.41526794433594,
"P":994.279052734375,
"PM10":160.0,
"PM25":320.1,
"S":168.0,
"utciso":"2023-07-05T16:00:03Z"
}