{
"T":29.262752532958984,
"H":67.47041320800781,
"P":995.677001953125,
"PM10":4.1,
"PM25":4.5,
"S":235.0,
"utciso":"2022-07-01T10:40:18Z"
}