{
"T":19.010818481445312,
"H":82.41619873046875,
"P":995.685791015625,
"PM10":109.6,
"PM25":163.3,
"S":148.0,
"utciso":"2023-05-24T02:40:03Z"
}