{
"T":34.94339370727539,
"H":50.19355773925781,
"P":997.591552734375,
"PM10":6.4,
"PM25":7.0,
"S":218.0,
"utciso":"2022-07-21T19:20:03Z"
}