{
"T":16.792118072509766,
"H":115.88227844238281,
"P":999.109619140625,
"PM10":103.5,
"PM25":146.4,
"S":125.0,
"utciso":"2023-05-19T15:50:02Z"
}