{
"T":22.396251678466797,
"H":101.38560485839844,
"P":998.180908203125,
"PM10":112.9,
"PM25":171.8,
"S":138.0,
"utciso":"2023-06-05T08:30:03Z"
}