{
"T":20.158424377441406,
"H":78.55448913574219,
"P":1000.308837890625,
"PM10":108.7,
"PM25":165.7,
"S":123.0,
"utciso":"2023-05-18T09:20:03Z"
}