{
"T":28.612442016601562,
"H":75.17549896240234,
"P":997.9951171875,
"PM10":4.0,
"PM25":4.4,
"S":302.0,
"utciso":"2022-07-05T23:00:17Z"
}