{
"T":19.890649795532227,
"H":116.65828704833984,
"P":1000.622802734375,
"PM10":102.2,
"PM25":145.8,
"S":127.0,
"utciso":"2023-06-07T08:20:03Z"
}