{
"T":20.56008529663086,
"H":62.54246139526367,
"P":989.58837890625,
"PM10":95.9,
"PM25":136.4,
"S":111.0,
"utciso":"2023-05-15T20:30:03Z"
}