{
"T":27.8856258392334,
"H":50.82902526855469,
"P":998.17236328125,
"PM10":97.0,
"PM25":131.0,
"S":115.0,
"utciso":"2023-05-05T15:50:03Z"
}