{
"T":22.62577247619629,
"H":96.27739715576172,
"P":997.18017578125,
"PM10":108.6,
"PM25":161.1,
"S":160.0,
"utciso":"2023-06-08T02:00:03Z"
}