{
"T":25.28438949584961,
"H":82.1229019165039,
"P":999.525390625,
"PM10":4.1,
"PM25":4.4,
"S":253.0,
"utciso":"2022-07-11T04:50:03Z"
}