{
"T":19.278593063354492,
"H":93.62553405761719,
"P":998.5576171875,
"PM10":123.0,
"PM25":200.1,
"S":142.0,
"utciso":"2023-05-30T02:30:03Z"
}