{
"T":27.4648380279541,
"H":52.249671936035156,
"P":995.47119140625,
"PM10":88.1,
"PM25":109.4,
"S":117.0,
"utciso":"2023-05-06T17:30:03Z"
}