{
"T":16.734737396240234,
"H":101.31533813476562,
"P":995.729736328125,
"PM10":99.3,
"PM25":141.8,
"S":120.0,
"utciso":"2023-05-12T18:00:02Z"
}