{
"T":17.327665328979492,
"H":85.43162536621094,
"P":993.9248046875,
"PM10":94.5,
"PM25":133.3,
"S":110.0,
"utciso":"2023-05-12T00:30:03Z"
}