{
"T":18.360509872436523,
"H":89.56829833984375,
"P":999.447998046875,
"PM10":101.3,
"PM25":145.9,
"S":151.0,
"utciso":"2023-05-08T03:50:03Z"
}