{
"T":34.56085968017578,
"H":49.493927001953125,
"P":1000.434814453125,
"PM10":5.1,
"PM25":5.5,
"S":223.0,
"utciso":"2022-07-02T14:30:17Z"
}