{
"T":15.6062593460083,
"H":110.91461181640625,
"P":995.608154296875,
"PM10":97.4,
"PM25":140.2,
"S":122.0,
"utciso":"2023-05-12T16:10:02Z"
}