{
"T":21.80332374572754,
"H":97.07785034179688,
"P":994.678466796875,
"PM10":106.7,
"PM25":158.0,
"S":204.0,
"utciso":"2023-06-11T02:40:03Z"
}