{
"T":19.92890167236328,
"H":104.08024597167969,
"P":996.552734375,
"PM10":104.6,
"PM25":150.9,
"S":149.0,
"utciso":"2023-06-02T02:20:03Z"
}