{
"T":27.197063446044922,
"H":67.58039855957031,
"P":995.9462890625,
"PM10":141.7,
"PM25":260.6,
"S":139.0,
"utciso":"2023-06-16T20:50:02Z"
}