{
"T":16.409582138061523,
"H":116.46276092529297,
"P":999.44775390625,
"PM10":101.9,
"PM25":145.3,
"S":121.0,
"utciso":"2023-05-19T14:40:03Z"
}