{
"T":30.65900421142578,
"H":74.35671997070312,
"P":998.007080078125,
"PM10":165.5,
"PM25":332.1,
"S":163.0,
"utciso":"2023-06-19T12:50:03Z"
}