{
"T":25.533037185668945,
"H":71.17325592041016,
"P":997.01708984375,
"PM10":121.5,
"PM25":196.3,
"S":117.0,
"utciso":"2023-05-29T18:50:02Z"
}