{
"T":20.34969139099121,
"H":129.11106872558594,
"P":1000.568603515625,
"PM10":131.5,
"PM25":222.0,
"S":125.0,
"utciso":"2023-05-31T21:40:03Z"
}