{
"T":29.224498748779297,
"H":75.91178894042969,
"P":1002.5947265625,
"PM10":8.2,
"PM25":9.0,
"S":290.0,
"utciso":"2022-07-17T06:30:03Z"
}