{
"T":29.128864288330078,
"H":73.68153381347656,
"P":993.42138671875,
"PM10":213.3,
"PM25":392.5,
"S":175.0,
"utciso":"2023-06-27T22:10:04Z"
}