{
"T":21.91808319091797,
"H":129.11106872558594,
"P":991.95654296875,
"PM10":131.2,
"PM25":219.4,
"S":173.0,
"utciso":"2023-07-01T01:30:02Z"
}