{
"T":25.28438949584961,
"H":71.18852996826172,
"P":999.1162109375,
"PM10":130.0,
"PM25":222.7,
"S":134.0,
"utciso":"2023-06-20T00:50:02Z"
}