{
"T":23.352588653564453,
"H":77.72959899902344,
"P":998.603271484375,
"PM10":131.7,
"PM25":226.7,
"S":156.0,
"utciso":"2023-05-30T08:30:03Z"
}