{
"T":15.835780143737793,
"H":111.9411392211914,
"P":998.23291015625,
"PM10":103.5,
"PM25":154.4,
"S":132.0,
"utciso":"2023-05-02T07:10:03Z"
}