{
"T":18.417890548706055,
"H":82.05569458007812,
"P":1001.663818359375,
"PM10":118.1,
"PM25":191.1,
"S":158.0,
"utciso":"2023-05-27T05:50:03Z"
}