{
"T":35.13465881347656,
"H":49.84526824951172,
"P":997.482666015625,
"PM10":6.3,
"PM25":6.8,
"S":223.0,
"utciso":"2022-07-21T19:10:02Z"
}