{
"T":23.237829208374023,
"H":109.56729125976562,
"P":998.57763671875,
"PM10":2.9,
"PM25":5.4,
"S":221.0,
"utciso":"2022-07-04T15:20:20Z"
}