{
"T":20.330564498901367,
"H":94.8170394897461,
"P":998.61376953125,
"PM10":121.3,
"PM25":193.8,
"S":140.0,
"utciso":"2023-05-30T00:30:03Z"
}