{
"T":18.475271224975586,
"H":128.99803161621094,
"P":1000.095703125,
"PM10":107.0,
"PM25":154.7,
"S":151.0,
"utciso":"2023-06-01T02:00:03Z"
}