{
"T":24.5384464263916,
"H":84.73505401611328,
"P":998.11328125,
"PM10":119.7,
"PM25":191.2,
"S":182.0,
"utciso":"2023-06-16T07:40:02Z"
}