{
"T":31.768354415893555,
"H":67.64761352539062,
"P":997.18701171875,
"PM10":4.2,
"PM25":4.6,
"S":235.0,
"utciso":"2022-07-05T12:10:17Z"
}