{
"T":20.67484474182129,
"H":94.80787658691406,
"P":996.816162109375,
"PM10":111.2,
"PM25":162.7,
"S":173.0,
"utciso":"2023-05-22T22:20:02Z"
}