{
"T":23.86901092529297,
"H":76.52587127685547,
"P":998.91552734375,
"PM10":109.0,
"PM25":151.0,
"S":146.0,
"utciso":"2023-05-09T10:30:03Z"
}