{
"T":36.56916809082031,
"H":41.1014404296875,
"P":997.64892578125,
"PM10":5.8,
"PM25":6.2,
"S":208.0,
"utciso":"2022-07-03T17:10:27Z"
}