{
"T":19.25946617126465,
"H":96.83038330078125,
"P":996.783203125,
"PM10":101.1,
"PM25":137.5,
"S":183.0,
"utciso":"2023-05-23T01:10:03Z"
}