{
"T":14.248260498046875,
"H":125.1668701171875,
"P":997.711181640625,
"PM10":107.1,
"PM25":156.1,
"S":130.0,
"utciso":"2023-05-02T00:20:02Z"
}