{
"T":17.15552520751953,
"H":92.84646606445312,
"P":998.500244140625,
"PM10":106.8,
"PM25":162.8,
"S":114.0,
"utciso":"2023-05-17T18:50:02Z"
}