{
"T":34.15919494628906,
"H":42.79399108886719,
"P":996.70703125,
"PM10":136.4,
"PM25":236.1,
"S":122.0,
"utciso":"2023-06-23T15:10:02Z"
}