{
"T":24.767967224121094,
"H":65.05990600585938,
"P":1000.374267578125,
"PM10":100.7,
"PM25":142.8,
"S":114.0,
"utciso":"2023-05-08T19:30:03Z"
}