{
"T":30.429481506347656,
"H":74.17951965332031,
"P":1003.091796875,
"PM10":8.5,
"PM25":9.2,
"S":288.0,
"utciso":"2022-07-17T07:20:03Z"
}