{
"T":26.96754264831543,
"H":84.99168395996094,
"P":995.7724609375,
"PM10":124.4,
"PM25":200.2,
"S":130.0,
"utciso":"2023-06-01T17:20:02Z"
}