{
"T":21.153013229370117,
"H":66.68218994140625,
"P":988.378662109375,
"PM10":99.3,
"PM25":143.3,
"S":108.0,
"utciso":"2023-05-16T18:00:03Z"
}