{
"T":30.39122772216797,
"H":70.22309875488281,
"P":994.234619140625,
"PM10":150.3,
"PM25":289.1,
"S":183.0,
"utciso":"2023-07-03T11:10:03Z"
}