{
"T":20.655717849731445,
"H":101.68195343017578,
"P":998.143310546875,
"PM10":114.6,
"PM25":177.4,
"S":124.0,
"utciso":"2023-05-29T00:40:02Z"
}