{
"T":22.051971435546875,
"H":113.07460021972656,
"P":994.49169921875,
"PM10":105.5,
"PM25":155.1,
"S":208.0,
"utciso":"2023-06-10T01:10:03Z"
}