{
"T":25.169628143310547,
"H":93.16114807128906,
"P":997.07568359375,
"PM10":142.5,
"PM25":262.5,
"S":206.0,
"utciso":"2023-07-06T05:50:03Z"
}