{
"T":30.06607437133789,
"H":49.4542121887207,
"P":999.58447265625,
"PM10":127.2,
"PM25":209.6,
"S":125.0,
"utciso":"2023-06-23T20:50:02Z"
}