{
"T":26.9101619720459,
"H":81.27357482910156,
"P":1003.263916015625,
"PM10":10.7,
"PM25":11.7,
"S":255.0,
"utciso":"2022-07-14T03:00:02Z"
}