{
"T":31.86398696899414,
"H":37.988243103027344,
"P":1000.260009765625,
"PM10":132.8,
"PM25":226.8,
"S":118.0,
"utciso":"2023-06-24T12:50:03Z"
}