{
"T":25.07399559020996,
"H":109.02958679199219,
"P":998.804931640625,
"PM10":7.1,
"PM25":8.1,
"S":274.0,
"utciso":"2022-07-03T21:10:22Z"
}