{
"T":28.899343490600586,
"H":67.3084945678711,
"P":998.3037109375,
"PM10":134.6,
"PM25":232.8,
"S":127.0,
"utciso":"2023-06-25T21:40:03Z"
}