{
"T":16.256568908691406,
"H":103.19425201416016,
"P":998.14453125,
"PM10":107.3,
"PM25":159.7,
"S":138.0,
"utciso":"2023-05-13T01:50:03Z"
}