{
"T":28.91847038269043,
"H":60.38858413696289,
"P":997.349609375,
"PM10":122.3,
"PM25":195.2,
"S":120.0,
"utciso":"2023-05-27T16:40:03Z"
}