{
"T":25.399150848388672,
"H":79.70628356933594,
"P":998.284912109375,
"PM10":122.4,
"PM25":198.3,
"S":135.0,
"utciso":"2023-05-29T11:30:02Z"
}