{
"T":22.35799789428711,
"H":56.54520797729492,
"P":991.16162109375,
"PM10":98.6,
"PM25":141.7,
"S":114.0,
"utciso":"2023-05-11T10:40:03Z"
}