{
"T":23.677743911743164,
"H":69.98480224609375,
"P":1004.353515625,
"PM10":2.8,
"PM25":3.1,
"S":218.0,
"utciso":"2022-07-09T05:10:17Z"
}