{
"T":22.491886138916016,
"H":108.03665924072266,
"P":996.219970703125,
"PM10":115.6,
"PM25":173.7,
"S":122.0,
"utciso":"2023-05-28T20:10:03Z"
}