{
"T":27.369203567504883,
"H":81.1544189453125,
"P":994.57958984375,
"PM10":163.0,
"PM25":334.9,
"S":174.0,
"utciso":"2023-07-03T21:40:03Z"
}