{
"T":24.69145965576172,
"H":67.840087890625,
"P":1003.708251953125,
"PM10":2.8,
"PM25":3.0,
"S":221.0,
"utciso":"2022-07-09T02:20:17Z"
}