{
"T":26.10683822631836,
"H":77.16134643554688,
"P":1000.873291015625,
"PM10":134.6,
"PM25":236.6,
"S":156.0,
"utciso":"2023-06-20T07:50:02Z"
}