{
"T":33.03071975708008,
"H":48.125221252441406,
"P":1003.449951171875,
"PM10":5.7,
"PM25":6.3,
"S":219.0,
"utciso":"2022-07-19T10:20:02Z"
}