{
"T":30.639877319335938,
"H":66.44082641601562,
"P":996.9794921875,
"PM10":3.5,
"PM25":3.9,
"S":289.0,
"utciso":"2022-07-05T21:00:17Z"
}