{
"T":29.492271423339844,
"H":66.89299011230469,
"P":995.56494140625,
"PM10":5.0,
"PM25":5.5,
"S":235.0,
"utciso":"2022-07-01T10:50:21Z"
}