{
"T":24.385433197021484,
"H":72.3708724975586,
"P":995.886962890625,
"PM10":111.0,
"PM25":164.5,
"S":173.0,
"utciso":"2023-05-23T10:00:02Z"
}