{
"T":17.346792221069336,
"H":88.58759307861328,
"P":997.472900390625,
"PM10":95.9,
"PM25":135.0,
"S":124.0,
"utciso":"2023-05-14T00:50:03Z"
}