{
"T":22.166730880737305,
"H":99.5494613647461,
"P":999.142333984375,
"PM10":114.5,
"PM25":172.4,
"S":139.0,
"utciso":"2023-05-28T03:00:02Z"
}