{
"T":36.3013916015625,
"H":52.344383239746094,
"P":1001.5546875,
"PM10":7.8,
"PM25":8.5,
"S":220.0,
"utciso":"2022-07-17T15:40:03Z"
}