{
"T":29.855680465698242,
"H":61.699241638183594,
"P":1001.35107421875,
"PM10":131.2,
"PM25":220.1,
"S":140.0,
"utciso":"2023-06-21T10:50:03Z"
}