{
"T":26.623260498046875,
"H":82.07402038574219,
"P":1003.376953125,
"PM10":10.4,
"PM25":11.3,
"S":262.0,
"utciso":"2022-07-14T05:10:02Z"
}