{
"T":19.20208740234375,
"H":129.10801696777344,
"P":1000.927734375,
"PM10":131.5,
"PM25":222.0,
"S":125.0,
"utciso":"2023-05-31T04:10:03Z"
}