{
"T":20.655717849731445,
"H":91.06532287597656,
"P":996.8212890625,
"PM10":109.3,
"PM25":159.8,
"S":198.0,
"utciso":"2023-05-23T07:40:02Z"
}