{
"T":19.81414222717285,
"H":115.259033203125,
"P":998.56884765625,
"PM10":118.1,
"PM25":178.7,
"S":159.0,
"utciso":"2023-06-04T04:10:03Z"
}