{
"T":23.524728775024414,
"H":87.42969512939453,
"P":997.65283203125,
"PM10":108.3,
"PM25":158.7,
"S":136.0,
"utciso":"2023-06-07T00:20:03Z"
}