{
"T":17.270286560058594,
"H":94.06852722167969,
"P":998.132568359375,
"PM10":105.3,
"PM25":159.5,
"S":122.0,
"utciso":"2023-05-17T17:40:02Z"
}