{
"T":20.215803146362305,
"H":76.49226379394531,
"P":998.921875,
"PM10":86.0,
"PM25":108.7,
"S":122.0,
"utciso":"2023-05-05T23:20:03Z"
}