{
"T":31.19455337524414,
"H":44.517093658447266,
"P":999.56884765625,
"PM10":146.6,
"PM25":274.6,
"S":125.0,
"utciso":"2023-06-20T16:30:03Z"
}