{
"T":18.245750427246094,
"H":85.6668701171875,
"P":1003.150634765625,
"PM10":95.0,
"PM25":131.3,
"S":146.0,
"utciso":"2023-05-03T08:10:02Z"
}