{
"T":25.150501251220703,
"H":81.22163391113281,
"P":996.97216796875,
"PM10":122.0,
"PM25":194.0,
"S":142.0,
"utciso":"2023-06-17T23:40:03Z"
}