{
"T":33.12635040283203,
"H":46.857337951660156,
"P":997.162109375,
"PM10":133.5,
"PM25":227.6,
"S":122.0,
"utciso":"2023-06-23T13:10:03Z"
}