{
"T":31.615341186523438,
"H":61.039329528808594,
"P":998.863037109375,
"PM10":7.3,
"PM25":8.0,
"S":247.0,
"utciso":"2022-07-21T22:50:03Z"
}