{
"T":31.424072265625,
"H":53.664207458496094,
"P":995.17236328125,
"PM10":137.0,
"PM25":235.2,
"S":114.0,
"utciso":"2023-06-17T14:40:03Z"
}