{
"T":25.246135711669922,
"H":88.51121520996094,
"P":991.12841796875,
"PM10":149.8,
"PM25":289.9,
"S":151.0,
"utciso":"2023-07-02T00:40:02Z"
}