{
"T":24.19416618347168,
"H":90.53067016601562,
"P":997.478271484375,
"PM10":110.3,
"PM25":155.6,
"S":109.0,
"utciso":"2023-06-05T20:10:03Z"
}