{
"T":18.570903778076172,
"H":81.73795318603516,
"P":1001.74560546875,
"PM10":117.5,
"PM25":190.0,
"S":158.0,
"utciso":"2023-05-27T06:00:02Z"
}