{
"T":33.77666091918945,
"H":44.590415954589844,
"P":996.820068359375,
"PM10":137.6,
"PM25":239.9,
"S":120.0,
"utciso":"2023-06-23T14:10:03Z"
}