{
"T":27.751739501953125,
"H":75.17855072021484,
"P":995.45751953125,
"PM10":117.2,
"PM25":177.5,
"S":133.0,
"utciso":"2023-06-08T13:00:03Z"
}