{
"T":34.579986572265625,
"H":63.06489181518555,
"P":992.981201171875,
"PM10":160.0,
"PM25":301.3,
"S":146.0,
"utciso":"2023-06-27T14:00:03Z"
}