{
"T":32.323028564453125,
"H":62.05669403076172,
"P":995.6767578125,
"PM10":158.0,
"PM25":314.3,
"S":165.0,
"utciso":"2023-07-04T13:50:03Z"
}