{
"T":24.920982360839844,
"H":77.11551666259766,
"P":996.44873046875,
"PM10":122.8,
"PM25":197.8,
"S":152.0,
"utciso":"2023-06-16T22:50:03Z"
}