{
"T":16.71561050415039,
"H":89.8402099609375,
"P":997.76513671875,
"PM10":94.0,
"PM25":126.5,
"S":143.0,
"utciso":"2023-04-29T07:20:03Z"
}