{
"T":21.019126892089844,
"H":112.85462951660156,
"P":999.33984375,
"PM10":113.6,
"PM25":168.9,
"S":163.0,
"utciso":"2023-06-04T06:30:03Z"
}