{
"T":21.841575622558594,
"H":92.90145874023438,
"P":999.58837890625,
"PM10":111.1,
"PM25":166.8,
"S":133.0,
"utciso":"2023-06-07T05:10:03Z"
}