{
"T":31.557960510253906,
"H":47.39809799194336,
"P":998.710205078125,
"PM10":128.1,
"PM25":211.6,
"S":124.0,
"utciso":"2023-06-23T20:00:02Z"
}