{
"T":29.377511978149414,
"H":71.08770751953125,
"P":1000.09130859375,
"PM10":12.8,
"PM25":14.2,
"S":234.0,
"utciso":"2022-07-21T01:50:03Z"
}