{
"T":28.229907989501953,
"H":71.96148681640625,
"P":996.783203125,
"PM10":132.5,
"PM25":224.0,
"S":158.0,
"utciso":"2023-06-26T23:30:03Z"
}