{
"T":34.50347900390625,
"H":40.04435729980469,
"P":996.973388671875,
"PM10":136.5,
"PM25":236.3,
"S":118.0,
"utciso":"2023-06-23T17:10:02Z"
}