{
"T":25.839065551757812,
"H":86.59258270263672,
"P":996.509765625,
"PM10":128.0,
"PM25":212.5,
"S":184.0,
"utciso":"2023-06-27T04:30:03Z"
}