{
"T":36.74130630493164,
"H":46.78096008300781,
"P":996.548583984375,
"PM10":5.6,
"PM25":6.1,
"S":207.0,
"utciso":"2022-07-16T16:10:03Z"
}