{
"T":27.08230209350586,
"H":52.83014678955078,
"P":995.16650390625,
"PM10":90.5,
"PM25":115.4,
"S":119.0,
"utciso":"2023-05-06T17:50:03Z"
}