{
"T":30.486862182617188,
"H":70.52250671386719,
"P":1000.27587890625,
"PM10":12.7,
"PM25":14.1,
"S":262.0,
"utciso":"2022-07-22T07:40:02Z"
}