{
"T":24.36630630493164,
"H":80.67170715332031,
"P":1000.739990234375,
"PM10":132.8,
"PM25":230.8,
"S":150.0,
"utciso":"2023-06-20T06:30:03Z"
}