{
"T":27.50309181213379,
"H":54.562416076660156,
"P":1001.369384765625,
"PM10":141.9,
"PM25":263.1,
"S":129.0,
"utciso":"2023-06-20T21:10:02Z"
}