{
"T":28.70807647705078,
"H":68.70469665527344,
"P":1001.20068359375,
"PM10":4.9,
"PM25":5.3,
"S":282.0,
"utciso":"2022-07-02T22:50:21Z"
}