{
"T":18.819551467895508,
"H":129.0530242919922,
"P":1000.5400390625,
"PM10":108.1,
"PM25":157.5,
"S":152.0,
"utciso":"2023-06-01T00:30:03Z"
}