{
"T":15.03245735168457,
"H":81.85404968261719,
"P":988.431884765625,
"PM10":98.7,
"PM25":142.8,
"S":119.0,
"utciso":"2023-05-16T03:30:02Z"
}