{
"T":32.418663024902344,
"H":56.29468536376953,
"P":1001.82177734375,
"PM10":4.1,
"PM25":4.5,
"S":190.0,
"utciso":"2022-07-12T13:00:03Z"
}