{
"T":21.019126892089844,
"H":104.26966857910156,
"P":993.972900390625,
"PM10":104.7,
"PM25":145.0,
"S":129.0,
"utciso":"2023-05-09T17:50:03Z"
}