{
"T":21.822450637817383,
"H":71.74456787109375,
"P":996.498046875,
"PM10":90.9,
"PM25":120.0,
"S":132.0,
"utciso":"2023-04-29T10:30:03Z"
}