{
"T":27.101428985595703,
"H":81.64935302734375,
"P":995.679931640625,
"PM10":122.1,
"PM25":193.2,
"S":128.0,
"utciso":"2023-06-01T17:00:02Z"
}