{
"T":23.00830841064453,
"H":126.99691009521484,
"P":992.9306640625,
"PM10":103.0,
"PM25":147.7,
"S":149.0,
"utciso":"2023-06-12T19:50:03Z"
}