{
"T":25.360897064208984,
"H":42.54652404785156,
"P":989.001953125,
"PM10":101.9,
"PM25":148.3,
"S":106.0,
"utciso":"2023-05-15T14:00:03Z"
}