{
"T":18.092735290527344,
"H":78.08094787597656,
"P":990.669677734375,
"PM10":102.5,
"PM25":151.2,
"S":115.0,
"utciso":"2023-05-17T03:00:02Z"
}