{
"T":22.204984664916992,
"H":72.57862091064453,
"P":995.537109375,
"PM10":113.6,
"PM25":172.1,
"S":143.0,
"utciso":"2023-05-23T23:00:02Z"
}