{
"T":17.079017639160156,
"H":90.19766235351562,
"P":998.943603515625,
"PM10":110.6,
"PM25":172.0,
"S":117.0,
"utciso":"2023-05-17T20:20:03Z"
}