{
"T":24.251544952392578,
"H":83.18303680419922,
"P":997.748046875,
"PM10":108.7,
"PM25":159.1,
"S":128.0,
"utciso":"2023-06-06T22:40:03Z"
}