{
"T":19.393354415893555,
"H":69.63957214355469,
"P":988.89306640625,
"PM10":98.2,
"PM25":140.8,
"S":108.0,
"utciso":"2023-05-16T23:00:03Z"
}