{
"T":33.48976135253906,
"H":53.499229431152344,
"P":998.6796875,
"PM10":4.1,
"PM25":4.5,
"S":182.0,
"utciso":"2022-07-11T14:20:02Z"
}