{
"T":28.803709030151367,
"H":44.53847885131836,
"P":1001.846923828125,
"PM10":125.7,
"PM25":207.4,
"S":133.0,
"utciso":"2023-06-24T09:40:03Z"
}