{
"T":19.087326049804688,
"H":69.77094268798828,
"P":989.783203125,
"PM10":93.1,
"PM25":128.8,
"S":112.0,
"utciso":"2023-05-15T22:00:02Z"
}