{
"T":27.02492332458496,
"H":70.90745544433594,
"P":1001.29150390625,
"PM10":2.7,
"PM25":2.9,
"S":244.0,
"utciso":"2022-07-12T03:30:04Z"
}