{
"T":29.56877899169922,
"H":75.76513671875,
"P":1003.911865234375,
"PM10":10.3,
"PM25":11.2,
"S":268.0,
"utciso":"2022-07-18T00:50:03Z"
}