{
"T":16.772991180419922,
"H":111.14680480957031,
"P":996.459716796875,
"PM10":106.8,
"PM25":160.9,
"S":133.0,
"utciso":"2023-05-01T07:40:03Z"
}