{
"T":18.704792022705078,
"H":85.65159606933594,
"P":998.234375,
"PM10":90.3,
"PM25":118.0,
"S":133.0,
"utciso":"2023-05-06T02:50:02Z"
}