{
"T":29.47314453125,
"H":69.61512756347656,
"P":1003.30224609375,
"PM10":9.7,
"PM25":10.6,
"S":235.0,
"utciso":"2022-07-19T01:10:02Z"
}