{
"T":33.145477294921875,
"H":59.76838684082031,
"P":998.738525390625,
"PM10":5.4,
"PM25":5.8,
"S":269.0,
"utciso":"2022-07-14T19:40:02Z"
}