{
"T":28.727203369140625,
"H":80.13705444335938,
"P":1004.64453125,
"PM10":13.6,
"PM25":15.0,
"S":283.0,
"utciso":"2022-07-18T04:40:03Z"
}