{
"T":20.311437606811523,
"H":84.82060241699219,
"P":1000.309326171875,
"PM10":93.4,
"PM25":125.2,
"S":135.0,
"utciso":"2023-05-09T03:10:03Z"
}