{
"T":28.899343490600586,
"H":74.90664672851562,
"P":996.56689453125,
"PM10":130.7,
"PM25":211.7,
"S":159.0,
"utciso":"2023-06-28T10:00:03Z"
}