{
"T":30.180835723876953,
"H":61.43955612182617,
"P":995.583984375,
"PM10":135.7,
"PM25":229.4,
"S":122.0,
"utciso":"2023-06-17T13:10:03Z"
}