{
"T":15.625386238098145,
"H":117.70925903320312,
"P":997.304931640625,
"PM10":99.6,
"PM25":141.8,
"S":122.0,
"utciso":"2023-05-20T05:10:03Z"
}