{
"T":26.585006713867188,
"H":82.31231689453125,
"P":990.9697265625,
"PM10":141.2,
"PM25":258.5,
"S":140.0,
"utciso":"2023-07-01T22:20:03Z"
}