{
"T":34.50347900390625,
"H":45.98661804199219,
"P":996.2841796875,
"PM10":3.7,
"PM25":4.6,
"S":154.0,
"utciso":"2022-07-07T17:50:22Z"
}