{
"T":29.53052520751953,
"H":73.012451171875,
"P":1002.733642578125,
"PM10":12.1,
"PM25":13.3,
"S":270.0,
"utciso":"2022-07-20T05:10:03Z"
}