{
"T":31.557960510253906,
"H":61.16764831542969,
"P":995.830810546875,
"PM10":135.1,
"PM25":226.8,
"S":121.0,
"utciso":"2023-06-28T18:40:02Z"
}