{
"T":26.125965118408203,
"H":50.324928283691406,
"P":1000.14794921875,
"PM10":108.0,
"PM25":161.7,
"S":107.0,
"utciso":"2023-05-04T16:00:02Z"
}