{
"T":17.270286560058594,
"H":105.75141143798828,
"P":998.507568359375,
"PM10":108.7,
"PM25":166.9,
"S":130.0,
"utciso":"2023-05-02T08:10:03Z"
}