{
"T":29.434890747070312,
"H":72.11424255371094,
"P":999.488525390625,
"PM10":5.1,
"PM25":5.6,
"S":248.0,
"utciso":"2022-07-06T21:50:21Z"
}