{
"T":19.58462142944336,
"H":74.41476440429688,
"P":998.0234375,
"PM10":103.7,
"PM25":155.1,
"S":106.0,
"utciso":"2023-04-28T21:40:02Z"
}