{
"T":18.34138298034668,
"H":82.70032501220703,
"P":1001.538818359375,
"PM10":118.6,
"PM25":192.0,
"S":159.0,
"utciso":"2023-05-27T05:20:02Z"
}