{
"T":31.596214294433594,
"H":67.15267944335938,
"P":998.144775390625,
"PM10":4.9,
"PM25":5.3,
"S":228.0,
"utciso":"2022-07-06T19:50:22Z"
}