{
"T":28.38292121887207,
"H":69.32489013671875,
"P":995.870361328125,
"PM10":4.5,
"PM25":4.9,
"S":249.0,
"utciso":"2022-07-01T09:30:17Z"
}