{
"T":33.145477294921875,
"H":63.56288146972656,
"P":994.21923828125,
"PM10":159.2,
"PM25":307.4,
"S":154.0,
"utciso":"2023-06-27T12:20:03Z"
}