{
"T":28.688949584960938,
"H":68.386962890625,
"P":995.855712890625,
"PM10":4.5,
"PM25":5.0,
"S":244.0,
"utciso":"2022-07-01T09:50:25Z"
}