{
"T":23.543855667114258,
"H":114.03392028808594,
"P":992.587646484375,
"PM10":109.5,
"PM25":165.3,
"S":153.0,
"utciso":"2023-06-13T12:20:03Z"
}