{
"T":26.374614715576172,
"H":76.78556060791016,
"P":1000.8349609375,
"PM10":4.5,
"PM25":5.0,
"S":256.0,
"utciso":"2022-07-11T06:50:02Z"
}