{
"T":26.680641174316406,
"H":71.1365966796875,
"P":996.542236328125,
"PM10":122.6,
"PM25":198.2,
"S":123.0,
"utciso":"2023-05-29T16:20:02Z"
}