{
"T":19.90977668762207,
"H":111.2079086303711,
"P":1003.173828125,
"PM10":103.1,
"PM25":149.0,
"S":120.0,
"utciso":"2023-05-25T14:30:03Z"
}