{
"T":20.923492431640625,
"H":74.69889831542969,
"P":995.66748046875,
"PM10":112.3,
"PM25":170.3,
"S":147.0,
"utciso":"2023-05-24T00:20:03Z"
}