{
"T":25.896446228027344,
"H":67.91035461425781,
"P":997.529052734375,
"PM10":119.2,
"PM25":186.1,
"S":118.0,
"utciso":"2023-05-28T10:30:03Z"
}