{
"T":20.713098526000977,
"H":59.557586669921875,
"P":1001.06787109375,
"PM10":112.8,
"PM25":176.1,
"S":117.0,
"utciso":"2023-04-28T10:10:03Z"
}