{
"T":21.363407135009766,
"H":65.0690689086914,
"P":999.599853515625,
"PM10":104.1,
"PM25":156.8,
"S":113.0,
"utciso":"2023-05-18T15:40:02Z"
}