{
"T":26.355487823486328,
"H":74.69583892822266,
"P":997.333740234375,
"PM10":121.6,
"PM25":192.6,
"S":142.0,
"utciso":"2023-06-23T00:10:03Z"
}