{
"T":18.494396209716797,
"H":85.04667663574219,
"P":1003.18603515625,
"PM10":96.0,
"PM25":132.4,
"S":147.0,
"utciso":"2023-05-03T08:20:03Z"
}