{
"T":27.063175201416016,
"H":60.49856948852539,
"P":993.2919921875,
"PM10":112.8,
"PM25":169.3,
"S":140.0,
"utciso":"2023-05-23T18:20:03Z"
}