{
"T":25.45652961730957,
"H":79.44354248046875,
"P":997.553955078125,
"PM10":109.3,
"PM25":158.3,
"S":129.0,
"utciso":"2023-06-06T10:40:03Z"
}