{
"T":28.344667434692383,
"H":71.0113296508789,
"P":995.685546875,
"PM10":109.2,
"PM25":157.1,
"S":115.0,
"utciso":"2023-06-06T14:30:02Z"
}