{
"T":21.459041595458984,
"H":78.1817626953125,
"P":1000.322509765625,
"PM10":112.7,
"PM25":177.2,
"S":156.0,
"utciso":"2023-05-26T22:50:03Z"
}