{
"T":36.74130630493164,
"H":47.28200149536133,
"P":1001.518310546875,
"PM10":8.4,
"PM25":9.2,
"S":186.0,
"utciso":"2022-07-18T15:00:03Z"
}