{
"T":27.73261260986328,
"H":82.4925765991211,
"P":1004.274169921875,
"PM10":18.4,
"PM25":20.2,
"S":271.0,
"utciso":"2022-07-19T05:30:03Z"
}