{
"T":27.005796432495117,
"H":68.44195556640625,
"P":1002.87109375,
"PM10":3.0,
"PM25":3.3,
"S":254.0,
"utciso":"2022-07-12T06:00:04Z"
}