{
"T":23.142194747924805,
"H":92.33320617675781,
"P":998.836181640625,
"PM10":118.3,
"PM25":191.7,
"S":149.0,
"utciso":"2023-05-29T09:30:03Z"
}