{
"T":24.155912399291992,
"H":93.76301574707031,
"P":995.20361328125,
"PM10":27.2,
"PM25":29.5,
"S":288.0,
"utciso":"2022-06-30T04:50:26Z"
}