{
"T":35.019901275634766,
"H":50.569339752197266,
"P":998.94873046875,
"PM10":73.5,
"PM25":81.4,
"S":217.0,
"utciso":"2022-07-03T12:30:23Z"
}