{
"T":28.4403018951416,
"H":77.44241333007812,
"P":998.515625,
"PM10":133.9,
"PM25":218.9,
"S":154.0,
"utciso":"2023-06-18T10:30:03Z"
}