{
"T":31.940494537353516,
"H":64.32666778564453,
"P":995.2470703125,
"PM10":174.8,
"PM25":361.1,
"S":167.0,
"utciso":"2023-07-05T13:40:03Z"
}