{
"T":26.240726470947266,
"H":76.52281188964844,
"P":998.322509765625,
"PM10":127.5,
"PM25":210.0,
"S":123.0,
"utciso":"2023-06-29T17:10:03Z"
}