{
"T":22.912673950195312,
"H":109.02347564697266,
"P":998.43212890625,
"PM10":4.7,
"PM25":6.2,
"S":316.0,
"utciso":"2022-07-04T18:20:22Z"
}