{
"T":16.65822982788086,
"H":117.20821380615234,
"P":1000.25048828125,
"PM10":99.0,
"PM25":139.0,
"S":134.0,
"utciso":"2023-05-19T09:50:03Z"
}