{
"T":22.128477096557617,
"H":96.66845703125,
"P":994.407470703125,
"PM10":109.6,
"PM25":161.9,
"S":192.0,
"utciso":"2023-06-09T04:20:03Z"
}