{
"T":28.32554054260254,
"H":48.53766632080078,
"P":998.922607421875,
"PM10":120.4,
"PM25":194.7,
"S":130.0,
"utciso":"2023-05-26T16:50:02Z"
}