{
"T":27.02492332458496,
"H":76.9505386352539,
"P":997.1923828125,
"PM10":132.5,
"PM25":224.2,
"S":136.0,
"utciso":"2023-06-01T14:00:03Z"
}