{
"T":18.83867835998535,
"H":77.09413146972656,
"P":992.432373046875,
"PM10":97.8,
"PM25":140.2,
"S":117.0,
"utciso":"2023-05-11T08:20:03Z"
}