{
"T":27.94300651550293,
"H":65.4387435913086,
"P":1000.24267578125,
"PM10":126.8,
"PM25":210.5,
"S":133.0,
"utciso":"2023-06-25T10:10:02Z"
}