{
"T":18.054481506347656,
"H":78.41090393066406,
"P":991.0966796875,
"PM10":98.6,
"PM25":143.5,
"S":115.0,
"utciso":"2023-05-17T03:40:02Z"
}