{
"T":20.043663024902344,
"H":110.72213745117188,
"P":998.17626953125,
"PM10":111.8,
"PM25":164.5,
"S":153.0,
"utciso":"2023-06-04T02:20:03Z"
}