{
"T":31.921367645263672,
"H":65.38375091552734,
"P":994.547119140625,
"PM10":4.4,
"PM25":5.1,
"S":242.0,
"utciso":"2022-06-30T12:30:23Z"
}