{
"T":31.48145294189453,
"H":55.072628021240234,
"P":995.151611328125,
"PM10":138.1,
"PM25":241.3,
"S":114.0,
"utciso":"2023-06-17T15:10:03Z"
}