{
"T":30.69725799560547,
"H":59.337615966796875,
"P":998.564697265625,
"PM10":3.5,
"PM25":3.7,
"S":213.0,
"utciso":"2022-07-07T21:00:21Z"
}