{
"T":35.17291259765625,
"H":53.89639663696289,
"P":998.437255859375,
"PM10":5.3,
"PM25":5.7,
"S":253.0,
"utciso":"2022-07-14T18:00:03Z"
}