{
"T":29.779172897338867,
"H":68.46945190429688,
"P":997.873291015625,
"PM10":130.3,
"PM25":216.9,
"S":123.0,
"utciso":"2023-06-28T21:30:02Z"
}