{
"T":26.278980255126953,
"H":75.57878112792969,
"P":996.949951171875,
"PM10":108.7,
"PM25":156.5,
"S":122.0,
"utciso":"2023-06-06T12:00:03Z"
}