{
"T":19.22121238708496,
"H":129.07440185546875,
"P":1000.73095703125,
"PM10":106.7,
"PM25":155.1,
"S":151.0,
"utciso":"2023-05-31T23:40:03Z"
}