{
"T":25.380023956298828,
"H":87.35942077636719,
"P":996.239013671875,
"PM10":136.8,
"PM25":243.6,
"S":181.0,
"utciso":"2023-07-05T01:50:03Z"
}