{
"T":22.18585777282715,
"H":91.68551635742188,
"P":997.509765625,
"PM10":118.3,
"PM25":188.9,
"S":176.0,
"utciso":"2023-06-16T05:20:03Z"
}