{
"T":29.052356719970703,
"H":66.92048645019531,
"P":998.89404296875,
"PM10":125.2,
"PM25":202.0,
"S":146.0,
"utciso":"2023-06-23T09:40:03Z"
}