{
"T":16.505216598510742,
"H":127.13133239746094,
"P":996.30712890625,
"PM10":99.3,
"PM25":142.6,
"S":127.0,
"utciso":"2023-05-20T16:00:03Z"
}