{
"T":33.26023864746094,
"H":63.33679962158203,
"P":993.939208984375,
"PM10":165.9,
"PM25":326.5,
"S":153.0,
"utciso":"2023-06-27T12:40:03Z"
}