{
"T":24.5384464263916,
"H":83.48855590820312,
"P":997.027099609375,
"PM10":124.9,
"PM25":203.2,
"S":127.0,
"utciso":"2023-06-29T20:50:02Z"
}