{
"T":26.661514282226562,
"H":81.27662658691406,
"P":996.39892578125,
"PM10":121.7,
"PM25":191.6,
"S":134.0,
"utciso":"2023-06-01T15:20:03Z"
}