{
"T":20.923492431640625,
"H":111.99919128417969,
"P":997.2431640625,
"PM10":118.6,
"PM25":183.0,
"S":128.0,
"utciso":"2023-05-28T23:10:03Z"
}