{
"T":29.014102935791016,
"H":67.10990905761719,
"P":1003.662353515625,
"PM10":3.4,
"PM25":3.7,
"S":245.0,
"utciso":"2022-07-12T09:00:02Z"
}