{
"T":24.9592342376709,
"H":81.97625732421875,
"P":995.492431640625,
"PM10":3.3,
"PM25":3.6,
"S":261.0,
"utciso":"2022-07-01T03:10:19Z"
}