{
"T":25.035741806030273,
"H":81.79600524902344,
"P":997.621826171875,
"PM10":108.4,
"PM25":158.3,
"S":135.0,
"utciso":"2023-06-06T10:00:03Z"
}