{
"T":16.81124496459961,
"H":90.66204071044922,
"P":998.9912109375,
"PM10":110.5,
"PM25":172.5,
"S":113.0,
"utciso":"2023-05-17T20:30:03Z"
}