{
"T":28.880216598510742,
"H":53.21204376220703,
"P":1000.912109375,
"PM10":128.2,
"PM25":215.0,
"S":137.0,
"utciso":"2023-06-21T20:30:03Z"
}