{
"T":26.776275634765625,
"H":52.86375427246094,
"P":995.2333984375,
"PM10":89.6,
"PM25":113.5,
"S":119.0,
"utciso":"2023-05-06T18:00:03Z"
}