{
"T":31.806608200073242,
"H":57.632843017578125,
"P":1002.52392578125,
"PM10":3.7,
"PM25":5.3,
"S":204.0,
"utciso":"2022-07-12T12:10:02Z"
}