{
"T":32.418663024902344,
"H":53.422847747802734,
"P":998.3701171875,
"PM10":3.2,
"PM25":3.5,
"S":190.0,
"utciso":"2022-07-11T18:20:02Z"
}