{
"T":34.84775924682617,
"H":62.084190368652344,
"P":992.59912109375,
"PM10":149.5,
"PM25":272.7,
"S":149.0,
"utciso":"2023-06-27T14:50:03Z"
}