{
"T":29.377511978149414,
"H":54.68156814575195,
"P":1000.33251953125,
"PM10":144.0,
"PM25":265.7,
"S":142.0,
"utciso":"2023-06-20T10:30:02Z"
}