{
"T":29.56877899169922,
"H":75.62460327148438,
"P":1000.2392578125,
"PM10":12.8,
"PM25":14.1,
"S":267.0,
"utciso":"2022-07-22T07:00:02Z"
}