{
"T":34.23570251464844,
"H":47.69750213623047,
"P":999.33154296875,
"PM10":11.5,
"PM25":12.6,
"S":194.0,
"utciso":"2022-07-20T20:40:03Z"
}