{
"T":19.22121238708496,
"H":129.11106872558594,
"P":1000.7119140625,
"PM10":131.5,
"PM25":222.0,
"S":125.0,
"utciso":"2023-05-31T01:30:02Z"
}