{
"T":17.021638870239258,
"H":128.77806091308594,
"P":996.815673828125,
"PM10":101.3,
"PM25":148.2,
"S":127.0,
"utciso":"2023-05-20T22:00:03Z"
}