{
"T":25.246135711669922,
"H":90.38096618652344,
"P":995.7509765625,
"PM10":109.9,
"PM25":166.2,
"S":133.0,
"utciso":"2023-06-12T10:20:02Z"
}