{
"T":16.753864288330078,
"H":127.1466064453125,
"P":996.522216796875,
"PM10":97.2,
"PM25":137.8,
"S":125.0,
"utciso":"2023-05-20T15:40:03Z"
}