{
"T":19.22121238708496,
"H":91.92686462402344,
"P":998.90869140625,
"PM10":127.0,
"PM25":212.4,
"S":150.0,
"utciso":"2023-05-30T05:50:02Z"
}