{
"T":19.163833618164062,
"H":129.10189819335938,
"P":1000.844482421875,
"PM10":131.5,
"PM25":222.0,
"S":125.0,
"utciso":"2023-05-31T04:00:02Z"
}