{
"T":20.23493003845215,
"H":63.70036315917969,
"P":989.6611328125,
"PM10":96.1,
"PM25":135.9,
"S":113.0,
"utciso":"2023-05-15T20:50:03Z"
}