{
"T":29.052356719970703,
"H":70.81885528564453,
"P":998.232421875,
"PM10":4.2,
"PM25":4.6,
"S":249.0,
"utciso":"2022-07-01T21:00:21Z"
}