{
"T":28.55506134033203,
"H":74.68972778320312,
"P":998.09716796875,
"PM10":6.9,
"PM25":7.4,
"S":279.0,
"utciso":"2022-07-15T00:50:02Z"
}