{
"T":18.51352310180664,
"H":82.03125,
"P":1004.097412109375,
"PM10":110.0,
"PM25":167.4,
"S":134.0,
"utciso":"2023-05-04T07:40:03Z"
}