{
"T":15.472372055053711,
"H":111.90753173828125,
"P":996.64306640625,
"PM10":91.5,
"PM25":125.6,
"S":114.0,
"utciso":"2023-05-14T08:50:03Z"
}