{
"T":25.571290969848633,
"H":87.95211791992188,
"P":994.3583984375,
"PM10":109.6,
"PM25":161.8,
"S":182.0,
"utciso":"2023-06-10T21:20:03Z"
}