{
"T":27.923879623413086,
"H":88.28819274902344,
"P":993.723876953125,
"PM10":4.1,
"PM25":4.5,
"S":249.0,
"utciso":"2022-06-29T20:00:22Z"
}