{
"T":25.800811767578125,
"H":77.1888427734375,
"P":1000.4453125,
"PM10":4.3,
"PM25":4.7,
"S":253.0,
"utciso":"2022-07-11T06:00:02Z"
}