{
"T":33.22198486328125,
"H":52.17329406738281,
"P":997.911376953125,
"PM10":3.7,
"PM25":4.0,
"S":190.0,
"utciso":"2022-07-07T12:50:17Z"
}