{
"T":22.989181518554688,
"H":70.92884063720703,
"P":999.536376953125,
"PM10":113.5,
"PM25":179.0,
"S":145.0,
"utciso":"2023-05-26T21:00:03Z"
}