{
"T":19.833269119262695,
"H":94.19989776611328,
"P":999.42578125,
"PM10":101.3,
"PM25":148.4,
"S":118.0,
"utciso":"2023-05-25T06:40:03Z"
}