{
"T":21.860702514648438,
"H":98.01577758789062,
"P":994.917236328125,
"PM10":105.6,
"PM25":147.0,
"S":125.0,
"utciso":"2023-05-09T15:40:03Z"
}