{
"T":26.986669540405273,
"H":54.067481994628906,
"P":1000.49462890625,
"PM10":118.3,
"PM25":189.8,
"S":135.0,
"utciso":"2023-05-26T13:20:02Z"
}