{
"T":17.767581939697266,
"H":86.69950866699219,
"P":1002.053466796875,
"PM10":94.4,
"PM25":125.1,
"S":136.0,
"utciso":"2023-05-05T04:30:03Z"
}