{
"T":21.191267013549805,
"H":65.4387435913086,
"P":997.526611328125,
"PM10":106.5,
"PM25":162.9,
"S":109.0,
"utciso":"2023-05-13T13:20:03Z"
}