{
"T":26.891035079956055,
"H":80.22871398925781,
"P":995.9658203125,
"PM10":5.0,
"PM25":5.7,
"S":272.0,
"utciso":"2022-07-01T07:30:18Z"
}