{
"T":14.573415756225586,
"H":122.9824447631836,
"P":998.61376953125,
"PM10":103.1,
"PM25":149.9,
"S":132.0,
"utciso":"2023-05-01T20:20:03Z"
}