{
"T":28.803709030151367,
"H":63.550662994384766,
"P":995.252685546875,
"PM10":138.3,
"PM25":244.3,
"S":132.0,
"utciso":"2023-06-16T19:30:02Z"
}