{
"T":20.23493003845215,
"H":72.83525085449219,
"P":999.781494140625,
"PM10":104.4,
"PM25":156.4,
"S":114.0,
"utciso":"2023-05-18T18:20:03Z"
}