{
"T":22.836166381835938,
"H":79.22662353515625,
"P":1001.64697265625,
"PM10":121.9,
"PM25":199.8,
"S":146.0,
"utciso":"2023-06-21T04:30:03Z"
}