{
"T":19.125579833984375,
"H":86.69950866699219,
"P":996.8486328125,
"PM10":107.0,
"PM25":164.4,
"S":133.0,
"utciso":"2023-05-17T11:40:03Z"
}