{
"T":36.167503356933594,
"H":43.686092376708984,
"P":998.48681640625,
"PM10":8.0,
"PM25":8.7,
"S":168.0,
"utciso":"2022-07-20T18:50:03Z"
}