{
"T":27.57959747314453,
"H":78.8233413696289,
"P":994.661376953125,
"PM10":113.6,
"PM25":170.4,
"S":118.0,
"utciso":"2023-06-02T12:10:03Z"
}