{
"T":23.907264709472656,
"H":84.68312072753906,
"P":997.1123046875,
"PM10":127.6,
"PM25":212.1,
"S":132.0,
"utciso":"2023-06-29T23:20:03Z"
}