{
"T":27.541343688964844,
"H":74.39949035644531,
"P":999.14013671875,
"PM10":126.1,
"PM25":199.8,
"S":127.0,
"utciso":"2023-05-27T13:20:03Z"
}