{
"T":25.5139102935791,
"H":75.96983337402344,
"P":995.74267578125,
"PM10":121.7,
"PM25":192.3,
"S":154.0,
"utciso":"2023-05-22T13:50:02Z"
}