{
"T":17.09814453125,
"H":100.2063217163086,
"P":996.500732421875,
"PM10":99.7,
"PM25":144.4,
"S":122.0,
"utciso":"2023-05-12T19:00:03Z"
}