{
"T":30.965030670166016,
"H":58.59521484375,
"P":997.998779296875,
"PM10":134.2,
"PM25":232.1,
"S":119.0,
"utciso":"2023-06-25T20:20:02Z"
}