{
"T":20.005409240722656,
"H":109.9583511352539,
"P":1003.2392578125,
"PM10":118.4,
"PM25":184.8,
"S":142.0,
"utciso":"2023-05-25T20:00:03Z"
}