{
"T":23.48647689819336,
"H":70.11617279052734,
"P":1004.23193359375,
"PM10":2.9,
"PM25":3.1,
"S":219.0,
"utciso":"2022-07-09T05:40:23Z"
}