{
"T":20.980873107910156,
"H":87.94906616210938,
"P":1002.83984375,
"PM10":113.1,
"PM25":179.4,
"S":174.0,
"utciso":"2023-05-26T08:30:03Z"
}