{
"T":35.36418151855469,
"H":51.70585632324219,
"P":998.59814453125,
"PM10":5.2,
"PM25":5.6,
"S":243.0,
"utciso":"2022-07-14T17:30:02Z"
}