{
"T":21.898956298828125,
"H":83.1555404663086,
"P":998.735107421875,
"PM10":128.7,
"PM25":218.6,
"S":158.0,
"utciso":"2023-05-30T07:30:03Z"
}