{
"T":26.508501052856445,
"H":89.52552795410156,
"P":994.5400390625,
"PM10":115.1,
"PM25":175.1,
"S":187.0,
"utciso":"2023-06-09T13:10:03Z"
}