{
"T":24.36630630493164,
"H":69.42876434326172,
"P":998.65625,
"PM10":100.0,
"PM25":138.4,
"S":126.0,
"utciso":"2023-05-07T10:10:02Z"
}