{
"T":29.09061050415039,
"H":80.12789154052734,
"P":1004.982177734375,
"PM10":14.4,
"PM25":15.9,
"S":286.0,
"utciso":"2022-07-18T06:00:04Z"
}