{
"T":28.784584045410156,
"H":69.85954284667969,
"P":992.412109375,
"PM10":117.4,
"PM25":183.9,
"S":125.0,
"utciso":"2023-06-12T16:20:02Z"
}