{
"T":29.281879425048828,
"H":44.03132629394531,
"P":1001.767333984375,
"PM10":125.4,
"PM25":207.4,
"S":127.0,
"utciso":"2023-06-24T10:00:03Z"
}