{
"T":28.47855567932129,
"H":76.10731506347656,
"P":995.4951171875,
"PM10":157.5,
"PM25":316.4,
"S":174.0,
"utciso":"2023-07-05T20:30:02Z"
}