{
"T":35.631954193115234,
"H":42.15546417236328,
"P":1001.328857421875,
"PM10":5.3,
"PM25":5.8,
"S":186.0,
"utciso":"2022-07-20T12:00:02Z"
}