{
"T":30.831144332885742,
"H":66.25447082519531,
"P":988.830322265625,
"PM10":138.7,
"PM25":248.7,
"S":125.0,
"utciso":"2023-07-01T16:50:03Z"
}