{
"T":27.23531723022461,
"H":79.98735046386719,
"P":997.982177734375,
"PM10":130.3,
"PM25":219.7,
"S":141.0,
"utciso":"2023-06-18T19:50:03Z"
}