{
"T":19.69938087463379,
"H":73.49822235107422,
"P":997.24560546875,
"PM10":99.7,
"PM25":146.3,
"S":110.0,
"utciso":"2023-05-13T18:40:03Z"
}