{
"T":28.38292121887207,
"H":79.2816162109375,
"P":999.779541015625,
"PM10":11.9,
"PM25":13.1,
"S":268.0,
"utciso":"2022-07-22T05:30:03Z"
}