{
"T":31.538833618164062,
"H":69.9298095703125,
"P":999.172119140625,
"PM10":7.0,
"PM25":7.6,
"S":269.0,
"utciso":"2022-07-16T10:20:02Z"
}