{
"T":31.86398696899414,
"H":66.85939025878906,
"P":995.050048828125,
"PM10":4.6,
"PM25":4.9,
"S":254.0,
"utciso":"2022-07-15T19:50:02Z"
}