{
"T":19.297719955444336,
"H":75.50850677490234,
"P":986.714599609375,
"PM10":103.3,
"PM25":154.5,
"S":133.0,
"utciso":"2023-05-16T08:10:03Z"
}