{
"T":33.9296760559082,
"H":53.01651382446289,
"P":997.6826171875,
"PM10":4.4,
"PM25":4.7,
"S":185.0,
"utciso":"2022-07-06T16:50:19Z"
}