{
"T":27.254444122314453,
"H":67.55901336669922,
"P":996.017333984375,
"PM10":142.0,
"PM25":258.9,
"S":142.0,
"utciso":"2023-06-16T20:40:03Z"
}