{
"T":31.730100631713867,
"H":56.728515625,
"P":997.600830078125,
"PM10":136.5,
"PM25":238.1,
"S":117.0,
"utciso":"2023-06-25T19:40:03Z"
}