{
"T":33.011592864990234,
"H":53.609214782714844,
"P":998.29345703125,
"PM10":2.9,
"PM25":3.1,
"S":191.0,
"utciso":"2022-07-11T17:50:03Z"
}