{
"T":16.18006134033203,
"H":117.37930297851562,
"P":1000.25390625,
"PM10":100.5,
"PM25":141.5,
"S":132.0,
"utciso":"2023-05-19T07:00:02Z"
}