{
"T":32.66731262207031,
"H":61.19208908081055,
"P":995.206298828125,
"PM10":3.5,
"PM25":3.9,
"S":228.0,
"utciso":"2022-07-01T15:00:18Z"
}