{
"T":29.18624496459961,
"H":74.16729736328125,
"P":1000.707763671875,
"PM10":6.8,
"PM25":7.5,
"S":291.0,
"utciso":"2022-07-17T02:30:02Z"
}