{
"T":22.912673950195312,
"H":91.81382751464844,
"P":997.36328125,
"PM10":121.6,
"PM25":193.0,
"S":157.0,
"utciso":"2023-06-18T03:20:03Z"
}