{
"T":28.880216598510742,
"H":73.57460021972656,
"P":1000.046875,
"PM10":13.7,
"PM25":15.0,
"S":243.0,
"utciso":"2022-07-21T02:40:03Z"
}