{
"T":21.0,
"H":114.37303924560547,
"P":996.45458984375,
"PM10":115.5,
"PM25":178.3,
"S":137.0,
"utciso":"2023-05-21T12:30:03Z"
}