{
"T":24.36630630493164,
"H":88.13237762451172,
"P":994.908935546875,
"PM10":113.5,
"PM25":170.3,
"S":168.0,
"utciso":"2023-06-08T23:20:03Z"
}