{
"T":23.103940963745117,
"H":105.17093658447266,
"P":996.877685546875,
"PM10":117.2,
"PM25":185.4,
"S":207.0,
"utciso":"2023-06-15T07:40:02Z"
}