{
"T":19.90977668762207,
"H":103.78694915771484,
"P":996.349609375,
"PM10":103.7,
"PM25":148.6,
"S":152.0,
"utciso":"2023-06-02T06:40:02Z"
}