{
"T":32.1508903503418,
"H":43.83885192871094,
"P":996.41259765625,
"PM10":129.7,
"PM25":216.9,
"S":128.0,
"utciso":"2023-06-22T18:00:03Z"
}