{
"T":29.645286560058594,
"H":64.15252685546875,
"P":1003.457275390625,
"PM10":3.4,
"PM25":5.1,
"S":235.0,
"utciso":"2022-07-12T09:50:03Z"
}