{
"T":18.78129768371582,
"H":80.0576171875,
"P":998.3896484375,
"PM10":102.4,
"PM25":152.7,
"S":109.0,
"utciso":"2023-05-13T20:20:03Z"
}