{
"T":16.56259536743164,
"H":120.0097885131836,
"P":998.986572265625,
"PM10":100.6,
"PM25":141.5,
"S":130.0,
"utciso":"2023-05-19T18:10:02Z"
}