{
"T":19.661128997802734,
"H":81.47215270996094,
"P":1000.447509765625,
"PM10":111.8,
"PM25":175.0,
"S":159.0,
"utciso":"2023-05-27T01:20:03Z"
}