{
"T":26.470247268676758,
"H":85.72186279296875,
"P":992.573974609375,
"PM10":121.8,
"PM25":196.6,
"S":150.0,
"utciso":"2023-06-14T16:30:02Z"
}