{
"T":17.25115966796875,
"H":88.18737030029297,
"P":999.08984375,
"PM10":107.2,
"PM25":164.4,
"S":114.0,
"utciso":"2023-05-17T21:50:03Z"
}