{
"T":24.74884033203125,
"H":73.57460021972656,
"P":998.87451171875,
"PM10":129.4,
"PM25":219.7,
"S":140.0,
"utciso":"2023-06-20T01:50:03Z"
}