{
"T":22.09022331237793,
"H":98.34268188476562,
"P":994.97412109375,
"PM10":107.9,
"PM25":150.8,
"S":124.0,
"utciso":"2023-05-09T15:30:02Z"
}