{
"T":33.145477294921875,
"H":63.364295959472656,
"P":1002.545166015625,
"PM10":7.1,
"PM25":7.8,
"S":247.0,
"utciso":"2022-07-17T20:10:03Z"
}