{
"T":19.85239601135254,
"H":110.35857391357422,
"P":1003.143310546875,
"PM10":118.0,
"PM25":183.3,
"S":142.0,
"utciso":"2023-05-25T20:10:03Z"
}