{
"T":28.00038719177246,
"H":71.82705688476562,
"P":998.568115234375,
"PM10":124.9,
"PM25":200.4,
"S":127.0,
"utciso":"2023-05-27T14:00:03Z"
}