{
"T":19.20208740234375,
"H":102.03329467773438,
"P":996.151123046875,
"PM10":104.8,
"PM25":151.5,
"S":153.0,
"utciso":"2023-06-02T06:00:02Z"
}