{
"T":16.046175003051758,
"H":121.32960510253906,
"P":997.32763671875,
"PM10":96.6,
"PM25":136.7,
"S":123.0,
"utciso":"2023-05-20T11:40:03Z"
}