{
"T":37.27685546875,
"H":39.803001403808594,
"P":998.222412109375,
"PM10":3.7,
"PM25":4.0,
"S":207.0,
"utciso":"2022-07-03T14:40:26Z"
}