{
"T":18.22662353515625,
"H":128.96136474609375,
"P":999.99365234375,
"PM10":109.5,
"PM25":160.1,
"S":163.0,
"utciso":"2023-06-01T04:00:03Z"
}