{
"T":22.166730880737305,
"H":123.9325942993164,
"P":998.993408203125,
"PM10":117.6,
"PM25":178.0,
"S":124.0,
"utciso":"2023-06-04T15:30:03Z"
}