{
"T":24.079404830932617,
"H":46.92760467529297,
"P":990.06201171875,
"PM10":96.6,
"PM25":137.1,
"S":117.0,
"utciso":"2023-05-11T12:10:03Z"
}