{
"T":22.013717651367188,
"H":126.36449432373047,
"P":998.795166015625,
"PM10":114.2,
"PM25":167.6,
"S":128.0,
"utciso":"2023-06-04T15:50:03Z"
}