{
"T":26.9101619720459,
"H":82.88363647460938,
"P":995.08984375,
"PM10":121.9,
"PM25":183.5,
"S":184.0,
"utciso":"2023-06-09T10:30:03Z"
}