{
"T":25.8773193359375,
"H":92.03990936279297,
"P":994.5068359375,
"PM10":4.4,
"PM25":4.9,
"S":260.0,
"utciso":"2022-06-29T23:50:18Z"
}