{
"T":24.84447479248047,
"H":73.48600006103516,
"P":997.86669921875,
"PM10":114.8,
"PM25":177.9,
"S":130.0,
"utciso":"2023-05-27T21:10:03Z"
}