{
"T":24.328052520751953,
"H":50.089683532714844,
"P":986.616455078125,
"PM10":104.3,
"PM25":155.4,
"S":121.0,
"utciso":"2023-05-16T11:00:03Z"
}