{
"T":33.011592864990234,
"H":48.119110107421875,
"P":999.523681640625,
"PM10":133.8,
"PM25":225.7,
"S":130.0,
"utciso":"2023-06-22T13:30:03Z"
}