{
"T":27.120555877685547,
"H":84.71366882324219,
"P":990.578369140625,
"PM10":136.1,
"PM25":239.8,
"S":141.0,
"utciso":"2023-07-01T11:50:02Z"
}