{
"T":16.160934448242188,
"H":83.74212646484375,
"P":1003.87060546875,
"PM10":100.3,
"PM25":145.8,
"S":121.0,
"utciso":"2023-05-04T01:50:03Z"
}