{
"T":15.759273529052734,
"H":87.67410278320312,
"P":991.97119140625,
"PM10":98.7,
"PM25":143.3,
"S":115.0,
"utciso":"2023-05-15T02:20:03Z"
}