{
"T":31.290185928344727,
"H":73.4462890625,
"P":1003.710693359375,
"PM10":8.6,
"PM25":9.4,
"S":277.0,
"utciso":"2022-07-17T08:40:04Z"
}