{
"T":30.486862182617188,
"H":49.8055534362793,
"P":1000.13037109375,
"PM10":148.2,
"PM25":280.7,
"S":137.0,
"utciso":"2023-06-20T11:40:03Z"
}