{
"T":23.754249572753906,
"H":89.76687622070312,
"P":998.354248046875,
"PM10":118.0,
"PM25":181.6,
"S":137.0,
"utciso":"2023-05-28T08:00:03Z"
}