{
"T":24.079404830932617,
"H":58.00251388549805,
"P":1002.172119140625,
"PM10":106.9,
"PM25":158.6,
"S":121.0,
"utciso":"2023-05-04T12:00:03Z"
}