{
"T":20.980873107910156,
"H":127.07939910888672,
"P":993.23779296875,
"PM10":103.4,
"PM25":153.9,
"S":184.0,
"utciso":"2023-06-13T07:00:03Z"
}