{
"T":25.915573120117188,
"H":84.30427551269531,
"P":993.501220703125,
"PM10":136.3,
"PM25":245.8,
"S":177.0,
"utciso":"2023-07-03T01:20:03Z"
}