{
"T":25.60954475402832,
"H":87.2952651977539,
"P":996.421875,
"PM10":128.4,
"PM25":211.9,
"S":185.0,
"utciso":"2023-06-27T04:50:03Z"
}