{
"T":29.147991180419922,
"H":71.28324127197266,
"P":998.2099609375,
"PM10":135.9,
"PM25":229.8,
"S":122.0,
"utciso":"2023-06-28T22:20:02Z"
}