{
"T":22.453632354736328,
"H":107.29731750488281,
"P":995.1416015625,
"PM10":115.9,
"PM25":181.6,
"S":176.0,
"utciso":"2023-06-14T22:30:04Z"
}