{
"T":22.5875186920166,
"H":93.59803771972656,
"P":997.773193359375,
"PM10":121.6,
"PM25":192.6,
"S":165.0,
"utciso":"2023-06-18T04:20:02Z"
}