{
"T":26.986669540405273,
"H":78.79279327392578,
"P":998.5029296875,
"PM10":128.5,
"PM25":213.5,
"S":126.0,
"utciso":"2023-06-29T03:00:03Z"
}