{
"T":19.680255889892578,
"H":114.5135726928711,
"P":998.528076171875,
"PM10":113.3,
"PM25":166.6,
"S":158.0,
"utciso":"2023-06-04T04:30:03Z"
}