{
"T":24.825347900390625,
"H":103.30423736572266,
"P":998.6591796875,
"PM10":144.7,
"PM25":261.1,
"S":178.0,
"utciso":"2023-06-19T03:30:03Z"
}