{
"T":25.28438949584961,
"H":105.51921844482422,
"P":998.861572265625,
"PM10":4.3,
"PM25":4.7,
"S":296.0,
"utciso":"2022-07-04T00:20:17Z"
}