{
"T":29.760047912597656,
"H":69.33406066894531,
"P":997.251220703125,
"PM10":215.1,
"PM25":467.9,
"S":151.0,
"utciso":"2023-06-19T17:40:02Z"
}