{
"T":36.530914306640625,
"H":38.813133239746094,
"P":1000.17919921875,
"PM10":5.8,
"PM25":6.2,
"S":184.0,
"utciso":"2022-07-19T17:10:02Z"
}