{
"T":18.417890548706055,
"H":86.210693359375,
"P":999.73876953125,
"PM10":106.4,
"PM25":160.3,
"S":136.0,
"utciso":"2023-05-13T08:20:02Z"
}