{
"T":27.13968276977539,
"H":79.42214965820312,
"P":996.1640625,
"PM10":128.3,
"PM25":212.2,
"S":170.0,
"utciso":"2023-06-27T01:30:03Z"
}