{
"T":25.66692352294922,
"H":57.464805603027344,
"P":997.859130859375,
"PM10":93.8,
"PM25":124.8,
"S":119.0,
"utciso":"2023-05-05T18:10:03Z"
}