{
"T":27.61785125732422,
"H":87.75048828125,
"P":1000.1240234375,
"PM10":8.2,
"PM25":9.2,
"S":291.0,
"utciso":"2022-07-07T06:30:25Z"
}