{
"T":27.8282470703125,
"H":67.3787612915039,
"P":999.930419921875,
"PM10":126.7,
"PM25":211.2,
"S":121.0,
"utciso":"2023-06-29T13:00:03Z"
}