{
"T":28.803709030151367,
"H":73.52265930175781,
"P":1000.040771484375,
"PM10":12.9,
"PM25":14.1,
"S":242.0,
"utciso":"2022-07-21T02:30:03Z"
}