{
"T":28.038639068603516,
"H":60.82241439819336,
"P":1001.516357421875,
"PM10":6.5,
"PM25":7.2,
"S":208.0,
"utciso":"2022-07-09T21:50:24Z"
}