{
"T":25.265262603759766,
"H":81.84487915039062,
"P":998.172119140625,
"PM10":125.9,
"PM25":206.6,
"S":123.0,
"utciso":"2023-06-29T19:00:02Z"
}