{
"T":21.994590759277344,
"H":129.11106872558594,
"P":992.5693359375,
"PM10":133.9,
"PM25":228.2,
"S":168.0,
"utciso":"2023-07-01T00:30:02Z"
}