{
"T":25.035741806030273,
"H":73.76707458496094,
"P":997.7958984375,
"PM10":99.8,
"PM25":135.3,
"S":125.0,
"utciso":"2023-05-07T16:20:03Z"
}