{
"T":26.565881729125977,
"H":81.39578247070312,
"P":1003.3076171875,
"PM10":10.5,
"PM25":11.6,
"S":258.0,
"utciso":"2022-07-14T03:50:02Z"
}