{
"T":28.191654205322266,
"H":81.74406433105469,
"P":997.02880859375,
"PM10":7.0,
"PM25":7.6,
"S":284.0,
"utciso":"2022-07-16T02:00:03Z"
}