{
"T":15.625386238098145,
"H":86.60785675048828,
"P":996.50927734375,
"PM10":90.1,
"PM25":119.4,
"S":136.0,
"utciso":"2023-04-29T05:10:02Z"
}