{
"T":23.409969329833984,
"H":77.54934692382812,
"P":1000.658935546875,
"PM10":121.1,
"PM25":196.6,
"S":143.0,
"utciso":"2023-06-21T02:30:03Z"
}