{
"T":28.421175003051758,
"H":60.36414337158203,
"P":995.314453125,
"PM10":121.9,
"PM25":191.5,
"S":112.0,
"utciso":"2023-05-28T14:00:03Z"
}