{
"T":20.043663024902344,
"H":115.54621124267578,
"P":1000.284423828125,
"PM10":100.6,
"PM25":143.5,
"S":130.0,
"utciso":"2023-06-07T07:40:03Z"
}