{
"T":18.896059036254883,
"H":108.45521545410156,
"P":1003.021484375,
"PM10":144.3,
"PM25":245.8,
"S":148.0,
"utciso":"2023-05-25T22:10:09Z"
}