{
"T":27.13968276977539,
"H":74.61946105957031,
"P":993.38720703125,
"PM10":212.2,
"PM25":465.3,
"S":165.0,
"utciso":"2023-07-02T22:50:03Z"
}