{
"T":29.8365535736084,
"H":70.94412231445312,
"P":995.217041015625,
"PM10":5.1,
"PM25":5.6,
"S":248.0,
"utciso":"2022-06-30T10:20:23Z"
}