{
"T":29.56877899169922,
"H":68.65886688232422,
"P":1004.481689453125,
"PM10":10.2,
"PM25":11.3,
"S":266.0,
"utciso":"2022-07-19T07:20:02Z"
}