{
"T":26.852783203125,
"H":73.779296875,
"P":996.217529296875,
"PM10":109.2,
"PM25":161.0,
"S":123.0,
"utciso":"2023-06-06T19:00:03Z"
}