{
"T":24.09853172302246,
"H":85.19638061523438,
"P":996.028076171875,
"PM10":106.9,
"PM25":159.9,
"S":161.0,
"utciso":"2023-06-12T00:40:03Z"
}