{
"T":24.500192642211914,
"H":92.83119201660156,
"P":991.03515625,
"PM10":150.4,
"PM25":293.4,
"S":158.0,
"utciso":"2023-07-02T02:00:02Z"
}