{
"T":21.43991470336914,
"H":75.16938781738281,
"P":995.55078125,
"PM10":91.7,
"PM25":116.3,
"S":108.0,
"utciso":"2023-04-30T15:20:03Z"
}