{
"T":15.87403392791748,
"H":119.67372131347656,
"P":996.73974609375,
"PM10":104.9,
"PM25":147.9,
"S":133.0,
"utciso":"2023-05-01T13:40:02Z"
}