{
"T":24.404560089111328,
"H":91.53581237792969,
"P":998.658447265625,
"PM10":122.7,
"PM25":194.7,
"S":170.0,
"utciso":"2023-06-18T07:00:02Z"
}