{
"T":16.677356719970703,
"H":127.55294036865234,
"P":996.702880859375,
"PM10":101.2,
"PM25":146.1,
"S":126.0,
"utciso":"2023-05-20T15:10:03Z"
}