{
"T":37.104713439941406,
"H":46.02328109741211,
"P":1001.028076171875,
"PM10":8.1,
"PM25":8.9,
"S":191.0,
"utciso":"2022-07-18T16:20:03Z"
}