{
"T":20.846986770629883,
"H":89.03669738769531,
"P":1000.612060546875,
"PM10":107.4,
"PM25":156.6,
"S":119.0,
"utciso":"2023-05-25T08:10:02Z"
}