{
"T":32.323028564453125,
"H":60.321372985839844,
"P":994.486328125,
"PM10":177.0,
"PM25":368.3,
"S":165.0,
"utciso":"2023-07-04T16:40:03Z"
}