{
"T":22.817039489746094,
"H":71.692626953125,
"P":1001.586669921875,
"PM10":117.3,
"PM25":187.2,
"S":152.0,
"utciso":"2023-06-24T05:00:03Z"
}