{
"T":26.79540252685547,
"H":69.82899475097656,
"P":1000.624755859375,
"PM10":124.6,
"PM25":207.6,
"S":123.0,
"utciso":"2023-06-29T09:50:03Z"
}