{
"T":29.8365535736084,
"H":75.51461791992188,
"P":998.53564453125,
"PM10":168.6,
"PM25":340.6,
"S":164.0,
"utciso":"2023-06-19T11:40:03Z"
}