{
"T":16.524343490600586,
"H":126.84414672851562,
"P":996.39599609375,
"PM10":100.6,
"PM25":145.1,
"S":127.0,
"utciso":"2023-05-20T16:50:03Z"
}