{
"T":18.590030670166016,
"H":96.72650909423828,
"P":996.702392578125,
"PM10":100.0,
"PM25":135.5,
"S":184.0,
"utciso":"2023-05-23T02:10:02Z"
}