{
"T":20.3879451751709,
"H":72.31587982177734,
"P":1000.181884765625,
"PM10":98.8,
"PM25":143.2,
"S":109.0,
"utciso":"2023-05-02T19:40:03Z"
}