{
"T":20.08191680908203,
"H":123.15658569335938,
"P":998.50439453125,
"PM10":108.7,
"PM25":162.6,
"S":130.0,
"utciso":"2023-05-29T06:00:02Z"
}