{
"T":33.145477294921875,
"H":48.21382141113281,
"P":998.749755859375,
"PM10":131.9,
"PM25":220.6,
"S":133.0,
"utciso":"2023-06-22T15:20:03Z"
}