{
"T":27.50309181213379,
"H":70.01535034179688,
"P":997.7109375,
"PM10":124.7,
"PM25":201.4,
"S":139.0,
"utciso":"2023-06-22T22:50:03Z"
}