{
"T":20.40707015991211,
"H":79.22357177734375,
"P":997.21875,
"PM10":94.8,
"PM25":122.4,
"S":141.0,
"utciso":"2023-04-30T09:30:02Z"
}