{
"T":27.50309181213379,
"H":78.99748229980469,
"P":996.056884765625,
"PM10":200.7,
"PM25":417.5,
"S":173.0,
"utciso":"2023-07-05T22:10:04Z"
}