{
"T":32.36128234863281,
"H":57.01264572143555,
"P":1002.19970703125,
"PM10":3.9,
"PM25":4.4,
"S":189.0,
"utciso":"2022-07-12T12:40:03Z"
}