{
"T":21.669435501098633,
"H":128.98580932617188,
"P":998.4072265625,
"PM10":111.1,
"PM25":162.6,
"S":129.0,
"utciso":"2023-06-04T16:20:03Z"
}