{
"T":19.20208740234375,
"H":81.24607849121094,
"P":1003.132568359375,
"PM10":94.6,
"PM25":131.1,
"S":140.0,
"utciso":"2023-05-03T09:00:03Z"
}