{
"T":16.409582138061523,
"H":111.12847137451172,
"P":1000.191650390625,
"PM10":103.5,
"PM25":146.5,
"S":133.0,
"utciso":"2023-05-19T05:20:02Z"
}