{
"T":26.16421890258789,
"H":51.20786666870117,
"P":999.990234375,
"PM10":107.4,
"PM25":160.1,
"S":110.0,
"utciso":"2023-05-04T16:30:03Z"
}