{
"T":36.56916809082031,
"H":49.0264892578125,
"P":999.876220703125,
"PM10":5.5,
"PM25":6.0,
"S":206.0,
"utciso":"2022-07-14T15:10:03Z"
}