{
"T":21.401660919189453,
"H":127.84623718261719,
"P":1001.63427734375,
"PM10":131.5,
"PM25":222.0,
"S":125.0,
"utciso":"2023-05-31T09:20:03Z"
}