{
"T":16.409582138061523,
"H":80.90084838867188,
"P":999.023193359375,
"PM10":103.0,
"PM25":153.7,
"S":109.0,
"utciso":"2023-05-18T01:30:02Z"
}