{
"T":31.443199157714844,
"H":69.9267578125,
"P":997.688720703125,
"PM10":174.9,
"PM25":357.4,
"S":161.0,
"utciso":"2023-06-19T13:40:02Z"
}