{
"T":21.784196853637695,
"H":115.87616729736328,
"P":992.164306640625,
"PM10":108.7,
"PM25":165.2,
"S":170.0,
"utciso":"2023-06-14T01:30:04Z"
}