{
"T":37.23860168457031,
"H":50.208831787109375,
"P":994.630615234375,
"PM10":3.0,
"PM25":3.3,
"S":195.0,
"utciso":"2022-07-15T14:20:03Z"
}