{
"T":26.298107147216797,
"H":74.41781616210938,
"P":997.2685546875,
"PM10":122.1,
"PM25":195.2,
"S":142.0,
"utciso":"2023-06-23T00:00:03Z"
}