{
"T":26.16421890258789,
"H":80.99249267578125,
"P":993.370849609375,
"PM10":182.3,
"PM25":388.1,
"S":172.0,
"utciso":"2023-07-03T00:50:03Z"
}