{
"T":25.8773193359375,
"H":82.11679077148438,
"P":995.885986328125,
"PM10":126.0,
"PM25":204.5,
"S":187.0,
"utciso":"2023-06-28T05:10:02Z"
}