{
"T":18.28400230407715,
"H":128.96746826171875,
"P":1000.104736328125,
"PM10":131.5,
"PM25":222.0,
"S":125.0,
"utciso":"2023-05-30T23:40:03Z"
}