{
"T":26.355487823486328,
"H":81.52409362792969,
"P":994.844970703125,
"PM10":114.8,
"PM25":177.2,
"S":128.0,
"utciso":"2023-06-12T12:00:03Z"
}