{
"T":18.99169158935547,
"H":82.77059173583984,
"P":998.66259765625,
"PM10":95.5,
"PM25":131.7,
"S":131.0,
"utciso":"2023-05-07T04:20:03Z"
}