{
"T":27.57959747314453,
"H":71.59486389160156,
"P":1001.190673828125,
"PM10":4.2,
"PM25":4.6,
"S":245.0,
"utciso":"2022-07-11T08:10:03Z"
}