{
"T":18.188369750976562,
"H":85.30331420898438,
"P":994.505859375,
"PM10":96.1,
"PM25":134.8,
"S":110.0,
"utciso":"2023-05-10T22:40:02Z"
}