{
"T":16.98338508605957,
"H":97.26421356201172,
"P":994.69287109375,
"PM10":98.0,
"PM25":141.0,
"S":125.0,
"utciso":"2023-05-12T07:40:03Z"
}