{
"T":29.320131301879883,
"H":61.93449020385742,
"P":1000.89013671875,
"PM10":3.7,
"PM25":4.1,
"S":280.0,
"utciso":"2022-07-02T21:40:25Z"
}