{
"T":20.579212188720703,
"H":59.23373794555664,
"P":992.262939453125,
"PM10":89.8,
"PM25":121.2,
"S":104.0,
"utciso":"2023-05-11T18:10:03Z"
}