{
"T":21.554676055908203,
"H":74.89442443847656,
"P":995.556640625,
"PM10":92.3,
"PM25":118.8,
"S":108.0,
"utciso":"2023-04-30T15:10:03Z"
}