{
"T":23.811630249023438,
"H":80.68392944335938,
"P":999.312255859375,
"PM10":131.8,
"PM25":227.4,
"S":145.0,
"utciso":"2023-06-20T03:30:03Z"
}