{
"T":15.969667434692383,
"H":90.72314453125,
"P":996.894775390625,
"PM10":95.5,
"PM25":135.0,
"S":116.0,
"utciso":"2023-05-14T04:40:03Z"
}