{
"T":22.491886138916016,
"H":96.65623474121094,
"P":998.59033203125,
"PM10":116.9,
"PM25":180.0,
"S":138.0,
"utciso":"2023-05-28T06:00:02Z"
}