{
"T":36.41615295410156,
"H":40.18489456176758,
"P":1000.12939453125,
"PM10":6.1,
"PM25":6.6,
"S":186.0,
"utciso":"2022-07-19T17:30:03Z"
}