{
"T":31.347564697265625,
"H":60.49245834350586,
"P":993.146484375,
"PM10":2.5,
"PM25":2.7,
"S":242.0,
"utciso":"2022-06-30T18:20:22Z"
}