{
"T":31.060665130615234,
"H":47.75249481201172,
"P":998.871337890625,
"PM10":129.0,
"PM25":214.2,
"S":123.0,
"utciso":"2023-06-23T20:10:03Z"
}