{
"T":21.43991470336914,
"H":103.20647430419922,
"P":995.524169921875,
"PM10":111.8,
"PM25":168.5,
"S":130.0,
"utciso":"2023-06-03T00:40:03Z"
}