{
"T":29.587905883789062,
"H":54.80683135986328,
"P":994.577880859375,
"PM10":126.1,
"PM25":206.2,
"S":121.0,
"utciso":"2023-06-15T14:40:03Z"
}