{
"T":21.956336975097656,
"H":128.95831298828125,
"P":994.12353515625,
"PM10":119.5,
"PM25":183.0,
"S":191.0,
"utciso":"2023-06-14T10:10:02Z"
}