{
"T":24.672334671020508,
"H":82.144287109375,
"P":994.89453125,
"PM10":119.8,
"PM25":186.4,
"S":158.0,
"utciso":"2023-05-22T18:10:03Z"
}