{
"T":19.14470672607422,
"H":88.78006744384766,
"P":1000.545654296875,
"PM10":103.8,
"PM25":152.4,
"S":159.0,
"utciso":"2023-05-08T06:10:02Z"
}