{
"T":20.713098526000977,
"H":68.4113998413086,
"P":988.48779296875,
"PM10":100.0,
"PM25":145.4,
"S":108.0,
"utciso":"2023-05-16T18:50:03Z"
}