{
"T":27.94300651550293,
"H":74.73860931396484,
"P":993.658935546875,
"PM10":113.5,
"PM25":170.4,
"S":145.0,
"utciso":"2023-06-08T17:50:03Z"
}