{
"T":34.82863235473633,
"H":49.35950469970703,
"P":996.4521484375,
"PM10":4.0,
"PM25":4.4,
"S":185.0,
"utciso":"2022-07-07T15:50:17Z"
}