{
"T":18.092735290527344,
"H":99.99551391601562,
"P":996.807861328125,
"PM10":118.6,
"PM25":188.7,
"S":124.0,
"utciso":"2023-05-01T00:50:03Z"
}