{
"T":30.372102737426758,
"H":61.9986457824707,
"P":1003.269287109375,
"PM10":3.2,
"PM25":3.5,
"S":226.0,
"utciso":"2022-07-12T10:40:03Z"
}