{
"T":27.005796432495117,
"H":81.23080444335938,
"P":1001.0947265625,
"PM10":254.5,
"PM25":1999.9,
"S":292.0,
"utciso":"2022-07-03T01:40:17Z"
}