{
"T":28.096019744873047,
"H":55.811973571777344,
"P":1000.115234375,
"PM10":127.0,
"PM25":208.7,
"S":136.0,
"utciso":"2023-06-23T22:20:02Z"
}