{
"T":30.869396209716797,
"H":48.10689163208008,
"P":999.119873046875,
"PM10":128.5,
"PM25":212.3,
"S":124.0,
"utciso":"2023-06-23T20:20:03Z"
}