{
"T":28.727203369140625,
"H":74.15507507324219,
"P":994.13720703125,
"PM10":116.7,
"PM25":176.9,
"S":160.0,
"utciso":"2023-06-11T11:20:03Z"
}