{
"T":22.79791259765625,
"H":56.99736785888672,
"P":988.098876953125,
"PM10":101.8,
"PM25":149.4,
"S":106.0,
"utciso":"2023-05-16T14:30:03Z"
}