{
"T":24.729713439941406,
"H":70.76997375488281,
"P":1000.913330078125,
"PM10":,
"PM25":,
"S":,
"utciso":"2022-07-10T02:20:17Z"
}