{
"T":27.598724365234375,
"H":60.669654846191406,
"P":997.421142578125,
"PM10":137.5,
"PM25":240.9,
"S":131.0,
"utciso":"2023-05-30T11:40:02Z"
}