{
"T":19.355100631713867,
"H":97.89051818847656,
"P":1002.845703125,
"PM10":111.2,
"PM25":173.3,
"S":176.0,
"utciso":"2023-05-26T07:30:03Z"
}