{
"T":21.726816177368164,
"H":82.26344299316406,
"P":1002.59033203125,
"PM10":112.2,
"PM25":177.2,
"S":172.0,
"utciso":"2023-05-26T09:00:03Z"
}