{
"T":28.05776596069336,
"H":69.46237182617188,
"P":996.232666015625,
"PM10":113.7,
"PM25":172.5,
"S":119.0,
"utciso":"2023-06-07T17:30:03Z"
}