{
"T":25.762557983398438,
"H":83.09443664550781,
"P":995.273193359375,
"PM10":117.3,
"PM25":175.9,
"S":178.0,
"utciso":"2023-06-09T11:20:02Z"
}