{
"T":25.418277740478516,
"H":86.18013763427734,
"P":999.390625,
"PM10":4.9,
"PM25":5.4,
"S":302.0,
"utciso":"2022-07-06T04:20:17Z"
}