{
"T":22.24323844909668,
"H":96.22240447998047,
"P":997.81201171875,
"PM10":104.5,
"PM25":148.5,
"S":137.0,
"utciso":"2023-06-07T02:10:03Z"
}