{
"T":34.79037857055664,
"H":49.704734802246094,
"P":1000.43310546875,
"PM10":4.9,
"PM25":5.3,
"S":223.0,
"utciso":"2022-07-02T14:50:17Z"
}