{
"T":25.839065551757812,
"H":64.6444091796875,
"P":1004.39697265625,
"PM10":4.5,
"PM25":4.9,
"S":214.0,
"utciso":"2022-07-09T07:40:25Z"
}