{
"T":25.303516387939453,
"H":39.75106430053711,
"P":989.234130859375,
"PM10":95.6,
"PM25":132.3,
"S":112.0,
"utciso":"2023-05-11T14:10:03Z"
}