{
"T":17.80583381652832,
"H":98.50765991210938,
"P":997.379150390625,
"PM10":103.9,
"PM25":156.7,
"S":124.0,
"utciso":"2023-05-17T14:00:03Z"
}