{
"T":27.273571014404297,
"H":79.21134948730469,
"P":1003.439208984375,
"PM10":9.0,
"PM25":9.8,
"S":254.0,
"utciso":"2022-07-14T02:20:03Z"
}