{
"T":30.295595169067383,
"H":62.9976806640625,
"P":997.827392578125,
"PM10":2.6,
"PM25":2.7,
"S":223.0,
"utciso":"2022-07-10T20:50:03Z"
}