{
"T":23.60123634338379,
"H":115.2437515258789,
"P":991.53125,
"PM10":107.7,
"PM25":162.1,
"S":147.0,
"utciso":"2023-06-13T17:30:03Z"
}