{
"T":27.904752731323242,
"H":50.535736083984375,
"P":1000.30029296875,
"PM10":118.9,
"PM25":191.6,
"S":131.0,
"utciso":"2023-05-26T14:00:03Z"
}