{
"T":24.232418060302734,
"H":83.18914794921875,
"P":997.17919921875,
"PM10":124.5,
"PM25":203.3,
"S":130.0,
"utciso":"2023-06-29T21:50:02Z"
}