{
"T":27.8856258392334,
"H":68.11505126953125,
"P":998.8447265625,
"PM10":157.1,
"PM25":313.5,
"S":146.0,
"utciso":"2023-06-19T20:10:03Z"
}