{
"T":24.09853172302246,
"H":86.46121215820312,
"P":996.63427734375,
"PM10":119.0,
"PM25":190.7,
"S":159.0,
"utciso":"2023-06-16T01:00:04Z"
}