{
"T":21.80332374572754,
"H":91.06532287597656,
"P":999.845703125,
"PM10":103.9,
"PM25":150.4,
"S":130.0,
"utciso":"2023-06-07T05:40:02Z"
}