{
"T":18.456144332885742,
"H":128.99496459960938,
"P":1000.112548828125,
"PM10":107.7,
"PM25":154.5,
"S":151.0,
"utciso":"2023-06-01T01:50:04Z"
}