{
"T":21.688562393188477,
"H":80.06678771972656,
"P":994.661376953125,
"PM10":89.4,
"PM25":115.9,
"S":141.0,
"utciso":"2023-04-29T18:40:03Z"
}