{
"T":19.64200210571289,
"H":118.6960678100586,
"P":998.825927734375,
"PM10":113.5,
"PM25":174.3,
"S":125.0,
"utciso":"2023-05-29T01:30:03Z"
}