{
"T":26.814529418945312,
"H":74.70500183105469,
"P":1000.02197265625,
"PM10":130.1,
"PM25":208.2,
"S":136.0,
"utciso":"2023-05-27T12:10:02Z"
}