{
"T":26.030332565307617,
"H":63.68814468383789,
"P":998.818603515625,
"PM10":130.7,
"PM25":224.0,
"S":136.0,
"utciso":"2023-06-19T23:50:03Z"
}