{
"T":21.05738067626953,
"H":78.92721557617188,
"P":1002.192138671875,
"PM10":121.0,
"PM25":199.3,
"S":161.0,
"utciso":"2023-05-27T07:30:02Z"
}