{
"T":26.69976806640625,
"H":56.23664093017578,
"P":999.783935546875,
"PM10":100.9,
"PM25":142.7,
"S":117.0,
"utciso":"2023-05-05T12:30:03Z"
}