{
"T":28.803709030151367,
"H":50.62738800048828,
"P":999.839599609375,
"PM10":125.4,
"PM25":204.5,
"S":128.0,
"utciso":"2023-06-23T21:30:02Z"
}