{
"T":30.27646827697754,
"H":63.18098831176758,
"P":1001.864013671875,
"PM10":9.8,
"PM25":10.7,
"S":244.0,
"utciso":"2022-07-19T23:30:03Z"
}