{
"T":31.63446807861328,
"H":58.09111404418945,
"P":994.930908203125,
"PM10":138.3,
"PM25":240.9,
"S":117.0,
"utciso":"2023-06-17T16:20:03Z"
}