{
"T":16.54347038269043,
"H":112.21610260009766,
"P":995.924072265625,
"PM10":107.5,
"PM25":163.7,
"S":127.0,
"utciso":"2023-05-01T04:00:02Z"
}