{
"T":26.585006713867188,
"H":83.4824447631836,
"P":1001.6787109375,
"PM10":7.3,
"PM25":8.1,
"S":290.0,
"utciso":"2022-07-02T06:40:18Z"
}