{
"T":23.256954193115234,
"H":91.35861206054688,
"P":998.46484375,
"PM10":117.4,
"PM25":179.3,
"S":137.0,
"utciso":"2023-05-28T07:40:03Z"
}