{
"T":29.24362564086914,
"H":71.3412857055664,
"P":992.306640625,
"PM10":114.6,
"PM25":173.1,
"S":157.0,
"utciso":"2023-06-10T16:00:03Z"
}