{
"T":19.182960510253906,
"H":84.95808410644531,
"P":996.9140625,
"PM10":106.1,
"PM25":161.6,
"S":129.0,
"utciso":"2023-05-17T12:00:03Z"
}