{
"T":20.961746215820312,
"H":61.405948638916016,
"P":989.69091796875,
"PM10":94.0,
"PM25":130.2,
"S":109.0,
"utciso":"2023-05-15T20:10:03Z"
}