{
"T":22.453632354736328,
"H":66.90826416015625,
"P":992.572265625,
"PM10":103.1,
"PM25":153.5,
"S":107.0,
"utciso":"2023-05-10T15:50:02Z"
}