{
"T":18.054481506347656,
"H":82.73088073730469,
"P":1004.004150390625,
"PM10":110.7,
"PM25":169.8,
"S":139.0,
"utciso":"2023-05-04T07:30:03Z"
}