{
"T":27.254444122314453,
"H":77.13385009765625,
"P":996.3828125,
"PM10":128.6,
"PM25":213.8,
"S":168.0,
"utciso":"2023-06-27T00:40:02Z"
}