{
"T":28.11514663696289,
"H":73.4554443359375,
"P":993.14208984375,
"PM10":231.2,
"PM25":507.2,
"S":168.0,
"utciso":"2023-07-02T20:40:03Z"
}