{
"T":17.51893424987793,
"H":104.75543212890625,
"P":995.406494140625,
"PM10":102.9,
"PM25":153.3,
"S":135.0,
"utciso":"2023-05-17T09:00:03Z"
}