{
"T":26.929288864135742,
"H":90.57344055175781,
"P":995.56201171875,
"PM10":122.4,
"PM25":193.4,
"S":130.0,
"utciso":"2023-06-01T17:50:03Z"
}