{
"T":29.47314453125,
"H":51.76084899902344,
"P":1003.178466796875,
"PM10":1.9,
"PM25":2.1,
"S":212.0,
"utciso":"2022-07-08T20:30:18Z"
}