{
"T":27.197063446044922,
"H":75.4290771484375,
"P":993.905517578125,
"PM10":113.7,
"PM25":174.5,
"S":174.0,
"utciso":"2023-06-10T11:50:02Z"
}