{
"T":18.953439712524414,
"H":94.10824584960938,
"P":998.56005859375,
"PM10":126.3,
"PM25":209.5,
"S":144.0,
"utciso":"2023-05-30T03:30:03Z"
}