{
"T":30.563369750976562,
"H":63.64537048339844,
"P":1000.57763671875,
"PM10":6.2,
"PM25":6.8,
"S":266.0,
"utciso":"2022-07-03T09:20:18Z"
}