{
"T":29.24362564086914,
"H":71.73234558105469,
"P":999.9970703125,
"PM10":13.0,
"PM25":14.3,
"S":235.0,
"utciso":"2022-07-21T02:00:03Z"
}