{
"T":21.248647689819336,
"H":93.44528198242188,
"P":998.31494140625,
"PM10":121.8,
"PM25":196.2,
"S":135.0,
"utciso":"2023-05-29T22:50:03Z"
}