{
"T":27.560470581054688,
"H":83.3327407836914,
"P":994.57568359375,
"PM10":128.7,
"PM25":207.2,
"S":193.0,
"utciso":"2023-06-28T01:40:03Z"
}