{
"T":32.07438278198242,
"H":66.0772705078125,
"P":992.98974609375,
"PM10":2.4,
"PM25":4.3,
"S":218.0,
"utciso":"2022-06-29T13:20:22Z"
}