{
"T":19.92890167236328,
"H":87.95211791992188,
"P":996.76904296875,
"PM10":96.8,
"PM25":125.4,
"S":161.0,
"utciso":"2023-04-30T07:40:03Z"
}