{
    "time": "2023-07-02T23:50:03.207600+02:00",
    "accelleration": {
        "x": 0.10955599695444107,
        "y": -0.9384239912033081,
        "z": -0.30695199966430664
    },
    "position": {
        "pitch": 353.6661593963116,
        "roll": 251.89582977959435,
        "yaw": 158.12143377654476
    }
}