{
    "time": "2022-07-07T14:40:03.366468+02:00",
    "accelleration": {
        "x": 0.11007044464349747,
        "y": -0.9197943806648254,
        "z": -0.3461170494556427
    },
    "position": {
        "pitch": 353.6253054735648,
        "roll": 249.36437725808003,
        "yaw": 174.09863960379528
    }
}