{
    "time": "2022-07-09T14:10:02.541184+02:00",
    "accelleration": {
        "x": 0.10885821282863617,
        "y": -0.9236539602279663,
        "z": -0.3350297510623932
    },
    "position": {
        "pitch": 353.6865257397561,
        "roll": 250.06379545927848,
        "yaw": 167.02126588771978
    }
}