{
    "time": "2023-04-30T08:30:03.295334+02:00",
    "accelleration": {
        "x": 0.1088239997625351,
        "y": -0.9386679530143738,
        "z": -0.30914798378944397
    },
    "position": {
        "pitch": 353.7212487139492,
        "roll": 251.7784939598427,
        "yaw": 146.31135368267573
    }
}