{
    "time": "2023-05-16T10:30:02.772854+02:00",
    "accelleration": {
        "x": 0.11150799691677094,
        "y": -0.9398880004882812,
        "z": -0.3111000061035156
    },
    "position": {
        "pitch": 353.57438214443414,
        "roll": 251.6902752365228,
        "yaw": 173.47205170971665
    }
}