{
    "time": "2023-06-11T03:00:03.149005+02:00",
    "accelleration": {
        "x": 0.11297199875116348,
        "y": -0.941107988357544,
        "z": -0.31378400325775146
    },
    "position": {
        "pitch": 353.5535167702934,
        "roll": 251.57142311477543,
        "yaw": 158.19272729110136
    }
}