{
    "time": "2022-07-01T03:00:03.158171+02:00",
    "accelleration": {
        "x": 0.11201001703739166,
        "y": -0.9202768206596375,
        "z": -0.34563499689102173
    },
    "position": {
        "pitch": 353.4661624927904,
        "roll": 249.40049529841104,
        "yaw": 120.79846611365706
    }
}