{
    "time": "2023-05-26T03:10:03.395888+02:00",
    "accelleration": {
        "x": 0.10979999601840973,
        "y": -0.9415959715843201,
        "z": -0.31744399666786194
    },
    "position": {
        "pitch": 353.6957204550394,
        "roll": 251.38402321451775,
        "yaw": 178.57412105744612
    }
}