{
    "time": "2023-05-20T02:40:02.871912+02:00",
    "accelleration": {
        "x": 0.1105320006608963,
        "y": -0.945743978023529,
        "z": -0.3169559836387634
    },
    "position": {
        "pitch": 353.67819205519504,
        "roll": 251.47885356095424,
        "yaw": 148.97673938362482
    }
}