{
    "time": "2023-06-07T10:30:03.012532+02:00",
    "accelleration": {
        "x": 0.11370399594306946,
        "y": -0.9418399930000305,
        "z": -0.3184199929237366
    },
    "position": {
        "pitch": 353.4762220807773,
        "roll": 251.32916313510424,
        "yaw": 159.1362769438036
    }
}