{
    "time": "2023-06-17T05:40:03.240989+02:00",
    "accelleration": {
        "x": 0.11224000155925751,
        "y": -0.9396439790725708,
        "z": -0.3118319809436798
    },
    "position": {
        "pitch": 353.5348280920638,
        "roll": 251.65361761124734,
        "yaw": 158.19600578190298
    }
}