{
    "time": "2023-05-30T10:00:03.360142+02:00",
    "accelleration": {
        "x": 0.11321599781513214,
        "y": -0.9391559958457947,
        "z": -0.31549200415611267
    },
    "position": {
        "pitch": 353.48501125357865,
        "roll": 251.4441015584572,
        "yaw": 125.83433726795077
    }
}