{
    "time": "2022-07-17T13:50:02.514306+02:00",
    "accelleration": {
        "x": 0.11007044464349747,
        "y": -0.9222065806388855,
        "z": -0.3251475393772125
    },
    "position": {
        "pitch": 353.59386824724936,
        "roll": 250.5540459473345,
        "yaw": 178.35782262681016
    }
}