{
    "time": "2023-06-19T15:10:03.493107+02:00",
    "accelleration": {
        "x": 0.10906799882650375,
        "y": -0.9391559958457947,
        "z": -0.30695199966430664
    },
    "position": {
        "pitch": 353.69774603301516,
        "roll": 251.90176521398308,
        "yaw": 157.15619144303858
    }
}