{
    "time": "2022-07-03T20:10:03.018086+02:00",
    "accelleration": {
        "x": 0.10958555340766907,
        "y": -0.9185882210731506,
        "z": -0.33719897270202637
    },
    "position": {
        "pitch": 353.61573680542443,
        "roll": 249.8200874795033,
        "yaw": 165.09016650368207
    }
}