{
    "time": "2023-05-06T02:10:02.443465+02:00",
    "accelleration": {
        "x": 0.11394799500703812,
        "y": -0.9406200051307678,
        "z": -0.3071959912776947
    },
    "position": {
        "pitch": 353.43704881145317,
        "roll": 251.9193256303392,
        "yaw": 204.34859485376361
    }
}