{
    "time": "2022-07-17T22:50:02.950646+02:00",
    "accelleration": {
        "x": 0.10958555340766907,
        "y": -0.9185882210731506,
        "z": -0.32490652799606323
    },
    "position": {
        "pitch": 353.6004756014977,
        "roll": 250.50699277414228,
        "yaw": 141.15830380298127
    }
}