{
    "time": "2023-05-06T02:40:02.986233+02:00",
    "accelleration": {
        "x": 0.11492399871349335,
        "y": -0.9423279762268066,
        "z": -0.3111000061035156
    },
    "position": {
        "pitch": 353.4020398230886,
        "roll": 251.7385851645223,
        "yaw": 129.85561114179578
    }
}