{
    "time": "2023-05-14T17:50:03.098144+02:00",
    "accelleration": {
        "x": 0.1088239997625351,
        "y": -0.9403759837150574,
        "z": -0.3123199939727783
    },
    "position": {
        "pitch": 353.7311827972101,
        "roll": 251.70646278485572,
        "yaw": 187.1435122590416
    }
}