{
    "time": "2023-04-30T15:10:02.577810+02:00",
    "accelleration": {
        "x": 0.10589599609375,
        "y": -0.9393999576568604,
        "z": -0.30621999502182007
    },
    "position": {
        "pitch": 353.88151782216306,
        "roll": 251.95572370842618,
        "yaw": 172.9941570338692
    }
}