{
    "time": "2023-06-24T06:10:02.963050+02:00",
    "accelleration": {
        "x": 0.11077599972486496,
        "y": -0.9398880004882812,
        "z": -0.30524399876594543
    },
    "position": {
        "pitch": 353.6073843378432,
        "roll": 252.0155561655555,
        "yaw": 158.34132488668416
    }
}