{
    "time": "2023-06-17T10:00:02.794609+02:00",
    "accelleration": {
        "x": 0.1105320006608963,
        "y": -0.9401319622993469,
        "z": -0.3096359968185425
    },
    "position": {
        "pitch": 353.62956452339915,
        "roll": 251.77531792187864,
        "yaw": 157.74335548522788
    }
}