{
    "time": "2023-05-04T15:00:02.647639+02:00",
    "accelleration": {
        "x": 0.10955599695444107,
        "y": -0.9376919865608215,
        "z": -0.30866000056266785
    },
    "position": {
        "pitch": 353.6168787276763,
        "roll": 251.84997871969603,
        "yaw": 196.63060403505426
    }
}