{
    "time": "2023-06-04T21:40:02.420348+02:00",
    "accelleration": {
        "x": 0.11224000155925751,
        "y": -0.9391559958457947,
        "z": -0.3142719864845276
    },
    "position": {
        "pitch": 353.4859572347787,
        "roll": 251.5053683553122,
        "yaw": 159.00225497190962
    }
}