{
    "time": "2023-05-28T21:30:03.514289+02:00",
    "accelleration": {
        "x": 0.11370399594306946,
        "y": -0.9406200051307678,
        "z": -0.3125639855861664
    },
    "position": {
        "pitch": 353.4587244167842,
        "roll": 251.5637050010133,
        "yaw": 199.95943333084338
    }
}