{
    "time": "2023-06-08T04:40:02.689326+02:00",
    "accelleration": {
        "x": 0.1134599968791008,
        "y": -0.9415959715843201,
        "z": -0.31500399112701416
    },
    "position": {
        "pitch": 353.4317012002199,
        "roll": 251.50495171377284,
        "yaw": 158.59599532007726
    }
}