{
    "time": "2023-05-23T03:10:03.308214+02:00",
    "accelleration": {
        "x": 0.11248400062322617,
        "y": -0.9413520097732544,
        "z": -0.3230559825897217
    },
    "position": {
        "pitch": 353.55142246353915,
        "roll": 251.01483782950024,
        "yaw": 191.66221514976027
    }
}