{
    "time": "2023-05-22T23:30:02.777797+02:00",
    "accelleration": {
        "x": 0.11150799691677094,
        "y": -0.9415959715843201,
        "z": -0.313539981842041
    },
    "position": {
        "pitch": 353.5894589332533,
        "roll": 251.58657930454365,
        "yaw": 157.6802308769186
    }
}