{
    "time": "2023-05-07T00:50:02.879275+02:00",
    "accelleration": {
        "x": 0.11394799500703812,
        "y": -0.9423279762268066,
        "z": -0.3111000061035156
    },
    "position": {
        "pitch": 353.45889815972123,
        "roll": 251.73991705141046,
        "yaw": 182.64932974744323
    }
}