{
    "time": "2022-07-07T09:50:03.200281+02:00",
    "accelleration": {
        "x": 0.10837332904338837,
        "y": -0.9207592606544495,
        "z": -0.3432247042655945
    },
    "position": {
        "pitch": 353.71495768283677,
        "roll": 249.53763866675575,
        "yaw": 148.1743970618234
    }
}