{
    "time": "2023-05-03T19:40:02.725201+02:00",
    "accelleration": {
        "x": 0.11150799691677094,
        "y": -0.9420839548110962,
        "z": -0.3142719864845276
    },
    "position": {
        "pitch": 353.5936104076082,
        "roll": 251.56515983130652,
        "yaw": 185.66681170010648
    }
}