{
    "time": "2023-05-19T22:50:03.157916+02:00",
    "accelleration": {
        "x": 0.10906799882650375,
        "y": -0.9406200051307678,
        "z": -0.31793197989463806
    },
    "position": {
        "pitch": 353.72610924731725,
        "roll": 251.33847951313214,
        "yaw": 114.38548538871619
    }
}