{
    "time": "2023-05-25T23:20:03.003192+02:00",
    "accelleration": {
        "x": 0.115167997777462,
        "y": -0.9418399930000305,
        "z": -0.3172000050544739
    },
    "position": {
        "pitch": 353.39857819783987,
        "roll": 251.3905733659318,
        "yaw": 127.19359955429667
    }
}