{
    "time": "2023-06-01T01:10:02.627223+02:00",
    "accelleration": {
        "x": 0.11004399508237839,
        "y": -0.9413520097732544,
        "z": -0.31378400325775146
    },
    "position": {
        "pitch": 353.67104596977595,
        "roll": 251.57287111487943,
        "yaw": 136.07662940011343
    }
}