{
    "time": "2023-05-05T04:00:02.420432+02:00",
    "accelleration": {
        "x": 0.11150799691677094,
        "y": -0.9420839548110962,
        "z": -0.31280800700187683
    },
    "position": {
        "pitch": 353.5946263982472,
        "roll": 251.64053779898677,
        "yaw": 105.7522355608468
    }
}