{
    "time": "2023-06-12T05:30:02.915410+02:00",
    "accelleration": {
        "x": 0.1134599968791008,
        "y": -0.9428159594535828,
        "z": -0.31500399112701416
    },
    "position": {
        "pitch": 353.487358704219,
        "roll": 251.53059224391706,
        "yaw": 158.8863876428295
    }
}