{
    "time": "2022-07-20T01:10:03.274316+02:00",
    "accelleration": {
        "x": 0.10837332904338837,
        "y": -0.9195531010627747,
        "z": -0.32153213024139404
    },
    "position": {
        "pitch": 353.66556773117475,
        "roll": 250.7148764117208,
        "yaw": 191.59691854129497
    }
}