{
    "time": "2023-06-28T15:20:03.422229+02:00",
    "accelleration": {
        "x": 0.1076039969921112,
        "y": -0.9374479651451111,
        "z": -0.3025600016117096
    },
    "position": {
        "pitch": 353.7640949174995,
        "roll": 252.1157072293554,
        "yaw": 158.04638365794466
    }
}