{
    "time": "2022-07-15T05:20:03.360005+02:00",
    "accelleration": {
        "x": 0.10837332904338837,
        "y": -0.9224478602409363,
        "z": -0.32948607206344604
    },
    "position": {
        "pitch": 353.70580907133035,
        "roll": 250.331217855852,
        "yaw": 108.84743140588645
    }
}