{
    "time": "2022-06-29T22:40:02.625883+02:00",
    "accelleration": {
        "x": 0.11346468329429626,
        "y": -0.9197943806648254,
        "z": -0.3526248037815094
    },
    "position": {
        "pitch": 353.4410478872122,
        "roll": 249.01312111963378,
        "yaw": 137.2788792978191
    }
}