{
    "time": "2023-06-15T12:30:02.496455+02:00",
    "accelleration": {
        "x": 0.11224000155925751,
        "y": -0.9396439790725708,
        "z": -0.3742959797382355
    },
    "position": {
        "pitch": 353.6622422828226,
        "roll": 248.35113918527614,
        "yaw": 160.6792986395795
    }
}