{
    "time": "2023-06-01T02:40:02.932346+02:00",
    "accelleration": {
        "x": 0.10784799605607986,
        "y": -0.9391559958457947,
        "z": -0.31378400325775146
    },
    "position": {
        "pitch": 353.7838042821232,
        "roll": 251.5350523574451,
        "yaw": 193.332742816962
    }
}