{
    "time": "2023-06-15T09:00:02.937229+02:00",
    "accelleration": {
        "x": 0.11467999964952469,
        "y": -0.9403759837150574,
        "z": -0.3184199929237366
    },
    "position": {
        "pitch": 353.41085631664663,
        "roll": 251.3012618123447,
        "yaw": 158.54127184444712
    }
}