{
    "time": "2023-05-31T16:30:02.594240+02:00",
    "accelleration": {
        "x": 0.11224000155925751,
        "y": -0.9398880004882812,
        "z": -0.313539981842041
    },
    "position": {
        "pitch": 353.5385812810127,
        "roll": 251.55920390635026,
        "yaw": 187.67242844798903
    }
}