{
    "time": "2023-07-05T21:20:03.269669+02:00",
    "accelleration": {
        "x": 0.10906799882650375,
        "y": -0.937936007976532,
        "z": -0.3030479848384857
    },
    "position": {
        "pitch": 353.6837257890832,
        "roll": 252.0985566243495,
        "yaw": 158.47825651916457
    }
}