{
    "time": "2023-06-15T20:00:02.736203+02:00",
    "accelleration": {
        "x": 0.11224000155925751,
        "y": -0.9396439790725708,
        "z": -0.31207600235939026
    },
    "position": {
        "pitch": 353.52636762211625,
        "roll": 251.62842104339916,
        "yaw": 157.83494832199776
    }
}