{
    "time": "2023-04-30T00:00:03.954816+02:00",
    "accelleration": {
        "x": 0.10809199512004852,
        "y": -0.9420839548110962,
        "z": -0.3106119930744171
    },
    "position": {
        "pitch": 353.7856941100892,
        "roll": 251.77305029907419,
        "yaw": 118.63330980714134
    }
}