{
    "time": "2023-05-29T08:50:02.826531+02:00",
    "accelleration": {
        "x": 0.1117519959807396,
        "y": -0.9413520097732544,
        "z": -0.3147599995136261
    },
    "position": {
        "pitch": 353.57999058351635,
        "roll": 251.5194931865158,
        "yaw": 179.50131923727537
    }
}