{
    "time": "2022-06-29T16:50:02.592799+02:00",
    "accelleration": {
        "x": 0.11104022711515427,
        "y": -0.9190706610679626,
        "z": -0.34852734208106995
    },
    "position": {
        "pitch": 353.56982683514457,
        "roll": 249.21778090792404,
        "yaw": 185.85354907201463
    }
}