{
    "time": "2023-07-01T20:50:03.305003+02:00",
    "accelleration": {
        "x": 0.10979999601840973,
        "y": -0.9374479651451111,
        "z": -0.3047559857368469
    },
    "position": {
        "pitch": 353.6428116752944,
        "roll": 251.99639065474443,
        "yaw": 157.6529511013736
    }
}