{
    "time": "2023-06-24T09:10:02.902883+02:00",
    "accelleration": {
        "x": 0.10931199789047241,
        "y": -0.9391559958457947,
        "z": -0.30451199412345886
    },
    "position": {
        "pitch": 353.6861910604868,
        "roll": 252.0427471486413,
        "yaw": 158.57946626228582
    }
}