{
    "time": "2022-07-09T06:20:02.438751+02:00",
    "accelleration": {
        "x": 0.10764598846435547,
        "y": -0.9210004806518555,
        "z": -0.34394779801368713
    },
    "position": {
        "pitch": 353.7638622641809,
        "roll": 249.51625334446442,
        "yaw": 109.41732872985398
    }
}