{
    "time": "2023-06-25T01:30:03.492344+02:00",
    "accelleration": {
        "x": 0.10906799882650375,
        "y": -0.9406200051307678,
        "z": -0.3008520007133484
    },
    "position": {
        "pitch": 353.70033766291834,
        "roll": 252.26946844795071,
        "yaw": 158.971013686646
    }
}