{
    "time": "2023-06-22T08:00:03.331088+02:00",
    "accelleration": {
        "x": 0.11028799414634705,
        "y": -0.9391559958457947,
        "z": -0.30451199412345886
    },
    "position": {
        "pitch": 353.6284170516186,
        "roll": 252.03904518611117,
        "yaw": 158.22791642570527
    }
}