{
    "time": "2023-05-08T13:10:02.451933+02:00",
    "accelleration": {
        "x": 0.11004399508237839,
        "y": -0.9408639669418335,
        "z": -0.3025600016117096
    },
    "position": {
        "pitch": 353.646558460941,
        "roll": 252.1717830824412,
        "yaw": 123.95688218965435
    }
}