{
    "time": "2023-07-01T00:50:02.806684+02:00",
    "accelleration": {
        "x": 0.10833600163459778,
        "y": -0.9389119744300842,
        "z": -0.3084160089492798
    },
    "position": {
        "pitch": 353.7450143571662,
        "roll": 251.82726834070576,
        "yaw": 158.27370601390103
    }
}