{
    "time": "2023-05-23T04:50:02.811799+02:00",
    "accelleration": {
        "x": 0.11467999964952469,
        "y": -0.9425719976425171,
        "z": -0.32671600580215454
    },
    "position": {
        "pitch": 353.4408536537077,
        "roll": 250.90308910448965,
        "yaw": 175.6227280151919
    }
}