{
    "time": "2022-07-18T00:30:02.963910+02:00",
    "accelleration": {
        "x": 0.11176756769418716,
        "y": -0.9212417006492615,
        "z": -0.32177314162254333
    },
    "position": {
        "pitch": 353.48389409076253,
        "roll": 250.72768301641457,
        "yaw": 110.19348410637754
    }
}