{
    "time": "2023-05-31T04:10:02.747121+02:00",
    "accelleration": {
        "x": 0.11541199684143066,
        "y": -0.9403759837150574,
        "z": -0.3130519986152649
    },
    "position": {
        "pitch": 353.36511453977505,
        "roll": 251.59519217308707,
        "yaw": 194.6975375565356
    }
}