{
    "time": "2023-05-03T23:50:03.237757+02:00",
    "accelleration": {
        "x": 0.11297199875116348,
        "y": -0.9415959715843201,
        "z": -0.31915199756622314
    },
    "position": {
        "pitch": 353.5155934255874,
        "roll": 251.36555438300206,
        "yaw": 139.0917617677022
    }
}