{
    "time": "2023-07-02T04:00:02.632822+02:00",
    "accelleration": {
        "x": 0.11028799414634705,
        "y": -0.9393999576568604,
        "z": -0.3079279959201813
    },
    "position": {
        "pitch": 353.63514009219597,
        "roll": 251.8605108713962,
        "yaw": 158.0405643367718
    }
}