{
    "time": "2023-05-26T21:40:02.755745+02:00",
    "accelleration": {
        "x": 0.11565599590539932,
        "y": -0.9406200051307678,
        "z": -0.3169559836387634
    },
    "position": {
        "pitch": 353.30081727336267,
        "roll": 251.38516385610916,
        "yaw": 108.88406171040523
    }
}