{
    "time": "2022-07-09T09:50:03.069057+02:00",
    "accelleration": {
        "x": 0.11128267645835876,
        "y": -0.9207592606544495,
        "z": -0.34876835346221924
    },
    "position": {
        "pitch": 353.5649082451685,
        "roll": 249.25338668406732,
        "yaw": 184.60484022757456
    }
}