{
    "time": "2022-06-30T01:10:03.388418+02:00",
    "accelleration": {
        "x": 0.11128267645835876,
        "y": -0.9210004806518555,
        "z": -0.35551717877388
    },
    "position": {
        "pitch": 353.5785438640728,
        "roll": 248.88183805359697,
        "yaw": 164.43791075870251
    }
}