{
    "time": "2023-06-16T13:00:03.029988+02:00",
    "accelleration": {
        "x": 0.11150799691677094,
        "y": -0.9384239912033081,
        "z": -0.2500999867916107
    },
    "position": {
        "pitch": 353.44877026984256,
        "roll": 255.0120489468993,
        "yaw": 155.3488960678965
    }
}