{
    "time": "2023-06-12T03:50:02.729367+02:00",
    "accelleration": {
        "x": 0.1117519959807396,
        "y": -0.9406200051307678,
        "z": -0.3118319809436798
    },
    "position": {
        "pitch": 353.5663891155579,
        "roll": 251.6658846309967,
        "yaw": 158.66362785323872
    }
}