{
    "time": "2023-06-18T01:20:02.997830+02:00",
    "accelleration": {
        "x": 0.1117519959807396,
        "y": -0.9389119744300842,
        "z": -0.3079279959201813
    },
    "position": {
        "pitch": 353.5510468031348,
        "roll": 251.84723981383888,
        "yaw": 158.85282409324807
    }
}