{
    "time": "2022-07-22T11:00:03.109196+02:00",
    "accelleration": {
        "x": 0.10425174236297607,
        "y": -0.9207592606544495,
        "z": -0.3208090364933014
    },
    "position": {
        "pitch": 353.9072987980721,
        "roll": 250.77704479354625,
        "yaw": 162.49226307173268
    }
}