{
    "time": "2023-06-15T16:10:03.278079+02:00",
    "accelleration": {
        "x": 0.11419199407100677,
        "y": -0.9398880004882812,
        "z": -0.3113439977169037
    },
    "position": {
        "pitch": 353.4205628692309,
        "roll": 251.67500293353865,
        "yaw": 158.07698290542632
    }
}