{
    "time": "2023-05-11T01:50:03.323537+02:00",
    "accelleration": {
        "x": 0.10931199789047241,
        "y": -0.9415959715843201,
        "z": -0.3101239800453186
    },
    "position": {
        "pitch": 353.7082969677355,
        "roll": 251.78152656383418,
        "yaw": 167.59035724936524
    }
}