{
    "time": "2023-05-05T15:00:03.176693+02:00",
    "accelleration": {
        "x": 0.10955599695444107,
        "y": -0.9428159594535828,
        "z": -0.31036800146102905
    },
    "position": {
        "pitch": 353.6966233206703,
        "roll": 251.79033067767432,
        "yaw": 186.40938986667027
    }
}