{
    "time": "2022-07-08T05:10:02.910797+02:00",
    "accelleration": {
        "x": 0.10934310406446457,
        "y": -0.9205180406570435,
        "z": -0.3429836630821228
    },
    "position": {
        "pitch": 353.6633999998869,
        "roll": 249.55578647938046,
        "yaw": 145.52126472024534
    }
}