{
    "time": "2022-07-09T13:00:03.267327+02:00",
    "accelleration": {
        "x": 0.11007044464349747,
        "y": -0.9255837798118591,
        "z": -0.32611170411109924
    },
    "position": {
        "pitch": 353.621387933189,
        "roll": 250.5731568166322,
        "yaw": 131.79013928079684
    }
}