{
    "time": "2023-06-16T13:10:02.470655+02:00",
    "accelleration": {
        "x": 0.11101999878883362,
        "y": -0.9398880004882812,
        "z": -0.3130519986152649
    },
    "position": {
        "pitch": 353.6036746913502,
        "roll": 251.58232409669074,
        "yaw": 158.208341103544
    }
}