{
    "time": "2022-06-30T22:40:02.667317+02:00",
    "accelleration": {
        "x": 0.10982800275087357,
        "y": -0.9190706610679626,
        "z": -0.34394779801368713
    },
    "position": {
        "pitch": 353.6185751759114,
        "roll": 249.46586703895724,
        "yaw": 138.1773087208642
    }
}