{
    "time": "2023-05-04T06:00:03.022767+02:00",
    "accelleration": {
        "x": 0.11394799500703812,
        "y": -0.9445239901542664,
        "z": -0.3125639855861664
    },
    "position": {
        "pitch": 353.4764530265486,
        "roll": 251.7066267093958,
        "yaw": 192.5049785310698
    }
}