{
    "time": "2023-06-24T01:00:03.178437+02:00",
    "accelleration": {
        "x": 0.11150799691677094,
        "y": -0.9396439790725708,
        "z": -0.3042680025100708
    },
    "position": {
        "pitch": 353.5639498842506,
        "roll": 252.06417345206762,
        "yaw": 158.32337514954537
    }
}