{
    "time": "2023-07-03T05:10:03.034589+02:00",
    "accelleration": {
        "x": 0.11077599972486496,
        "y": -0.9386679530143738,
        "z": -0.3096359968185425
    },
    "position": {
        "pitch": 353.6069886137581,
        "roll": 251.7506131276507,
        "yaw": 158.51929229569802
    }
}