{
    "time": "2022-07-03T16:00:03.703573+02:00",
    "accelleration": {
        "x": 0.10716108977794647,
        "y": -0.9178645610809326,
        "z": -0.3335835635662079
    },
    "position": {
        "pitch": 353.7459095388343,
        "roll": 249.99119054840128,
        "yaw": 147.685014007792
    }
}