{
    "time": "2023-05-11T10:10:02.490220+02:00",
    "accelleration": {
        "x": 0.11248400062322617,
        "y": -0.9401319622993469,
        "z": -0.31329599022865295
    },
    "position": {
        "pitch": 353.53663296955193,
        "roll": 251.52180862064444,
        "yaw": 187.639725502243
    }
}