{
    "time": "2023-07-01T03:10:02.761609+02:00",
    "accelleration": {
        "x": 0.11004399508237839,
        "y": -0.937936007976532,
        "z": -0.3096359968185425
    },
    "position": {
        "pitch": 353.6460914467565,
        "roll": 251.73973263630285,
        "yaw": 158.8591488484195
    }
}