{
    "time": "2023-05-20T17:10:03.274659+02:00",
    "accelleration": {
        "x": 0.1088239997625351,
        "y": -0.9406200051307678,
        "z": -0.3164680004119873
    },
    "position": {
        "pitch": 353.74705444929396,
        "roll": 251.4167261602638,
        "yaw": 99.03453277627499
    }
}