{
    "time": "2023-06-09T16:30:02.483040+02:00",
    "accelleration": {
        "x": 0.11224000155925751,
        "y": -0.9408639669418335,
        "z": -0.3106119930744171
    },
    "position": {
        "pitch": 353.539125988599,
        "roll": 251.73181644705483,
        "yaw": 157.67611910303827
    }
}