{
    "time": "2023-05-27T22:50:02.618529+02:00",
    "accelleration": {
        "x": 0.1117519959807396,
        "y": -0.9398880004882812,
        "z": -0.30866000056266785
    },
    "position": {
        "pitch": 353.56024450662585,
        "roll": 251.81636052860125,
        "yaw": 118.45101205819371
    }
}