{
    "time": "2023-05-14T15:30:03.123171+02:00",
    "accelleration": {
        "x": 0.11419199407100677,
        "y": -0.9393999576568604,
        "z": -0.31378400325775146
    },
    "position": {
        "pitch": 353.431939829954,
        "roll": 251.53571488579456,
        "yaw": 115.95598493552308
    }
}