{
    "time": "2023-07-04T18:40:03.031878+02:00",
    "accelleration": {
        "x": 0.10979999601840973,
        "y": -0.9384239912033081,
        "z": -0.3047559857368469
    },
    "position": {
        "pitch": 353.6505472914163,
        "roll": 252.00913578773566,
        "yaw": 158.14230683464834
    }
}