{
    "time": "2023-05-24T16:30:02.471983+02:00",
    "accelleration": {
        "x": 0.11150799691677094,
        "y": -0.9386679530143738,
        "z": -0.30573198199272156
    },
    "position": {
        "pitch": 353.5568452068533,
        "roll": 251.95810061425735,
        "yaw": 100.37246438184293
    }
}