{
    "time": "2023-05-09T03:20:02.522599+02:00",
    "accelleration": {
        "x": 0.10858000069856644,
        "y": -0.9425719976425171,
        "z": -0.3093920052051544
    },
    "position": {
        "pitch": 353.75486647815717,
        "roll": 251.83235000144822,
        "yaw": 153.27391191880332
    }
}