{
    "time": "2023-06-01T14:00:03.238316+02:00",
    "accelleration": {
        "x": 0.11101999878883362,
        "y": -0.9389119744300842,
        "z": -0.31280800700187683
    },
    "position": {
        "pitch": 353.59165270463734,
        "roll": 251.57360194512063,
        "yaw": 178.51028610946318
    }
}