{
    "time": "2023-06-05T09:50:02.542874+02:00",
    "accelleration": {
        "x": 0.11443600058555603,
        "y": -0.9423279762268066,
        "z": -0.3152479827404022
    },
    "position": {
        "pitch": 353.43134603038305,
        "roll": 251.5095416008951,
        "yaw": 158.99206432966795
    }
}