{
    "time": "2023-07-02T17:40:02.622934+02:00",
    "accelleration": {
        "x": 0.11126399785280228,
        "y": -0.937936007976532,
        "z": -0.30280399322509766
    },
    "position": {
        "pitch": 353.5564038058782,
        "roll": 252.11001768177675,
        "yaw": 157.27935341415224
    }
}