{
    "time": "2023-05-27T07:50:03.092354+02:00",
    "accelleration": {
        "x": 0.10858000069856644,
        "y": -0.9430599808692932,
        "z": -0.30914798378944397
    },
    "position": {
        "pitch": 353.7535320299481,
        "roll": 251.79294664012644,
        "yaw": 150.78109777742375
    }
}