{
    "time": "2023-05-02T10:40:02.681192+02:00",
    "accelleration": {
        "x": 0.1105320006608963,
        "y": -0.9415959715843201,
        "z": -0.3193959891796112
    },
    "position": {
        "pitch": 353.65706713386584,
        "roll": 251.28559335838872,
        "yaw": 150.85357974489594
    }
}