{
    "time": "2023-05-27T15:40:03.407733+02:00",
    "accelleration": {
        "x": 0.11321599781513214,
        "y": -0.9396439790725708,
        "z": -0.30621999502182007
    },
    "position": {
        "pitch": 353.4713133091982,
        "roll": 251.9503893306844,
        "yaw": 121.78063365592655
    }
}