{
    "time": "2023-06-02T08:40:02.659542+02:00",
    "accelleration": {
        "x": 0.11394799500703812,
        "y": -0.9408639669418335,
        "z": -0.3159799873828888
    },
    "position": {
        "pitch": 353.45247351303317,
        "roll": 251.44466846415833,
        "yaw": 157.88965813724957
    }
}