{
    "time": "2023-05-08T15:20:02.613038+02:00",
    "accelleration": {
        "x": 0.1105320006608963,
        "y": -0.9393999576568604,
        "z": -0.30451199412345886
    },
    "position": {
        "pitch": 353.61400834067763,
        "roll": 252.03619699722725,
        "yaw": 161.98270363889307
    }
}