{
    "time": "2023-05-01T05:40:02.540993+02:00",
    "accelleration": {
        "x": 0.11394799500703812,
        "y": -0.9442799687385559,
        "z": -0.31622397899627686
    },
    "position": {
        "pitch": 353.483492390262,
        "roll": 251.50026620400223,
        "yaw": 202.77561594828802
    }
}