{
    "time": "2023-06-27T13:10:03.228734+02:00",
    "accelleration": {
        "x": 0.10906799882650375,
        "y": -0.9374479651451111,
        "z": -0.2989000082015991
    },
    "position": {
        "pitch": 353.6740269204618,
        "roll": 252.31531267765985,
        "yaw": 158.29998858182725
    }
}