{
    "time": "2023-05-05T21:00:02.773622+02:00",
    "accelleration": {
        "x": 0.10955599695444107,
        "y": -0.9401319622993469,
        "z": -0.2500999867916107
    },
    "position": {
        "pitch": 353.57377126939025,
        "roll": 255.0457354398858,
        "yaw": 117.93566062493791
    }
}