{
    "time": "2023-05-26T05:40:02.961229+02:00",
    "accelleration": {
        "x": 0.11541199684143066,
        "y": -0.9445239901542664,
        "z": -0.3169559836387634
    },
    "position": {
        "pitch": 353.4000364432277,
        "roll": 251.45692865371848,
        "yaw": 191.59888563577593
    }
}