{
    "time": "2022-07-05T17:40:02.637713+02:00",
    "accelleration": {
        "x": 0.11370714008808136,
        "y": -0.9200355410575867,
        "z": -0.3396092653274536
    },
    "position": {
        "pitch": 353.3985722214244,
        "roll": 249.7248746424733,
        "yaw": 149.73381121160736
    }
}