{
    "time": "2023-06-23T04:30:02.923391+02:00",
    "accelleration": {
        "x": 0.10906799882650375,
        "y": -0.9381799697875977,
        "z": -0.3037799894809723
    },
    "position": {
        "pitch": 353.6892441550458,
        "roll": 252.0631352633138,
        "yaw": 157.98906471042991
    }
}