{
    "time": "2023-06-28T22:00:02.524776+02:00",
    "accelleration": {
        "x": 0.11004399508237839,
        "y": -0.9384239912033081,
        "z": -0.30109599232673645
    },
    "position": {
        "pitch": 353.6275346765552,
        "roll": 252.21333795335153,
        "yaw": 158.42739893060465
    }
}