{
    "time": "2022-07-07T19:30:02.459364+02:00",
    "accelleration": {
        "x": 0.10910066217184067,
        "y": -0.9181057810783386,
        "z": -0.33286046981811523
    },
    "position": {
        "pitch": 353.63609546490613,
        "roll": 250.0508522508013,
        "yaw": 113.45534339735468
    }
}