{
    "time": "2023-06-12T09:30:02.781010+02:00",
    "accelleration": {
        "x": 0.1134599968791008,
        "y": -0.9413520097732544,
        "z": -0.31500399112701416
    },
    "position": {
        "pitch": 353.47934646543575,
        "roll": 251.50573718552738,
        "yaw": 158.46810685805795
    }
}