{
    "time": "2023-06-17T12:10:02.915992+02:00",
    "accelleration": {
        "x": 0.11077599972486496,
        "y": -0.9386679530143738,
        "z": -0.3076840043067932
    },
    "position": {
        "pitch": 353.6012205190041,
        "roll": 251.8534279652269,
        "yaw": 157.8696730037381
    }
}