{
    "time": "2022-07-13T03:50:02.538742+02:00",
    "accelleration": {
        "x": 0.11152512580156326,
        "y": -0.9238952398300171,
        "z": -0.3290040194988251
    },
    "position": {
        "pitch": 353.57821003857714,
        "roll": 250.39354333202837,
        "yaw": 139.06893527549602
    }
}