{
    "time": "2022-07-10T00:00:03.183549+02:00",
    "accelleration": {
        "x": 0.10813087970018387,
        "y": -0.9236539602279663,
        "z": -0.3302091658115387
    },
    "position": {
        "pitch": 353.66487702829494,
        "roll": 250.31275585452545,
        "yaw": 173.49132650355443
    }
}