{
    "time": "2023-05-03T01:10:02.981892+02:00",
    "accelleration": {
        "x": 0.11297199875116348,
        "y": -0.9415959715843201,
        "z": -0.3213479816913605
    },
    "position": {
        "pitch": 353.5292042850559,
        "roll": 251.17902874695818,
        "yaw": 122.14335768198924
    }
}