{
    "time": "2022-07-18T01:10:03.120008+02:00",
    "accelleration": {
        "x": 0.10473663359880447,
        "y": -0.9202768206596375,
        "z": -0.3285219669342041
    },
    "position": {
        "pitch": 353.8893486340465,
        "roll": 250.345841290865,
        "yaw": 176.12685061745222
    }
}