{
    "time": "2023-06-16T14:20:02.521844+02:00",
    "accelleration": {
        "x": 0.11101999878883362,
        "y": -0.9401319622993469,
        "z": -0.3101239800453186
    },
    "position": {
        "pitch": 353.59875994335556,
        "roll": 251.74420641020922,
        "yaw": 158.14662351420378
    }
}