{
    "time": "2023-05-06T18:50:03.642588+02:00",
    "accelleration": {
        "x": 0.10906799882650375,
        "y": -0.9384239912033081,
        "z": -0.3020719885826111
    },
    "position": {
        "pitch": 353.68470250613456,
        "roll": 252.15337572262803,
        "yaw": 140.8729931409715
    }
}