{
    "time": "2023-05-06T21:00:03.357035+02:00",
    "accelleration": {
        "x": 0.11077599972486496,
        "y": -0.9420839548110962,
        "z": -0.30524399876594543
    },
    "position": {
        "pitch": 353.6207160133294,
        "roll": 252.05255530028944,
        "yaw": 149.63881694063085
    }
}