{
    "time": "2023-05-26T10:00:03.312350+02:00",
    "accelleration": {
        "x": 0.11028799414634705,
        "y": -0.9403759837150574,
        "z": -0.31768798828125
    },
    "position": {
        "pitch": 353.6610094336774,
        "roll": 251.28514939609266,
        "yaw": 101.01106657867162
    }
}