{
    "time": "2022-07-05T12:40:03.053520+02:00",
    "accelleration": {
        "x": 0.10982800275087357,
        "y": -0.9205180406570435,
        "z": -0.34684014320373535
    },
    "position": {
        "pitch": 353.64196473183733,
        "roll": 249.33314280300556,
        "yaw": 163.23478659678312
    }
}