{
    "time": "2022-07-18T02:10:02.711752+02:00",
    "accelleration": {
        "x": 0.11079778522253036,
        "y": -0.9212417006492615,
        "z": -0.31960391998291016
    },
    "position": {
        "pitch": 353.53211522630284,
        "roll": 250.84521691165213,
        "yaw": 128.53758953765842
    }
}