{
    "time": "2023-06-03T18:10:03.242496+02:00",
    "accelleration": {
        "x": 0.11297199875116348,
        "y": -0.9415959715843201,
        "z": -0.3142719864845276
    },
    "position": {
        "pitch": 353.50691396269957,
        "roll": 251.54770186778796,
        "yaw": 158.97500251712125
    }
}