{
    "time": "2023-06-24T00:50:02.543675+02:00",
    "accelleration": {
        "x": 0.11028799414634705,
        "y": -0.9389119744300842,
        "z": -0.3025600016117096
    },
    "position": {
        "pitch": 353.62461562445867,
        "roll": 252.14354025022317,
        "yaw": 158.7920490700133
    }
}