{
    "time": "2023-06-05T18:00:03.190386+02:00",
    "accelleration": {
        "x": 0.1105320006608963,
        "y": -0.9393999576568604,
        "z": -0.2520520091056824
    },
    "position": {
        "pitch": 353.5133552579737,
        "roll": 254.91841388356758,
        "yaw": 155.73116809536378
    }
}