{
    "time": "2023-06-03T13:30:03.102299+02:00",
    "accelleration": {
        "x": 0.11224000155925751,
        "y": -0.9406200051307678,
        "z": -0.3111000061035156
    },
    "position": {
        "pitch": 353.5388860782044,
        "roll": 251.70261738835302,
        "yaw": 159.67744649212204
    }
}