{
    "time": "2023-06-13T13:40:03.067791+02:00",
    "accelleration": {
        "x": 0.11297199875116348,
        "y": -0.941107988357544,
        "z": -0.3159799873828888
    },
    "position": {
        "pitch": 353.5074330570765,
        "roll": 251.44598669066812,
        "yaw": 157.90542221385394
    }
}