{
    "time": "2023-06-20T02:30:03.423214+02:00",
    "accelleration": {
        "x": 0.10858000069856644,
        "y": -0.9398880004882812,
        "z": -0.3071959912776947
    },
    "position": {
        "pitch": 353.7311716981527,
        "roll": 251.90645755394286,
        "yaw": 157.51861494077778
    }
}