{
    "time": "2022-07-12T15:40:02.506668+02:00",
    "accelleration": {
        "x": 0.10425174236297607,
        "y": -0.9197943806648254,
        "z": -0.32321932911872864
    },
    "position": {
        "pitch": 353.89891217954494,
        "roll": 250.60844840407367,
        "yaw": 168.32278575482238
    }
}