{
    "time": "2023-05-20T17:00:02.712869+02:00",
    "accelleration": {
        "x": 0.10735999792814255,
        "y": -0.9403759837150574,
        "z": -0.3159799873828888
    },
    "position": {
        "pitch": 353.8251158275444,
        "roll": 251.43851446371613,
        "yaw": 116.20359295331437
    }
}