{
    "time": "2023-05-05T10:10:02.725339+02:00",
    "accelleration": {
        "x": 0.11004399508237839,
        "y": -0.9423279762268066,
        "z": -0.31207600235939026
    },
    "position": {
        "pitch": 353.67356374825874,
        "roll": 251.68953757609245,
        "yaw": 153.63245586909397
    }
}