{
    "time": "2023-05-21T03:30:03.232125+02:00",
    "accelleration": {
        "x": 0.10833600163459778,
        "y": -0.9401319622993469,
        "z": -0.31036800146102905
    },
    "position": {
        "pitch": 353.7582888298181,
        "roll": 251.73857150414398,
        "yaw": 189.1961753499272
    }
}