{
    "time": "2023-06-30T05:30:02.983028+02:00",
    "accelleration": {
        "x": 0.1088239997625351,
        "y": -0.9398880004882812,
        "z": -0.305976003408432
    },
    "position": {
        "pitch": 353.7192043529532,
        "roll": 251.97807891757964,
        "yaw": 158.813892014979
    }
}