{
    "time": "2022-07-14T08:00:03.289639+02:00",
    "accelleration": {
        "x": 0.10934310406446457,
        "y": -0.9217241406440735,
        "z": -0.33454766869544983
    },
    "position": {
        "pitch": 353.65220788115823,
        "roll": 250.0476010807564,
        "yaw": 179.44927319579986
    }
}