{
    "time": "2022-07-03T08:00:02.991148+02:00",
    "accelleration": {
        "x": 0.11370714008808136,
        "y": -0.9214829206466675,
        "z": -0.3492504358291626
    },
    "position": {
        "pitch": 353.4364861746203,
        "roll": 249.2358740790354,
        "yaw": 126.25998099664763
    }
}