{
    "time": "2023-06-28T07:50:02.511458+02:00",
    "accelleration": {
        "x": 0.10833600163459778,
        "y": -0.9393999576568604,
        "z": -0.3020719885826111
    },
    "position": {
        "pitch": 353.7388949345567,
        "roll": 252.1779507432617,
        "yaw": 158.62644430339716
    }
}