{
    "time": "2022-07-20T04:20:02.742654+02:00",
    "accelleration": {
        "x": 0.10619131475687027,
        "y": -0.9205180406570435,
        "z": -0.32129111886024475
    },
    "position": {
        "pitch": 353.79451145742087,
        "roll": 250.73271686583286,
        "yaw": 183.2752209622265
    }
}