{
    "time": "2022-07-15T14:30:03.066247+02:00",
    "accelleration": {
        "x": 0.10958555340766907,
        "y": -0.9214829206466675,
        "z": -0.3297271132469177
    },
    "position": {
        "pitch": 353.6192453882237,
        "roll": 250.3083298919433,
        "yaw": 132.6486394179541
    }
}