{
    "time": "2023-05-10T11:20:02.718329+02:00",
    "accelleration": {
        "x": 0.11150799691677094,
        "y": -0.9425719976425171,
        "z": -0.31451600790023804
    },
    "position": {
        "pitch": 353.6037220757876,
        "roll": 251.55600054762954,
        "yaw": 184.31033613094195
    }
}