{
    "time": "2023-07-01T21:00:03.299717+02:00",
    "accelleration": {
        "x": 0.10955599695444107,
        "y": -0.9374479651451111,
        "z": -0.30402398109436035
    },
    "position": {
        "pitch": 353.65598924463745,
        "roll": 252.0355754500128,
        "yaw": 157.4712544090729
    }
}