{
    "time": "2023-05-26T15:00:02.516260+02:00",
    "accelleration": {
        "x": 0.10809199512004852,
        "y": -0.9401319622993469,
        "z": -0.31329599022865295
    },
    "position": {
        "pitch": 353.77294172002195,
        "roll": 251.5123419784548,
        "yaw": 184.39350051427604
    }
}