{
    "time": "2022-07-12T15:30:03.109602+02:00",
    "accelleration": {
        "x": 0.11152512580156326,
        "y": -0.9236539602279663,
        "z": -0.3268347680568695
    },
    "position": {
        "pitch": 353.5185965743881,
        "roll": 250.50529205703896,
        "yaw": 183.68754582204184
    }
}