{
    "time": "2023-05-26T19:40:03.215385+02:00",
    "accelleration": {
        "x": 0.11492399871349335,
        "y": -0.9403759837150574,
        "z": -0.3142719864845276
    },
    "position": {
        "pitch": 353.3926803294916,
        "roll": 251.52353665850444,
        "yaw": 124.22394258620184
    }
}