{
    "time": "2023-06-03T01:20:02.438404+02:00",
    "accelleration": {
        "x": 0.11370399594306946,
        "y": -0.941107988357544,
        "z": -0.31500399112701416
    },
    "position": {
        "pitch": 353.4657317639858,
        "roll": 251.50228793999653,
        "yaw": 159.11401052710937
    }
}