{
    "time": "2023-05-21T02:50:02.490948+02:00",
    "accelleration": {
        "x": 0.11224000155925751,
        "y": -0.9418399930000305,
        "z": -0.3118319809436798
    },
    "position": {
        "pitch": 353.5556191878973,
        "roll": 251.68729727404468,
        "yaw": 180.50264227244324
    }
}