{
    "time": "2023-05-31T05:30:03.075525+02:00",
    "accelleration": {
        "x": 0.11467999964952469,
        "y": -0.9413520097732544,
        "z": -0.3106119930744171
    },
    "position": {
        "pitch": 353.4033909198838,
        "roll": 251.73966433441115,
        "yaw": 103.47901200128315
    }
}