{
    "time": "2023-05-01T10:20:02.753874+02:00",
    "accelleration": {
        "x": 0.11589999496936798,
        "y": -0.9425719976425171,
        "z": -0.3152479827404022
    },
    "position": {
        "pitch": 353.3576243835765,
        "roll": 251.51850963927532,
        "yaw": 97.49476225054399
    }
}