{
    "time": "2022-07-07T19:10:02.785081+02:00",
    "accelleration": {
        "x": 0.10522152483463287,
        "y": -0.9171409010887146,
        "z": -0.34659910202026367
    },
    "position": {
        "pitch": 353.8765236732193,
        "roll": 249.28532464862627,
        "yaw": 171.93997197699107
    }
}