{
    "time": "2023-06-24T10:10:02.874622+02:00",
    "accelleration": {
        "x": 0.10906799882650375,
        "y": -0.9396439790725708,
        "z": -0.3054879903793335
    },
    "position": {
        "pitch": 353.704060116016,
        "roll": 251.99981257951862,
        "yaw": 158.08978267993092
    }
}