{
    "time": "2023-05-22T01:50:02.877149+02:00",
    "accelleration": {
        "x": 0.1134599968791008,
        "y": -0.9437919855117798,
        "z": -0.31866398453712463
    },
    "position": {
        "pitch": 353.50725120328985,
        "roll": 251.35220819336385,
        "yaw": 188.82938053111914
    }
}