{
    "time": "2023-05-19T05:40:03.334071+02:00",
    "accelleration": {
        "x": 0.11150799691677094,
        "y": -0.9440360069274902,
        "z": -0.31573599576950073
    },
    "position": {
        "pitch": 353.6136484750857,
        "roll": 251.5222252621838,
        "yaw": 186.16884426448075
    }
}