{
    "time": "2023-06-15T09:30:03.415070+02:00",
    "accelleration": {
        "x": 0.11589999496936798,
        "y": -0.9401319622993469,
        "z": -0.31744399666786194
    },
    "position": {
        "pitch": 353.27793656652995,
        "roll": 251.34836962705032,
        "yaw": 158.24194563426047
    }
}