{
    "time": "2023-05-14T05:00:03.256938+02:00",
    "accelleration": {
        "x": 0.10809199512004852,
        "y": -0.9440360069274902,
        "z": -0.30987998843193054
    },
    "position": {
        "pitch": 353.78792544751366,
        "roll": 251.83618856776178,
        "yaw": 146.1840799376817
    }
}