{
    "time": "2023-06-22T12:40:03.534163+02:00",
    "accelleration": {
        "x": 0.10955599695444107,
        "y": -0.937936007976532,
        "z": -0.3020719885826111
    },
    "position": {
        "pitch": 353.65675550648496,
        "roll": 252.14845115623643,
        "yaw": 157.9850622195763
    }
}