{
    "time": "2023-05-27T04:50:03.043333+02:00",
    "accelleration": {
        "x": 0.10906799882650375,
        "y": -0.9406200051307678,
        "z": -0.30914798378944397
    },
    "position": {
        "pitch": 353.71830746373786,
        "roll": 251.8082394336781,
        "yaw": 147.21240589836214
    }
}