{
    "time": "2023-07-04T07:50:03.394137+02:00",
    "accelleration": {
        "x": 0.10979999601840973,
        "y": -0.9384239912033081,
        "z": -0.30817198753356934
    },
    "position": {
        "pitch": 353.6561582918194,
        "roll": 251.8305126805615,
        "yaw": 157.87878447609089
    }
}