{
    "time": "2023-05-01T13:30:03.126439+02:00",
    "accelleration": {
        "x": 0.11126399785280228,
        "y": -0.9381799697875977,
        "z": -0.3147599995136261
    },
    "position": {
        "pitch": 353.58395678899,
        "roll": 251.46594450342292,
        "yaw": 187.58765214001082
    }
}