{
    "time": "2023-04-30T22:10:03.216392+02:00",
    "accelleration": {
        "x": 0.11443600058555603,
        "y": -0.941107988357544,
        "z": -0.3140279948711395
    },
    "position": {
        "pitch": 353.4295509712918,
        "roll": 251.5615876423706,
        "yaw": 183.07334789111763
    }
}