{
    "time": "2023-05-23T00:30:02.768316+02:00",
    "accelleration": {
        "x": 0.11077599972486496,
        "y": -0.9364719986915588,
        "z": -0.3230559825897217
    },
    "position": {
        "pitch": 353.6180821216307,
        "roll": 250.97722397774098,
        "yaw": 140.9834372998506
    }
}