{
    "time": "2022-07-09T23:40:03.096129+02:00",
    "accelleration": {
        "x": 0.10764598846435547,
        "y": -0.9253425002098083,
        "z": -0.3251475393772125
    },
    "position": {
        "pitch": 353.7938775304885,
        "roll": 250.61794919720916,
        "yaw": 149.1161845257198
    }
}