{
    "time": "2023-06-08T10:30:03.278783+02:00",
    "accelleration": {
        "x": 0.11248400062322617,
        "y": -0.9415959715843201,
        "z": -0.31451600790023804
    },
    "position": {
        "pitch": 353.53707735873485,
        "roll": 251.53742926327624,
        "yaw": 158.44411923369285
    }
}