{
    "time": "2023-05-10T05:30:03.383916+02:00",
    "accelleration": {
        "x": 0.1134599968791008,
        "y": -0.9418399930000305,
        "z": -0.31915199756622314
    },
    "position": {
        "pitch": 353.49480147598024,
        "roll": 251.292997283449,
        "yaw": 154.84478712601455
    }
}