{
    "time": "2023-06-23T01:00:03.198506+02:00",
    "accelleration": {
        "x": 0.10955599695444107,
        "y": -0.9398880004882812,
        "z": -0.30329200625419617
    },
    "position": {
        "pitch": 353.6724000547789,
        "roll": 252.12056349385526,
        "yaw": 158.43448866696315
    }
}