{
    "time": "2023-06-12T04:10:02.998498+02:00",
    "accelleration": {
        "x": 0.11077599972486496,
        "y": -0.9396439790725708,
        "z": -0.3108559846878052
    },
    "position": {
        "pitch": 353.60922720825863,
        "roll": 251.7686926383837,
        "yaw": 157.9814832004512
    }
}