{
    "time": "2023-06-03T08:30:02.754676+02:00",
    "accelleration": {
        "x": 0.115167997777462,
        "y": -0.9415959715843201,
        "z": -0.3152479827404022
    },
    "position": {
        "pitch": 353.38500618507226,
        "roll": 251.49588805274425,
        "yaw": 159.20795294895373
    }
}