{
    "time": "2023-06-10T22:10:03.193218+02:00",
    "accelleration": {
        "x": 0.11150799691677094,
        "y": -0.9391559958457947,
        "z": -0.3118319809436798
    },
    "position": {
        "pitch": 353.57039758282707,
        "roll": 251.63719783648264,
        "yaw": 158.61305713262394
    }
}