{
    "time": "2023-06-15T18:00:02.844232+02:00",
    "accelleration": {
        "x": 0.11224000155925751,
        "y": -0.9389119744300842,
        "z": -0.3106119930744171
    },
    "position": {
        "pitch": 353.52295807705997,
        "roll": 251.69284338765073,
        "yaw": 158.52384120168523
    }
}