{
    "time": "2022-07-22T11:10:03.258505+02:00",
    "accelleration": {
        "x": 0.10473663359880447,
        "y": -0.9222065806388855,
        "z": -0.33237841725349426
    },
    "position": {
        "pitch": 353.9045688568382,
        "roll": 250.16648735344964,
        "yaw": 137.71517812162116
    }
}