{
    "time": "2023-05-06T11:40:02.471206+02:00",
    "accelleration": {
        "x": 0.1088239997625351,
        "y": -0.9403759837150574,
        "z": -0.3123199939727783
    },
    "position": {
        "pitch": 353.73000373580464,
        "roll": 251.63953376117877,
        "yaw": 185.96205345716945
    }
}