{
    "time": "2023-06-16T10:00:03.374926+02:00",
    "accelleration": {
        "x": 0.11126399785280228,
        "y": -0.9393999576568604,
        "z": -0.3140279948711395
    },
    "position": {
        "pitch": 353.65419546620666,
        "roll": 251.52593405490313,
        "yaw": 158.65607366401667
    }
}