{
    "time": "2022-07-16T02:10:02.963718+02:00",
    "accelleration": {
        "x": 0.11079778522253036,
        "y": -0.9197943806648254,
        "z": -0.3314143121242523
    },
    "position": {
        "pitch": 353.5529255320434,
        "roll": 250.17985403365535,
        "yaw": 118.39992224320201
    }
}