{
    "time": "2022-07-10T14:40:02.488281+02:00",
    "accelleration": {
        "x": 0.11007044464349747,
        "y": -0.9210004806518555,
        "z": -0.3314143121242523
    },
    "position": {
        "pitch": 353.5955036506688,
        "roll": 250.1928245628892,
        "yaw": 184.35850262496888
    }
}