{
    "time": "2022-07-13T11:40:03.234408+02:00",
    "accelleration": {
        "x": 0.10764598846435547,
        "y": -0.9234127402305603,
        "z": -0.33261945843696594
    },
    "position": {
        "pitch": 353.81686325147973,
        "roll": 250.18799561914602,
        "yaw": 145.24871285160515
    }
}