{
    "time": "2023-04-30T01:40:03.109619+02:00",
    "accelleration": {
        "x": 0.10711599886417389,
        "y": -0.9420839548110962,
        "z": -0.30866000056266785
    },
    "position": {
        "pitch": 353.83508406175116,
        "roll": 251.87581049513705,
        "yaw": 118.03692500957251
    }
}