{
    "time": "2023-05-15T23:20:03.203607+02:00",
    "accelleration": {
        "x": 0.11492399871349335,
        "y": -0.9430599808692932,
        "z": -0.3096359968185425
    },
    "position": {
        "pitch": 353.4032090660972,
        "roll": 251.82976818994197,
        "yaw": 116.86635352923739
    }
}