{
    "time": "2023-05-06T20:10:02.406232+02:00",
    "accelleration": {
        "x": 0.11004399508237839,
        "y": -0.9413520097732544,
        "z": -0.30914798378944397
    },
    "position": {
        "pitch": 353.66225338188,
        "roll": 251.82965207672606,
        "yaw": 182.55708121251303
    }
}