{
    "time": "2023-07-04T05:20:03.413803+02:00",
    "accelleration": {
        "x": 0.11004399508237839,
        "y": -0.9389119744300842,
        "z": -0.3093920052051544
    },
    "position": {
        "pitch": 353.6477904563125,
        "roll": 251.7691775818148,
        "yaw": 157.74558212689732
    }
}