{
    "time": "2023-05-28T03:30:03.126207+02:00",
    "accelleration": {
        "x": 0.11248400062322617,
        "y": -0.9418399930000305,
        "z": -0.3113439977169037
    },
    "position": {
        "pitch": 353.53275128766927,
        "roll": 251.7108887474379,
        "yaw": 181.6197743527122
    }
}