{
    "time": "2023-06-22T09:10:02.879546+02:00",
    "accelleration": {
        "x": 0.11028799414634705,
        "y": -0.9389119744300842,
        "z": -0.3030479848384857
    },
    "position": {
        "pitch": 353.6242126432976,
        "roll": 252.1154545123561,
        "yaw": 157.99343603149873
    }
}