{
    "time": "2022-07-13T13:30:03.273518+02:00",
    "accelleration": {
        "x": 0.10473663359880447,
        "y": -0.9222065806388855,
        "z": -0.3287630081176758
    },
    "position": {
        "pitch": 353.90058813721254,
        "roll": 250.36402325443558,
        "yaw": 145.44484856381123
    }
}