{
    "time": "2023-05-02T18:40:03.378809+02:00",
    "accelleration": {
        "x": 0.10979999601840973,
        "y": -0.9418399930000305,
        "z": -0.25229600071907043
    },
    "position": {
        "pitch": 353.5726903919541,
        "roll": 254.9493887914536,
        "yaw": 146.99241916557438
    }
}