{
    "time": "2023-06-27T05:50:03.196581+02:00",
    "accelleration": {
        "x": 0.10979999601840973,
        "y": -0.937936007976532,
        "z": -0.3020719885826111
    },
    "position": {
        "pitch": 353.64712067088703,
        "roll": 252.15316398676373,
        "yaw": 158.32159930036116
    }
}