{
    "time": "2023-06-08T16:30:02.500584+02:00",
    "accelleration": {
        "x": 0.11101999878883362,
        "y": -0.9384239912033081,
        "z": -0.3108559846878052
    },
    "position": {
        "pitch": 353.592546605645,
        "roll": 251.67727738653227,
        "yaw": 158.65940679633167
    }
}