{
    "time": "2022-07-11T03:50:02.675042+02:00",
    "accelleration": {
        "x": 0.10885821282863617,
        "y": -0.9224478602409363,
        "z": -0.3270758092403412
    },
    "position": {
        "pitch": 353.6106803310045,
        "roll": 250.4634844691293,
        "yaw": 183.27057643359092
    }
}