{
    "time": "2023-05-25T05:20:02.756515+02:00",
    "accelleration": {
        "x": 0.11077599972486496,
        "y": -0.9406200051307678,
        "z": -0.3189080059528351
    },
    "position": {
        "pitch": 353.6366598092863,
        "roll": 251.28268369780227,
        "yaw": 187.47845107556066
    }
}