{
    "time": "2023-05-25T08:20:03.322827+02:00",
    "accelleration": {
        "x": 0.10955599695444107,
        "y": -0.9398880004882812,
        "z": -0.31329599022865295
    },
    "position": {
        "pitch": 353.68438191413037,
        "roll": 251.57201051104403,
        "yaw": 186.74480679643125
    }
}