{
    "time": "2023-06-07T16:50:03.206993+02:00",
    "accelleration": {
        "x": 0.11101999878883362,
        "y": -0.9396439790725708,
        "z": -0.25034400820732117
    },
    "position": {
        "pitch": 353.48663598482744,
        "roll": 255.01851030585414,
        "yaw": 155.36389516331386
    }
}