{
    "time": "2023-05-22T23:50:03.008459+02:00",
    "accelleration": {
        "x": 0.1134599968791008,
        "y": -0.9401319622993469,
        "z": -0.31451600790023804
    },
    "position": {
        "pitch": 353.47516895098465,
        "roll": 251.50704858184804,
        "yaw": 173.95732298986772
    }
}