{
    "time": "2022-07-11T22:00:03.110201+02:00",
    "accelleration": {
        "x": 0.10716108977794647,
        "y": -0.9210004806518555,
        "z": -0.3331015110015869
    },
    "position": {
        "pitch": 353.76218246453186,
        "roll": 250.11198927406213,
        "yaw": 141.0005400935323
    }
}