{
    "time": "2022-07-22T00:50:03.151500+02:00",
    "accelleration": {
        "x": 0.10691864788532257,
        "y": -0.9212417006492615,
        "z": -0.32129111886024475
    },
    "position": {
        "pitch": 353.7577752849699,
        "roll": 250.75830275446373,
        "yaw": 163.01796907177024
    }
}