{
    "time": "2023-07-02T18:00:03.290212+02:00",
    "accelleration": {
        "x": 0.1105320006608963,
        "y": -0.9372040033340454,
        "z": -0.30621999502182007
    },
    "position": {
        "pitch": 353.60065574773705,
        "roll": 251.9077962710202,
        "yaw": 158.09793792579993
    }
}