{
    "time": "2023-05-23T05:00:02.977161+02:00",
    "accelleration": {
        "x": 0.115167997777462,
        "y": -0.9418399930000305,
        "z": -0.31744399666786194
    },
    "position": {
        "pitch": 353.39236229880834,
        "roll": 251.38799155442555,
        "yaw": 130.99513258216402
    }
}