{
    "time": "2023-07-01T21:30:02.679682+02:00",
    "accelleration": {
        "x": 0.10906799882650375,
        "y": -0.9384239912033081,
        "z": -0.30573198199272156
    },
    "position": {
        "pitch": 353.69055640514006,
        "roll": 251.95958959549642,
        "yaw": 157.80829692385637
    }
}