{
    "time": "2023-05-16T06:40:02.488404+02:00",
    "accelleration": {
        "x": 0.1117519959807396,
        "y": -0.9430599808692932,
        "z": -0.3159799873828888
    },
    "position": {
        "pitch": 353.5960995846738,
        "roll": 251.50030718513722,
        "yaw": 180.23810904588865
    }
}