{
    "time": "2022-07-14T16:00:03.089586+02:00",
    "accelleration": {
        "x": 0.11201001703739166,
        "y": -0.9248600602149963,
        "z": -0.32490652799606323
    },
    "position": {
        "pitch": 353.49184272340915,
        "roll": 250.62173312200935,
        "yaw": 136.44211282260082
    }
}