{
    "time": "2023-05-19T15:50:02.870944+02:00",
    "accelleration": {
        "x": 0.11565599590539932,
        "y": -0.9430599808692932,
        "z": -0.31622397899627686
    },
    "position": {
        "pitch": 353.3717867808205,
        "roll": 251.47609416452954,
        "yaw": 163.1273067400038
    }
}