{
    "time": "2023-05-20T07:50:02.516611+02:00",
    "accelleration": {
        "x": 0.11419199407100677,
        "y": -0.9423279762268066,
        "z": -0.3172000050544739
    },
    "position": {
        "pitch": 353.4548073032952,
        "roll": 251.40652185764378,
        "yaw": 203.54021464473593
    }
}