{
    "time": "2023-07-04T19:40:02.796465+02:00",
    "accelleration": {
        "x": 0.10955599695444107,
        "y": -0.9372040033340454,
        "z": -0.30621999502182007
    },
    "position": {
        "pitch": 353.65840585094315,
        "roll": 251.90994095041958,
        "yaw": 158.18530970566272
    }
}