{
    "time": "2023-05-26T18:20:02.788270+02:00",
    "accelleration": {
        "x": 0.11492399871349335,
        "y": -0.9413520097732544,
        "z": -0.3140279948711395
    },
    "position": {
        "pitch": 353.3970636033914,
        "roll": 251.55444326449876,
        "yaw": 115.53012264077277
    }
}