{
    "time": "2023-05-02T07:10:03.446915+02:00",
    "accelleration": {
        "x": 0.1088239997625351,
        "y": -0.9428159594535828,
        "z": -0.3106119930744171
    },
    "position": {
        "pitch": 353.7455116803152,
        "roll": 251.77464173315082,
        "yaw": 122.96971494891241
    }
}