{
    "time": "2023-05-27T10:30:03.191974+02:00",
    "accelleration": {
        "x": 0.11101999878883362,
        "y": -0.9406200051307678,
        "z": -0.3159799873828888
    },
    "position": {
        "pitch": 353.6152424704833,
        "roll": 251.44675850204433,
        "yaw": 161.7618972834049
    }
}