{
    "time": "2023-05-30T18:30:03.290633+02:00",
    "accelleration": {
        "x": 0.10906799882650375,
        "y": -0.9381799697875977,
        "z": -0.30646398663520813
    },
    "position": {
        "pitch": 353.68833104413113,
        "roll": 251.8413112096393,
        "yaw": 146.99766475085696
    }
}