{
    "time": "2023-05-13T05:00:02.934162+02:00",
    "accelleration": {
        "x": 0.11077599972486496,
        "y": -0.9423279762268066,
        "z": -0.3184199929237366
    },
    "position": {
        "pitch": 353.64761372516773,
        "roll": 251.34388902295478,
        "yaw": 183.8472493052151
    }
}