{
    "time": "2023-06-30T13:50:03.332733+02:00",
    "accelleration": {
        "x": 0.10833600163459778,
        "y": -0.9381799697875977,
        "z": -0.305976003408432
    },
    "position": {
        "pitch": 353.73509521494407,
        "roll": 251.94464514159242,
        "yaw": 158.3493571891481
    }
}