{
    "time": "2023-06-06T15:40:03.309028+02:00",
    "accelleration": {
        "x": 0.11248400062322617,
        "y": -0.9389119744300842,
        "z": -0.3118319809436798
    },
    "position": {
        "pitch": 353.51236701497817,
        "roll": 251.63197957195675,
        "yaw": 158.48411682147244
    }
}