{
    "time": "2023-06-19T19:40:02.607101+02:00",
    "accelleration": {
        "x": 0.1088239997625351,
        "y": -0.9401319622993469,
        "z": -0.3067080080509186
    },
    "position": {
        "pitch": 353.71748997547155,
        "roll": 251.93579321642807,
        "yaw": 157.55888573612418
    }
}