{
    "time": "2023-05-13T08:30:03.370867+02:00",
    "accelleration": {
        "x": 0.11126399785280228,
        "y": -0.9425719976425171,
        "z": -0.31573599576950073
    },
    "position": {
        "pitch": 353.61633231254274,
        "roll": 251.4918582411339,
        "yaw": 194.8130906969139
    }
}