{
    "time": "2023-06-22T08:20:03.265169+02:00",
    "accelleration": {
        "x": 0.10906799882650375,
        "y": -0.9406200051307678,
        "z": -0.30524399876594543
    },
    "position": {
        "pitch": 353.7083490479279,
        "roll": 252.02779586454815,
        "yaw": 157.4250003680136
    }
}