{
    "time": "2023-06-15T06:20:03.455220+02:00",
    "accelleration": {
        "x": 0.11394799500703812,
        "y": -0.9418399930000305,
        "z": -0.3201279938220978
    },
    "position": {
        "pitch": 353.4630927496452,
        "roll": 251.23550075101585,
        "yaw": 158.4678882920045
    }
}