{
    "time": "2023-05-14T13:00:02.797956+02:00",
    "accelleration": {
        "x": 0.11004399508237839,
        "y": -0.9420839548110962,
        "z": -0.31329599022865295
    },
    "position": {
        "pitch": 353.67570415878987,
        "roll": 251.62282028827974,
        "yaw": 192.87529772748957
    }
}