{
    "time": "2023-04-29T22:40:03.544444+02:00",
    "accelleration": {
        "x": 0.11321599781513214,
        "y": -0.9403759837150574,
        "z": -0.3118319809436798
    },
    "position": {
        "pitch": 353.49106066674915,
        "roll": 251.663808253489,
        "yaw": 119.04104477983444
    }
}