{
    "time": "2023-07-03T05:40:02.801555+02:00",
    "accelleration": {
        "x": 0.11004399508237839,
        "y": -0.937936007976532,
        "z": -0.3096359968185425
    },
    "position": {
        "pitch": 353.6450477084739,
        "roll": 251.74074350430004,
        "yaw": 157.57979977536277
    }
}