{
    "time": "2023-05-01T17:20:03.399067+02:00",
    "accelleration": {
        "x": 0.1088239997625351,
        "y": -0.9406200051307678,
        "z": -0.3142719864845276
    },
    "position": {
        "pitch": 353.73468540359386,
        "roll": 251.5378117538698,
        "yaw": 150.08671342564358
    }
}