{
    "time": "2023-05-06T10:00:02.592648+02:00",
    "accelleration": {
        "x": 0.10931199789047241,
        "y": -0.9420839548110962,
        "z": -0.3111000061035156
    },
    "position": {
        "pitch": 353.7168359848585,
        "roll": 251.66790636699102,
        "yaw": 188.27676358575175
    }
}