{
    "time": "2023-05-26T12:40:02.806899+02:00",
    "accelleration": {
        "x": 0.11028799414634705,
        "y": -0.9391559958457947,
        "z": -0.3113439977169037
    },
    "position": {
        "pitch": 353.6426951351917,
        "roll": 251.66241489489832,
        "yaw": 185.7217674021684
    }
}