{
    "time": "2023-06-19T08:10:03.192128+02:00",
    "accelleration": {
        "x": 0.11077599972486496,
        "y": -0.9398880004882812,
        "z": -0.3108559846878052
    },
    "position": {
        "pitch": 353.61412872276173,
        "roll": 251.70098497314137,
        "yaw": 157.58292800200263
    }
}