{
    "time": "2023-04-30T06:00:02.557574+02:00",
    "accelleration": {
        "x": 0.1105320006608963,
        "y": -0.9413520097732544,
        "z": -0.3111000061035156
    },
    "position": {
        "pitch": 353.64757573224045,
        "roll": 251.72568293718015,
        "yaw": 130.68508297498047
    }
}