{
    "time": "2023-05-08T01:40:02.502892+02:00",
    "accelleration": {
        "x": 0.11370399594306946,
        "y": -0.9415959715843201,
        "z": -0.3108559846878052
    },
    "position": {
        "pitch": 353.4653164031069,
        "roll": 251.7379226361728,
        "yaw": 190.13805843647194
    }
}