{
    "time": "2023-05-08T11:30:02.974187+02:00",
    "accelleration": {
        "x": 0.11004399508237839,
        "y": -0.9401319622993469,
        "z": -0.31207600235939026
    },
    "position": {
        "pitch": 353.6633526154495,
        "roll": 251.6521901017108,
        "yaw": 97.39847024362516
    }
}