{
    "time": "2023-04-27T18:10:03.015670+02:00",
    "accelleration": {
        "x": 0.11150799691677094,
        "y": -0.9420839548110962,
        "z": -0.3030479848384857
    },
    "position": {
        "pitch": 353.57568713745246,
        "roll": 252.17654372429269,
        "yaw": 199.23554256184875
    }
}