{
    "time": "2023-04-29T18:10:03.064311+02:00",
    "accelleration": {
        "x": 0.10931199789047241,
        "y": -0.9403759837150574,
        "z": -0.3025600016117096
    },
    "position": {
        "pitch": 353.6889786314418,
        "roll": 252.16653749715863,
        "yaw": 99.3228418913304
    }
}