{
    "time": "2023-05-27T12:20:02.588640+02:00",
    "accelleration": {
        "x": 0.11394799500703812,
        "y": -0.9401319622993469,
        "z": -0.31158798933029175
    },
    "position": {
        "pitch": 353.44032388716016,
        "roll": 251.6725508956266,
        "yaw": 200.2180652739551
    }
}