{
    "time": "2022-07-01T20:40:03.208172+02:00",
    "accelleration": {
        "x": 0.11297979205846786,
        "y": -0.9200355410575867,
        "z": -0.347563236951828
    },
    "position": {
        "pitch": 353.46130195942226,
        "roll": 249.28876023377882,
        "yaw": 184.6272842291872
    }
}