{
    "time": "2023-05-26T01:20:03.347361+02:00",
    "accelleration": {
        "x": 0.11882799863815308,
        "y": -0.9433040022850037,
        "z": -0.3140279948711395
    },
    "position": {
        "pitch": 353.1925510910552,
        "roll": 251.5841545873883,
        "yaw": 170.96727107691123
    }
}