{
    "time": "2022-07-18T11:00:03.132326+02:00",
    "accelleration": {
        "x": 0.10740353912115097,
        "y": -0.9217241406440735,
        "z": -0.32129111886024475
    },
    "position": {
        "pitch": 353.7375980523881,
        "roll": 250.76251698118165,
        "yaw": 183.68578363323599
    }
}