{
    "time": "2023-05-06T16:30:02.945083+02:00",
    "accelleration": {
        "x": 0.11248400062322617,
        "y": -0.9396439790725708,
        "z": -0.3089039921760559
    },
    "position": {
        "pitch": 353.51652830773,
        "roll": 251.81014505645652,
        "yaw": 121.57983975470651
    }
}