{
    "time": "2023-06-03T16:20:03.230612+02:00",
    "accelleration": {
        "x": 0.11150799691677094,
        "y": -0.9398880004882812,
        "z": -0.31207600235939026
    },
    "position": {
        "pitch": 353.57422931895144,
        "roll": 251.63536734578508,
        "yaw": 159.4073671519614
    }
}