{
    "time": "2022-07-08T12:30:03.209168+02:00",
    "accelleration": {
        "x": 0.11055533587932587,
        "y": -0.9202768206596375,
        "z": -0.3458760380744934
    },
    "position": {
        "pitch": 353.59379951847086,
        "roll": 249.38669148609847,
        "yaw": 163.06885398108682
    }
}