{
    "time": "2023-06-24T01:30:03.168743+02:00",
    "accelleration": {
        "x": 0.10979999601840973,
        "y": -0.9398880004882812,
        "z": -0.3042680025100708
    },
    "position": {
        "pitch": 353.66055053034256,
        "roll": 252.0694941694311,
        "yaw": 158.24555197414224
    }
}