{
    "time": "2023-06-26T23:10:03.529570+02:00",
    "accelleration": {
        "x": 0.1088239997625351,
        "y": -0.9374479651451111,
        "z": -0.29987600445747375
    },
    "position": {
        "pitch": 353.69047657730414,
        "roll": 252.26378573056127,
        "yaw": 158.31226926195492
    }
}