{
    "time": "2023-06-28T03:20:03.008504+02:00",
    "accelleration": {
        "x": 0.10784799605607986,
        "y": -0.9374479651451111,
        "z": -0.30158400535583496
    },
    "position": {
        "pitch": 353.74933445181625,
        "roll": 252.17019164836458,
        "yaw": 158.60130920725152
    }
}