{
    "time": "2023-07-03T00:20:03.234604+02:00",
    "accelleration": {
        "x": 0.10858000069856644,
        "y": -0.9376919865608215,
        "z": -0.30621999502182007
    },
    "position": {
        "pitch": 353.71752156509643,
        "roll": 251.91951004544677,
        "yaw": 157.74690718359628
    }
}