{
    "time": "2023-06-09T05:30:02.541207+02:00",
    "accelleration": {
        "x": 0.11272799968719482,
        "y": -0.9408639669418335,
        "z": -0.31500399112701416
    },
    "position": {
        "pitch": 353.5194243079381,
        "roll": 251.49735654341578,
        "yaw": 158.45586715906526
    }
}