{
    "time": "2023-04-30T02:30:03.387107+02:00",
    "accelleration": {
        "x": 0.10735999792814255,
        "y": -0.9384239912033081,
        "z": -0.3079279959201813
    },
    "position": {
        "pitch": 353.7937136059484,
        "roll": 251.84603770054494,
        "yaw": 136.40908202777464
    }
}