{
    "time": "2023-06-15T04:40:03.189536+02:00",
    "accelleration": {
        "x": 0.11419199407100677,
        "y": -0.9408639669418335,
        "z": -0.31915199756622314
    },
    "position": {
        "pitch": 353.4444100478311,
        "roll": 251.27132509321257,
        "yaw": 157.58141170000687
    }
}