{
    "time": "2023-05-01T23:50:02.838544+02:00",
    "accelleration": {
        "x": 0.1088239997625351,
        "y": -0.9423279762268066,
        "z": -0.31158798933029175
    },
    "position": {
        "pitch": 353.7437460764147,
        "roll": 251.71498686093992,
        "yaw": 120.54588571814998
    }
}