{
    "time": "2023-05-20T13:10:02.660254+02:00",
    "accelleration": {
        "x": 0.10833600163459778,
        "y": -0.9403759837150574,
        "z": -0.3147599995136261
    },
    "position": {
        "pitch": 353.76796336589064,
        "roll": 251.5019737512947,
        "yaw": 154.3898965272917
    }
}