{
    "time": "2022-06-30T18:30:03.101879+02:00",
    "accelleration": {
        "x": 0.10910066217184067,
        "y": -0.9202768206596375,
        "z": -0.3463580906391144
    },
    "position": {
        "pitch": 353.67160006887235,
        "roll": 249.36487586188943,
        "yaw": 167.95185184137733
    }
}