{
    "time": "2023-05-18T20:30:02.867607+02:00",
    "accelleration": {
        "x": 0.1105320006608963,
        "y": -0.9428159594535828,
        "z": -0.3101239800453186
    },
    "position": {
        "pitch": 353.64816568983,
        "roll": 251.80497460325483,
        "yaw": 185.0961084138169
    }
}