{
    "time": "2023-06-28T22:40:02.722409+02:00",
    "accelleration": {
        "x": 0.10858000069856644,
        "y": -0.9381799697875977,
        "z": -0.3008520007133484
    },
    "position": {
        "pitch": 353.71055733346395,
        "roll": 252.22035255762916,
        "yaw": 158.4308959874597
    }
}