{
    "time": "2023-05-02T12:40:03.439923+02:00",
    "accelleration": {
        "x": 0.1105320006608963,
        "y": -0.9398880004882812,
        "z": -0.25156399607658386
    },
    "position": {
        "pitch": 353.5205440320752,
        "roll": 254.95748256562007,
        "yaw": 166.4384868269776
    }
}