{
    "time": "2022-07-16T00:50:02.976416+02:00",
    "accelleration": {
        "x": 0.10813087970018387,
        "y": -0.9207592606544495,
        "z": -0.3256296217441559
    },
    "position": {
        "pitch": 353.6921256411019,
        "roll": 250.50353669842224,
        "yaw": 141.13137919727308
    }
}