{
    "time": "2023-06-24T09:50:02.850574+02:00",
    "accelleration": {
        "x": 0.10955599695444107,
        "y": -0.9396439790725708,
        "z": -0.3030479848384857
    },
    "position": {
        "pitch": 353.671016941472,
        "roll": 252.13074730590776,
        "yaw": 159.00209104736953
    }
}