{
    "time": "2023-05-20T09:20:02.592288+02:00",
    "accelleration": {
        "x": 0.10809199512004852,
        "y": -0.9406200051307678,
        "z": -0.3164680004119873
    },
    "position": {
        "pitch": 353.78223461927456,
        "roll": 251.41543525451067,
        "yaw": 109.88283344254702
    }
}