{
    "time": "2022-07-09T14:40:02.871247+02:00",
    "accelleration": {
        "x": 0.10667620599269867,
        "y": -0.9205180406570435,
        "z": -0.33117327094078064
    },
    "position": {
        "pitch": 353.7867357139376,
        "roll": 250.20282395983412,
        "yaw": 142.51910971207957
    }
}