{
    "time": "2023-07-05T23:20:03.303162+02:00",
    "accelleration": {
        "x": 0.10931199789047241,
        "y": -0.937936007976532,
        "z": -0.30646398663520813
    },
    "position": {
        "pitch": 353.6795529703872,
        "roll": 251.9113479693886,
        "yaw": 157.93924531062385
    }
}