{
    "time": "2022-07-18T21:30:03.462066+02:00",
    "accelleration": {
        "x": 0.11176756769418716,
        "y": -0.9193118810653687,
        "z": -0.32755783200263977
    },
    "position": {
        "pitch": 353.4748184769029,
        "roll": 250.37639955721164,
        "yaw": 184.13828366574933
    }
}