{
    "time": "2022-07-11T03:40:03.287536+02:00",
    "accelleration": {
        "x": 0.10716108977794647,
        "y": -0.9217241406440735,
        "z": -0.323701411485672
    },
    "position": {
        "pitch": 353.7997877785547,
        "roll": 250.6311246321181,
        "yaw": 155.635682050767
    }
}