{
    "time": "2023-04-30T08:10:02.990517+02:00",
    "accelleration": {
        "x": 0.1134599968791008,
        "y": -0.9403759837150574,
        "z": -0.31207600235939026
    },
    "position": {
        "pitch": 353.4771433025416,
        "roll": 251.65570764913338,
        "yaw": 125.77059794261622
    }
}