{
    "time": "2022-07-17T23:00:02.836436+02:00",
    "accelleration": {
        "x": 0.10425174236297607,
        "y": -0.9214829206466675,
        "z": -0.33213740587234497
    },
    "position": {
        "pitch": 353.92916735624715,
        "roll": 250.17055814619496,
        "yaw": 177.5335417373947
    }
}