{
    "time": "2023-05-08T12:00:03.018558+02:00",
    "accelleration": {
        "x": 0.11248400062322617,
        "y": -0.9386679530143738,
        "z": -0.30743998289108276
    },
    "position": {
        "pitch": 353.5096357930838,
        "roll": 251.87048977777357,
        "yaw": 198.32849344007107
    }
}