{
    "time": "2022-07-03T06:00:03.540256+02:00",
    "accelleration": {
        "x": 0.11419202387332916,
        "y": -0.9190706610679626,
        "z": -0.3432247042655945
    },
    "position": {
        "pitch": 353.3761948141561,
        "roll": 249.4989729658643,
        "yaw": 178.07488887063155
    }
}