{
    "time": "2023-05-07T16:30:02.819150+02:00",
    "accelleration": {
        "x": 0.11248400062322617,
        "y": -0.9406200051307678,
        "z": -0.3054879903793335
    },
    "position": {
        "pitch": 353.5147891708126,
        "roll": 252.01371884466874,
        "yaw": 193.24996092422145
    }
}