{
    "time": "2022-07-22T05:20:02.607066+02:00",
    "accelleration": {
        "x": 0.10788843780755997,
        "y": -0.9212417006492615,
        "z": -0.32924503087997437
    },
    "position": {
        "pitch": 353.7236303155354,
        "roll": 250.32494091200476,
        "yaw": 122.95559011770882
    }
}