{
    "time": "2022-07-10T06:10:03.356802+02:00",
    "accelleration": {
        "x": 0.11104022711515427,
        "y": -0.9238952398300171,
        "z": -0.32948607206344604
    },
    "position": {
        "pitch": 353.5614060656716,
        "roll": 250.35624366897093,
        "yaw": 126.81776156502755
    }
}