{
    "time": "2023-06-06T12:30:03.222943+02:00",
    "accelleration": {
        "x": 0.11126399785280228,
        "y": -0.9401319622993469,
        "z": -0.31378400325775146
    },
    "position": {
        "pitch": 353.58922670682153,
        "roll": 251.6194393446406,
        "yaw": 158.92720485330952
    }
}