{
    "time": "2023-05-22T15:40:04.399077+02:00",
    "accelleration": {
        "x": 0.1117519959807396,
        "y": -0.9398880004882812,
        "z": -0.25156399607658386
    },
    "position": {
        "pitch": 353.44656796072206,
        "roll": 254.95388988611663,
        "yaw": 183.84112945571874
    }
}