{
    "time": "2023-06-01T05:50:03.174078+02:00",
    "accelleration": {
        "x": 0.10687199980020523,
        "y": -0.9381799697875977,
        "z": -0.31549200415611267
    },
    "position": {
        "pitch": 353.83628190617685,
        "roll": 251.41969729255274,
        "yaw": 202.14009416677501
    }
}