{
    "time": "2023-06-12T03:20:03.215824+02:00",
    "accelleration": {
        "x": 0.11150799691677094,
        "y": -0.9401319622993469,
        "z": -0.25107598304748535
    },
    "position": {
        "pitch": 353.46531682999375,
        "roll": 254.9889560773155,
        "yaw": 155.74995111558133
    }
}