{
    "time": "2022-06-30T09:50:02.665331+02:00",
    "accelleration": {
        "x": 0.11007044464349747,
        "y": -0.9207592606544495,
        "z": -0.3461170494556427
    },
    "position": {
        "pitch": 353.6264051340212,
        "roll": 249.38618605209987,
        "yaw": 145.39571218292215
    }
}