{
    "time": "2023-06-17T08:00:03.027352+02:00",
    "accelleration": {
        "x": 0.1134599968791008,
        "y": -0.9418399930000305,
        "z": -0.3125639855861664
    },
    "position": {
        "pitch": 353.4811880551907,
        "roll": 251.65386349805746,
        "yaw": 158.02381671292696
    }
}