{
    "time": "2022-07-04T08:10:03.293331+02:00",
    "accelleration": {
        "x": 0.11588914692401886,
        "y": -0.9202768206596375,
        "z": -0.347563236951828
    },
    "position": {
        "pitch": 353.2997287119637,
        "roll": 249.29215483779632,
        "yaw": 116.16929174330257
    }
}