{
    "time": "2023-05-15T06:10:03.596855+02:00",
    "accelleration": {
        "x": 0.10833600163459778,
        "y": -0.9428159594535828,
        "z": -0.3125639855861664
    },
    "position": {
        "pitch": 353.7715171986932,
        "roll": 251.66371263084062,
        "yaw": 157.00812660221104
    }
}