{
    "time": "2023-06-26T14:40:02.870946+02:00",
    "accelleration": {
        "x": 0.10833600163459778,
        "y": -0.8749839663505554,
        "z": -0.29865598678588867
    },
    "position": {
        "pitch": 353.32346233866906,
        "roll": 251.17916535074158,
        "yaw": 158.72546838598402
    }
}