{
    "time": "2023-06-10T14:00:02.726774+02:00",
    "accelleration": {
        "x": 0.11028799414634705,
        "y": -0.9398880004882812,
        "z": -0.3111000061035156
    },
    "position": {
        "pitch": 353.6432599064587,
        "roll": 251.68992689687514,
        "yaw": 158.17532396909618
    }
}