{
    "time": "2023-06-21T01:50:02.800039+02:00",
    "accelleration": {
        "x": 0.11199599504470825,
        "y": -0.9403759837150574,
        "z": -0.30646398663520813
    },
    "position": {
        "pitch": 353.5411063165715,
        "roll": 251.9569053311526,
        "yaw": 158.5128036159865
    }
}