{
    "time": "2023-06-18T06:30:02.697366+02:00",
    "accelleration": {
        "x": 0.11101999878883362,
        "y": -0.9403759837150574,
        "z": -0.31036800146102905
    },
    "position": {
        "pitch": 353.60490839426905,
        "roll": 251.7409142590293,
        "yaw": 158.52446957908887
    }
}