{
    "time": "2023-05-21T15:00:02.499884+02:00",
    "accelleration": {
        "x": 0.11004399508237839,
        "y": -0.9420839548110962,
        "z": -0.32085999846458435
    },
    "position": {
        "pitch": 353.6884753318773,
        "roll": 251.19557829531712,
        "yaw": 118.73585826733992
    }
}