{
    "time": "2022-07-07T05:20:02.978796+02:00",
    "accelleration": {
        "x": 0.11346468329429626,
        "y": -0.9207592606544495,
        "z": -0.34828630089759827
    },
    "position": {
        "pitch": 353.4423422080599,
        "roll": 249.2667397038947,
        "yaw": 108.70761060338712
    }
}