{
    "time": "2022-07-21T13:40:02.855607+02:00",
    "accelleration": {
        "x": 0.11128267645835876,
        "y": -0.9229303002357483,
        "z": -0.33093225955963135
    },
    "position": {
        "pitch": 353.5376848186841,
        "roll": 250.25739034111334,
        "yaw": 123.25387813914162
    }
}