{
    "time": "2022-07-06T13:00:02.912985+02:00",
    "accelleration": {
        "x": 0.11467691510915756,
        "y": -0.9188294410705566,
        "z": -0.3458760380744934
    },
    "position": {
        "pitch": 353.35610466648615,
        "roll": 249.35564827632075,
        "yaw": 123.73826149470058
    }
}