{
    "time": "2023-06-05T23:30:02.725091+02:00",
    "accelleration": {
        "x": 0.11370399594306946,
        "y": -0.9408639669418335,
        "z": -0.31451600790023804
    },
    "position": {
        "pitch": 353.4618364217248,
        "roll": 251.52253262069644,
        "yaw": 158.46200066893994
    }
}