{
    "time": "2023-06-08T13:50:03.208571+02:00",
    "accelleration": {
        "x": 0.10979999601840973,
        "y": -0.9396439790725708,
        "z": -0.3111000061035156
    },
    "position": {
        "pitch": 353.665716714676,
        "roll": 251.68537116069874,
        "yaw": 157.86474160715736
    }
}