{
    "time": "2023-06-15T22:30:02.891517+02:00",
    "accelleration": {
        "x": 0.11272799968719482,
        "y": -0.9401319622993469,
        "z": -0.31329599022865295
    },
    "position": {
        "pitch": 353.5082070028868,
        "roll": 251.57515239806224,
        "yaw": 158.6065274717774
    }
}