{
    "time": "2023-06-01T03:40:03.076137+02:00",
    "accelleration": {
        "x": 0.1088239997625351,
        "y": -0.9393999576568604,
        "z": -0.3108559846878052
    },
    "position": {
        "pitch": 353.72554404916343,
        "roll": 251.69450312361903,
        "yaw": 163.47587861410622
    }
}