{
    "time": "2023-06-04T10:00:02.736411+02:00",
    "accelleration": {
        "x": 0.11492399871349335,
        "y": -0.9420839548110962,
        "z": -0.31622397899627686
    },
    "position": {
        "pitch": 353.4048598374422,
        "roll": 251.44994820038673,
        "yaw": 159.25666585811425
    }
}