{
    "time": "2023-05-16T09:40:02.488382+02:00",
    "accelleration": {
        "x": 0.11126399785280228,
        "y": -0.9423279762268066,
        "z": -0.3147599995136261
    },
    "position": {
        "pitch": 353.613879420857,
        "roll": 251.54114488618472,
        "yaw": 134.7218613782414
    }
}