{
    "time": "2023-05-20T15:50:02.621900+02:00",
    "accelleration": {
        "x": 0.11419199407100677,
        "y": -0.944767951965332,
        "z": -0.31329599022865295
    },
    "position": {
        "pitch": 353.4646069172069,
        "roll": 251.66106934763184,
        "yaw": 118.77044634529686
    }
}