{
    "time": "2023-06-01T08:30:02.497309+02:00",
    "accelleration": {
        "x": 0.1088239997625351,
        "y": -0.9396439790725708,
        "z": -0.31573599576950073
    },
    "position": {
        "pitch": 353.7320318751013,
        "roll": 251.43929993547067,
        "yaw": 171.67404539184582
    }
}