{
    "time": "2023-06-10T03:50:02.895600+02:00",
    "accelleration": {
        "x": 0.11297199875116348,
        "y": -0.9425719976425171,
        "z": -0.31622397899627686
    },
    "position": {
        "pitch": 353.51912847536966,
        "roll": 251.46136144648983,
        "yaw": 158.20334140507157
    }
}