{
    "time": "2023-05-11T21:40:03.309371+02:00",
    "accelleration": {
        "x": 0.11419199407100677,
        "y": -0.9428159594535828,
        "z": -0.313539981842041
    },
    "position": {
        "pitch": 353.4526015790801,
        "roll": 251.62144742025657,
        "yaw": 120.72821078785431
    }
}