{
    "time": "2023-05-12T15:00:02.495879+02:00",
    "accelleration": {
        "x": 0.10906799882650375,
        "y": -0.9413520097732544,
        "z": -0.31280800700187683
    },
    "position": {
        "pitch": 353.7290808064931,
        "roll": 251.63562006278437,
        "yaw": 134.0986339372344
    }
}