{
    "time": "2023-07-06T06:50:02.657438+02:00",
    "accelleration": {
        "x": 0.11126399785280228,
        "y": -0.9381799697875977,
        "z": -0.30866000056266785
    },
    "position": {
        "pitch": 353.5742634698973,
        "roll": 251.79638905546813,
        "yaw": 158.3801750026832
    }
}