{
    "time": "2023-05-01T17:30:02.942327+02:00",
    "accelleration": {
        "x": 0.1134599968791008,
        "y": -0.9415959715843201,
        "z": -0.3169559836387634
    },
    "position": {
        "pitch": 353.4908783860757,
        "roll": 251.41348182040804,
        "yaw": 188.2178736947279
    }
}