{
    "time": "2023-06-01T04:20:03.051788+02:00",
    "accelleration": {
        "x": 0.1105320006608963,
        "y": -0.9396439790725708,
        "z": -0.3140279948711395
    },
    "position": {
        "pitch": 353.63588031394727,
        "roll": 251.533522395071,
        "yaw": 175.45141321042965
    }
}