{
    "time": "2023-05-11T06:50:02.786826+02:00",
    "accelleration": {
        "x": 0.1134599968791008,
        "y": -0.9408639669418335,
        "z": -0.31671199202537537
    },
    "position": {
        "pitch": 353.48278375813555,
        "roll": 251.4816129573789,
        "yaw": 129.32300665069653
    }
}