{
    "time": "2022-07-09T08:20:03.184410+02:00",
    "accelleration": {
        "x": 0.11273735016584396,
        "y": -0.9197943806648254,
        "z": -0.34346574544906616
    },
    "position": {
        "pitch": 353.4758724604692,
        "roll": 249.5156386274391,
        "yaw": 189.1262888543396
    }
}