{
    "time": "2023-06-14T16:40:02.488837+02:00",
    "accelleration": {
        "x": 0.11297199875116348,
        "y": -0.9398880004882812,
        "z": -0.31500399112701416
    },
    "position": {
        "pitch": 353.49764881109047,
        "roll": 251.47721431555343,
        "yaw": 158.32877099898968
    }
}