{
    "time": "2023-05-15T06:40:02.641732+02:00",
    "accelleration": {
        "x": 0.11272799968719482,
        "y": -0.9418399930000305,
        "z": -0.31451600790023804
    },
    "position": {
        "pitch": 353.53152526871327,
        "roll": 251.55355533990667,
        "yaw": 166.4908060760199
    }
}