{
    "time": "2023-06-30T07:00:03.410373+02:00",
    "accelleration": {
        "x": 0.11028799414634705,
        "y": -0.9398880004882812,
        "z": -0.3079279959201813
    },
    "position": {
        "pitch": 353.64062345343905,
        "roll": 251.87109766460972,
        "yaw": 157.9772211624091
    }
}