{
    "time": "2023-06-03T12:00:02.759830+02:00",
    "accelleration": {
        "x": 0.11199599504470825,
        "y": -0.9393999576568604,
        "z": -0.31451600790023804
    },
    "position": {
        "pitch": 353.54873691853487,
        "roll": 251.49601782633846,
        "yaw": 159.43620421063721
    }
}