{
    "time": "2023-06-09T22:30:03.295882+02:00",
    "accelleration": {
        "x": 0.11272799968719482,
        "y": -0.9401319622993469,
        "z": -0.31280800700187683
    },
    "position": {
        "pitch": 353.4624592495997,
        "roll": 251.5979379091334,
        "yaw": 157.7913443943364
    }
}