{
    "time": "2023-05-14T11:20:02.710610+02:00",
    "accelleration": {
        "x": 0.11467999964952469,
        "y": -0.941107988357544,
        "z": -0.31866398453712463
    },
    "position": {
        "pitch": 353.4349502358307,
        "roll": 251.30339283136578,
        "yaw": 163.676822779488
    }
}