{
    "time": "2023-05-07T19:30:02.806054+02:00",
    "accelleration": {
        "x": 0.1105320006608963,
        "y": -0.9396439790725708,
        "z": -0.2513200044631958
    },
    "position": {
        "pitch": 353.51833361210504,
        "roll": 254.97170301947205,
        "yaw": 143.73366761066958
    }
}