{
    "time": "2023-06-09T15:20:02.448354+02:00",
    "accelleration": {
        "x": 0.11150799691677094,
        "y": -0.9391559958457947,
        "z": -0.3108559846878052
    },
    "position": {
        "pitch": 353.6341744742021,
        "roll": 251.69699614266608,
        "yaw": 157.64907155392504
    }
}