{
    "time": "2023-05-12T14:20:03.400415+02:00",
    "accelleration": {
        "x": 0.1117519959807396,
        "y": -0.9430599808692932,
        "z": -0.31036800146102905
    },
    "position": {
        "pitch": 353.5820533006457,
        "roll": 251.79203139477767,
        "yaw": 190.5044844250648
    }
}