{
    "time": "2023-06-15T09:50:03.455839+02:00",
    "accelleration": {
        "x": 0.1134599968791008,
        "y": -0.9398880004882812,
        "z": -0.3181760013103485
    },
    "position": {
        "pitch": 353.47460802169905,
        "roll": 251.3017672463433,
        "yaw": 157.83665586929027
    }
}