{
    "time": "2023-06-23T03:10:03.791830+02:00",
    "accelleration": {
        "x": 0.10906799882650375,
        "y": -0.9406200051307678,
        "z": -0.3025600016117096
    },
    "position": {
        "pitch": 353.7027803093203,
        "roll": 252.1748771581352,
        "yaw": 158.40995462746446
    }
}