{
    "time": "2022-07-03T14:00:03.352983+02:00",
    "accelleration": {
        "x": 0.11273735016584396,
        "y": -0.9200355410575867,
        "z": -0.3494914472103119
    },
    "position": {
        "pitch": 353.4745094108429,
        "roll": 249.19140271734943,
        "yaw": 189.75592301278806
    }
}