{
    "time": "2023-05-21T22:10:03.203627+02:00",
    "accelleration": {
        "x": 0.11370399594306946,
        "y": -0.9435479640960693,
        "z": -0.31573599576950073
    },
    "position": {
        "pitch": 353.4813536872781,
        "roll": 251.50016375116468,
        "yaw": 158.82145986457937
    }
}