{
    "time": "2022-07-17T21:10:02.735856+02:00",
    "accelleration": {
        "x": 0.11031289398670197,
        "y": -0.9205180406570435,
        "z": -0.329968124628067
    },
    "position": {
        "pitch": 353.578876408908,
        "roll": 250.25581256741506,
        "yaw": 128.28255027405015
    }
}