{
    "time": "2023-06-21T15:10:02.575208+02:00",
    "accelleration": {
        "x": 0.10931199789047241,
        "y": -0.9396439790725708,
        "z": -0.30402398109436035
    },
    "position": {
        "pitch": 353.6822244281263,
        "roll": 252.07109243369686,
        "yaw": 157.31977447366037
    }
}