{
    "time": "2023-06-19T22:40:02.732787+02:00",
    "accelleration": {
        "x": 0.11004399508237839,
        "y": -0.9389119744300842,
        "z": -0.30695199966430664
    },
    "position": {
        "pitch": 353.6427975880292,
        "roll": 251.89890336472084,
        "yaw": 157.83839073733944
    }
}