{
    "time": "2023-06-23T04:10:03.022163+02:00",
    "accelleration": {
        "x": 0.11004399508237839,
        "y": -0.9393999576568604,
        "z": -0.30329200625419617
    },
    "position": {
        "pitch": 353.6459074585357,
        "roll": 252.11328251220004,
        "yaw": 158.0436925634117
    }
}