{
    "time": "2023-07-06T13:20:03.206913+02:00",
    "accelleration": {
        "x": 0.10906799882650375,
        "y": -0.937936007976532,
        "z": -0.3054879903793335
    },
    "position": {
        "pitch": 353.6883041502613,
        "roll": 251.96324374670235,
        "yaw": 158.29104103401454
    }
}