{
    "time": "2023-06-13T21:20:02.900906+02:00",
    "accelleration": {
        "x": 0.1134599968791008,
        "y": -0.941107988357544,
        "z": -0.3152479827404022
    },
    "position": {
        "pitch": 353.47847433565613,
        "roll": 251.48439967456028,
        "yaw": 158.32333416841036
    }
}