{
    "time": "2023-05-10T07:20:03.038834+02:00",
    "accelleration": {
        "x": 0.11541199684143066,
        "y": -0.9403759837150574,
        "z": -0.3172000050544739
    },
    "position": {
        "pitch": 353.3765802929574,
        "roll": 251.37373694962773,
        "yaw": 117.79805963391883
    }
}