{
    "time": "2023-06-06T23:30:03.422189+02:00",
    "accelleration": {
        "x": 0.11126399785280228,
        "y": -0.9398880004882812,
        "z": -0.3113439977169037
    },
    "position": {
        "pitch": 353.5853552702226,
        "roll": 251.67955183952589,
        "yaw": 158.6709634764073
    }
}