{
    "time": "2023-06-10T20:40:02.796288+02:00",
    "accelleration": {
        "x": 0.1117519959807396,
        "y": -0.9389119744300842,
        "z": -0.30866000056266785
    },
    "position": {
        "pitch": 353.54777556940917,
        "roll": 251.8062108674946,
        "yaw": 158.00638607016506
    }
}