{
    "time": "2022-07-09T12:00:03.399291+02:00",
    "accelleration": {
        "x": 0.10958555340766907,
        "y": -0.9234127402305603,
        "z": -0.329968124628067
    },
    "position": {
        "pitch": 353.6450238028118,
        "roll": 250.3128856281197,
        "yaw": 160.06586568984233
    }
}