{
    "time": "2023-05-16T17:40:02.967584+02:00",
    "accelleration": {
        "x": 0.11028799414634705,
        "y": -0.9415959715843201,
        "z": -0.30866000056266785
    },
    "position": {
        "pitch": 353.65744151360974,
        "roll": 251.8581476259434,
        "yaw": 188.36466812036983
    }
}