{
    "time": "2022-07-12T11:10:03.330837+02:00",
    "accelleration": {
        "x": 0.10667620599269867,
        "y": -0.9231715202331543,
        "z": -0.3205680251121521
    },
    "position": {
        "pitch": 353.79328415780435,
        "roll": 250.82250653266186,
        "yaw": 130.0734941763192
    }
}