{
    "time": "2023-05-25T18:00:02.535554+02:00",
    "accelleration": {
        "x": 0.1134599968791008,
        "y": -0.9403759837150574,
        "z": -0.31207600235939026
    },
    "position": {
        "pitch": 353.4731523376322,
        "roll": 251.6510289695519,
        "yaw": 115.47486641038738
    }
}