{
    "time": "2023-05-11T20:20:03.025454+02:00",
    "accelleration": {
        "x": 0.10858000069856644,
        "y": -0.9381799697875977,
        "z": -0.3118319809436798
    },
    "position": {
        "pitch": 353.73119645758845,
        "roll": 251.63062719450107,
        "yaw": 197.83495763102428
    }
}