{
    "time": "2022-07-13T21:00:03.194638+02:00",
    "accelleration": {
        "x": 0.11152512580156326,
        "y": -0.9214829206466675,
        "z": -0.3253886103630066
    },
    "position": {
        "pitch": 353.5076857740758,
        "roll": 250.525461605658,
        "yaw": 174.1482677583046
    }
}