{
    "time": "2022-07-19T09:40:02.990561+02:00",
    "accelleration": {
        "x": 0.10958555340766907,
        "y": -0.9226890206336975,
        "z": -0.32948607206344604
    },
    "position": {
        "pitch": 353.63075553763565,
        "roll": 250.33442121457273,
        "yaw": 138.21025755342035
    }
}