{
    "time": "2023-05-20T12:10:03.155687+02:00",
    "accelleration": {
        "x": 0.10858000069856644,
        "y": -0.9415959715843201,
        "z": -0.3147599995136261
    },
    "position": {
        "pitch": 353.7537800511923,
        "roll": 251.52389865853047,
        "yaw": 159.69849713514404
    }
}