{
    "time": "2023-05-29T20:20:03.299238+02:00",
    "accelleration": {
        "x": 0.11004399508237839,
        "y": -0.9396439790725708,
        "z": -0.30743998289108276
    },
    "position": {
        "pitch": 353.6519329660441,
        "roll": 251.88538642035337,
        "yaw": 100.52438144936235
    }
}