{
    "time": "2023-06-30T14:00:02.660955+02:00",
    "accelleration": {
        "x": 0.10858000069856644,
        "y": -0.9381799697875977,
        "z": -0.30353599786758423
    },
    "position": {
        "pitch": 353.7171117537463,
        "roll": 252.075477415144,
        "yaw": 157.4044551589902
    }
}