{
    "time": "2023-05-05T15:30:03.033101+02:00",
    "accelleration": {
        "x": 0.11101999878883362,
        "y": -0.9418399930000305,
        "z": -0.30451199412345886
    },
    "position": {
        "pitch": 353.59985661560415,
        "roll": 252.07838707573043,
        "yaw": 176.14859793976953
    }
}