{
    "time": "2022-07-13T22:50:04.475694+02:00",
    "accelleration": {
        "x": 0.10691864788532257,
        "y": -0.9251013398170471,
        "z": -0.3222552239894867
    },
    "position": {
        "pitch": 353.7920743605476,
        "roll": 250.76262626420834,
        "yaw": 157.01150071566101
    }
}