{
    "time": "2023-05-16T01:10:02.625208+02:00",
    "accelleration": {
        "x": 0.115167997777462,
        "y": -0.9440360069274902,
        "z": -0.3130519986152649
    },
    "position": {
        "pitch": 353.40634583047347,
        "roll": 251.66949097087846,
        "yaw": 122.26149263387379
    }
}