{
    "time": "2023-07-01T03:50:02.625965+02:00",
    "accelleration": {
        "x": 0.10931199789047241,
        "y": -0.9384239912033081,
        "z": -0.3084160089492798
    },
    "position": {
        "pitch": 353.68760234832405,
        "roll": 251.8174396984901,
        "yaw": 157.55665909445474
    }
}