{
    "time": "2023-06-20T10:50:02.991406+02:00",
    "accelleration": {
        "x": 0.10906799882650375,
        "y": -0.9403759837150574,
        "z": -0.30817198753356934
    },
    "position": {
        "pitch": 353.71009971078956,
        "roll": 251.86027181477525,
        "yaw": 157.76092273177315
    }
}