{
    "time": "2022-07-19T13:40:02.866131+02:00",
    "accelleration": {
        "x": 0.10279706865549088,
        "y": -0.9229303002357483,
        "z": -0.3256296217441559
    },
    "position": {
        "pitch": 354.0034034016756,
        "roll": 250.54257805971804,
        "yaw": 154.72773134401888
    }
}