{
    "time": "2023-05-30T01:20:03.067307+02:00",
    "accelleration": {
        "x": 0.11199599504470825,
        "y": -0.9403759837150574,
        "z": -0.30987998843193054
    },
    "position": {
        "pitch": 353.5481414114166,
        "roll": 251.76712852506378,
        "yaw": 99.55789602142721
    }
}