{
    "time": "2023-05-02T03:10:03.245932+02:00",
    "accelleration": {
        "x": 0.10735999792814255,
        "y": -0.9413520097732544,
        "z": -0.31549200415611267
    },
    "position": {
        "pitch": 353.8275315800764,
        "roll": 251.48734348609256,
        "yaw": 181.9046615429934
    }
}