{
    "time": "2023-04-30T12:10:02.889785+02:00",
    "accelleration": {
        "x": 0.11077599972486496,
        "y": -0.9396439790725708,
        "z": -0.3093920052051544
    },
    "position": {
        "pitch": 353.6151101355681,
        "roll": 251.7866696962792,
        "yaw": 165.59718510615045
    }
}