{
    "time": "2023-05-04T23:50:02.447304+02:00",
    "accelleration": {
        "x": 0.11224000155925751,
        "y": -0.9415959715843201,
        "z": -0.3125639855861664
    },
    "position": {
        "pitch": 353.54955269925387,
        "roll": 251.65195787527904,
        "yaw": 187.9752517150307
    }
}