{
    "time": "2023-06-12T20:30:02.518758+02:00",
    "accelleration": {
        "x": 0.11199599504470825,
        "y": -0.9403759837150574,
        "z": -0.3125639855861664
    },
    "position": {
        "pitch": 353.5540469637277,
        "roll": 251.61913198612797,
        "yaw": 158.02988192090993
    }
}