{
    "time": "2023-06-21T21:30:03.158748+02:00",
    "accelleration": {
        "x": 0.11028799414634705,
        "y": -0.9398880004882812,
        "z": -0.30402398109436035
    },
    "position": {
        "pitch": 353.63009471683347,
        "roll": 252.07758794359756,
        "yaw": 158.20131966907724
    }
}