{
    "time": "2023-04-27T14:10:02.487763+02:00",
    "accelleration": {
        "x": 0.10906799882650375,
        "y": -0.9384239912033081,
        "z": -0.30621999502182007
    },
    "position": {
        "pitch": 353.6950301790464,
        "roll": 251.93746661277473,
        "yaw": 169.97772693033812
    }
}