{
    "time": "2023-06-23T01:50:03.443089+02:00",
    "accelleration": {
        "x": 0.10931199789047241,
        "y": -0.9401319622993469,
        "z": -0.3042680025100708
    },
    "position": {
        "pitch": 353.6896561008301,
        "roll": 252.0717208111005,
        "yaw": 158.14330404226715
    }
}