{
    "time": "2023-07-01T11:20:03.100986+02:00",
    "accelleration": {
        "x": 0.11028799414634705,
        "y": -0.9384239912033081,
        "z": -0.3096359968185425
    },
    "position": {
        "pitch": 353.6302279055223,
        "roll": 251.74883044827732,
        "yaw": 158.2999749214489
    }
}