{
    "time": "2022-07-22T06:40:03.176212+02:00",
    "accelleration": {
        "x": 0.10740353912115097,
        "y": -0.9207592606544495,
        "z": -0.3285219669342041
    },
    "position": {
        "pitch": 353.7498240910024,
        "roll": 250.35245974417074,
        "yaw": 177.3419139500408
    }
}