{
    "time": "2022-07-03T18:40:02.929170+02:00",
    "accelleration": {
        "x": 0.10788843780755997,
        "y": -0.9188294410705566,
        "z": -0.3331015110015869
    },
    "position": {
        "pitch": 353.7037595876925,
        "roll": 250.0442747786306,
        "yaw": 117.82950582485758
    }
}