{
    "time": "2023-05-15T10:20:03.235153+02:00",
    "accelleration": {
        "x": 0.10906799882650375,
        "y": -0.9389119744300842,
        "z": -0.31500399112701416
    },
    "position": {
        "pitch": 353.7166473008827,
        "roll": 251.4666548430966,
        "yaw": 117.07910026150495
    }
}