{
    "time": "2022-07-17T16:10:03.599512+02:00",
    "accelleration": {
        "x": 0.10109994560480118,
        "y": -0.9171409010887146,
        "z": -0.3290040194988251
    },
    "position": {
        "pitch": 354.0774106357668,
        "roll": 250.24203607585915,
        "yaw": 133.570441748339
    }
}