{
    "time": "2023-05-01T14:10:03.836353+02:00",
    "accelleration": {
        "x": 0.10735999792814255,
        "y": -0.9391559958457947,
        "z": -0.3125639855861664
    },
    "position": {
        "pitch": 353.80718145833123,
        "roll": 251.60255511701234,
        "yaw": 158.97176500745468
    }
}