{
    "time": "2023-06-27T10:50:02.891771+02:00",
    "accelleration": {
        "x": 0.10662800073623657,
        "y": -0.9381799697875977,
        "z": -0.3025600016117096
    },
    "position": {
        "pitch": 353.8271362828782,
        "roll": 252.12938126807376,
        "yaw": 158.52180580531257
    }
}