{
    "time": "2022-07-19T16:00:02.375480+02:00",
    "accelleration": {
        "x": 0.10934310406446457,
        "y": -0.9205180406570435,
        "z": -0.33261945843696594
    },
    "position": {
        "pitch": 353.6345902619678,
        "roll": 250.12806753936832,
        "yaw": 182.41745848549965
    }
}