{
    "time": "2022-07-09T16:30:02.467540+02:00",
    "accelleration": {
        "x": 0.11297979205846786,
        "y": -0.9234127402305603,
        "z": -0.3256296217441559
    },
    "position": {
        "pitch": 353.4349549315857,
        "roll": 250.5616069667457,
        "yaw": 182.65733472915048
    }
}