{
    "time": "2023-05-26T23:10:03.219805+02:00",
    "accelleration": {
        "x": 0.11077599972486496,
        "y": -0.9393999576568604,
        "z": -0.30987998843193054
    },
    "position": {
        "pitch": 353.61218510705606,
        "roll": 251.7488372784665,
        "yaw": 100.15806474379623
    }
}