{
    "time": "2023-05-02T10:50:03.450334+02:00",
    "accelleration": {
        "x": 0.115167997777462,
        "y": -0.9435479640960693,
        "z": -0.3089039921760559
    },
    "position": {
        "pitch": 353.38684435973266,
        "roll": 251.87215634393107,
        "yaw": 132.1821648183989
    }
}