{
    "time": "2023-05-28T11:40:03.156886+02:00",
    "accelleration": {
        "x": 0.11004399508237839,
        "y": -0.9406200051307678,
        "z": -0.3089039921760559
    },
    "position": {
        "pitch": 353.6588451174842,
        "roll": 251.81767875511105,
        "yaw": 186.9990537580958
    }
}