{
    "time": "2023-06-03T04:50:03.419908+02:00",
    "accelleration": {
        "x": 0.115167997777462,
        "y": -0.941107988357544,
        "z": -0.31671199202537537
    },
    "position": {
        "pitch": 353.3860537653362,
        "roll": 251.40725268788498,
        "yaw": 159.7805277070759
    }
}