{
    "time": "2023-06-19T14:10:03.142125+02:00",
    "accelleration": {
        "x": 0.10979999601840973,
        "y": -0.9384239912033081,
        "z": -0.3054879903793335
    },
    "position": {
        "pitch": 353.6490173290422,
        "roll": 251.96911770938857,
        "yaw": 158.07173732014377
    }
}