{
    "time": "2023-06-06T18:50:02.583358+02:00",
    "accelleration": {
        "x": 0.11224000155925751,
        "y": -0.9396439790725708,
        "z": -0.3106119930744171
    },
    "position": {
        "pitch": 353.52755351371087,
        "roll": 251.70832059631,
        "yaw": 157.53709743267183
    }
}