{
    "time": "2023-06-01T18:30:03.056513+02:00",
    "accelleration": {
        "x": 0.11224000155925751,
        "y": -0.9396439790725708,
        "z": -0.3093920052051544
    },
    "position": {
        "pitch": 353.5264470230654,
        "roll": 251.7799419599467,
        "yaw": 158.31527454518974
    }
}