{
    "time": "2023-05-01T21:30:03.448405+02:00",
    "accelleration": {
        "x": 0.11101999878883362,
        "y": -0.9418399930000305,
        "z": -0.3142719864845276
    },
    "position": {
        "pitch": 353.63824014430554,
        "roll": 251.55752367981444,
        "yaw": 162.9967954853432
    }
}