{
    "time": "2022-07-04T16:00:03.663760+02:00",
    "accelleration": {
        "x": 0.11152512580156326,
        "y": -0.9181057810783386,
        "z": -0.33286046981811523
    },
    "position": {
        "pitch": 353.49855466492915,
        "roll": 250.03740360832558,
        "yaw": 184.6001820385606
    }
}