{
    "time": "2023-05-12T00:10:04.372652+02:00",
    "accelleration": {
        "x": 0.11492399871349335,
        "y": -0.9420839548110962,
        "z": -0.3113439977169037
    },
    "position": {
        "pitch": 353.4053827738005,
        "roll": 251.72962395633124,
        "yaw": 194.91746964781
    }
}