{
    "time": "2023-07-01T04:00:03.189725+02:00",
    "accelleration": {
        "x": 0.10858000069856644,
        "y": -0.9389119744300842,
        "z": -0.3076840043067932
    },
    "position": {
        "pitch": 353.7303815306431,
        "roll": 251.8622662300129,
        "yaw": 158.1235647955658
    }
}