{
    "time": "2022-07-11T05:20:02.681084+02:00",
    "accelleration": {
        "x": 0.11152512580156326,
        "y": -0.9238952398300171,
        "z": -0.3316553235054016
    },
    "position": {
        "pitch": 353.4866919070013,
        "roll": 250.24781441589698,
        "yaw": 137.8913013795591
    }
}