{
    "time": "2023-05-12T00:30:02.818482+02:00",
    "accelleration": {
        "x": 0.11614400148391724,
        "y": -0.9420839548110962,
        "z": -0.31500399112701416
    },
    "position": {
        "pitch": 353.33978862521946,
        "roll": 251.5255788850663,
        "yaw": 177.5555895880355
    }
}