{
    "time": "2023-04-28T16:40:03.173986+02:00",
    "accelleration": {
        "x": 0.11077599972486496,
        "y": -0.9415959715843201,
        "z": -0.3101239800453186
    },
    "position": {
        "pitch": 353.62845504454583,
        "roll": 251.78065912980958,
        "yaw": 192.23984424786826
    }
}