{
    "time": "2023-05-09T17:10:02.574992+02:00",
    "accelleration": {
        "x": 0.11541199684143066,
        "y": -0.9418399930000305,
        "z": -0.3084160089492798
    },
    "position": {
        "pitch": 353.3637053863719,
        "roll": 251.86492317360003,
        "yaw": 178.84239722766588
    }
}