{
    "time": "2023-05-29T18:50:02.884496+02:00",
    "accelleration": {
        "x": 0.10858000069856644,
        "y": -0.9389119744300842,
        "z": -0.3013399839401245
    },
    "position": {
        "pitch": 353.71388833134483,
        "roll": 252.2012963298448,
        "yaw": 152.7867145253063
    }
}