{
    "time": "2023-06-02T02:20:03.352943+02:00",
    "accelleration": {
        "x": 0.11492399871349335,
        "y": -0.9408639669418335,
        "z": -0.31622397899627686
    },
    "position": {
        "pitch": 353.44454835916184,
        "roll": 251.43101491600746,
        "yaw": 156.7509836403384
    }
}