{
    "time": "2023-05-06T00:00:03.255309+02:00",
    "accelleration": {
        "x": 0.10955599695444107,
        "y": -0.9401319622993469,
        "z": -0.3111000061035156
    },
    "position": {
        "pitch": 353.6876813223863,
        "roll": 251.69693467096357,
        "yaw": 106.46851749910603
    }
}