{
    "time": "2023-05-21T04:40:03.415361+02:00",
    "accelleration": {
        "x": 0.10979999601840973,
        "y": -0.9435479640960693,
        "z": -0.3125639855861664
    },
    "position": {
        "pitch": 353.71679244240255,
        "roll": 251.67069991436153,
        "yaw": 147.35865390887045
    }
}