{
    "time": "2023-07-05T07:30:02.924217+02:00",
    "accelleration": {
        "x": 0.10979999601840973,
        "y": -0.9391559958457947,
        "z": -0.30817198753356934
    },
    "position": {
        "pitch": 353.6629325588156,
        "roll": 251.84045743599305,
        "yaw": 157.5063342606501
    }
}