{
    "time": "2023-06-14T06:50:03.227573+02:00",
    "accelleration": {
        "x": 0.11467999964952469,
        "y": -0.9420839548110962,
        "z": -0.3169559836387634
    },
    "position": {
        "pitch": 353.42063415933035,
        "roll": 251.41185623538559,
        "yaw": 157.60530370172359
    }
}