{
    "time": "2022-07-16T09:30:02.724852+02:00",
    "accelleration": {
        "x": 0.10473663359880447,
        "y": -0.9226890206336975,
        "z": -0.33069121837615967
    },
    "position": {
        "pitch": 353.90761042545296,
        "roll": 250.27213671953137,
        "yaw": 175.67018416954517
    }
}