{
    "time": "2023-06-16T21:30:02.567731+02:00",
    "accelleration": {
        "x": 0.11150799691677094,
        "y": -0.9401319622993469,
        "z": -0.3089039921760559
    },
    "position": {
        "pitch": 353.57063877388214,
        "roll": 251.80938690545867,
        "yaw": 157.91245730869906
    }
}