{
    "time": "2023-06-04T07:30:02.810712+02:00",
    "accelleration": {
        "x": 0.11419199407100677,
        "y": -0.9413520097732544,
        "z": -0.31866398453712463
    },
    "position": {
        "pitch": 353.44697606452496,
        "roll": 251.30253222753035,
        "yaw": 159.50257998899139
    }
}