{
    "time": "2023-05-27T09:30:02.469276+02:00",
    "accelleration": {
        "x": 0.1105320006608963,
        "y": -0.9391559958457947,
        "z": -0.31793197989463806
    },
    "position": {
        "pitch": 353.64209493231834,
        "roll": 251.31794796448708,
        "yaw": 153.97844593169015
    }
}