{
    "time": "2023-05-23T03:40:02.584763+02:00",
    "accelleration": {
        "x": 0.11467999964952469,
        "y": -0.941107988357544,
        "z": -0.31915199756622314
    },
    "position": {
        "pitch": 353.42164075845926,
        "roll": 251.27232230083138,
        "yaw": 117.44787583517228
    }
}