{
    "time": "2023-06-10T06:30:02.668287+02:00",
    "accelleration": {
        "x": 0.11224000155925751,
        "y": -0.9430599808692932,
        "z": -0.31573599576950073
    },
    "position": {
        "pitch": 353.60991791113844,
        "roll": 251.49423514696508,
        "yaw": 158.7383911038937
    }
}