{
    "time": "2023-06-07T17:10:03.375177+02:00",
    "accelleration": {
        "x": 0.11126399785280228,
        "y": -0.9398880004882812,
        "z": -0.31036800146102905
    },
    "position": {
        "pitch": 353.5869740250559,
        "roll": 251.72836720152395,
        "yaw": 157.99103180491088
    }
}