{
    "time": "2023-06-12T12:40:02.920076+02:00",
    "accelleration": {
        "x": 0.11004399508237839,
        "y": -0.9396439790725708,
        "z": -0.3742959797382355
    },
    "position": {
        "pitch": 353.7866652776118,
        "roll": 248.35419227983513,
        "yaw": 161.2313281886783
    }
}