{
    "time": "2023-05-21T01:40:03.261633+02:00",
    "accelleration": {
        "x": 0.10662800073623657,
        "y": -0.9374479651451111,
        "z": -0.3223240077495575
    },
    "position": {
        "pitch": 353.8522073460004,
        "roll": 251.05059386980525,
        "yaw": 137.6377920783249
    }
}