{
    "time": "2022-07-02T12:00:03.599893+02:00",
    "accelleration": {
        "x": 0.11031289398670197,
        "y": -0.9190706610679626,
        "z": -0.34684014320373535
    },
    "position": {
        "pitch": 353.60553847922,
        "roll": 249.31810272645316,
        "yaw": 181.85523829415922
    }
}