{
    "time": "2023-05-22T04:20:03.009423+02:00",
    "accelleration": {
        "x": 0.11028799414634705,
        "y": -0.9445239901542664,
        "z": -0.31671199202537537
    },
    "position": {
        "pitch": 353.6757553852087,
        "roll": 251.46264552205378,
        "yaw": 167.07309336314182
    }
}