{
    "time": "2023-05-24T20:30:02.563102+02:00",
    "accelleration": {
        "x": 0.11126399785280228,
        "y": -0.9401319622993469,
        "z": -0.31378400325775146
    },
    "position": {
        "pitch": 353.5969290257712,
        "roll": 251.54848050935334,
        "yaw": 126.6264479663755
    }
}