{
    "time": "2023-05-05T20:40:03.324467+02:00",
    "accelleration": {
        "x": 0.11004399508237839,
        "y": -0.9389119744300842,
        "z": -0.30987998843193054
    },
    "position": {
        "pitch": 353.6493473125564,
        "roll": 251.7476283349834,
        "yaw": 103.18407760273283
    }
}