{
    "time": "2023-04-30T06:10:03.040486+02:00",
    "accelleration": {
        "x": 0.10784799605607986,
        "y": -0.9406200051307678,
        "z": -0.30914798378944397
    },
    "position": {
        "pitch": 353.7849398010727,
        "roll": 251.81977562318625,
        "yaw": 126.95797168830957
    }
}