{
    "time": "2023-05-27T15:50:03.093449+02:00",
    "accelleration": {
        "x": 0.10931199789047241,
        "y": -0.936959981918335,
        "z": -0.31622397899627686
    },
    "position": {
        "pitch": 353.68596865245195,
        "roll": 251.3651787225977,
        "yaw": 128.59687557965412
    }
}