{
    "time": "2023-06-30T20:10:02.726445+02:00",
    "accelleration": {
        "x": 0.11150799691677094,
        "y": -0.9406200051307678,
        "z": -0.3101239800453186
    },
    "position": {
        "pitch": 353.5787304136145,
        "roll": 251.76434180788243,
        "yaw": 158.60218347146528
    }
}