{
    "time": "2023-06-01T09:50:03.321036+02:00",
    "accelleration": {
        "x": 0.1105320006608963,
        "y": -0.9415959715843201,
        "z": -0.3172000050544739
    },
    "position": {
        "pitch": 353.6471902534392,
        "roll": 251.3953135172158,
        "yaw": 185.8012844644857
    }
}