{
    "time": "2023-06-09T16:40:03.420159+02:00",
    "accelleration": {
        "x": 0.11126399785280228,
        "y": -0.9406200051307678,
        "z": -0.3084160089492798
    },
    "position": {
        "pitch": 353.58654116181725,
        "roll": 251.84847607807865,
        "yaw": 157.3250063985646
    }
}