{
    "time": "2023-04-29T11:10:02.891916+02:00",
    "accelleration": {
        "x": 0.1076039969921112,
        "y": -0.9408639669418335,
        "z": -0.2500999867916107
    },
    "position": {
        "pitch": 353.697152660331,
        "roll": 255.0643613657524,
        "yaw": 195.43678259078442
    }
}