{
    "time": "2023-07-01T12:00:02.549570+02:00",
    "accelleration": {
        "x": 0.10955599695444107,
        "y": -0.9396439790725708,
        "z": -0.3079279959201813
    },
    "position": {
        "pitch": 353.6777895009208,
        "roll": 251.86200668282441,
        "yaw": 158.63550113423662
    }
}