{
    "time": "2023-07-04T22:50:03.266280+02:00",
    "accelleration": {
        "x": 0.10979999601840973,
        "y": -0.9386679530143738,
        "z": -0.30573198199272156
    },
    "position": {
        "pitch": 353.65383218552023,
        "roll": 251.96340084105327,
        "yaw": 157.902772100456
    }
}