{
    "time": "2023-06-23T03:30:03.285911+02:00",
    "accelleration": {
        "x": 0.10906799882650375,
        "y": -0.9386679530143738,
        "z": -0.30451199412345886
    },
    "position": {
        "pitch": 353.6951637946221,
        "roll": 252.03095824213386,
        "yaw": 158.22955567110608
    }
}