{
    "time": "2023-06-23T20:00:02.974263+02:00",
    "accelleration": {
        "x": 0.10931199789047241,
        "y": -0.9386679530143738,
        "z": -0.3013399839401245
    },
    "position": {
        "pitch": 353.66844409458895,
        "roll": 252.2034888205684,
        "yaw": 158.44063583721615
    }
}