{
    "time": "2022-07-20T16:00:02.965852+02:00",
    "accelleration": {
        "x": 0.11104022711515427,
        "y": -0.9205180406570435,
        "z": -0.3193628787994385
    },
    "position": {
        "pitch": 353.51082467288626,
        "roll": 250.85074253469068,
        "yaw": 129.71922592444898
    }
}