{
    "time": "2023-07-02T07:40:02.898113+02:00",
    "accelleration": {
        "x": 0.11126399785280228,
        "y": -0.9396439790725708,
        "z": -0.3101239800453186
    },
    "position": {
        "pitch": 353.5834654422566,
        "roll": 251.7423622591333,
        "yaw": 158.44988391335235
    }
}