{
    "time": "2023-06-03T16:50:03.397181+02:00",
    "accelleration": {
        "x": 0.11150799691677094,
        "y": -0.9396439790725708,
        "z": -0.31158798933029175
    },
    "position": {
        "pitch": 353.57113695080477,
        "roll": 251.6574083662367,
        "yaw": 158.87756303842187
    }
}