{
    "time": "2023-05-14T18:40:02.493047+02:00",
    "accelleration": {
        "x": 0.10979999601840973,
        "y": -0.9401319622993469,
        "z": -0.31549200415611267
    },
    "position": {
        "pitch": 353.68260478428573,
        "roll": 251.45490691772414,
        "yaw": 140.2700650221778
    }
}