{
    "time": "2023-05-11T17:40:03.385805+02:00",
    "accelleration": {
        "x": 0.10858000069856644,
        "y": -0.9415959715843201,
        "z": -0.30817198753356934
    },
    "position": {
        "pitch": 353.791291450114,
        "roll": 251.8187169438649,
        "yaw": 160.62223923925325
    }
}