{
    "time": "2023-05-18T21:30:02.688926+02:00",
    "accelleration": {
        "x": 0.115167997777462,
        "y": -0.9425719976425171,
        "z": -0.31036800146102905
    },
    "position": {
        "pitch": 353.3873327182583,
        "roll": 251.7838419979628,
        "yaw": 130.33279547796954
    }
}