{
    "time": "2023-06-25T06:40:03.031339+02:00",
    "accelleration": {
        "x": 0.1088239997625351,
        "y": -0.9401319622993469,
        "z": -0.3025600016117096
    },
    "position": {
        "pitch": 353.7168893457114,
        "roll": 252.17017798798622,
        "yaw": 158.44469296958314
    }
}