{
    "time": "2023-05-04T20:40:02.484942+02:00",
    "accelleration": {
        "x": 0.10858000069856644,
        "y": -0.941107988357544,
        "z": -0.25327199697494507
    },
    "position": {
        "pitch": 353.63953830713467,
        "roll": 254.94645864029968,
        "yaw": 129.56038304511114
    }
}