{
    "time": "2023-06-05T20:10:03.171237+02:00",
    "accelleration": {
        "x": 0.1117519959807396,
        "y": -0.9401319622993469,
        "z": -0.31451600790023804
    },
    "position": {
        "pitch": 353.5661223112935,
        "roll": 251.50896786500482,
        "yaw": 159.12556720718501
    }
}