{
    "time": "2023-06-12T21:10:03.286353+02:00",
    "accelleration": {
        "x": 0.11126399785280228,
        "y": -0.9406200051307678,
        "z": -0.31378400325775146
    },
    "position": {
        "pitch": 353.5980423466059,
        "roll": 251.55735975527435,
        "yaw": 158.1427439667552
    }
}