{
    "time": "2023-05-14T09:10:02.734325+02:00",
    "accelleration": {
        "x": 0.11272799968719482,
        "y": -0.9445239901542664,
        "z": -0.31671199202537537
    },
    "position": {
        "pitch": 353.5460368593786,
        "roll": 251.47393582475183,
        "yaw": 160.26947362900043
    }
}