{
    "time": "2023-06-08T10:00:02.737527+02:00",
    "accelleration": {
        "x": 0.11297199875116348,
        "y": -0.9398880004882812,
        "z": -0.3125639855861664
    },
    "position": {
        "pitch": 353.4978080398755,
        "roll": 251.6088935325621,
        "yaw": 158.95138372297137
    }
}