{
    "time": "2023-06-20T00:10:04.959136+02:00",
    "accelleration": {
        "x": 0.1105320006608963,
        "y": -0.9389119744300842,
        "z": -0.30621999502182007
    },
    "position": {
        "pitch": 353.6167916427644,
        "roll": 251.9396112921741,
        "yaw": 157.71883510610755
    }
}