{
    "time": "2022-07-09T15:40:02.473351+02:00",
    "accelleration": {
        "x": 0.11152512580156326,
        "y": -0.9238952398300171,
        "z": -0.32273727655410767
    },
    "position": {
        "pitch": 353.5164928761237,
        "roll": 250.7228472424822,
        "yaw": 185.74880129090332
    }
}