{
    "time": "2023-05-30T04:00:02.558302+02:00",
    "accelleration": {
        "x": 0.1105320006608963,
        "y": -0.9425719976425171,
        "z": -0.3193959891796112
    },
    "position": {
        "pitch": 353.6598051859494,
        "roll": 251.29957475561974,
        "yaw": 156.4507148640463
    }
}