{
    "time": "2023-06-10T02:40:03.210804+02:00",
    "accelleration": {
        "x": 0.11126399785280228,
        "y": -0.9420839548110962,
        "z": -0.3184199929237366
    },
    "position": {
        "pitch": 353.6156283761714,
        "roll": 251.32945000304937,
        "yaw": 158.1264607957739
    }
}