{
    "time": "2023-06-15T00:30:04.146098+02:00",
    "accelleration": {
        "x": 0.11467999964952469,
        "y": -0.9408639669418335,
        "z": -0.31866398453712463
    },
    "position": {
        "pitch": 353.4148741754259,
        "roll": 251.29825652910992,
        "yaw": 158.01019731572194
    }
}