{
    "time": "2023-05-16T13:00:02.998851+02:00",
    "accelleration": {
        "x": 0.10955599695444107,
        "y": -0.9398880004882812,
        "z": -0.3084160089492798
    },
    "position": {
        "pitch": 353.6832361498971,
        "roll": 251.84323732298523,
        "yaw": 183.66529306572596
    }
}