{
    "time": "2022-07-13T07:00:02.561887+02:00",
    "accelleration": {
        "x": 0.10861577093601227,
        "y": -0.9210004806518555,
        "z": -0.33382460474967957
    },
    "position": {
        "pitch": 353.68699190016696,
        "roll": 250.07320745995477,
        "yaw": 171.42437465692515
    }
}