{
    "time": "2023-05-19T09:20:02.778453+02:00",
    "accelleration": {
        "x": 0.11443600058555603,
        "y": -0.9435479640960693,
        "z": -0.31744399666786194
    },
    "position": {
        "pitch": 353.45013246569516,
        "roll": 251.41664419799375,
        "yaw": 185.499786254143
    }
}