{
    "time": "2023-06-20T01:40:03.422625+02:00",
    "accelleration": {
        "x": 0.11028799414634705,
        "y": -0.9391559958457947,
        "z": -0.3067080080509186
    },
    "position": {
        "pitch": 353.67948424160863,
        "roll": 251.9218937814671,
        "yaw": 157.49263290117506
    }
}