{
    "time": "2023-04-27T11:40:03.126628+02:00",
    "accelleration": {
        "x": 0.11126399785280228,
        "y": -0.9420839548110962,
        "z": -0.30402398109436035
    },
    "position": {
        "pitch": 353.5918729782381,
        "roll": 252.12078889009786,
        "yaw": 178.5284817334121
    }
}