{
    "time": "2023-05-08T15:30:03.478175+02:00",
    "accelleration": {
        "x": 0.10809199512004852,
        "y": -0.9418399930000305,
        "z": -0.30914798378944397
    },
    "position": {
        "pitch": 353.77859498222057,
        "roll": 251.83209045425977,
        "yaw": 129.71454041467834
    }
}