{
    "time": "2023-07-03T23:10:02.469712+02:00",
    "accelleration": {
        "x": 0.10979999601840973,
        "y": -0.9391559958457947,
        "z": -0.3054879903793335
    },
    "position": {
        "pitch": 353.6557873271701,
        "roll": 251.98443099350774,
        "yaw": 158.19708495179182
    }
}