{
    "time": "2022-07-20T14:50:03.117427+02:00",
    "accelleration": {
        "x": 0.11079778522253036,
        "y": -0.9202768206596375,
        "z": -0.32611170411109924
    },
    "position": {
        "pitch": 353.53951232117396,
        "roll": 250.46078654440714,
        "yaw": 181.37984346754797
    }
}