{
    "time": "2023-06-02T23:00:02.636646+02:00",
    "accelleration": {
        "x": 0.11321599781513214,
        "y": -0.9408639669418335,
        "z": -0.3140279948711395
    },
    "position": {
        "pitch": 353.48913498029003,
        "roll": 251.54954601886385,
        "yaw": 158.99586191484647
    }
}