{
    "time": "2023-07-03T07:50:03.319417+02:00",
    "accelleration": {
        "x": 0.10979999601840973,
        "y": -0.9374479651451111,
        "z": -0.3101239800453186
    },
    "position": {
        "pitch": 353.6547452964349,
        "roll": 251.70303402989236,
        "yaw": 158.0473125636718
    }
}