{
    "time": "2023-05-20T07:40:03.274448+02:00",
    "accelleration": {
        "x": 0.10833600163459778,
        "y": -0.9415959715843201,
        "z": -0.31793197989463806
    },
    "position": {
        "pitch": 353.7788455647858,
        "roll": 251.36019951469277,
        "yaw": 115.75226771333827
    }
}