{
    "time": "2023-07-04T17:10:03.330375+02:00",
    "accelleration": {
        "x": 0.10858000069856644,
        "y": -0.937936007976532,
        "z": -0.30524399876594543
    },
    "position": {
        "pitch": 353.7139784044645,
        "roll": 251.97310653986386,
        "yaw": 157.49740037321573
    }
}