{
    "time": "2023-06-16T18:20:03.319753+02:00",
    "accelleration": {
        "x": 0.1117519959807396,
        "y": -0.9398880004882812,
        "z": -0.3071959912776947
    },
    "position": {
        "pitch": 353.5489499350596,
        "roll": 251.89844574204645,
        "yaw": 157.82303647208525
    }
}