{
    "time": "2023-06-25T16:00:02.789583+02:00",
    "accelleration": {
        "x": 0.1076039969921112,
        "y": -0.9381799697875977,
        "z": -0.30109599232673645
    },
    "position": {
        "pitch": 353.7665687266395,
        "roll": 252.20850217941918,
        "yaw": 158.020483580612
    }
}