{
    "time": "2023-04-27T20:20:02.690052+02:00",
    "accelleration": {
        "x": 0.11126399785280228,
        "y": -0.9418399930000305,
        "z": -0.30158400535583496
    },
    "position": {
        "pitch": 353.58593540941524,
        "roll": 252.2484451256854,
        "yaw": 104.70132216458113
    }
}