{
    "time": "2023-05-13T20:50:02.945890+02:00",
    "accelleration": {
        "x": 0.10979999601840973,
        "y": -0.9423279762268066,
        "z": -0.3123199939727783
    },
    "position": {
        "pitch": 353.69242958451997,
        "roll": 251.6700305558229,
        "yaw": 182.09885748147522
    }
}