{
    "time": "2022-07-16T11:00:03.169738+02:00",
    "accelleration": {
        "x": 0.10522152483463287,
        "y": -0.9243776202201843,
        "z": -0.3290040194988251
    },
    "position": {
        "pitch": 353.887952287248,
        "roll": 250.3913508413048,
        "yaw": 135.81660409841106
    }
}