{
    "time": "2023-06-01T19:50:03.396251+02:00",
    "accelleration": {
        "x": 0.11224000155925751,
        "y": -0.9381799697875977,
        "z": -0.31280800700187683
    },
    "position": {
        "pitch": 353.5227100558157,
        "roll": 251.56679224651816,
        "yaw": 158.93546938220524
    }
}