{
    "time": "2022-07-01T14:10:02.507770+02:00",
    "accelleration": {
        "x": 0.11079778522253036,
        "y": -0.9202768206596375,
        "z": -0.3432247042655945
    },
    "position": {
        "pitch": 353.5770352460399,
        "roll": 249.52692893013716,
        "yaw": 155.79941534555056
    }
}