{
    "time": "2023-06-05T22:50:03.290015+02:00",
    "accelleration": {
        "x": 0.11224000155925751,
        "y": -0.9403759837150574,
        "z": -0.313539981842041
    },
    "position": {
        "pitch": 353.53879856640566,
        "roll": 251.5672157182467,
        "yaw": 158.87211254746418
    }
}