{
    "time": "2023-05-03T22:00:02.433662+02:00",
    "accelleration": {
        "x": 0.11199599504470825,
        "y": -0.9425719976425171,
        "z": -0.3054879903793335
    },
    "position": {
        "pitch": 353.55526017607906,
        "roll": 252.04431126196124,
        "yaw": 157.2835061691676
    }
}