{
    "time": "2023-05-15T11:30:02.833435+02:00",
    "accelleration": {
        "x": 0.10735999792814255,
        "y": -0.9413520097732544,
        "z": -0.31500399112701416
    },
    "position": {
        "pitch": 353.82153296643787,
        "roll": 251.57940760591515,
        "yaw": 99.98778812778781
    }
}