{
    "time": "2023-05-08T00:40:03.242083+02:00",
    "accelleration": {
        "x": 0.10735999792814255,
        "y": -0.9423279762268066,
        "z": -0.3089039921760559
    },
    "position": {
        "pitch": 353.8162818316266,
        "roll": 251.86227306020206,
        "yaw": 154.89960622429308
    }
}