{
    "time": "2023-06-08T08:50:03.309651+02:00",
    "accelleration": {
        "x": 0.11321599781513214,
        "y": -0.9420839548110962,
        "z": -0.31549200415611267
    },
    "position": {
        "pitch": 353.5000406579604,
        "roll": 251.4933950336972,
        "yaw": 158.14548970280154
    }
}