{
    "time": "2023-05-26T00:10:06.342233+02:00",
    "accelleration": {
        "x": 0.10809199512004852,
        "y": -0.9418399930000305,
        "z": -0.3201279938220978
    },
    "position": {
        "pitch": 353.7989340049084,
        "roll": 251.24093075140598,
        "yaw": 176.35716459626505
    }
}