{
    "time": "2023-06-25T21:00:03.373195+02:00",
    "accelleration": {
        "x": 0.10979999601840973,
        "y": -0.9389119744300842,
        "z": -0.29816800355911255
    },
    "position": {
        "pitch": 353.64055984730237,
        "roll": 252.3802541162883,
        "yaw": 157.40444149861185
    }
}