{
    "time": "2023-06-05T03:50:03.622304+02:00",
    "accelleration": {
        "x": 0.11321599781513214,
        "y": -0.9403759837150574,
        "z": -0.31549200415611267
    },
    "position": {
        "pitch": 353.4882257113568,
        "roll": 251.4588137859294,
        "yaw": 158.58762150815483
    }
}