{
    "time": "2022-07-05T22:30:02.968136+02:00",
    "accelleration": {
        "x": 0.10958555340766907,
        "y": -0.9188294410705566,
        "z": -0.34057337045669556
    },
    "position": {
        "pitch": 353.62862665304874,
        "roll": 249.63572701342628,
        "yaw": 130.15231455934114
    }
}