{
    "time": "2022-07-13T05:50:02.764536+02:00",
    "accelleration": {
        "x": 0.11176756769418716,
        "y": -0.9234127402305603,
        "z": -0.32948607206344604
    },
    "position": {
        "pitch": 353.51489845383935,
        "roll": 250.34656529091703,
        "yaw": 192.9428209776243
    }
}