{
    "time": "2023-05-20T19:50:03.306708+02:00",
    "accelleration": {
        "x": 0.11004399508237839,
        "y": -0.9406200051307678,
        "z": -0.31036800146102905
    },
    "position": {
        "pitch": 353.6629351201365,
        "roll": 251.74501920272047,
        "yaw": 115.55103668001135
    }
}