{
    "time": "2022-07-12T03:10:02.728253+02:00",
    "accelleration": {
        "x": 0.11079778522253036,
        "y": -0.9229303002357483,
        "z": -0.32635271549224854
    },
    "position": {
        "pitch": 353.5631827686294,
        "roll": 250.508106094977,
        "yaw": 181.9631826038021
    }
}