{
    "time": "2023-06-10T09:50:02.867374+02:00",
    "accelleration": {
        "x": 0.11199599504470825,
        "y": -0.9398880004882812,
        "z": -0.31500399112701416
    },
    "position": {
        "pitch": 353.5533912655674,
        "roll": 251.4795912213846,
        "yaw": 159.02461701125225
    }
}