{
    "time": "2023-05-09T02:30:02.452426+02:00",
    "accelleration": {
        "x": 0.11492399871349335,
        "y": -0.9398880004882812,
        "z": -0.3084160089492798
    },
    "position": {
        "pitch": 353.3808726399639,
        "roll": 251.8357719262224,
        "yaw": 187.78294090875983
    }
}