{
    "time": "2022-07-06T21:20:03.337144+02:00",
    "accelleration": {
        "x": 0.11079778522253036,
        "y": -0.9185882210731506,
        "z": -0.34852734208106995
    },
    "position": {
        "pitch": 353.57324577171096,
        "roll": 249.21985728543171,
        "yaw": 180.54709314356168
    }
}