{
    "time": "2023-05-29T16:10:02.954114+02:00",
    "accelleration": {
        "x": 0.10931199789047241,
        "y": -0.9398880004882812,
        "z": -0.31280800700187683
    },
    "position": {
        "pitch": 353.69944845766577,
        "roll": 251.60499349454602,
        "yaw": 156.78126869911821
    }
}