{
    "time": "2023-05-14T02:00:02.585420+02:00",
    "accelleration": {
        "x": 0.10809199512004852,
        "y": -0.9433040022850037,
        "z": -0.3118319809436798
    },
    "position": {
        "pitch": 353.7864275016513,
        "roll": 251.7138735401052,
        "yaw": 141.5086925074029
    }
}