{
    "time": "2022-07-02T13:30:02.838604+02:00",
    "accelleration": {
        "x": 0.10764598846435547,
        "y": -0.9197943806648254,
        "z": -0.340091347694397
    },
    "position": {
        "pitch": 353.7402088921983,
        "roll": 249.67873671462985,
        "yaw": 150.08339395370697
    }
}