{
    "time": "2023-06-05T16:00:02.547893+02:00",
    "accelleration": {
        "x": 0.11101999878883362,
        "y": -0.9401319622993469,
        "z": -0.3130519986152649
    },
    "position": {
        "pitch": 353.60407340364304,
        "roll": 251.58850541788962,
        "yaw": 158.65478958845273
    }
}