{
    "time": "2022-07-18T14:00:03.095471+02:00",
    "accelleration": {
        "x": 0.10861577093601227,
        "y": -0.9193118810653687,
        "z": -0.31984493136405945
    },
    "position": {
        "pitch": 353.64620585242506,
        "roll": 250.78351298269024,
        "yaw": 187.57176512000137
    }
}