{
    "time": "2022-06-30T20:50:03.056362+02:00",
    "accelleration": {
        "x": 0.11007044464349747,
        "y": -0.9210004806518555,
        "z": -0.3444298505783081
    },
    "position": {
        "pitch": 353.62043640246026,
        "roll": 249.46986952981086,
        "yaw": 163.30702267744516
    }
}