{
    "time": "2022-07-14T12:20:02.858735+02:00",
    "accelleration": {
        "x": 0.11176756769418716,
        "y": -0.9207592606544495,
        "z": -0.32948607206344604
    },
    "position": {
        "pitch": 353.4930456904767,
        "roll": 250.29374060787615,
        "yaw": 191.23476825112255
    }
}