{
    "time": "2023-06-22T09:40:03.195853+02:00",
    "accelleration": {
        "x": 0.10931199789047241,
        "y": -0.9386679530143738,
        "z": -0.3047559857368469
    },
    "position": {
        "pitch": 353.6809373643546,
        "roll": 252.01996163757013,
        "yaw": 158.05131505452542
    }
}