{
    "time": "2023-05-09T03:10:02.859969+02:00",
    "accelleration": {
        "x": 0.11443600058555603,
        "y": -0.9393999576568604,
        "z": -0.30866000056266785
    },
    "position": {
        "pitch": 353.40451448600226,
        "roll": 251.7517469390529,
        "yaw": 187.36520653912186
    }
}