{
    "time": "2023-05-15T14:50:02.708478+02:00",
    "accelleration": {
        "x": 0.10931199789047241,
        "y": -0.9420839548110962,
        "z": -0.30987998843193054
    },
    "position": {
        "pitch": 353.71076650800734,
        "roll": 251.7919084513726,
        "yaw": 188.6757422559289
    }
}