{
    "time": "2022-07-13T16:20:02.656555+02:00",
    "accelleration": {
        "x": 0.10643375664949417,
        "y": -0.9224478602409363,
        "z": -0.32129111886024475
    },
    "position": {
        "pitch": 353.7905909288373,
        "roll": 250.78218792599125,
        "yaw": 142.16536055458627
    }
}