{
    "time": "2023-06-21T16:30:02.701033+02:00",
    "accelleration": {
        "x": 0.10979999601840973,
        "y": -0.9376919865608215,
        "z": -0.30451199412345886
    },
    "position": {
        "pitch": 353.64431730511956,
        "roll": 252.00986661797685,
        "yaw": 157.90394689299322
    }
}