{
    "time": "2023-06-10T10:30:02.836081+02:00",
    "accelleration": {
        "x": 0.11150799691677094,
        "y": -0.9401319622993469,
        "z": -0.31378400325775146
    },
    "position": {
        "pitch": 353.64462594429267,
        "roll": 251.5516292265607,
        "yaw": 158.0508369412835
    }
}