{
    "time": "2022-07-18T13:50:03.490593+02:00",
    "accelleration": {
        "x": 0.11104022711515427,
        "y": -0.9217241406440735,
        "z": -0.32779887318611145
    },
    "position": {
        "pitch": 353.53576724307464,
        "roll": 250.41156820124803,
        "yaw": 177.0681599681067
    }
}