{
    "time": "2023-05-08T02:20:02.717575+02:00",
    "accelleration": {
        "x": 0.1088239997625351,
        "y": -0.9413520097732544,
        "z": -0.3096359968185425
    },
    "position": {
        "pitch": 353.73190167462025,
        "roll": 251.80102675391456,
        "yaw": 144.33699188043516
    }
}