{
    "time": "2023-04-29T16:20:03.048116+02:00",
    "accelleration": {
        "x": 0.10955599695444107,
        "y": -0.9386679530143738,
        "z": -0.30280399322509766
    },
    "position": {
        "pitch": 353.6625248818995,
        "roll": 252.12764640002456,
        "yaw": 100.04335854687504
    }
}