{
    "time": "2022-07-09T23:50:02.494474+02:00",
    "accelleration": {
        "x": 0.11128267645835876,
        "y": -0.9248600602149963,
        "z": -0.3273168206214905
    },
    "position": {
        "pitch": 353.54338162333875,
        "roll": 250.4898831502714,
        "yaw": 135.6023547245261
    }
}