{
    "time": "2023-06-23T16:20:02.641919+02:00",
    "accelleration": {
        "x": 0.10955599695444107,
        "y": -0.937936007976532,
        "z": -0.30109599232673645
    },
    "position": {
        "pitch": 353.6536989968314,
        "roll": 252.2025599148413,
        "yaw": 157.7887216016951
    }
}