{
    "time": "2022-07-11T13:10:02.425906+02:00",
    "accelleration": {
        "x": 0.10982800275087357,
        "y": -0.9234127402305603,
        "z": -0.32105007767677307
    },
    "position": {
        "pitch": 353.60997383331227,
        "roll": 250.798327663,
        "yaw": 115.38679795122923
    }
}