{
    "time": "2023-06-23T16:30:03.347002+02:00",
    "accelleration": {
        "x": 0.1088239997625351,
        "y": -0.9386679530143738,
        "z": -0.3008520007133484
    },
    "position": {
        "pitch": 353.6988136769598,
        "roll": 252.22918399222598,
        "yaw": 157.6873889151688
    }
}