{
    "time": "2023-06-13T19:10:02.463480+02:00",
    "accelleration": {
        "x": 0.11394799500703812,
        "y": -0.9406200051307678,
        "z": -0.31622397899627686
    },
    "position": {
        "pitch": 353.4500415388018,
        "roll": 251.42425985891833,
        "yaw": 158.43682459165927
    }
}