{
    "time": "2023-06-09T11:10:02.553828+02:00",
    "accelleration": {
        "x": 0.11028799414634705,
        "y": -0.9403759837150574,
        "z": -0.37380799651145935
    },
    "position": {
        "pitch": 353.77535106925166,
        "roll": 248.39606133944733,
        "yaw": 160.88139027674185
    }
}