{
    "time": "2023-05-22T11:00:02.759327+02:00",
    "accelleration": {
        "x": 0.11077599972486496,
        "y": -0.941107988357544,
        "z": -0.31671199202537537
    },
    "position": {
        "pitch": 353.63248997879805,
        "roll": 251.40165193276556,
        "yaw": 179.34052292383492
    }
}