{
    "time": "2023-05-14T02:50:03.161036+02:00",
    "accelleration": {
        "x": 0.11101999878883362,
        "y": -0.9423279762268066,
        "z": -0.31549200415611267
    },
    "position": {
        "pitch": 353.629934207388,
        "roll": 251.5016390720254,
        "yaw": 117.04057799458607
    }
}