{
    "time": "2023-05-29T03:20:02.973448+02:00",
    "accelleration": {
        "x": 0.11394799500703812,
        "y": -0.9386679530143738,
        "z": -0.3201279938220978
    },
    "position": {
        "pitch": 353.45100502236164,
        "roll": 251.1816651999778,
        "yaw": 125.6659867652883
    }
}