{
    "time": "2022-07-20T19:10:03.189703+02:00",
    "accelleration": {
        "x": 0.10716108977794647,
        "y": -0.9210004806518555,
        "z": -0.32948607206344604
    },
    "position": {
        "pitch": 353.7557774546377,
        "roll": 250.3001063441826,
        "yaw": 165.9492813578646
    }
}