{
    "time": "2023-06-13T05:10:02.683313+02:00",
    "accelleration": {
        "x": 0.11101999878883362,
        "y": -0.9401319622993469,
        "z": -0.3113439977169037
    },
    "position": {
        "pitch": 353.60620228822995,
        "roll": 251.68302840581342,
        "yaw": 158.24122163420844
    }
}