{
    "time": "2023-06-27T02:20:02.463041+02:00",
    "accelleration": {
        "x": 0.10955599695444107,
        "y": -0.937936007976532,
        "z": -0.3003639876842499
    },
    "position": {
        "pitch": 353.65633630362464,
        "roll": 252.25061712584147,
        "yaw": 158.07952373579758
    }
}