{
    "time": "2023-05-22T21:00:05.139818+02:00",
    "accelleration": {
        "x": 0.11028799414634705,
        "y": -0.9403759837150574,
        "z": -0.3147599995136261
    },
    "position": {
        "pitch": 353.7220226597595,
        "roll": 251.50247235510415,
        "yaw": 189.83714762239785
    }
}