{
    "time": "2023-07-05T13:30:03.394834+02:00",
    "accelleration": {
        "x": 0.1088239997625351,
        "y": -0.937936007976532,
        "z": -0.3054879903793335
    },
    "position": {
        "pitch": 353.7022270639975,
        "roll": 251.96423412413202,
        "yaw": 157.57816052996196
    }
}