{
    "time": "2022-07-05T08:10:03.266077+02:00",
    "accelleration": {
        "x": 0.11079778522253036,
        "y": -0.9195531010627747,
        "z": -0.34708115458488464
    },
    "position": {
        "pitch": 353.5765998214803,
        "roll": 249.3174197075362,
        "yaw": 178.0267496973613
    }
}