{
    "time": "2022-07-18T08:40:02.395820+02:00",
    "accelleration": {
        "x": 0.11201001703739166,
        "y": -0.9219653606414795,
        "z": -0.33261945843696594
    },
    "position": {
        "pitch": 353.4944189853867,
        "roll": 250.15499897526567,
        "yaw": 192.20720960401394
    }
}