{
    "time": "2023-05-23T20:50:03.270162+02:00",
    "accelleration": {
        "x": 0.11321599781513214,
        "y": -0.9393999576568604,
        "z": -0.25034400820732117
    },
    "position": {
        "pitch": 353.358441444956,
        "roll": 255.0794629140073,
        "yaw": 187.96444635576376
    }
}