{
    "time": "2023-05-05T16:20:02.660310+02:00",
    "accelleration": {
        "x": 0.11272799968719482,
        "y": -0.9389119744300842,
        "z": -0.3101239800453186
    },
    "position": {
        "pitch": 353.4985341743616,
        "roll": 251.73534765485573,
        "yaw": 188.15295957685612
    }
}