{
    "time": "2023-06-01T00:40:03.344342+02:00",
    "accelleration": {
        "x": 0.10906799882650375,
        "y": -0.9406200051307678,
        "z": -0.3118319809436798
    },
    "position": {
        "pitch": 353.7185213340362,
        "roll": 251.66683402729132,
        "yaw": 126.05574468008591
    }
}