{
    "time": "2022-07-06T11:00:03.313183+02:00",
    "accelleration": {
        "x": 0.11201001703739166,
        "y": -0.9188294410705566,
        "z": -0.3490093946456909
    },
    "position": {
        "pitch": 353.5142666613411,
        "roll": 249.18730460384745,
        "yaw": 126.05835381234886
    }
}