{
    "time": "2022-07-08T21:10:02.841525+02:00",
    "accelleration": {
        "x": 0.11370714008808136,
        "y": -0.9193118810653687,
        "z": -0.33237841725349426
    },
    "position": {
        "pitch": 353.38131190650495,
        "roll": 250.10515225470294,
        "yaw": 185.89082824450458
    }
}