{
    "time": "2023-07-05T11:30:03.096103+02:00",
    "accelleration": {
        "x": 0.10955599695444107,
        "y": -0.9376919865608215,
        "z": -0.30695199966430664
    },
    "position": {
        "pitch": 353.6656663420309,
        "roll": 251.87980615580148,
        "yaw": 157.83244847276154
    }
}