{
    "time": "2023-05-08T05:00:02.563660+02:00",
    "accelleration": {
        "x": 0.10711599886417389,
        "y": -0.9393999576568604,
        "z": -0.3123199939727783
    },
    "position": {
        "pitch": 353.8285497051496,
        "roll": 251.6252450054351,
        "yaw": 192.90446263524552
    }
}