{
    "time": "2023-05-02T20:20:02.392021+02:00",
    "accelleration": {
        "x": 0.10809199512004852,
        "y": -0.9389119744300842,
        "z": -0.3172000050544739
    },
    "position": {
        "pitch": 353.7739005078267,
        "roll": 251.286167094279,
        "yaw": 128.0282076897372
    }
}