{
    "time": "2023-07-04T06:30:03.322052+02:00",
    "accelleration": {
        "x": 0.1105320006608963,
        "y": -0.9389119744300842,
        "z": -0.30817198753356934
    },
    "position": {
        "pitch": 353.61838606504875,
        "roll": 251.8388523415381,
        "yaw": 158.47889855694655
    }
}