{
    "time": "2023-05-25T16:30:03.403692+02:00",
    "accelleration": {
        "x": 0.115167997777462,
        "y": -0.9420839548110962,
        "z": -0.31793197989463806
    },
    "position": {
        "pitch": 353.40036728051564,
        "roll": 251.3618114393369,
        "yaw": 191.44746034187673
    }
}