{
    "time": "2023-06-09T05:10:03.268922+02:00",
    "accelleration": {
        "x": 0.11248400062322617,
        "y": -0.9403759837150574,
        "z": -0.313539981842041
    },
    "position": {
        "pitch": 353.52854431802734,
        "roll": 251.5672771899492,
        "yaw": 158.17122585559417
    }
}