{
    "time": "2023-05-16T03:10:02.622596+02:00",
    "accelleration": {
        "x": 0.10931199789047241,
        "y": -0.9437919855117798,
        "z": -0.31207600235939026
    },
    "position": {
        "pitch": 353.7302018112906,
        "roll": 251.7142423703204,
        "yaw": 184.50272889948286
    }
}