{
    "time": "2023-06-07T02:00:02.665711+02:00",
    "accelleration": {
        "x": 0.11321599781513214,
        "y": -0.9403759837150574,
        "z": -0.3140279948711395
    },
    "position": {
        "pitch": 353.48583087627907,
        "roll": 251.54107658429302,
        "yaw": 158.57226724290064
    }
}