{
    "time": "2023-06-30T07:30:02.875193+02:00",
    "accelleration": {
        "x": 0.10906799882650375,
        "y": -0.9389119744300842,
        "z": -0.30866000056266785
    },
    "position": {
        "pitch": 353.7049967057059,
        "roll": 251.81469396244376,
        "yaw": 159.29924525740012
    }
}