{
    "time": "2023-05-05T03:30:03.188525+02:00",
    "accelleration": {
        "x": 0.10735999792814255,
        "y": -0.941107988357544,
        "z": -0.31378400325775146
    },
    "position": {
        "pitch": 353.8197502870645,
        "roll": 251.57571247357419,
        "yaw": 166.70762360103276
    }
}