{
    "time": "2023-05-01T21:50:03.208744+02:00",
    "accelleration": {
        "x": 0.11004399508237839,
        "y": -0.9406200051307678,
        "z": -0.31573599576950073
    },
    "position": {
        "pitch": 353.6738877553575,
        "roll": 251.45739310658206,
        "yaw": 116.84543948999881
    }
}