{
    "time": "2023-05-13T22:00:03.381165+02:00",
    "accelleration": {
        "x": 0.10931199789047241,
        "y": -0.9454999566078186,
        "z": -0.31036800146102905
    },
    "position": {
        "pitch": 353.7310291179538,
        "roll": 251.76794814776417,
        "yaw": 159.7008740409752
    }
}