{
    "time": "2023-06-06T05:50:03.305066+02:00",
    "accelleration": {
        "x": 0.11297199875116348,
        "y": -0.9413520097732544,
        "z": -0.3184199929237366
    },
    "position": {
        "pitch": 353.5147016590139,
        "roll": 251.32296132333784,
        "yaw": 158.95154764751143
    }
}