{
    "time": "2022-06-30T23:50:02.835478+02:00",
    "accelleration": {
        "x": 0.10934310406446457,
        "y": -0.9219653606414795,
        "z": -0.3427426517009735
    },
    "position": {
        "pitch": 353.6654503372984,
        "roll": 249.59831123715296,
        "yaw": 161.28886570224648
    }
}