{
    "time": "2023-06-13T19:40:02.891920+02:00",
    "accelleration": {
        "x": 0.11321599781513214,
        "y": -0.9415959715843201,
        "z": -0.31671199202537537
    },
    "position": {
        "pitch": 353.4958520444519,
        "roll": 251.41495714126876,
        "yaw": 158.53636776862305
    }
}