{
    "time": "2023-07-04T03:40:02.698007+02:00",
    "accelleration": {
        "x": 0.11077599972486496,
        "y": -0.9381799697875977,
        "z": -0.30743998289108276
    },
    "position": {
        "pitch": 353.5997230000285,
        "roll": 251.86284679609236,
        "yaw": 158.61063924565775
    }
}