{
    "time": "2022-07-12T18:20:03.053747+02:00",
    "accelleration": {
        "x": 0.11128267645835876,
        "y": -0.9246188998222351,
        "z": -0.3239424228668213
    },
    "position": {
        "pitch": 353.5339866981354,
        "roll": 250.6772488995832,
        "yaw": 166.52820819191487
    }
}