{
    "time": "2023-06-16T21:50:03.172496+02:00",
    "accelleration": {
        "x": 0.11321599781513214,
        "y": -0.9393999576568604,
        "z": -0.3096359968185425
    },
    "position": {
        "pitch": 353.47071097189075,
        "roll": 251.7596494679226,
        "yaw": 158.0668742254547
    }
}