{
    "time": "2023-06-19T17:20:03.488927+02:00",
    "accelleration": {
        "x": 0.10858000069856644,
        "y": -0.9376919865608215,
        "z": -0.30573198199272156
    },
    "position": {
        "pitch": 353.71491371349396,
        "roll": 251.94217944330205,
        "yaw": 157.61647789120573
    }
}