{
    "time": "2022-07-14T05:10:02.745860+02:00",
    "accelleration": {
        "x": 0.10813087970018387,
        "y": -0.9236539602279663,
        "z": -0.33261945843696594
    },
    "position": {
        "pitch": 353.7896765372621,
        "roll": 250.18994222305946,
        "yaw": 143.9396661160372
    }
}