{
    "time": "2023-06-15T16:50:03.022778+02:00",
    "accelleration": {
        "x": 0.11224000155925751,
        "y": -0.9393999576568604,
        "z": -0.31158798933029175
    },
    "position": {
        "pitch": 353.52485217389415,
        "roll": 251.65202617717074,
        "yaw": 157.84410077548557
    }
}