{
    "time": "2023-05-26T15:20:02.648103+02:00",
    "accelleration": {
        "x": 0.11101999878883362,
        "y": -0.9389119744300842,
        "z": -0.3106119930744171
    },
    "position": {
        "pitch": 353.5972193088109,
        "roll": 251.70304769027072,
        "yaw": 99.39826084014567
    }
}