{
    "time": "2023-05-21T14:30:03.242097+02:00",
    "accelleration": {
        "x": 0.10979999601840973,
        "y": -0.9406200051307678,
        "z": -0.3169559836387634
    },
    "position": {
        "pitch": 353.6850546877636,
        "roll": 251.38105891241798,
        "yaw": 146.24941752728205
    }
}