{
    "time": "2023-05-13T17:10:03.377352+02:00",
    "accelleration": {
        "x": 0.1076039969921112,
        "y": -0.9393999576568604,
        "z": -0.3118319809436798
    },
    "position": {
        "pitch": 353.730796891522,
        "roll": 251.6476138749669,
        "yaw": 140.53895590942284
    }
}