{
    "time": "2023-06-11T23:40:02.490183+02:00",
    "accelleration": {
        "x": 0.1105320006608963,
        "y": -0.9393999576568604,
        "z": -0.3093920052051544
    },
    "position": {
        "pitch": 353.6225580299712,
        "roll": 251.77662931819927,
        "yaw": 158.609764981444
    }
}