{
    "time": "2023-04-27T21:10:02.664189+02:00",
    "accelleration": {
        "x": 0.10638399422168732,
        "y": -0.9450119733810425,
        "z": -0.30353599786758423
    },
    "position": {
        "pitch": 353.8813218811112,
        "roll": 252.1994590089581,
        "yaw": 131.4814283906906
    }
}