{
    "time": "2023-06-11T12:40:02.615048+02:00",
    "accelleration": {
        "x": 0.11150799691677094,
        "y": -0.9396439790725708,
        "z": -0.30866000056266785
    },
    "position": {
        "pitch": 353.56763519819464,
        "roll": 251.81603267952107,
        "yaw": 157.8153046979448
    }
}