{
    "time": "2023-05-22T18:00:02.723110+02:00",
    "accelleration": {
        "x": 0.11248400062322617,
        "y": -0.9391559958457947,
        "z": -0.31573599576950073
    },
    "position": {
        "pitch": 353.52484107483673,
        "roll": 251.4198885378495,
        "yaw": 116.08937853001342
    }
}