{
    "time": "2023-05-16T18:10:02.612690+02:00",
    "accelleration": {
        "x": 0.10662800073623657,
        "y": -0.9389119744300842,
        "z": -0.3089039921760559
    },
    "position": {
        "pitch": 353.84199792073855,
        "roll": 251.79663494227825,
        "yaw": 193.6516170285532
    }
}