{
    "time": "2022-07-17T08:40:03.311824+02:00",
    "accelleration": {
        "x": 0.10958555340766907,
        "y": -0.9195531010627747,
        "z": -0.3273168206214905
    },
    "position": {
        "pitch": 353.6107537555381,
        "roll": 250.38978672798487,
        "yaw": 122.70432111852239
    }
}