{
    "time": "2022-07-06T21:50:03.094730+02:00",
    "accelleration": {
        "x": 0.11176756769418716,
        "y": -0.9202768206596375,
        "z": -0.33719897270202637
    },
    "position": {
        "pitch": 353.5044209436525,
        "roll": 249.8522849912507,
        "yaw": 112.82737580506371
    }
}