{
    "time": "2022-07-21T14:30:03.148948+02:00",
    "accelleration": {
        "x": 0.10716108977794647,
        "y": -0.9210004806518555,
        "z": -0.3186397850513458
    },
    "position": {
        "pitch": 353.73332064642034,
        "roll": 250.88662834858994,
        "yaw": 149.51284093157912
    }
}