{
    "time": "2022-06-30T06:10:02.805252+02:00",
    "accelleration": {
        "x": 0.11225245893001556,
        "y": -0.9214829206466675,
        "z": -0.3473221957683563
    },
    "position": {
        "pitch": 353.5096447577071,
        "roll": 249.32883295363928,
        "yaw": 176.06391725443973
    }
}