{
    "time": "2022-07-14T00:20:02.703678+02:00",
    "accelleration": {
        "x": 0.10643375664949417,
        "y": -0.9243776202201843,
        "z": -0.3241834342479706
    },
    "position": {
        "pitch": 353.810555998668,
        "roll": 250.6580628982046,
        "yaw": 170.5100308931139
    }
}