{
    "time": "2023-06-19T04:20:02.545120+02:00",
    "accelleration": {
        "x": 0.11199599504470825,
        "y": -0.9391559958457947,
        "z": -0.30866000056266785
    },
    "position": {
        "pitch": 353.48912729632724,
        "roll": 251.80722173549177,
        "yaw": 158.4091486651424
    }
}