{
    "time": "2023-05-25T05:50:02.751677+02:00",
    "accelleration": {
        "x": 0.11419199407100677,
        "y": -0.9437919855117798,
        "z": -0.31549200415611267
    },
    "position": {
        "pitch": 353.46269574489975,
        "roll": 251.52385767739543,
        "yaw": 98.0108171932843
    }
}