{
    "time": "2022-07-15T02:00:02.584470+02:00",
    "accelleration": {
        "x": 0.10934310406446457,
        "y": -0.9231715202331543,
        "z": -0.3318963646888733
    },
    "position": {
        "pitch": 353.59830573577574,
        "roll": 250.20881403573622,
        "yaw": 177.0026994351013
    }
}