{
    "time": "2022-07-18T09:20:02.803883+02:00",
    "accelleration": {
        "x": 0.10667620599269867,
        "y": -0.9226890206336975,
        "z": -0.33744004368782043
    },
    "position": {
        "pitch": 353.8157465155504,
        "roll": 249.9091394859019,
        "yaw": 121.60247500161593
    }
}