{
    "time": "2023-06-28T11:50:02.614599+02:00",
    "accelleration": {
        "x": 0.10906799882650375,
        "y": -0.9386679530143738,
        "z": -0.30109599232673645
    },
    "position": {
        "pitch": 353.6887421361418,
        "roll": 252.21788685933876,
        "yaw": 157.77697367632268
    }
}