{
    "time": "2023-05-17T09:10:03.478686+02:00",
    "accelleration": {
        "x": 0.11492399871349335,
        "y": -0.9423279762268066,
        "z": -0.3140279948711395
    },
    "position": {
        "pitch": 353.40643376915904,
        "roll": 251.57696922838147,
        "yaw": 140.51759107769905
    }
}