{
    "time": "2023-05-12T18:50:03.301656+02:00",
    "accelleration": {
        "x": 0.11321599781513214,
        "y": -0.9403759837150574,
        "z": -0.3172000050544739
    },
    "position": {
        "pitch": 353.49120836958997,
        "roll": 251.37310857222408,
        "yaw": 138.56981237170817
    }
}