{
    "time": "2023-06-17T23:00:02.696715+02:00",
    "accelleration": {
        "x": 0.11126399785280228,
        "y": -0.9396439790725708,
        "z": -0.3071959912776947
    },
    "position": {
        "pitch": 353.58111457652166,
        "roll": 251.9006450629592,
        "yaw": 158.20967982062135
    }
}