{
    "time": "2023-06-29T08:00:03.262633+02:00",
    "accelleration": {
        "x": 0.10955599695444107,
        "y": -0.9381799697875977,
        "z": -0.3030479848384857
    },
    "position": {
        "pitch": 353.66036953032955,
        "roll": 252.1046354927108,
        "yaw": 159.30319310674037
    }
}