{
    "time": "2023-07-03T17:40:03.502357+02:00",
    "accelleration": {
        "x": 0.10955599695444107,
        "y": -0.9374479651451111,
        "z": -0.30524399876594543
    },
    "position": {
        "pitch": 353.65295237177776,
        "roll": 251.96736918096104,
        "yaw": 157.99334040885034
    }
}