{
    "time": "2023-07-03T04:30:04.373188+02:00",
    "accelleration": {
        "x": 0.10979999601840973,
        "y": -0.9386679530143738,
        "z": -0.30866000056266785
    },
    "position": {
        "pitch": 353.59479501854236,
        "roll": 251.80412765979776,
        "yaw": 158.0642787535701
    }
}