{
    "time": "2022-07-10T10:10:02.510417+02:00",
    "accelleration": {
        "x": 0.11273735016584396,
        "y": -0.9229303002357483,
        "z": -0.33117327094078064
    },
    "position": {
        "pitch": 353.40172990325505,
        "roll": 250.25203547280404,
        "yaw": 191.3298308239908
    }
}