{
    "time": "2023-05-01T10:00:02.810162+02:00",
    "accelleration": {
        "x": 0.115167997777462,
        "y": -0.9425719976425171,
        "z": -0.31622397899627686
    },
    "position": {
        "pitch": 353.3976902732478,
        "roll": 251.47009042824908,
        "yaw": 185.1940260057582
    }
}