{
    "time": "2022-07-17T23:20:02.833253+02:00",
    "accelleration": {
        "x": 0.10788843780755997,
        "y": -0.9190706610679626,
        "z": -0.3186397850513458
    },
    "position": {
        "pitch": 353.68293989044184,
        "roll": 250.85772981821162,
        "yaw": 181.58365631238115
    }
}