{
    "time": "2023-06-18T21:10:03.383832+02:00",
    "accelleration": {
        "x": 0.10955599695444107,
        "y": -0.9386679530143738,
        "z": -0.305976003408432
    },
    "position": {
        "pitch": 353.66810386579095,
        "roll": 251.94869544377025,
        "yaw": 157.95174455680498
    }
}