{
    "time": "2023-05-14T21:20:03.029388+02:00",
    "accelleration": {
        "x": 0.11004399508237839,
        "y": -0.941107988357544,
        "z": -0.3723439872264862
    },
    "position": {
        "pitch": 353.791346945401,
        "roll": 248.49483270503487,
        "yaw": 154.82829904935815
    }
}