{
    "time": "2023-05-14T00:40:03.093884+02:00",
    "accelleration": {
        "x": 0.10906799882650375,
        "y": -0.9440360069274902,
        "z": -0.3108559846878052
    },
    "position": {
        "pitch": 353.73683008299327,
        "roll": 251.78358245077436,
        "yaw": 144.5193989124095
    }
}