{
    "time": "2023-07-04T11:00:03.220705+02:00",
    "accelleration": {
        "x": 0.10906799882650375,
        "y": -0.9376919865608215,
        "z": -0.30695199966430664
    },
    "position": {
        "pitch": 353.6921068580817,
        "roll": 251.8782078915357,
        "yaw": 157.52506263935427
    }
}