{
    "time": "2022-07-20T10:30:03.454947+02:00",
    "accelleration": {
        "x": 0.10473663359880447,
        "y": -0.9238952398300171,
        "z": -0.33069121837615967
    },
    "position": {
        "pitch": 353.9108581804033,
        "roll": 250.28982690948175,
        "yaw": 156.95870335337682
    }
}