{
    "time": "2023-06-24T19:10:03.182937+02:00",
    "accelleration": {
        "x": 0.11028799414634705,
        "y": -0.9389119744300842,
        "z": -0.3013399839401245
    },
    "position": {
        "pitch": 353.6193905297436,
        "roll": 252.20356395264926,
        "yaw": 157.19851129513597
    }
}