{
    "time": "2023-05-26T03:40:03.372528+02:00",
    "accelleration": {
        "x": 0.1117519959807396,
        "y": -0.9420839548110962,
        "z": -0.31744399666786194
    },
    "position": {
        "pitch": 353.58745384584506,
        "roll": 251.38614740334964,
        "yaw": 173.63082628716276
    }
}