{
    "time": "2023-06-24T12:00:03.287263+02:00",
    "accelleration": {
        "x": 0.1088239997625351,
        "y": -0.9403759837150574,
        "z": -0.30158400535583496
    },
    "position": {
        "pitch": 353.76239462728296,
        "roll": 252.22240844456934,
        "yaw": 157.65448106374768
    }
}