{
    "time": "2022-07-03T04:10:03.206034+02:00",
    "accelleration": {
        "x": 0.11491936445236206,
        "y": -0.9200355410575867,
        "z": -0.3398503363132477
    },
    "position": {
        "pitch": 353.3406927715109,
        "roll": 249.69049147019143,
        "yaw": 122.94724362654307
    }
}