{
    "time": "2023-07-05T01:10:03.022402+02:00",
    "accelleration": {
        "x": 0.11101999878883362,
        "y": -0.9381799697875977,
        "z": -0.30695199966430664
    },
    "position": {
        "pitch": 353.58689419722,
        "roll": 251.88883566588424,
        "yaw": 158.26493605100674
    }
}