{
    "time": "2023-06-25T01:20:03.074990+02:00",
    "accelleration": {
        "x": 0.10931199789047241,
        "y": -0.9396439790725708,
        "z": -0.30280399322509766
    },
    "position": {
        "pitch": 353.6853001476869,
        "roll": 252.14644308062043,
        "yaw": 158.86951707557958
    }
}