{
    "time": "2022-06-29T20:10:03.325449+02:00",
    "accelleration": {
        "x": 0.11128267645835876,
        "y": -0.9173820614814758,
        "z": -0.34563499689102173
    },
    "position": {
        "pitch": 353.53467227837336,
        "roll": 249.34745204931673,
        "yaw": 109.45211488329686
    }
}