{
    "time": "2023-06-28T21:20:02.731423+02:00",
    "accelleration": {
        "x": 0.10931199789047241,
        "y": -0.9391559958457947,
        "z": -0.3030479848384857
    },
    "position": {
        "pitch": 353.67842257407955,
        "roll": 252.11697081435184,
        "yaw": 158.78372989960423
    }
}