{
    "time": "2023-05-06T08:10:03.266367+02:00",
    "accelleration": {
        "x": 0.10931199789047241,
        "y": -0.9428159594535828,
        "z": -0.31378400325775146
    },
    "position": {
        "pitch": 353.7270624855933,
        "roll": 251.60900281558884,
        "yaw": 171.72285392365472
    }
}