{
    "time": "2023-06-25T08:20:02.511372+02:00",
    "accelleration": {
        "x": 0.10931199789047241,
        "y": -0.9396439790725708,
        "z": -0.3020719885826111
    },
    "position": {
        "pitch": 353.68569800620605,
        "roll": 252.18535466832202,
        "yaw": 157.8376667372874
    }
}