{
    "time": "2023-05-25T15:10:02.541813+02:00",
    "accelleration": {
        "x": 0.11077599972486496,
        "y": -0.9408639669418335,
        "z": -0.3084160089492798
    },
    "position": {
        "pitch": 353.61877880092607,
        "roll": 251.85510819176272,
        "yaw": 144.77561296855504
    }
}