{
    "time": "2022-07-02T07:50:03.184788+02:00",
    "accelleration": {
        "x": 0.11128267645835876,
        "y": -0.9188294410705566,
        "z": -0.3523837924003601
    },
    "position": {
        "pitch": 353.5583025984675,
        "roll": 249.01573708208588,
        "yaw": 121.38322592925853
    }
}