{
    "time": "2023-05-11T20:50:02.782025+02:00",
    "accelleration": {
        "x": 0.11077599972486496,
        "y": -0.9406200051307678,
        "z": -0.3118319809436798
    },
    "position": {
        "pitch": 353.62324019511453,
        "roll": 251.60879107972454,
        "yaw": 116.14414298677859
    }
}