{
    "time": "2022-07-02T00:30:03.088445+02:00",
    "accelleration": {
        "x": 0.11104022711515427,
        "y": -0.9193118810653687,
        "z": -0.3393682539463043
    },
    "position": {
        "pitch": 353.5513930083483,
        "roll": 249.7217942271576,
        "yaw": 120.64430874408987
    }
}