{
    "time": "2023-05-10T19:00:02.970739+02:00",
    "accelleration": {
        "x": 0.10931199789047241,
        "y": -0.9396439790725708,
        "z": -0.25278398394584656
    },
    "position": {
        "pitch": 353.5958263771071,
        "roll": 254.82445097115573,
        "yaw": 176.57105880031318
    }
}