{
    "time": "2023-04-29T02:50:03.203707+02:00",
    "accelleration": {
        "x": 0.11272799968719482,
        "y": -0.9398880004882812,
        "z": -0.30621999502182007
    },
    "position": {
        "pitch": 353.50042869808266,
        "roll": 251.97008759625072,
        "yaw": 129.70355747049297
    }
}