{
    "time": "2023-06-01T21:00:02.583208+02:00",
    "accelleration": {
        "x": 0.11370399594306946,
        "y": -0.9408639669418335,
        "z": -0.3130519986152649
    },
    "position": {
        "pitch": 353.45644142605414,
        "roll": 251.6028556453358,
        "yaw": 158.8467179041301
    }
}