{
    "time": "2022-07-18T00:20:03.366985+02:00",
    "accelleration": {
        "x": 0.11201001703739166,
        "y": -0.9212417006492615,
        "z": -0.3282809257507324
    },
    "position": {
        "pitch": 353.4787983427549,
        "roll": 250.37266344373563,
        "yaw": 140.59035991311637
    }
}