{
    "time": "2023-06-01T21:50:06.134858+02:00",
    "accelleration": {
        "x": 0.11394799500703812,
        "y": -0.9408639669418335,
        "z": -0.31451600790023804
    },
    "position": {
        "pitch": 353.44554770121476,
        "roll": 251.52385767739543,
        "yaw": 159.32462624035588
    }
}