{
    "time": "2023-05-15T12:40:03.439074+02:00",
    "accelleration": {
        "x": 0.1105320006608963,
        "y": -0.9386679530143738,
        "z": -0.31378400325775146
    },
    "position": {
        "pitch": 353.6286919667327,
        "roll": 251.53239541385796,
        "yaw": 153.4267715524282
    }
}