{
    "time": "2022-07-05T17:20:03.050426+02:00",
    "accelleration": {
        "x": 0.10885821282863617,
        "y": -0.9188294410705566,
        "z": -0.33286046981811523
    },
    "position": {
        "pitch": 353.6483163808786,
        "roll": 250.06109753455632,
        "yaw": 127.76621529355386
    }
}