{
    "time": "2023-05-12T03:00:02.924485+02:00",
    "accelleration": {
        "x": 0.11272799968719482,
        "y": -0.9408639669418335,
        "z": -0.3169559836387634
    },
    "position": {
        "pitch": 353.5230357704618,
        "roll": 251.4694552206563,
        "yaw": 178.3599809665879
    }
}