{
    "time": "2023-04-29T17:20:03.041852+02:00",
    "accelleration": {
        "x": 0.10858000069856644,
        "y": -0.9403759837150574,
        "z": -0.3067080080509186
    },
    "position": {
        "pitch": 353.73697693206043,
        "roll": 251.9483402739334,
        "yaw": 166.48967226461767
    }
}