{
    "time": "2023-05-14T15:20:03.140982+02:00",
    "accelleration": {
        "x": 0.11370399594306946,
        "y": -0.9415959715843201,
        "z": -0.31036800146102905
    },
    "position": {
        "pitch": 353.4669872381326,
        "roll": 251.76365195877625,
        "yaw": 106.04941709163406
    }
}