{
    "time": "2023-04-30T14:40:03.412277+02:00",
    "accelleration": {
        "x": 0.10809199512004852,
        "y": -0.9428159594535828,
        "z": -0.30866000056266785
    },
    "position": {
        "pitch": 353.7816937536697,
        "roll": 251.8915950623089,
        "yaw": 111.4319271764951
    }
}