{
    "time": "2023-05-02T02:00:03.403366+02:00",
    "accelleration": {
        "x": 0.10931199789047241,
        "y": -0.9433040022850037,
        "z": -0.31500399112701416
    },
    "position": {
        "pitch": 353.7270863912554,
        "roll": 251.5490542452436,
        "yaw": 149.1299132059515
    }
}