{
    "time": "2022-07-20T09:50:02.961903+02:00",
    "accelleration": {
        "x": 0.10788843780755997,
        "y": -0.9229303002357483,
        "z": -0.3302091658115387
    },
    "position": {
        "pitch": 353.7271192615408,
        "roll": 250.30013366493927,
        "yaw": 129.8459532543094
    }
}