{
    "time": "2023-05-26T20:00:02.790525+02:00",
    "accelleration": {
        "x": 0.10931199789047241,
        "y": -0.9403759837150574,
        "z": -0.3113439977169037
    },
    "position": {
        "pitch": 353.6964090234851,
        "roll": 251.69014546292857,
        "yaw": 163.75598467196843
    }
}