{
    "time": "2023-06-03T03:10:03.590823+02:00",
    "accelleration": {
        "x": 0.11248400062322617,
        "y": -0.9406200051307678,
        "z": -0.31671199202537537
    },
    "position": {
        "pitch": 353.5344310873183,
        "roll": 251.40220517808834,
        "yaw": 159.54683961481308
    }
}