{
    "time": "2023-06-28T01:50:03.219271+02:00",
    "accelleration": {
        "x": 0.10833600163459778,
        "y": -0.9389119744300842,
        "z": -0.3008520007133484
    },
    "position": {
        "pitch": 353.73136806609136,
        "roll": 252.23751682301338,
        "yaw": 157.62747449576943
    }
}