{
    "time": "2023-06-23T17:10:02.484839+02:00",
    "accelleration": {
        "x": 0.10858000069856644,
        "y": -0.9376919865608215,
        "z": -0.30109599232673645
    },
    "position": {
        "pitch": 353.70512519863973,
        "roll": 252.19846863152844,
        "yaw": 157.9154079504205
    }
}