{
    "time": "2023-04-29T20:30:02.776103+02:00",
    "accelleration": {
        "x": 0.10711599886417389,
        "y": -0.9408639669418335,
        "z": -0.3106119930744171
    },
    "position": {
        "pitch": 353.83379870552676,
        "roll": 251.7410713533802,
        "yaw": 188.9581978988656
    }
}