{
    "time": "2023-05-02T13:30:03.223116+02:00",
    "accelleration": {
        "x": 0.10979999601840973,
        "y": -0.9430599808692932,
        "z": -0.31036800146102905
    },
    "position": {
        "pitch": 353.69411621435813,
        "roll": 251.78763958314133,
        "yaw": 172.06671296722985
    }
}