{
    "time": "2023-06-08T11:00:03.451183+02:00",
    "accelleration": {
        "x": 0.11224000155925751,
        "y": -0.9423279762268066,
        "z": -0.3142719864845276
    },
    "position": {
        "pitch": 353.5540115321214,
        "roll": 251.56343862363565,
        "yaw": 158.28571348646193
    }
}