{
    "time": "2023-06-20T17:00:02.871511+02:00",
    "accelleration": {
        "x": 0.11004399508237839,
        "y": -0.9403759837150574,
        "z": -0.30646398663520813
    },
    "position": {
        "pitch": 353.65013321119784,
        "roll": 251.9508879344938,
        "yaw": 157.7843502806263
    }
}