{
    "time": "2023-05-04T11:50:02.930059+02:00",
    "accelleration": {
        "x": 0.1105320006608963,
        "y": -0.9398880004882812,
        "z": -0.31036800146102905
    },
    "position": {
        "pitch": 353.62723329445805,
        "roll": 251.73176180554145,
        "yaw": 133.37628679099222
    }
}