{
    "time": "2022-07-08T17:40:03.263731+02:00",
    "accelleration": {
        "x": 0.10861577093601227,
        "y": -0.9166584014892578,
        "z": -0.34201955795288086
    },
    "position": {
        "pitch": 353.672626731682,
        "roll": 249.52389632614566,
        "yaw": 110.87668060829724
    }
}