{
    "time": "2022-07-09T04:30:03.202380+02:00",
    "accelleration": {
        "x": 0.10691864788532257,
        "y": -0.9210004806518555,
        "z": -0.34201955795288086
    },
    "position": {
        "pitch": 353.7990915261462,
        "roll": 249.6117393890612,
        "yaw": 153.08799416959556
    }
}