{
    "time": "2023-06-04T03:20:02.552111+02:00",
    "accelleration": {
        "x": 0.11419199407100677,
        "y": -0.9403759837150574,
        "z": -0.3193959891796112
    },
    "position": {
        "pitch": 353.4422273755045,
        "roll": 251.250732072865,
        "yaw": 159.61844731807147
    }
}