{
    "time": "2023-05-01T21:40:04.567301+02:00",
    "accelleration": {
        "x": 0.11126399785280228,
        "y": -0.9430599808692932,
        "z": -0.3184199929237366
    },
    "position": {
        "pitch": 353.6280541978189,
        "roll": 251.36528800562442,
        "yaw": 133.2305168937258
    }
}