{
    "time": "2022-07-09T14:00:03.065477+02:00",
    "accelleration": {
        "x": 0.10934310406446457,
        "y": -0.986131489276886,
        "z": -0.3290040194988251
    },
    "position": {
        "pitch": 354.0061487108351,
        "roll": 251.51203461994214,
        "yaw": 113.57388133040025
    }
}