{
    "time": "2022-07-02T02:30:03.855272+02:00",
    "accelleration": {
        "x": 0.11370714008808136,
        "y": -0.9195531010627747,
        "z": -0.3504555821418762
    },
    "position": {
        "pitch": 353.4247736808542,
        "roll": 249.1285718071745,
        "yaw": 186.34657944706282
    }
}