{
    "time": "2023-05-13T01:00:02.929036+02:00",
    "accelleration": {
        "x": 0.1134599968791008,
        "y": -0.9420839548110962,
        "z": -0.3152479827404022
    },
    "position": {
        "pitch": 353.4945359523762,
        "roll": 251.51045684624387,
        "yaw": 141.45573122057863
    }
}