{
    "time": "2022-07-01T05:50:03.193904+02:00",
    "accelleration": {
        "x": 0.11394958198070526,
        "y": -0.9197943806648254,
        "z": -0.34370675683021545
    },
    "position": {
        "pitch": 353.39421712205484,
        "roll": 249.49406889004024,
        "yaw": 176.14672646793696
    }
}