{
    "time": "2022-07-20T04:50:03.162082+02:00",
    "accelleration": {
        "x": 0.10788843780755997,
        "y": -0.9210004806518555,
        "z": -0.3304502069950104
    },
    "position": {
        "pitch": 353.7204717799311,
        "roll": 250.24961758583788,
        "yaw": 168.47986644535433
    }
}