{
    "time": "2022-07-14T04:40:03.214052+02:00",
    "accelleration": {
        "x": 0.10740353912115097,
        "y": -0.9205180406570435,
        "z": -0.3268347680568695
    },
    "position": {
        "pitch": 353.74174824608247,
        "roll": 250.43325405186283,
        "yaw": 134.96027596140988
    }
}