{
    "time": "2023-05-25T05:10:02.871624+02:00",
    "accelleration": {
        "x": 0.11028799414634705,
        "y": -0.9396439790725708,
        "z": -0.3228119909763336
    },
    "position": {
        "pitch": 353.66889360641375,
        "roll": 251.00095888510677,
        "yaw": 98.30445385589232
    }
}