{
    "time": "2023-06-13T05:40:02.967180+02:00",
    "accelleration": {
        "x": 0.11028799414634705,
        "y": -0.9403759837150574,
        "z": -0.3130519986152649
    },
    "position": {
        "pitch": 353.6511957325006,
        "roll": 251.5946799088993,
        "yaw": 158.25208163498877
    }
}