{
    "time": "2023-07-01T16:20:02.796879+02:00",
    "accelleration": {
        "x": 0.1076039969921112,
        "y": -0.9376919865608215,
        "z": -0.305976003408432
    },
    "position": {
        "pitch": 353.7689259956768,
        "roll": 251.93481649937678,
        "yaw": 158.23108563348015
    }
}