{
    "time": "2023-05-20T15:40:02.778347+02:00",
    "accelleration": {
        "x": 0.11199599504470825,
        "y": -0.9408639669418335,
        "z": -0.31280800700187683
    },
    "position": {
        "pitch": 353.5641880870979,
        "roll": 251.6228749297931,
        "yaw": 105.06679192669016
    }
}