{
    "time": "2023-06-29T04:40:03.335858+02:00",
    "accelleration": {
        "x": 0.1088239997625351,
        "y": -0.9393999576568604,
        "z": -0.30329200625419617
    },
    "position": {
        "pitch": 353.7131092628926,
        "roll": 252.11388356884697,
        "yaw": 159.03360554019997
    }
}