{
    "time": "2023-05-20T11:40:02.590212+02:00",
    "accelleration": {
        "x": 0.11492399871349335,
        "y": -0.9437919855117798,
        "z": -0.31671199202537537
    },
    "position": {
        "pitch": 353.4245491383852,
        "roll": 251.46089699362625,
        "yaw": 199.9108023839529
    }
}