{
    "time": "2023-06-13T04:10:03.469444+02:00",
    "accelleration": {
        "x": 0.11077599972486496,
        "y": -0.9393999576568604,
        "z": -0.31207600235939026
    },
    "position": {
        "pitch": 353.61504097990274,
        "roll": 251.62771753391465,
        "yaw": 157.85836221047256
    }
}