{
    "time": "2022-07-06T02:20:03.256671+02:00",
    "accelleration": {
        "x": 0.11273735016584396,
        "y": -0.9197943806648254,
        "z": -0.3449119031429291
    },
    "position": {
        "pitch": 353.46936755905836,
        "roll": 249.42654563990547,
        "yaw": 122.68299726793362
    }
}