{
    "time": "2023-05-14T16:30:02.531710+02:00",
    "accelleration": {
        "x": 0.11077599972486496,
        "y": -0.9418399930000305,
        "z": -0.31207600235939026
    },
    "position": {
        "pitch": 353.6326005424852,
        "roll": 251.67582938642823,
        "yaw": 196.06093893751853
    }
}