{
    "time": "2023-05-25T23:40:03.223849+02:00",
    "accelleration": {
        "x": 0.1117519959807396,
        "y": -0.941107988357544,
        "z": -0.3245199918746948
    },
    "position": {
        "pitch": 353.5931344288004,
        "roll": 250.99212062032078,
        "yaw": 185.81849654119412
    }
}