{
    "time": "2023-06-15T05:40:03.438818+02:00",
    "accelleration": {
        "x": 0.11492399871349335,
        "y": -0.9408639669418335,
        "z": -0.3184199929237366
    },
    "position": {
        "pitch": 353.3515937534262,
        "roll": 251.30723139767932,
        "yaw": 158.52140965434072
    }
}