{
    "time": "2023-05-16T02:40:03.310611+02:00",
    "accelleration": {
        "x": 0.115167997777462,
        "y": -0.9401319622993469,
        "z": -0.3125639855861664
    },
    "position": {
        "pitch": 353.37757579302894,
        "roll": 251.62441855254554,
        "yaw": 188.86641381679897
    }
}