{
    "time": "2023-05-23T02:10:03.205361+02:00",
    "accelleration": {
        "x": 0.11150799691677094,
        "y": -0.9396439790725708,
        "z": -0.32549598813056946
    },
    "position": {
        "pitch": 353.5988154386426,
        "roll": 250.91627819977697,
        "yaw": 96.31430748647985
    }
}