{
    "time": "2023-06-16T12:40:02.723222+02:00",
    "accelleration": {
        "x": 0.11199599504470825,
        "y": -0.9391559958457947,
        "z": -0.3108559846878052
    },
    "position": {
        "pitch": 353.5403981113319,
        "roll": 251.6891141043639,
        "yaw": 158.65890136233307
    }
}