{
    "time": "2022-07-20T16:50:03.204058+02:00",
    "accelleration": {
        "x": 0.10328195989131927,
        "y": -0.9185882210731506,
        "z": -0.323701411485672
    },
    "position": {
        "pitch": 353.94750257218726,
        "roll": 250.56099907990958,
        "yaw": 172.26679652877618
    }
}