{
    "time": "2022-07-15T09:50:02.720433+02:00",
    "accelleration": {
        "x": 0.10764598846435547,
        "y": -0.9229303002357483,
        "z": -0.3241834342479706
    },
    "position": {
        "pitch": 353.7967982901323,
        "roll": 250.62445836748816,
        "yaw": 143.62241748946843
    }
}