{
    "time": "2023-05-22T02:50:02.726275+02:00",
    "accelleration": {
        "x": 0.11272799968719482,
        "y": -0.9415959715843201,
        "z": -0.3215920031070709
    },
    "position": {
        "pitch": 353.53554953079487,
        "roll": 251.1554304433758,
        "yaw": 166.4826098490159
    }
}