{
    "time": "2023-05-03T05:10:03.153393+02:00",
    "accelleration": {
        "x": 0.11394799500703812,
        "y": -0.941107988357544,
        "z": -0.3125639855861664
    },
    "position": {
        "pitch": 353.45182507194886,
        "roll": 251.6404899876626,
        "yaw": 199.42353668856418
    }
}