{
    "time": "2023-05-12T10:20:03.132408+02:00",
    "accelleration": {
        "x": 0.11565599590539932,
        "y": -0.9415959715843201,
        "z": -0.31768798828125
    },
    "position": {
        "pitch": 353.3705893632816,
        "roll": 251.37317004392662,
        "yaw": 110.13396583795006
    }
}