{
    "time": "2022-07-18T17:20:03.114993+02:00",
    "accelleration": {
        "x": 0.11104022711515427,
        "y": -0.9207592606544495,
        "z": -0.32105007767677307
    },
    "position": {
        "pitch": 353.5201666641235,
        "roll": 250.74800282919534,
        "yaw": 110.27914833894785
    }
}