{
    "time": "2023-05-12T01:00:02.670383+02:00",
    "accelleration": {
        "x": 0.11028799414634705,
        "y": -0.9386679530143738,
        "z": -0.31378400325775146
    },
    "position": {
        "pitch": 353.63829435893206,
        "roll": 251.59988451304685,
        "yaw": 137.27296435399785
    }
}