{
    "time": "2022-07-01T02:40:03.283985+02:00",
    "accelleration": {
        "x": 0.11322224140167236,
        "y": -0.9200355410575867,
        "z": -0.3504555821418762
    },
    "position": {
        "pitch": 353.45485298018525,
        "roll": 249.14498475175003,
        "yaw": 120.55894503984305
    }
}