{
    "time": "2023-05-09T00:20:02.523613+02:00",
    "accelleration": {
        "x": 0.1117519959807396,
        "y": -0.9396439790725708,
        "z": -0.30524399876594543
    },
    "position": {
        "pitch": 353.5519360083874,
        "roll": 252.0153239391237,
        "yaw": 117.43711145704034
    }
}