{
    "time": "2023-05-07T01:40:02.606198+02:00",
    "accelleration": {
        "x": 0.11370399594306946,
        "y": -0.9398880004882812,
        "z": -0.30695199966430664
    },
    "position": {
        "pitch": 353.4483630198133,
        "roll": 251.9287717819613,
        "yaw": 194.07196053045413
    }
}