{
    "time": "2022-07-08T13:40:03.086927+02:00",
    "accelleration": {
        "x": 0.10837332904338837,
        "y": -0.9197943806648254,
        "z": -0.34828630089759827
    },
    "position": {
        "pitch": 353.7244550608777,
        "roll": 249.24869434410752,
        "yaw": 123.50682736486387
    }
}