{
    "time": "2023-04-29T11:30:02.499971+02:00",
    "accelleration": {
        "x": 0.10638399422168732,
        "y": -0.9384239912033081,
        "z": -0.3071959912776947
    },
    "position": {
        "pitch": 353.8485963103636,
        "roll": 251.88519517505662,
        "yaw": 152.41120438511734
    }
}