{
    "time": "2023-05-23T20:30:02.837791+02:00",
    "accelleration": {
        "x": 0.11370399594306946,
        "y": -0.9384239912033081,
        "z": -0.31451600790023804
    },
    "position": {
        "pitch": 353.4493119892211,
        "roll": 251.47625808906963,
        "yaw": 104.59025645848754
    }
}