{
    "time": "2023-06-05T02:50:02.618360+02:00",
    "accelleration": {
        "x": 0.1134599968791008,
        "y": -0.9398880004882812,
        "z": -0.3159799873828888
    },
    "position": {
        "pitch": 353.47390750042234,
        "roll": 251.4232148399753,
        "yaw": 158.11892026693022
    }
}