{
    "time": "2023-05-29T15:30:03.249346+02:00",
    "accelleration": {
        "x": 0.1117519959807396,
        "y": -0.9384239912033081,
        "z": -0.3711239993572235
    },
    "position": {
        "pitch": 353.6222344497593,
        "roll": 248.42636688879466,
        "yaw": 196.17289939839338
    }
}