{
    "time": "2023-05-03T03:30:03.032534+02:00",
    "accelleration": {
        "x": 0.11224000155925751,
        "y": -0.9420839548110962,
        "z": -0.3130519986152649
    },
    "position": {
        "pitch": 353.5549997751169,
        "roll": 251.62846885472334,
        "yaw": 105.79566873377891
    }
}