{
    "time": "2023-06-07T01:50:02.525678+02:00",
    "accelleration": {
        "x": 0.11272799968719482,
        "y": -0.9408639669418335,
        "z": -0.3140279948711395
    },
    "position": {
        "pitch": 353.51782860499327,
        "roll": 251.54942990564797,
        "yaw": 158.9950832732811
    }
}