{
    "time": "2023-05-25T23:00:03.470819+02:00",
    "accelleration": {
        "x": 0.115167997777462,
        "y": -0.9408639669418335,
        "z": -0.3213479816913605
    },
    "position": {
        "pitch": 353.3952296975993,
        "roll": 251.14886663158342,
        "yaw": 107.83146125741456
    }
}