{
    "time": "2023-06-01T18:40:02.954535+02:00",
    "accelleration": {
        "x": 0.11224000155925751,
        "y": -0.9413520097732544,
        "z": -0.30866000056266785
    },
    "position": {
        "pitch": 353.5356664977844,
        "roll": 251.84473996460264,
        "yaw": 159.31403944714236
    }
}