{
    "time": "2022-07-12T01:40:02.982380+02:00",
    "accelleration": {
        "x": 0.10788843780755997,
        "y": -0.9243776202201843,
        "z": -0.3335835635662079
    },
    "position": {
        "pitch": 353.7434084089376,
        "roll": 250.15357146572916,
        "yaw": 177.7992087753515
    }
}