{
    "time": "2023-04-30T13:40:03.170178+02:00",
    "accelleration": {
        "x": 0.10784799605607986,
        "y": -0.9406200051307678,
        "z": -0.30451199412345886
    },
    "position": {
        "pitch": 353.7777659680101,
        "roll": 252.0667620937631,
        "yaw": 185.6007091293191
    }
}