{
    "time": "2023-07-02T17:10:03.068866+02:00",
    "accelleration": {
        "x": 0.11101999878883362,
        "y": -0.9384239912033081,
        "z": -0.30524399876594543
    },
    "position": {
        "pitch": 353.57773662109025,
        "roll": 251.98671227669053,
        "yaw": 158.07871777347552
    }
}