{
    "time": "2023-05-23T12:50:02.536839+02:00",
    "accelleration": {
        "x": 0.1117519959807396,
        "y": -0.9420839548110962,
        "z": -0.31744399666786194
    },
    "position": {
        "pitch": 353.5813130788944,
        "roll": 251.38609276183627,
        "yaw": 138.98615338275548
    }
}