{
    "time": "2023-06-19T21:40:03.144261+02:00",
    "accelleration": {
        "x": 0.11028799414634705,
        "y": -0.9391559958457947,
        "z": -0.3054879903793335
    },
    "position": {
        "pitch": 353.628505417191,
        "roll": 251.98659616347464,
        "yaw": 157.97707089824738
    }
}