{
    "time": "2023-05-26T01:30:02.587263+02:00",
    "accelleration": {
        "x": 0.11126399785280228,
        "y": -0.9437919855117798,
        "z": -0.3235439956188202
    },
    "position": {
        "pitch": 353.6368975852468,
        "roll": 251.09247658979578,
        "yaw": 110.03685420833081
    }
}