{
    "time": "2023-06-30T03:40:03.513633+02:00",
    "accelleration": {
        "x": 0.10979999601840973,
        "y": -0.9386679530143738,
        "z": -0.30743998289108276
    },
    "position": {
        "pitch": 353.6587234547396,
        "roll": 251.8745400799514,
        "yaw": 158.51828142770086
    }
}