{
    "time": "2023-05-10T04:30:02.456252+02:00",
    "accelleration": {
        "x": 0.11492399871349335,
        "y": -0.9418399930000305,
        "z": -0.3140279948711395
    },
    "position": {
        "pitch": 353.40322955666466,
        "roll": 251.56496175582058,
        "yaw": 134.84541950032693
    }
}