{
    "time": "2022-07-13T02:00:03.072559+02:00",
    "accelleration": {
        "x": 0.10958555340766907,
        "y": -0.9243776202201843,
        "z": -0.3270758092403412
    },
    "position": {
        "pitch": 353.633870530784,
        "roll": 250.4950126223381,
        "yaw": 139.28629921564252
    }
}