{
    "time": "2023-05-27T00:40:03.360189+02:00",
    "accelleration": {
        "x": 0.11004399508237839,
        "y": -0.9403759837150574,
        "z": -0.31207600235939026
    },
    "position": {
        "pitch": 353.66139960823375,
        "roll": 251.65063964876921,
        "yaw": 189.26931301555967
    }
}