{
    "time": "2023-05-18T19:10:03.158212+02:00",
    "accelleration": {
        "x": 0.1076039969921112,
        "y": -0.9440360069274902,
        "z": -0.3101239800453186
    },
    "position": {
        "pitch": 353.8181725133662,
        "roll": 251.75433558074835,
        "yaw": 171.09775501081515
    }
}