{
    "time": "2022-07-14T08:50:02.775809+02:00",
    "accelleration": {
        "x": 0.10594886541366577,
        "y": -0.9219653606414795,
        "z": -0.32611170411109924
    },
    "position": {
        "pitch": 353.82604345261103,
        "roll": 250.500954886916,
        "yaw": 171.5851709703656
    }
}