{
    "time": "2022-07-11T20:50:03.302966+02:00",
    "accelleration": {
        "x": 0.10691864788532257,
        "y": -0.9231715202331543,
        "z": -0.3222552239894867
    },
    "position": {
        "pitch": 353.7677375427612,
        "roll": 250.72792890322467,
        "yaw": 147.89297960764054
    }
}