{
    "time": "2022-07-15T20:10:02.700561+02:00",
    "accelleration": {
        "x": 0.11104022711515427,
        "y": -0.9200355410575867,
        "z": -0.32635271549224854
    },
    "position": {
        "pitch": 353.5235804780481,
        "roll": 250.4491820530073,
        "yaw": 184.08379241655098
    }
}