{
    "time": "2023-07-05T10:10:03.487754+02:00",
    "accelleration": {
        "x": 0.10979999601840973,
        "y": -0.9386679530143738,
        "z": -0.305976003408432
    },
    "position": {
        "pitch": 353.6541664379027,
        "roll": 251.94943993438977,
        "yaw": 157.5562629434829
    }
}