{
    "time": "2022-07-04T19:50:02.613756+02:00",
    "accelleration": {
        "x": 0.11297979205846786,
        "y": -0.9178645610809326,
        "z": -0.3415375351905823
    },
    "position": {
        "pitch": 353.43994096967987,
        "roll": 249.57161202768737,
        "yaw": 133.33096165566002
    }
}