{
    "time": "2022-07-17T00:40:03.221816+02:00",
    "accelleration": {
        "x": 0.10643375664949417,
        "y": -0.9238952398300171,
        "z": -0.33069121837615967
    },
    "position": {
        "pitch": 353.81282703656706,
        "roll": 250.29632241938242,
        "yaw": 137.71090242320074
    }
}