{
    "time": "2022-07-11T15:20:02.874316+02:00",
    "accelleration": {
        "x": 0.10910066217184067,
        "y": -0.9205180406570435,
        "z": -0.3176756799221039
    },
    "position": {
        "pitch": 353.62549074244606,
        "roll": 250.93901589952392,
        "yaw": 182.03398434473846
    }
}