{
    "time": "2023-05-11T22:40:03.051736+02:00",
    "accelleration": {
        "x": 0.10979999601840973,
        "y": -0.9406200051307678,
        "z": -0.3123199939727783
    },
    "position": {
        "pitch": 353.6766223923464,
        "roll": 251.64822176180303,
        "yaw": 184.84642401851792
    }
}