{
    "time": "2023-06-18T19:00:02.620323+02:00",
    "accelleration": {
        "x": 0.10906799882650375,
        "y": -0.9389119744300842,
        "z": -0.30646398663520813
    },
    "position": {
        "pitch": 353.6985588255264,
        "roll": 251.9272418195872,
        "yaw": 158.21864102881239
    }
}