{
    "time": "2022-07-05T16:40:02.851219+02:00",
    "accelleration": {
        "x": 0.10594886541366577,
        "y": -0.9197943806648254,
        "z": -0.35021454095840454
    },
    "position": {
        "pitch": 353.8543426338897,
        "roll": 249.15173980883918,
        "yaw": 150.3464381990225
    }
}