{
    "time": "2023-04-28T08:20:03.028724+02:00",
    "accelleration": {
        "x": 0.10979999601840973,
        "y": -0.9428159594535828,
        "z": -0.30914798378944397
    },
    "position": {
        "pitch": 353.69156086983486,
        "roll": 251.86430845657475,
        "yaw": 188.6667400666028
    }
}