{
    "time": "2023-06-06T16:20:03.445924+02:00",
    "accelleration": {
        "x": 0.1117519959807396,
        "y": -0.9391559958457947,
        "z": -0.3111000061035156
    },
    "position": {
        "pitch": 353.5536516665295,
        "roll": 251.67511221656537,
        "yaw": 158.13790819282283
    }
}