{
    "time": "2023-06-10T04:00:04.261600+02:00",
    "accelleration": {
        "x": 0.11394799500703812,
        "y": -0.9420839548110962,
        "z": -0.31671199202537537
    },
    "position": {
        "pitch": 353.460139119716,
        "roll": 251.42687582137043,
        "yaw": 158.63052875652085
    }
}