{
    "time": "2023-06-28T19:00:03.541582+02:00",
    "accelleration": {
        "x": 0.1088239997625351,
        "y": -0.9376919865608215,
        "z": -0.2996319830417633
    },
    "position": {
        "pitch": 353.688690909723,
        "roll": 252.27913316562626,
        "yaw": 157.9345871216099
    }
}