{
    "time": "2023-07-01T15:50:03.261640+02:00",
    "accelleration": {
        "x": 0.10931199789047241,
        "y": -0.937936007976532,
        "z": -0.3054879903793335
    },
    "position": {
        "pitch": 353.6767594230166,
        "roll": 251.9630046900814,
        "yaw": 157.43572376501052
    }
}