{
    "time": "2023-06-08T01:40:03.254892+02:00",
    "accelleration": {
        "x": 0.11224000155925751,
        "y": -0.9420839548110962,
        "z": -0.31280800700187683
    },
    "position": {
        "pitch": 353.5509358125608,
        "roll": 251.63786036483214,
        "yaw": 157.99668720154366
    }
}