{
    "time": "2023-06-10T22:00:02.807191+02:00",
    "accelleration": {
        "x": 0.11126399785280228,
        "y": -0.9403759837150574,
        "z": -0.3108559846878052
    },
    "position": {
        "pitch": 353.5895771809033,
        "roll": 251.71259629473042,
        "yaw": 158.40677175931123
    }
}