{
    "time": "2023-05-13T11:00:02.935602+02:00",
    "accelleration": {
        "x": 0.10833600163459778,
        "y": -0.9423279762268066,
        "z": -0.3093920052051544
    },
    "position": {
        "pitch": 353.77068605004854,
        "roll": 251.828805133269,
        "yaw": 148.49611263210937
    }
}