{
    "time": "2022-07-18T13:40:03.064645+02:00",
    "accelleration": {
        "x": 0.11201001703739166,
        "y": -0.9207592606544495,
        "z": -0.33382460474967957
    },
    "position": {
        "pitch": 353.4924407918483,
        "roll": 250.06465606311392,
        "yaw": 120.92818506637394
    }
}