{
    "time": "2023-05-30T11:00:02.727353+02:00",
    "accelleration": {
        "x": 0.10906799882650375,
        "y": -0.9420839548110962,
        "z": -0.3118319809436798
    },
    "position": {
        "pitch": 353.7226134711227,
        "roll": 251.75600214690581,
        "yaw": 137.4389789319642
    }
}