{
    "time": "2023-06-10T03:40:03.146923+02:00",
    "accelleration": {
        "x": 0.11492399871349335,
        "y": -0.9401319622993469,
        "z": -0.3152479827404022
    },
    "position": {
        "pitch": 353.39164470205867,
        "roll": 251.47116276794878,
        "yaw": 158.3060128086752
    }
}