{
    "time": "2023-05-27T19:40:03.411423+02:00",
    "accelleration": {
        "x": 0.11394799500703812,
        "y": -0.9391559958457947,
        "z": -0.3142719864845276
    },
    "position": {
        "pitch": 353.44294966800925,
        "roll": 251.50584646855413,
        "yaw": 199.81681898097352
    }
}