{
    "time": "2023-06-03T23:50:02.886491+02:00",
    "accelleration": {
        "x": 0.11394799500703812,
        "y": -0.9408639669418335,
        "z": -0.3181760013103485
    },
    "position": {
        "pitch": 353.45217896112524,
        "roll": 251.3260963801669,
        "yaw": 159.68083426595038
    }
}