{
    "time": "2022-07-10T04:20:03.063496+02:00",
    "accelleration": {
        "x": 0.11055533587932587,
        "y": -0.9224478602409363,
        "z": -0.3258706331253052
    },
    "position": {
        "pitch": 353.56980378325613,
        "roll": 250.53576836111554,
        "yaw": 193.0734005341766
    }
}