{
    "time": "2023-06-01T20:30:03.191590+02:00",
    "accelleration": {
        "x": 0.11297199875116348,
        "y": -0.9398880004882812,
        "z": -0.2513200044631958
    },
    "position": {
        "pitch": 353.3763369674682,
        "roll": 254.96712679272812,
        "yaw": 156.77297684946583
    }
}