{
    "time": "2023-05-05T03:50:02.671806+02:00",
    "accelleration": {
        "x": 0.11370399594306946,
        "y": -0.9420839548110962,
        "z": -0.3159799873828888
    },
    "position": {
        "pitch": 353.4838501214197,
        "roll": 251.47593707017865,
        "yaw": 192.88574791691968
    }
}