{
    "time": "2023-05-16T04:30:02.640306+02:00",
    "accelleration": {
        "x": 0.1134599968791008,
        "y": -0.9425719976425171,
        "z": -0.3142719864845276
    },
    "position": {
        "pitch": 353.4885104448678,
        "roll": 251.64721772399503,
        "yaw": 187.5181481350168
    }
}