{
    "time": "2023-05-24T01:00:02.735915+02:00",
    "accelleration": {
        "x": 0.11028799414634705,
        "y": -0.9401319622993469,
        "z": -0.3130519986152649
    },
    "position": {
        "pitch": 353.64676934303156,
        "roll": 251.59145605961106,
        "yaw": 145.75086835938447
    }
}