{
    "time": "2023-06-28T13:10:02.875444+02:00",
    "accelleration": {
        "x": 0.10858000069856644,
        "y": -0.9384239912033081,
        "z": -0.3030479848384857
    },
    "position": {
        "pitch": 353.71692221599676,
        "roll": 252.10988790818254,
        "yaw": 158.55020573188148
    }
}