{
    "time": "2023-05-07T22:10:02.740587+02:00",
    "accelleration": {
        "x": 0.11028799414634705,
        "y": -0.9401319622993469,
        "z": -0.30231598019599915
    },
    "position": {
        "pitch": 353.631041978694,
        "roll": 252.1712776484426,
        "yaw": 161.9115603884982
    }
}