{
    "time": "2023-07-04T01:40:02.640265+02:00",
    "accelleration": {
        "x": 0.10979999601840973,
        "y": -0.9386679530143738,
        "z": -0.3089039921760559
    },
    "position": {
        "pitch": 353.66151529456283,
        "roll": 251.79488641385072,
        "yaw": 158.35319575546166
    }
}