{
    "time": "2023-05-13T01:50:03.002370+02:00",
    "accelleration": {
        "x": 0.11028799414634705,
        "y": -0.9413520097732544,
        "z": -0.31671199202537537
    },
    "position": {
        "pitch": 353.6606717662003,
        "roll": 251.41945140574262,
        "yaw": 152.60815972002385
    }
}