{
    "time": "2023-05-08T18:20:03.132396+02:00",
    "accelleration": {
        "x": 0.10858000069856644,
        "y": -0.9389119744300842,
        "z": -0.305976003408432
    },
    "position": {
        "pitch": 353.7270744384244,
        "roll": 251.9569668028551,
        "yaw": 136.1433740086828
    }
}