{
    "time": "2023-05-31T15:20:03.294547+02:00",
    "accelleration": {
        "x": 0.11004399508237839,
        "y": -0.9389119744300842,
        "z": -0.31573599576950073
    },
    "position": {
        "pitch": 353.6597018793382,
        "roll": 251.41766189618008,
        "yaw": 116.57023750796066
    }
}