{
    "time": "2023-06-13T02:00:02.916106+02:00",
    "accelleration": {
        "x": 0.11077599972486496,
        "y": -0.9386679530143738,
        "z": -0.3740519881248474
    },
    "position": {
        "pitch": 353.7390272694719,
        "roll": 248.34613948680368,
        "yaw": 160.27036155359252
    }
}