{
    "time": "2023-06-07T21:30:02.837206+02:00",
    "accelleration": {
        "x": 0.11101999878883362,
        "y": -0.9403759837150574,
        "z": -0.3108559846878052
    },
    "position": {
        "pitch": 353.60460018198273,
        "roll": 251.71142150219316,
        "yaw": 157.90911051600574
    }
}