{
    "time": "2023-06-15T03:30:02.649413+02:00",
    "accelleration": {
        "x": 0.11443600058555603,
        "y": -0.9418399930000305,
        "z": -0.3193959891796112
    },
    "position": {
        "pitch": 353.4367226699203,
        "roll": 251.2780323389775,
        "yaw": 158.34950745330983
    }
}