{
    "time": "2023-05-19T17:00:03.318527+02:00",
    "accelleration": {
        "x": 0.11443600058555603,
        "y": -0.9408639669418335,
        "z": -0.31207600235939026
    },
    "position": {
        "pitch": 353.41682077933933,
        "roll": 251.66159527219793,
        "yaw": 127.07271886636579
    }
}