{
    "time": "2023-06-30T13:00:03.335675+02:00",
    "accelleration": {
        "x": 0.1088239997625351,
        "y": -0.9386679530143738,
        "z": -0.30573198199272156
    },
    "position": {
        "pitch": 353.7102371683466,
        "roll": 251.9681068413914,
        "yaw": 157.9674813126527
    }
}