{
    "time": "2023-05-04T23:10:03.154575+02:00",
    "accelleration": {
        "x": 0.10979999601840973,
        "y": -0.9423279762268066,
        "z": -0.30987998843193054
    },
    "position": {
        "pitch": 353.68292751072397,
        "roll": 251.80287773517964,
        "yaw": 167.46882086327403
    }
}