{
    "time": "2022-07-18T04:00:03.354663+02:00",
    "accelleration": {
        "x": 0.11055533587932587,
        "y": -0.9226890206336975,
        "z": -0.33117327094078064
    },
    "position": {
        "pitch": 353.58242298463455,
        "roll": 250.25415283144673,
        "yaw": 184.53017259956798
    }
}