{
    "time": "2022-07-04T07:00:03.181898+02:00",
    "accelleration": {
        "x": 0.11055533587932587,
        "y": -0.9212417006492615,
        "z": -0.34539395570755005
    },
    "position": {
        "pitch": 353.59660587244605,
        "roll": 249.43293186677943,
        "yaw": 143.01114287950895
    }
}