{
    "time": "2023-05-18T12:00:03.022859+02:00",
    "accelleration": {
        "x": 0.10858000069856644,
        "y": -0.9401319622993469,
        "z": -0.3118319809436798
    },
    "position": {
        "pitch": 353.74286114003036,
        "roll": 251.65843972480138,
        "yaw": 131.59457730448102
    }
}