{
    "time": "2023-04-30T14:30:02.399730+02:00",
    "accelleration": {
        "x": 0.10809199512004852,
        "y": -0.9396439790725708,
        "z": -0.30817198753356934
    },
    "position": {
        "pitch": 353.7602315917502,
        "roll": 251.8564810597859,
        "yaw": 178.3201199825917
    }
}