{
    "time": "2023-06-12T15:20:03.310041+02:00",
    "accelleration": {
        "x": 0.11077599972486496,
        "y": -0.9386679530143738,
        "z": -0.3093920052051544
    },
    "position": {
        "pitch": 353.6021921134135,
        "roll": 251.76180097751117,
        "yaw": 157.6725127631565
    }
}