{
    "time": "2023-05-02T17:10:03.317497+02:00",
    "accelleration": {
        "x": 0.11126399785280228,
        "y": -0.9430599808692932,
        "z": -0.3096359968185425
    },
    "position": {
        "pitch": 353.60157270063314,
        "roll": 251.89643766643047,
        "yaw": 194.9857988602668
    }
}