{
    "time": "2023-06-04T16:40:03.039638+02:00",
    "accelleration": {
        "x": 0.11467999964952469,
        "y": -0.9403759837150574,
        "z": -0.3142719864845276
    },
    "position": {
        "pitch": 353.40236681839514,
        "roll": 251.52210231877876,
        "yaw": 158.81023103358388
    }
}