{
    "time": "2023-04-29T00:20:03.105220+02:00",
    "accelleration": {
        "x": 0.11321599781513214,
        "y": -0.9425719976425171,
        "z": -0.30524399876594543
    },
    "position": {
        "pitch": 353.49494832504735,
        "roll": 252.0688726222166,
        "yaw": 120.21899286447317
    }
}