{
    "time": "2023-05-17T04:10:02.600797+02:00",
    "accelleration": {
        "x": 0.1105320006608963,
        "y": -0.9433040022850037,
        "z": -0.25229600071907043
    },
    "position": {
        "pitch": 353.54849658125346,
        "roll": 254.97752917083403,
        "yaw": 177.64864408528774
    }
}