{
    "time": "2023-05-14T14:40:03.057713+02:00",
    "accelleration": {
        "x": 0.11370399594306946,
        "y": -0.9391559958457947,
        "z": -0.3123199939727783
    },
    "position": {
        "pitch": 353.4539556640831,
        "roll": 251.60758896643063,
        "yaw": 175.70613828533612
    }
}