{
    "time": "2023-05-17T09:40:02.885514+02:00",
    "accelleration": {
        "x": 0.1134599968791008,
        "y": -0.9437919855117798,
        "z": -0.3201279938220978
    },
    "position": {
        "pitch": 353.50667405230496,
        "roll": 251.27849679184106,
        "yaw": 136.41745583969708
    }
}