{
    "time": "2023-05-30T07:00:03.359644+02:00",
    "accelleration": {
        "x": 0.10979999601840973,
        "y": -0.9401319622993469,
        "z": -0.31622397899627686
    },
    "position": {
        "pitch": 353.68406388344715,
        "roll": 251.3655680433804,
        "yaw": 174.98838102621616
    }
}