{
    "time": "2023-05-27T12:10:02.927112+02:00",
    "accelleration": {
        "x": 0.11199599504470825,
        "y": -0.9415959715843201,
        "z": -0.3076840043067932
    },
    "position": {
        "pitch": 353.5513605649498,
        "roll": 251.89972981761042,
        "yaw": 164.00245887835752
    }
}