{
    "time": "2023-05-20T19:00:02.539687+02:00",
    "accelleration": {
        "x": 0.11101999878883362,
        "y": -0.9423279762268066,
        "z": -0.31793197989463806
    },
    "position": {
        "pitch": 353.63861751225716,
        "roll": 251.37411944022125,
        "yaw": 134.16755054595984
    }
}