{
    "time": "2023-07-02T06:00:02.957832+02:00",
    "accelleration": {
        "x": 0.11199599504470825,
        "y": -0.937936007976532,
        "z": -0.30914798378944397
    },
    "position": {
        "pitch": 353.58080124159346,
        "roll": 251.7662337702825,
        "yaw": 157.9360897632273
    }
}