{
    "time": "2023-07-03T12:00:03.335058+02:00",
    "accelleration": {
        "x": 0.11004399508237839,
        "y": -0.9374479651451111,
        "z": -0.3067080080509186
    },
    "position": {
        "pitch": 353.63273543872134,
        "roll": 251.88811849602138,
        "yaw": 157.3132721335705
    }
}