{
    "time": "2023-06-28T20:20:02.822906+02:00",
    "accelleration": {
        "x": 0.11004399508237839,
        "y": -0.9376919865608215,
        "z": -0.3013399839401245
    },
    "position": {
        "pitch": 353.6256375915132,
        "roll": 252.18681632880438,
        "yaw": 158.65664739990697
    }
}