{
    "time": "2023-05-19T21:50:03.374985+02:00",
    "accelleration": {
        "x": 0.10711599886417389,
        "y": -0.9418399930000305,
        "z": -0.31622397899627686
    },
    "position": {
        "pitch": 353.84030360693754,
        "roll": 251.45125959670736,
        "yaw": 140.82191698635813
    }
}