{
    "time": "2022-07-07T16:30:02.733274+02:00",
    "accelleration": {
        "x": 0.10910066217184067,
        "y": -0.9197943806648254,
        "z": -0.33864516019821167
    },
    "position": {
        "pitch": 353.6525557939191,
        "roll": 249.77231030625904,
        "yaw": 153.4358147228893
    }
}