{
    "time": "2023-05-16T17:10:03.379342+02:00",
    "accelleration": {
        "x": 0.10955599695444107,
        "y": -0.9408639669418335,
        "z": -0.3740519881248474
    },
    "position": {
        "pitch": 353.823333148171,
        "roll": 248.38986635787012,
        "yaw": 196.47274470295693
    }
}