{
    "time": "2023-06-07T22:00:03.032565+02:00",
    "accelleration": {
        "x": 0.11126399785280228,
        "y": -0.9396439790725708,
        "z": -0.25034400820732117
    },
    "position": {
        "pitch": 353.4716168257294,
        "roll": 255.0207915890369,
        "yaw": 155.83893482008824
    }
}