{
    "time": "2023-04-30T21:40:02.486672+02:00",
    "accelleration": {
        "x": 0.11101999878883362,
        "y": -0.9403759837150574,
        "z": -0.31207600235939026
    },
    "position": {
        "pitch": 353.60680035666917,
        "roll": 251.6524633092776,
        "yaw": 162.90309895030896
    }
}