{
    "time": "2022-07-02T07:30:02.652701+02:00",
    "accelleration": {
        "x": 0.11176756769418716,
        "y": -0.9222065806388855,
        "z": -0.34997349977493286
    },
    "position": {
        "pitch": 353.54992366390314,
        "roll": 249.20719411471052,
        "yaw": 154.7483585153123
    }
}