{
    "time": "2023-07-03T13:30:03.032870+02:00",
    "accelleration": {
        "x": 0.1088239997625351,
        "y": -0.936959981918335,
        "z": -0.305976003408432
    },
    "position": {
        "pitch": 353.69583742202894,
        "roll": 251.9188884982323,
        "yaw": 156.84973451535845
    }
}