{
    "time": "2023-05-20T03:10:03.312372+02:00",
    "accelleration": {
        "x": 0.11492399871349335,
        "y": -0.9437919855117798,
        "z": -0.3223240077495575
    },
    "position": {
        "pitch": 353.4364208609363,
        "roll": 251.16450776478274,
        "yaw": 158.97270757356014
    }
}