{
    "time": "2022-07-05T23:50:02.654765+02:00",
    "accelleration": {
        "x": 0.10982800275087357,
        "y": -0.9202768206596375,
        "z": -0.34394779801368713
    },
    "position": {
        "pitch": 353.63348932085097,
        "roll": 249.49503877690236,
        "yaw": 189.38609558998854
    }
}