{
    "time": "2023-05-21T11:00:02.749769+02:00",
    "accelleration": {
        "x": 0.10809199512004852,
        "y": -0.9398880004882812,
        "z": -0.3223240077495575
    },
    "position": {
        "pitch": 353.85066500390843,
        "roll": 251.0953179484905,
        "yaw": 193.7192495617147
    }
}