{
    "time": "2022-07-01T22:20:02.727831+02:00",
    "accelleration": {
        "x": 0.11419202387332916,
        "y": -0.9197943806648254,
        "z": -0.34226056933403015
    },
    "position": {
        "pitch": 353.37911258559217,
        "roll": 249.5654580272452,
        "yaw": 137.0914862277506
    }
}