{
    "time": "2023-06-21T22:10:03.193380+02:00",
    "accelleration": {
        "x": 0.11077599972486496,
        "y": -0.9398880004882812,
        "z": -0.30451199412345886
    },
    "position": {
        "pitch": 353.6054155358149,
        "roll": 252.04977541329725,
        "yaw": 158.2952347701649
    }
}