{
    "time": "2023-05-12T16:50:03.129980+02:00",
    "accelleration": {
        "x": 0.11370399594306946,
        "y": -0.9423279762268066,
        "z": -0.3159799873828888
    },
    "position": {
        "pitch": 353.4813536872781,
        "roll": 251.48018544784236,
        "yaw": 140.9593130717021
    }
}