{
    "time": "2023-06-04T17:20:03.290497+02:00",
    "accelleration": {
        "x": 0.11248400062322617,
        "y": -0.9406200051307678,
        "z": -0.31671199202537537
    },
    "position": {
        "pitch": 353.53484943640495,
        "roll": 251.39937747977194,
        "yaw": 158.51712029554196
    }
}