{
    "time": "2022-07-17T09:40:02.770906+02:00",
    "accelleration": {
        "x": 0.10910066217184067,
        "y": -0.9222065806388855,
        "z": -0.32153213024139404
    },
    "position": {
        "pitch": 353.64061576947626,
        "roll": 250.75320060315374,
        "yaw": 109.39722748312663
    }
}