{
    "time": "2023-05-29T20:10:02.702906+02:00",
    "accelleration": {
        "x": 0.11419199407100677,
        "y": -0.9403759837150574,
        "z": -0.31036800146102905
    },
    "position": {
        "pitch": 353.42829677780543,
        "roll": 251.7381138814696,
        "yaw": 189.2294930126985
    }
}