{
    "time": "2023-06-20T00:30:03.311178+02:00",
    "accelleration": {
        "x": 0.11126399785280228,
        "y": -0.9396439790725708,
        "z": -0.30646398663520813
    },
    "position": {
        "pitch": 353.5783359701899,
        "roll": 251.93838868831267,
        "yaw": 157.99227489933983
    }
}