{
    "time": "2023-06-15T08:30:02.645273+02:00",
    "accelleration": {
        "x": 0.11663199961185455,
        "y": -0.941107988357544,
        "z": -0.3193959891796112
    },
    "position": {
        "pitch": 353.35760517366947,
        "roll": 251.26172184723953,
        "yaw": 158.0144866745207
    }
}