{
    "time": "2023-05-21T07:30:03.256843+02:00",
    "accelleration": {
        "x": 0.10833600163459778,
        "y": -0.9398880004882812,
        "z": -0.3111000061035156
    },
    "position": {
        "pitch": 353.7389410383336,
        "roll": 251.69637459545163,
        "yaw": 177.82359255068846
    }
}