{
    "time": "2023-06-10T17:00:02.673549+02:00",
    "accelleration": {
        "x": 0.11077599972486496,
        "y": -0.9393999576568604,
        "z": -0.30987998843193054
    },
    "position": {
        "pitch": 353.60733396519805,
        "roll": 251.7464262216895,
        "yaw": 157.76910529839884
    }
}