{
    "time": "2023-06-29T04:30:03.073907+02:00",
    "accelleration": {
        "x": 0.10833600163459778,
        "y": -0.9381799697875977,
        "z": -0.30402398109436035
    },
    "position": {
        "pitch": 353.7315349788392,
        "roll": 252.05249382858693,
        "yaw": 159.4759968927417
    }
}