{
    "time": "2023-05-19T06:50:03.279853+02:00",
    "accelleration": {
        "x": 0.11077599972486496,
        "y": -0.945743978023529,
        "z": -0.31500399112701416
    },
    "position": {
        "pitch": 353.6580698910134,
        "roll": 251.59183172001542,
        "yaw": 157.19915333291794
    }
}