{
    "time": "2023-05-07T16:50:02.630691+02:00",
    "accelleration": {
        "x": 0.11248400062322617,
        "y": -0.9398880004882812,
        "z": -0.3047559857368469
    },
    "position": {
        "pitch": 353.5114090809471,
        "roll": 252.0285881664919,
        "yaw": 174.26768678575309
    }
}