{
    "time": "2023-06-10T11:40:02.689722+02:00",
    "accelleration": {
        "x": 0.10931199789047241,
        "y": -0.9398880004882812,
        "z": -0.3130519986152649
    },
    "position": {
        "pitch": 353.70177797905956,
        "roll": 251.58195526647557,
        "yaw": 157.74289103236433
    }
}