{
    "time": "2023-06-15T21:40:02.881247+02:00",
    "accelleration": {
        "x": 0.11272799968719482,
        "y": -0.9398880004882812,
        "z": -0.3118319809436798
    },
    "position": {
        "pitch": 353.50393984220284,
        "roll": 251.65074893179593,
        "yaw": 157.96183957639826
    }
}