{
    "time": "2023-06-29T00:20:02.643382+02:00",
    "accelleration": {
        "x": 0.11004399508237839,
        "y": -0.937936007976532,
        "z": -0.301827996969223
    },
    "position": {
        "pitch": 353.6283730822758,
        "roll": 252.16564274237734,
        "yaw": 158.71682136649477
    }
}