{
    "time": "2023-06-14T21:00:02.978086+02:00",
    "accelleration": {
        "x": 0.11565599590539932,
        "y": -0.9398880004882812,
        "z": -0.31500399112701416
    },
    "position": {
        "pitch": 353.34510208550694,
        "roll": 251.47691378722993,
        "yaw": 159.18314570188824
    }
}