{
    "time": "2023-05-26T04:20:02.383993+02:00",
    "accelleration": {
        "x": 0.11711999773979187,
        "y": -0.9428159594535828,
        "z": -0.31573599576950073
    },
    "position": {
        "pitch": 353.2951379710678,
        "roll": 251.49066978821836,
        "yaw": 174.4202868721895
    }
}