{
    "time": "2023-07-06T12:00:02.472554+02:00",
    "accelleration": {
        "x": 0.10784799605607986,
        "y": -0.9381799697875977,
        "z": -0.30524399876594543
    },
    "position": {
        "pitch": 353.7596352308583,
        "roll": 251.9804285026541,
        "yaw": 157.7246271065237
    }
}