{
    "time": "2022-07-20T05:30:03.331325+02:00",
    "accelleration": {
        "x": 0.11176756769418716,
        "y": -0.9222065806388855,
        "z": -0.32924503087997437
    },
    "position": {
        "pitch": 353.5146730575967,
        "roll": 250.33140910114878,
        "yaw": 180.2310602906652
    }
}