{
    "time": "2022-06-29T23:20:03.159416+02:00",
    "accelleration": {
        "x": 0.11225245893001556,
        "y": -0.9190706610679626,
        "z": -0.3429836630821228
    },
    "position": {
        "pitch": 353.4890671052852,
        "roll": 249.51659485392292,
        "yaw": 171.57498032812396
    }
}