{
    "time": "2023-06-21T05:50:03.075691+02:00",
    "accelleration": {
        "x": 0.11077599972486496,
        "y": -0.9413520097732544,
        "z": -0.30743998289108276
    },
    "position": {
        "pitch": 353.62063960058805,
        "roll": 251.92369695140798,
        "yaw": 158.99409972604062
    }
}