{
    "time": "2023-07-01T07:20:02.695286+02:00",
    "accelleration": {
        "x": 0.10979999601840973,
        "y": -0.9391559958457947,
        "z": -0.3079279959201813
    },
    "position": {
        "pitch": 353.66204548799715,
        "roll": 251.85484864457425,
        "yaw": 158.328784659368
    }
}