{
    "time": "2022-07-04T18:40:03.355030+02:00",
    "accelleration": {
        "x": 0.11201001703739166,
        "y": -0.9202768206596375,
        "z": -0.34852734208106995
    },
    "position": {
        "pitch": 353.52036260517536,
        "roll": 249.24081230580532,
        "yaw": 193.50637988604205
    }
}