{
    "time": "2023-05-31T02:30:02.846796+02:00",
    "accelleration": {
        "x": 0.11370399594306946,
        "y": -0.9415959715843201,
        "z": -0.31036800146102905
    },
    "position": {
        "pitch": 353.46812531840305,
        "roll": 251.76714901563128,
        "yaw": 187.37403114352952
    }
}