{
    "time": "2023-05-07T15:30:03.441637+02:00",
    "accelleration": {
        "x": 0.10858000069856644,
        "y": -0.937936007976532,
        "z": -0.3106119930744171
    },
    "position": {
        "pitch": 353.7275828606307,
        "roll": 251.68768659482737,
        "yaw": 142.6593881372533
    }
}