{
    "time": "2022-07-16T19:20:02.819673+02:00",
    "accelleration": {
        "x": 0.10522152483463287,
        "y": -0.9188294410705566,
        "z": -0.3287630081176758
    },
    "position": {
        "pitch": 353.8474992112281,
        "roll": 250.2996692120757,
        "yaw": 174.23767493454005
    }
}