{
    "time": "2023-06-14T03:20:03.263687+02:00",
    "accelleration": {
        "x": 0.1134599968791008,
        "y": -0.9396439790725708,
        "z": -0.31793197989463806
    },
    "position": {
        "pitch": 353.4766912293959,
        "roll": 251.31699856819245,
        "yaw": 157.95220900966854
    }
}