{
    "time": "2023-05-24T19:20:03.204415+02:00",
    "accelleration": {
        "x": 0.11101999878883362,
        "y": -0.9398880004882812,
        "z": -0.3076840043067932
    },
    "position": {
        "pitch": 353.59573758464785,
        "roll": 251.8749089101666,
        "yaw": 164.68927538053734
    }
}