{
    "time": "2022-07-18T00:10:03.324438+02:00",
    "accelleration": {
        "x": 0.10837332904338837,
        "y": -0.9219653606414795,
        "z": -0.32611170411109924
    },
    "position": {
        "pitch": 353.6894708319489,
        "roll": 250.49883069808413,
        "yaw": 167.38528764972477
    }
}