{
    "time": "2023-05-03T06:10:03.090197+02:00",
    "accelleration": {
        "x": 0.11370399594306946,
        "y": -0.9442799687385559,
        "z": -0.313539981842041
    },
    "position": {
        "pitch": 353.4905057138791,
        "roll": 251.6439733841393,
        "yaw": 101.63656847267221
    }
}