{
    "time": "2023-06-26T17:10:02.791444+02:00",
    "accelleration": {
        "x": 0.10662800073623657,
        "y": -0.936959981918335,
        "z": -0.2984119951725006
    },
    "position": {
        "pitch": 353.8066781587668,
        "roll": 252.33295505628598,
        "yaw": 157.83382817097387
    }
}