{
    "time": "2023-06-02T17:30:02.570366+02:00",
    "accelleration": {
        "x": 0.11248400062322617,
        "y": -0.9391559958457947,
        "z": -0.3111000061035156
    },
    "position": {
        "pitch": 353.51365407874994,
        "roll": 251.60914624956138,
        "yaw": 159.59919984499038
    }
}