{
    "time": "2022-07-07T08:50:03.090159+02:00",
    "accelleration": {
        "x": 0.10837332904338837,
        "y": -0.9200355410575867,
        "z": -0.3444298505783081
    },
    "position": {
        "pitch": 353.7146503243241,
        "roll": 249.46805269949164,
        "yaw": 144.26136802594476
    }
}