{
    "time": "2023-05-27T15:10:02.433506+02:00",
    "accelleration": {
        "x": 0.1134599968791008,
        "y": -0.9389119744300842,
        "z": -0.30866000056266785
    },
    "position": {
        "pitch": 353.45312921119347,
        "roll": 251.80342415031322,
        "yaw": 185.51967576500607
    }
}