{
    "time": "2022-07-15T01:00:02.641213+02:00",
    "accelleration": {
        "x": 0.10691864788532257,
        "y": -0.9212417006492615,
        "z": -0.33382460474967957
    },
    "position": {
        "pitch": 353.78260216882927,
        "roll": 250.07592587524442,
        "yaw": 109.2168421871466
    }
}