{
    "time": "2022-07-09T01:50:03.325886+02:00",
    "accelleration": {
        "x": 0.11152512580156326,
        "y": -0.9210004806518555,
        "z": -0.3458760380744934
    },
    "position": {
        "pitch": 353.5522536121838,
        "roll": 249.4040606571578,
        "yaw": 113.67968096064375
    }
}