{
    "time": "2023-05-14T00:30:02.528594+02:00",
    "accelleration": {
        "x": 0.10931199789047241,
        "y": -0.9420839548110962,
        "z": -0.31671199202537537
    },
    "position": {
        "pitch": 353.7229400395424,
        "roll": 251.4346280860784,
        "yaw": 170.965413265457
    }
}