{
    "time": "2023-06-26T12:00:03.452155+02:00",
    "accelleration": {
        "x": 0.10662800073623657,
        "y": -0.9381799697875977,
        "z": -0.2991439998149872
    },
    "position": {
        "pitch": 353.8189844521038,
        "roll": 252.31733441365418,
        "yaw": 157.24730616656655
    }
}