{
    "time": "2023-06-26T01:00:02.483073+02:00",
    "accelleration": {
        "x": 0.10931199789047241,
        "y": -0.9391559958457947,
        "z": -0.3001199960708618
    },
    "position": {
        "pitch": 353.67730071550835,
        "roll": 252.28008939211009,
        "yaw": 158.25597484281568
    }
}