{
    "time": "2023-05-01T22:40:03.136069+02:00",
    "accelleration": {
        "x": 0.11028799414634705,
        "y": -0.9401319622993469,
        "z": -0.31329599022865295
    },
    "position": {
        "pitch": 353.6547598105869,
        "roll": 251.5807599833708,
        "yaw": 182.8196883257217
    }
}