{
    "time": "2023-06-18T15:40:02.667128+02:00",
    "accelleration": {
        "x": 0.10931199789047241,
        "y": -0.9384239912033081,
        "z": -0.3054879903793335
    },
    "position": {
        "pitch": 353.6799000293744,
        "roll": 251.97109163405872,
        "yaw": 158.35535409523936
    }
}