{
    "time": "2023-04-30T17:30:02.739267+02:00",
    "accelleration": {
        "x": 0.1117519959807396,
        "y": -0.9413520097732544,
        "z": -0.3042680025100708
    },
    "position": {
        "pitch": 353.56132196896743,
        "roll": 252.09066775585814,
        "yaw": 133.95703045536172
    }
}