{
    "time": "2023-06-17T16:20:02.811968+02:00",
    "accelleration": {
        "x": 0.11077599972486496,
        "y": -0.9389119744300842,
        "z": -0.30646398663520813
    },
    "position": {
        "pitch": 353.59730084419414,
        "roll": 251.92373793254302,
        "yaw": 157.37355538318505
    }
}