{
    "time": "2022-07-01T01:00:03.243760+02:00",
    "accelleration": {
        "x": 0.10982800275087357,
        "y": -0.9197943806648254,
        "z": -0.3427426517009735
    },
    "position": {
        "pitch": 353.62786978271134,
        "roll": 249.5525421395247,
        "yaw": 142.21158727488893
    }
}