{
    "time": "2022-07-12T07:20:02.821428+02:00",
    "accelleration": {
        "x": 0.10594886541366577,
        "y": -0.9222065806388855,
        "z": -0.3287630081176758
    },
    "position": {
        "pitch": 353.8384107907638,
        "roll": 250.37169355687348,
        "yaw": 134.70587873558358
    }
}