{
    "time": "2023-07-01T04:20:02.909019+02:00",
    "accelleration": {
        "x": 0.10906799882650375,
        "y": -0.9374479651451111,
        "z": -0.30817198753356934
    },
    "position": {
        "pitch": 353.6944261341917,
        "roll": 251.81041143383416,
        "yaw": 158.7555621994671
    }
}