{
    "time": "2023-06-05T15:20:03.452656+02:00",
    "accelleration": {
        "x": 0.11150799691677094,
        "y": -0.9401319622993469,
        "z": -0.3142719864845276
    },
    "position": {
        "pitch": 353.581176475111,
        "roll": 251.52253945088563,
        "yaw": 158.26138435263834
    }
}