{
    "time": "2023-06-15T04:00:02.681661+02:00",
    "accelleration": {
        "x": 0.11443600058555603,
        "y": -0.9403759837150574,
        "z": -0.3189080059528351
    },
    "position": {
        "pitch": 353.42705325648967,
        "roll": 251.27377713112458,
        "yaw": 158.72989434856618
    }
}