{
    "time": "2022-07-19T18:20:03.025760+02:00",
    "accelleration": {
        "x": 0.11297979205846786,
        "y": -0.9219653606414795,
        "z": -0.32611170411109924
    },
    "position": {
        "pitch": 353.4323970257416,
        "roll": 250.49634450922622,
        "yaw": 131.1517351594541
    }
}