{
    "time": "2022-07-20T09:00:02.924833+02:00",
    "accelleration": {
        "x": 0.10716108977794647,
        "y": -0.9193118810653687,
        "z": -0.32008597254753113
    },
    "position": {
        "pitch": 353.7305450282964,
        "roll": 250.78298022793498,
        "yaw": 192.7090645834698
    }
}