{
    "time": "2023-06-22T13:40:02.868765+02:00",
    "accelleration": {
        "x": 0.10906799882650375,
        "y": -0.9389119744300842,
        "z": -0.3008520007133484
    },
    "position": {
        "pitch": 353.68763521860944,
        "roll": 252.23265372832435,
        "yaw": 157.53552648916275
    }
}