{
    "time": "2023-05-16T14:20:03.273147+02:00",
    "accelleration": {
        "x": 0.11224000155925751,
        "y": -0.9425719976425171,
        "z": -0.37380799651145935
    },
    "position": {
        "pitch": 353.6807200789616,
        "roll": 248.44841473943546,
        "yaw": 136.9000496856935
    }
}