{
    "time": "2022-07-10T15:30:03.197756+02:00",
    "accelleration": {
        "x": 0.10522152483463287,
        "y": -0.9205180406570435,
        "z": -0.32803991436958313
    },
    "position": {
        "pitch": 353.86306051659153,
        "roll": 250.36913223593473,
        "yaw": 149.90013997827552
    }
}