{
    "time": "2023-05-29T17:10:03.670706+02:00",
    "accelleration": {
        "x": 0.1076039969921112,
        "y": -0.9389119744300842,
        "z": -0.3140279948711395
    },
    "position": {
        "pitch": 353.7915595350389,
        "roll": 251.51557948812138,
        "yaw": 133.78751882054033
    }
}