{
    "time": "2023-06-25T12:10:02.565431+02:00",
    "accelleration": {
        "x": 0.10979999601840973,
        "y": -0.9391559958457947,
        "z": -0.3008520007133484
    },
    "position": {
        "pitch": 353.6509852772968,
        "roll": 252.2427555781068,
        "yaw": 158.0056074285997
    }
}