{
    "time": "2022-07-13T07:50:02.758444+02:00",
    "accelleration": {
        "x": 0.10861577093601227,
        "y": -0.9212417006492615,
        "z": -0.322496235370636
    },
    "position": {
        "pitch": 353.66794335634546,
        "roll": 250.6895978816026,
        "yaw": 107.64441652699377
    }
}