{
    "time": "2023-07-01T22:30:03.114882+02:00",
    "accelleration": {
        "x": 0.10931199789047241,
        "y": -0.9376919865608215,
        "z": -0.3042680025100708
    },
    "position": {
        "pitch": 353.6713913212158,
        "roll": 252.0259175625264,
        "yaw": 156.98307346833542
    }
}