{
    "time": "2022-07-04T16:10:02.909778+02:00",
    "accelleration": {
        "x": 0.11128267645835876,
        "y": -0.9190706610679626,
        "z": -0.34684014320373535
    },
    "position": {
        "pitch": 353.55330930329734,
        "roll": 249.311586725985,
        "yaw": 178.01840320619556
    }
}