{
    "time": "2023-06-06T01:40:02.494378+02:00",
    "accelleration": {
        "x": 0.115167997777462,
        "y": -0.9408639669418335,
        "z": -0.31744399666786194
    },
    "position": {
        "pitch": 353.434051639068,
        "roll": 251.36651060948586,
        "yaw": 158.68985577965157
    }
}