{
    "time": "2023-06-16T06:50:02.539134+02:00",
    "accelleration": {
        "x": 0.1134599968791008,
        "y": -0.9403759837150574,
        "z": -0.31549200415611267
    },
    "position": {
        "pitch": 353.47604833784027,
        "roll": 251.46110189930135,
        "yaw": 158.52855403221255
    }
}