{
    "time": "2023-06-26T07:30:02.605602+02:00",
    "accelleration": {
        "x": 0.10906799882650375,
        "y": -0.9391559958457947,
        "z": -0.30231598019599915
    },
    "position": {
        "pitch": 353.69524319557115,
        "roll": 252.1614626666053,
        "yaw": 157.9895018425368
    }
}