{
    "time": "2023-06-28T05:30:03.383658+02:00",
    "accelleration": {
        "x": 0.10809199512004852,
        "y": -0.9389119744300842,
        "z": -0.3013399839401245
    },
    "position": {
        "pitch": 353.74888365933106,
        "roll": 252.21128889660054,
        "yaw": 158.3547530385924
    }
}