{
    "time": "2023-06-01T16:00:02.880317+02:00",
    "accelleration": {
        "x": 0.1105320006608963,
        "y": -0.9389119744300842,
        "z": -0.3089039921760559
    },
    "position": {
        "pitch": 353.61757882206626,
        "roll": 251.79242071556035,
        "yaw": 154.60715118441146
    }
}