{
    "time": "2023-05-26T00:30:04.122138+02:00",
    "accelleration": {
        "x": 0.11126399785280228,
        "y": -0.9401319622993469,
        "z": -0.3198840022087097
    },
    "position": {
        "pitch": 353.6036913399363,
        "roll": 251.22248241045781,
        "yaw": 187.08046961300238
    }
}