{
    "time": "2023-05-04T11:40:02.835222+02:00",
    "accelleration": {
        "x": 0.10833600163459778,
        "y": -0.9403759837150574,
        "z": -0.3125639855861664
    },
    "position": {
        "pitch": 353.7605402309233,
        "roll": 251.62133813722988,
        "yaw": 118.2830577065031
    }
}