{
    "time": "2023-06-24T11:30:02.523700+02:00",
    "accelleration": {
        "x": 0.10931199789047241,
        "y": -0.9393999576568604,
        "z": -0.30280399322509766
    },
    "position": {
        "pitch": 353.682374692288,
        "roll": 252.137024249755,
        "yaw": 158.30218790273997
    }
}