{
    "time": "2022-07-18T04:30:02.515467+02:00",
    "accelleration": {
        "x": 0.10716108977794647,
        "y": -0.9219653606414795,
        "z": -0.33237841725349426
    },
    "position": {
        "pitch": 353.7155770956171,
        "roll": 250.16088659833022,
        "yaw": 172.78684713218098
    }
}