{
    "time": "2023-05-07T13:30:02.575974+02:00",
    "accelleration": {
        "x": 0.11126399785280228,
        "y": -0.9408639669418335,
        "z": -0.3093920052051544
    },
    "position": {
        "pitch": 353.59398564112576,
        "roll": 251.80084916899614,
        "yaw": 118.731241059461
    }
}