{
    "time": "2023-05-11T09:40:03.320760+02:00",
    "accelleration": {
        "x": 0.1105320006608963,
        "y": -0.9415959715843201,
        "z": -0.3111000061035156
    },
    "position": {
        "pitch": 353.64648802461517,
        "roll": 251.7304777299775,
        "yaw": 102.08525042943951
    }
}