{
    "time": "2023-06-06T20:30:03.307625+02:00",
    "accelleration": {
        "x": 0.11248400062322617,
        "y": -0.9401319622993469,
        "z": -0.30987998843193054
    },
    "position": {
        "pitch": 353.51604891382766,
        "roll": 251.7585361470879,
        "yaw": 158.28227107112022
    }
}