{
    "time": "2023-07-05T15:40:03.410517+02:00",
    "accelleration": {
        "x": 0.1088239997625351,
        "y": -0.9381799697875977,
        "z": -0.30353599786758423
    },
    "position": {
        "pitch": 353.6985097335417,
        "roll": 252.06976737699787,
        "yaw": 157.51707131802536
    }
}