{
    "time": "2023-04-27T13:50:03.274197+02:00",
    "accelleration": {
        "x": 0.10858000069856644,
        "y": -0.9425719976425171,
        "z": -0.3084160089492798
    },
    "position": {
        "pitch": 353.7588954359938,
        "roll": 251.90072019504007,
        "yaw": 174.96234434510006
    }
}