{
    "time": "2023-05-02T07:50:02.793799+02:00",
    "accelleration": {
        "x": 0.11077599972486496,
        "y": -0.9403759837150574,
        "z": -0.3201279938220978
    },
    "position": {
        "pitch": 353.6389526184133,
        "roll": 251.2200235423566,
        "yaw": 192.23715315333527
    }
}