{
    "time": "2022-07-11T14:20:02.944862+02:00",
    "accelleration": {
        "x": 0.10303951054811478,
        "y": -0.9231715202331543,
        "z": -0.32948607206344604
    },
    "position": {
        "pitch": 354.00351396536274,
        "roll": 250.34480993230034,
        "yaw": 146.35661051611623
    }
}