{
    "time": "2023-05-27T19:00:03.286210+02:00",
    "accelleration": {
        "x": 0.11199599504470825,
        "y": -0.9386679530143738,
        "z": -0.3106119930744171
    },
    "position": {
        "pitch": 353.53772622670596,
        "roll": 251.70088935049301,
        "yaw": 193.31670553279082
    }
}