{
    "time": "2022-07-12T22:20:02.799471+02:00",
    "accelleration": {
        "x": 0.11297979205846786,
        "y": -0.9202768206596375,
        "z": -0.3302091658115387
    },
    "position": {
        "pitch": 353.42625924699865,
        "roll": 250.25952819032355,
        "yaw": 191.29277021755428
    }
}