{
    "time": "2023-05-09T13:50:02.980825+02:00",
    "accelleration": {
        "x": 0.10858000069856644,
        "y": -0.9384239912033081,
        "z": -0.3152479827404022
    },
    "position": {
        "pitch": 353.73859867510146,
        "roll": 251.4478376719332,
        "yaw": 182.98379045072042
    }
}