{
    "time": "2023-06-17T12:40:03.036838+02:00",
    "accelleration": {
        "x": 0.1105320006608963,
        "y": -0.9398880004882812,
        "z": -0.30743998289108276
    },
    "position": {
        "pitch": 353.6206361854935,
        "roll": 251.889668948963,
        "yaw": 157.40313010229121
    }
}