{
    "time": "2023-05-04T12:50:03.094207+02:00",
    "accelleration": {
        "x": 0.10906799882650375,
        "y": -0.9415959715843201,
        "z": -0.2559559941291809
    },
    "position": {
        "pitch": 353.6223450134464,
        "roll": 254.73515990813615,
        "yaw": 128.90999877196418
    }
}