{
    "time": "2023-05-03T14:20:02.875828+02:00",
    "accelleration": {
        "x": 0.10931199789047241,
        "y": -0.9401319622993469,
        "z": -0.370635986328125
    },
    "position": {
        "pitch": 353.82323240288076,
        "roll": 248.49422481819875,
        "yaw": 153.7556998024777
    }
}