{
    "time": "2023-06-14T07:30:02.873663+02:00",
    "accelleration": {
        "x": 0.1134599968791008,
        "y": -0.9413520097732544,
        "z": -0.3164680004119873
    },
    "position": {
        "pitch": 353.48235857885976,
        "roll": 251.42419838721577,
        "yaw": 157.25935462026243
    }
}