{
    "time": "2023-06-13T11:00:03.132036+02:00",
    "accelleration": {
        "x": 0.11077599972486496,
        "y": -0.9393999576568604,
        "z": -0.31378400325775146
    },
    "position": {
        "pitch": 353.6196052538156,
        "roll": 251.54004522572836,
        "yaw": 158.28565884494856
    }
}