{
    "time": "2022-07-22T07:30:02.876830+02:00",
    "accelleration": {
        "x": 0.10716108977794647,
        "y": -0.9219653606414795,
        "z": -0.32008597254753113
    },
    "position": {
        "pitch": 353.75430853707934,
        "roll": 250.83366706176565,
        "yaw": 162.32388524831353
    }
}