{
    "time": "2023-05-12T17:50:03.098212+02:00",
    "accelleration": {
        "x": 0.11443600058555603,
        "y": -0.9445239901542664,
        "z": -0.31768798828125
    },
    "position": {
        "pitch": 353.4545473292199,
        "roll": 251.42548246277974,
        "yaw": 198.2068341105748
    }
}