{
    "time": "2022-07-04T19:00:02.627958+02:00",
    "accelleration": {
        "x": 0.10716108977794647,
        "y": -0.9193118810653687,
        "z": -0.3429836630821228
    },
    "position": {
        "pitch": 353.8401849324007,
        "roll": 249.52964051523765,
        "yaw": 157.31555341675332
    }
}