{
    "time": "2023-06-05T13:50:02.826528+02:00",
    "accelleration": {
        "x": 0.11101999878883362,
        "y": -0.9391559958457947,
        "z": -0.31378400325775146
    },
    "position": {
        "pitch": 353.60059811801597,
        "roll": 251.5308996024297,
        "yaw": 159.07929950574737
    }
}