{
    "time": "2023-04-27T18:30:02.626867+02:00",
    "accelleration": {
        "x": 0.10931199789047241,
        "y": -0.9396439790725708,
        "z": -0.30646398663520813
    },
    "position": {
        "pitch": 353.6946169526016,
        "roll": 251.95208321759856,
        "yaw": 103.60111529307547
    }
}