{
    "time": "2023-05-16T21:20:02.990535+02:00",
    "accelleration": {
        "x": 0.11370399594306946,
        "y": -0.9403759837150574,
        "z": -0.313539981842041
    },
    "position": {
        "pitch": 353.46293821661527,
        "roll": 251.57541877543986,
        "yaw": 113.41752463992033
    }
}