{
    "time": "2023-06-07T06:50:03.359351+02:00",
    "accelleration": {
        "x": 0.11394799500703812,
        "y": -0.9401319622993469,
        "z": -0.31549200415611267
    },
    "position": {
        "pitch": 353.4461923003177,
        "roll": 251.45671008766504,
        "yaw": 158.9730081018836
    }
}