{
    "time": "2022-07-13T16:30:02.915691+02:00",
    "accelleration": {
        "x": 0.10813087970018387,
        "y": -0.9214829206466675,
        "z": -0.3302091658115387
    },
    "position": {
        "pitch": 353.7056494156585,
        "roll": 250.26784053054345,
        "yaw": 185.79726831325374
    }
}