{
    "time": "2022-07-06T21:00:03.204562+02:00",
    "accelleration": {
        "x": 0.11443447321653366,
        "y": -0.9178645610809326,
        "z": -0.3478042483329773
    },
    "position": {
        "pitch": 353.3663520846753,
        "roll": 249.229228304973,
        "yaw": 114.07671985709659
    }
}