{
    "time": "2023-06-11T12:30:03.199265+02:00",
    "accelleration": {
        "x": 0.11004399508237839,
        "y": -0.9391559958457947,
        "z": -0.3108559846878052
    },
    "position": {
        "pitch": 353.6516742726293,
        "roll": 251.6903025572795,
        "yaw": 158.48971757659186
    }
}