{
    "time": "2023-05-06T00:10:10.086866+02:00",
    "accelleration": {
        "x": 0.1117519959807396,
        "y": -0.9435479640960693,
        "z": -0.2520520091056824
    },
    "position": {
        "pitch": 353.47719367518675,
        "roll": 254.92106399696556,
        "yaw": 150.31663125348456
    }
}