{
    "time": "2022-07-21T16:10:03.652378+02:00",
    "accelleration": {
        "x": 0.11079778522253036,
        "y": -0.9236539602279663,
        "z": -0.32297831773757935
    },
    "position": {
        "pitch": 353.54994244692335,
        "roll": 250.70350414675272,
        "yaw": 156.3764843681466
    }
}