{
    "time": "2023-06-20T03:40:03.253865+02:00",
    "accelleration": {
        "x": 0.10979999601840973,
        "y": -0.9401319622993469,
        "z": -0.3084160089492798
    },
    "position": {
        "pitch": 353.6683719507159,
        "roll": 251.84530687030374,
        "yaw": 158.27590533481379
    }
}