{
    "time": "2023-05-21T09:00:03.199532+02:00",
    "accelleration": {
        "x": 0.10906799882650375,
        "y": -0.9389119744300842,
        "z": -0.31280800700187683
    },
    "position": {
        "pitch": 353.71008733107175,
        "roll": 251.58335545525543,
        "yaw": 142.34701626575193
    }
}