{
    "time": "2022-07-08T03:20:02.424069+02:00",
    "accelleration": {
        "x": 0.11322224140167236,
        "y": -0.9229303002357483,
        "z": -0.3376810550689697
    },
    "position": {
        "pitch": 353.451716215809,
        "roll": 249.8837858237028,
        "yaw": 111.60364496241837
    }
}