{
    "time": "2023-06-07T20:10:02.872997+02:00",
    "accelleration": {
        "x": 0.11150799691677094,
        "y": -0.9393999576568604,
        "z": -0.31207600235939026
    },
    "position": {
        "pitch": 353.57218709238964,
        "roll": 251.62633783570232,
        "yaw": 158.94314651483234
    }
}