{
    "time": "2023-05-15T05:20:02.853355+02:00",
    "accelleration": {
        "x": 0.11101999878883362,
        "y": -0.9433040022850037,
        "z": -0.3125639855861664
    },
    "position": {
        "pitch": 353.63226714387633,
        "roll": 251.68287814165168,
        "yaw": 116.72909404767681
    }
}