{
    "time": "2023-05-14T23:30:02.967582+02:00",
    "accelleration": {
        "x": 0.10784799605607986,
        "y": -0.9423279762268066,
        "z": -0.3096359968185425
    },
    "position": {
        "pitch": 353.79358895499604,
        "roll": 251.80763837703114,
        "yaw": 193.94255576643909
    }
}