{
    "time": "2023-05-09T10:20:03.168805+02:00",
    "accelleration": {
        "x": 0.10833600163459778,
        "y": -0.9389119744300842,
        "z": -0.30987998843193054
    },
    "position": {
        "pitch": 353.75350257475725,
        "roll": 251.73926135325013,
        "yaw": 186.748372155178
    }
}