{
    "time": "2023-07-05T03:20:02.708326+02:00",
    "accelleration": {
        "x": 0.11028799414634705,
        "y": -0.937936007976532,
        "z": -0.30646398663520813
    },
    "position": {
        "pitch": 353.6255889264154,
        "roll": 251.91244079965583,
        "yaw": 158.7444016703633
    }
}