{
    "time": "2023-05-11T12:10:02.838761+02:00",
    "accelleration": {
        "x": 0.10906799882650375,
        "y": -0.941107988357544,
        "z": -0.31207600235939026
    },
    "position": {
        "pitch": 353.719846817622,
        "roll": 251.66432051767674,
        "yaw": 169.46818115787684
    }
}