{
    "time": "2023-05-28T05:20:02.782360+02:00",
    "accelleration": {
        "x": 0.11028799414634705,
        "y": -0.941107988357544,
        "z": -0.2559559941291809
    },
    "position": {
        "pitch": 353.54821227462924,
        "roll": 254.72804968121017,
        "yaw": 141.615680590562
    }
}