{
    "time": "2023-05-25T14:40:03.469791+02:00",
    "accelleration": {
        "x": 0.11248400062322617,
        "y": -0.9398880004882812,
        "z": -0.31622397899627686
    },
    "position": {
        "pitch": 353.53269280417453,
        "roll": 251.41359110343475,
        "yaw": 189.84810324582656
    }
}