{
    "time": "2022-07-04T21:10:03.348446+02:00",
    "accelleration": {
        "x": 0.11273735016584396,
        "y": -0.9222065806388855,
        "z": -0.35503509640693665
    },
    "position": {
        "pitch": 353.5114483545348,
        "roll": 248.94016786910885,
        "yaw": 111.51604095612379
    }
}