{
    "time": "2023-05-26T16:10:02.591611+02:00",
    "accelleration": {
        "x": 0.10955599695444107,
        "y": -0.9398880004882812,
        "z": -0.3096359968185425
    },
    "position": {
        "pitch": 353.67660232866575,
        "roll": 251.7691297704906,
        "yaw": 127.29713156173572
    }
}