{
    "time": "2023-05-04T06:20:03.266409+02:00",
    "accelleration": {
        "x": 0.11419199407100677,
        "y": -0.9415959715843201,
        "z": -0.32037198543548584
    },
    "position": {
        "pitch": 353.4571543270487,
        "roll": 251.23283697723954,
        "yaw": 99.01347530306383
    }
}