{
    "time": "2023-06-02T23:30:02.941039+02:00",
    "accelleration": {
        "x": 0.11419199407100677,
        "y": -0.9398880004882812,
        "z": -0.3159799873828888
    },
    "position": {
        "pitch": 353.4303394312541,
        "roll": 251.42930053852578,
        "yaw": 159.9911707410791
    }
}