{
    "time": "2022-07-06T12:10:03.302012+02:00",
    "accelleration": {
        "x": 0.11297979205846786,
        "y": -0.9212417006492615,
        "z": -0.34684014320373535
    },
    "position": {
        "pitch": 353.468267898602,
        "roll": 249.35509503099797,
        "yaw": 127.1947333656989
    }
}