{
    "time": "2023-05-15T08:20:03.026214+02:00",
    "accelleration": {
        "x": 0.11150799691677094,
        "y": -0.9430599808692932,
        "z": -0.31329599022865295
    },
    "position": {
        "pitch": 353.6044315616876,
        "roll": 251.63193859082173,
        "yaw": 194.05711169919851
    }
}