{
    "time": "2023-06-22T19:00:02.788682+02:00",
    "accelleration": {
        "x": 0.11028799414634705,
        "y": -0.9384239912033081,
        "z": -0.30231598019599915
    },
    "position": {
        "pitch": 353.6176061428229,
        "roll": 252.14578738246013,
        "yaw": 158.13641921158379
    }
}