{
    "time": "2023-07-02T18:30:02.696372+02:00",
    "accelleration": {
        "x": 0.10931199789047241,
        "y": -0.9374479651451111,
        "z": -0.30402398109436035
    },
    "position": {
        "pitch": 353.66569878542947,
        "roll": 252.0333419781542,
        "yaw": 157.7898144319623
    }
}