{
    "time": "2023-06-15T07:40:03.152865+02:00",
    "accelleration": {
        "x": 0.115167997777462,
        "y": -0.9420839548110962,
        "z": -0.3181760013103485
    },
    "position": {
        "pitch": 353.39414156308715,
        "roll": 251.34395732484649,
        "yaw": 158.1363918908271
    }
}