{
    "time": "2023-06-06T04:00:03.043989+02:00",
    "accelleration": {
        "x": 0.11492399871349335,
        "y": -0.9423279762268066,
        "z": -0.3189080059528351
    },
    "position": {
        "pitch": 353.4134786824011,
        "roll": 251.31121339796545,
        "yaw": 158.41876557149376
    }
}