{
    "time": "2023-05-15T00:50:03.150939+02:00",
    "accelleration": {
        "x": 0.11443600058555603,
        "y": -0.9423279762268066,
        "z": -0.31378400325775146
    },
    "position": {
        "pitch": 353.43672864633584,
        "roll": 251.59621670146254,
        "yaw": 122.15984575864566
    }
}