{
    "time": "2023-06-21T04:40:02.971271+02:00",
    "accelleration": {
        "x": 0.11126399785280228,
        "y": -0.9391559958457947,
        "z": -0.30695199966430664
    },
    "position": {
        "pitch": 353.57957522263746,
        "roll": 251.9057677048367,
        "yaw": 158.8164874868636
    }
}