{
    "time": "2022-07-09T17:40:02.857904+02:00",
    "accelleration": {
        "x": 0.11201001703739166,
        "y": -0.9234127402305603,
        "z": -0.32466551661491394
    },
    "position": {
        "pitch": 353.48938684351566,
        "roll": 250.6184341406402,
        "yaw": 184.91426145735448
    }
}