{
    "time": "2023-05-25T16:40:02.639486+02:00",
    "accelleration": {
        "x": 0.11077599972486496,
        "y": -0.9430599808692932,
        "z": -0.3201279938220978
    },
    "position": {
        "pitch": 353.6501293692164,
        "roll": 251.2629103001551,
        "yaw": 190.20638764892874
    }
}