{
    "time": "2022-07-08T11:00:02.506200+02:00",
    "accelleration": {
        "x": 0.11055533587932587,
        "y": -0.9188294410705566,
        "z": -0.3410554528236389
    },
    "position": {
        "pitch": 353.579366474981,
        "roll": 249.6272029373421,
        "yaw": 181.79524191248981
    }
}