{
    "time": "2023-04-28T05:30:02.680429+02:00",
    "accelleration": {
        "x": 0.11150799691677094,
        "y": -0.9408639669418335,
        "z": -0.3125639855861664
    },
    "position": {
        "pitch": 353.5928514028367,
        "roll": 251.64132327074134,
        "yaw": 108.61073120019967
    }
}