{
    "time": "2022-07-02T14:20:03.249102+02:00",
    "accelleration": {
        "x": 0.10861577093601227,
        "y": -0.9183470010757446,
        "z": -0.3494914472103119
    },
    "position": {
        "pitch": 353.69832233022635,
        "roll": 249.16140452651473,
        "yaw": 110.12505927127236
    }
}