{
    "time": "2022-06-29T14:20:02.664781+02:00",
    "accelleration": {
        "x": 0.11394958198070526,
        "y": -0.9185882210731506,
        "z": -0.347563236951828
    },
    "position": {
        "pitch": 353.39883774502835,
        "roll": 249.26977230788617,
        "yaw": 115.83455783245859
    }
}