{
    "time": "2022-07-14T23:10:03.244289+02:00",
    "accelleration": {
        "x": 0.11273735016584396,
        "y": -0.9224478602409363,
        "z": -0.3222552239894867
    },
    "position": {
        "pitch": 353.43537071935145,
        "roll": 250.72744395979362,
        "yaw": 120.9715157864685
    }
}