{
    "time": "2023-05-24T21:50:03.414587+02:00",
    "accelleration": {
        "x": 0.11224000155925751,
        "y": -0.9406200051307678,
        "z": -0.31329599022865295
    },
    "position": {
        "pitch": 353.5434657200429,
        "roll": 251.58178451174632,
        "yaw": 118.18556358629033
    }
}