{
    "time": "2022-07-18T10:20:03.238983+02:00",
    "accelleration": {
        "x": 0.10691864788532257,
        "y": -0.9214829206466675,
        "z": -0.33406561613082886
    },
    "position": {
        "pitch": 353.78506359825144,
        "roll": 250.06576255375944,
        "yaw": 127.36731858564677
    }
}