{
    "time": "2023-05-22T01:00:03.151352+02:00",
    "accelleration": {
        "x": 0.11199599504470825,
        "y": -0.9442799687385559,
        "z": -0.3198840022087097
    },
    "position": {
        "pitch": 353.59035027294,
        "roll": 251.29400815144618,
        "yaw": 196.88293854375124
    }
}