{
    "time": "2023-06-18T15:50:03.409653+02:00",
    "accelleration": {
        "x": 0.10979999601840973,
        "y": -0.9393999576568604,
        "z": -0.30817198753356934
    },
    "position": {
        "pitch": 353.66218721442243,
        "roll": 251.84343539847117,
        "yaw": 157.6825121601014
    }
}