{
    "time": "2023-05-10T06:20:03.383809+02:00",
    "accelleration": {
        "x": 0.11443600058555603,
        "y": -0.9425719976425171,
        "z": -0.3730759918689728
    },
    "position": {
        "pitch": 353.56459619090083,
        "roll": 248.47882274162038,
        "yaw": 185.11832018899779
    }
}