{
    "time": "2023-06-11T09:30:02.523651+02:00",
    "accelleration": {
        "x": 0.11126399785280228,
        "y": -0.9389119744300842,
        "z": -0.3125639855861664
    },
    "position": {
        "pitch": 353.585030836237,
        "roll": 251.59330704087614,
        "yaw": 158.48717674622063
    }
}