{
    "time": "2023-05-17T07:20:03.237999+02:00",
    "accelleration": {
        "x": 0.11297199875116348,
        "y": -0.945743978023529,
        "z": -0.3125639855861664
    },
    "position": {
        "pitch": 353.53893260886815,
        "roll": 251.72611323909786,
        "yaw": 103.58412861260965
    }
}