{
    "time": "2022-07-03T14:20:02.741283+02:00",
    "accelleration": {
        "x": 0.11346468329429626,
        "y": -0.9200355410575867,
        "z": -0.34828630089759827
    },
    "position": {
        "pitch": 353.4327667097304,
        "roll": 249.25529230684575,
        "yaw": 185.11773279272916
    }
}