{
    "time": "2023-05-19T16:40:03.038363+02:00",
    "accelleration": {
        "x": 0.11541199684143066,
        "y": -0.9435479640960693,
        "z": -0.3181760013103485
    },
    "position": {
        "pitch": 353.3989235492798,
        "roll": 251.37829268580413,
        "yaw": 99.05963372147478
    }
}