{
    "time": "2023-06-25T06:30:03.250386+02:00",
    "accelleration": {
        "x": 0.1088239997625351,
        "y": -0.9398880004882812,
        "z": -0.3025600016117096
    },
    "position": {
        "pitch": 353.7159143362074,
        "roll": 252.1656085914315,
        "yaw": 159.09141626133496
    }
}