{
    "time": "2023-05-26T14:30:03.396189+02:00",
    "accelleration": {
        "x": 0.11199599504470825,
        "y": -0.9381799697875977,
        "z": -0.37161198258399963
    },
    "position": {
        "pitch": 353.6646516320523,
        "roll": 248.46517602365867,
        "yaw": 188.01459360464997
    }
}