{
    "time": "2023-06-01T18:00:03.187007+02:00",
    "accelleration": {
        "x": 0.11224000155925751,
        "y": -0.9389119744300842,
        "z": -0.3113439977169037
    },
    "position": {
        "pitch": 353.5249913389985,
        "roll": 251.6582074983696,
        "yaw": 159.08735912896796
    }
}