{
    "time": "2023-06-16T07:00:02.534116+02:00",
    "accelleration": {
        "x": 0.11297199875116348,
        "y": -0.9408639669418335,
        "z": -0.3147599995136261
    },
    "position": {
        "pitch": 353.50531313711286,
        "roll": 251.51060028021647,
        "yaw": 158.63439464359107
    }
}