{
    "time": "2023-05-29T04:20:02.779837+02:00",
    "accelleration": {
        "x": 0.10906799882650375,
        "y": -0.941107988357544,
        "z": -0.31573599576950073
    },
    "position": {
        "pitch": 353.7302423655388,
        "roll": 251.40320238570717,
        "yaw": 191.72816745638593
    }
}