{
    "time": "2023-04-29T08:30:02.697975+02:00",
    "accelleration": {
        "x": 0.11321599781513214,
        "y": -0.9415959715843201,
        "z": -0.3071959912776947
    },
    "position": {
        "pitch": 353.4905313270885,
        "roll": 251.94688544364018,
        "yaw": 120.62101779902012
    }
}