{
    "time": "2023-07-03T08:00:02.443791+02:00",
    "accelleration": {
        "x": 0.11126399785280228,
        "y": -0.9389119744300842,
        "z": -0.3093920052051544
    },
    "position": {
        "pitch": 353.581176475111,
        "roll": 251.7694507893816,
        "yaw": 158.44544429039183
    }
}