{
    "time": "2022-07-11T14:10:03.377565+02:00",
    "accelleration": {
        "x": 0.10691864788532257,
        "y": -0.9207592606544495,
        "z": -0.32177314162254333
    },
    "position": {
        "pitch": 353.75697103019513,
        "roll": 250.71937067619467,
        "yaw": 146.5003176962533
    }
}