{
    "time": "2023-06-07T08:30:02.893041+02:00",
    "accelleration": {
        "x": 0.11394799500703812,
        "y": -0.9415959715843201,
        "z": -0.31671199202537537
    },
    "position": {
        "pitch": 353.45862665970174,
        "roll": 251.41354329211055,
        "yaw": 158.6572347961756
    }
}