{
    "time": "2023-05-31T07:50:03.049788+02:00",
    "accelleration": {
        "x": 0.11297199875116348,
        "y": -0.9408639669418335,
        "z": -0.31573599576950073
    },
    "position": {
        "pitch": 353.51385941131184,
        "roll": 251.45816491795824,
        "yaw": 136.5333368291555
    }
}