{
    "time": "2023-05-01T20:20:03.255803+02:00",
    "accelleration": {
        "x": 0.10955599695444107,
        "y": -0.9415959715843201,
        "z": -0.3123199939727783
    },
    "position": {
        "pitch": 353.6997395944791,
        "roll": 251.6649010837562,
        "yaw": 193.26696809525478
    }
}