{
    "time": "2023-05-12T22:50:02.917551+02:00",
    "accelleration": {
        "x": 0.11224000155925751,
        "y": -0.9403759837150574,
        "z": -0.31671199202537537
    },
    "position": {
        "pitch": 353.5479236991368,
        "roll": 251.39801827212713,
        "yaw": 188.72273395741857
    }
}