{
    "time": "2023-05-08T03:10:02.566858+02:00",
    "accelleration": {
        "x": 0.11126399785280228,
        "y": -0.9418399930000305,
        "z": -0.3140279948711395
    },
    "position": {
        "pitch": 353.61549262616165,
        "roll": 251.5769145868681,
        "yaw": 170.51162915737967
    }
}