{
    "time": "2022-07-07T09:30:03.246622+02:00",
    "accelleration": {
        "x": 0.11152512580156326,
        "y": -0.9190706610679626,
        "z": -0.340091347694397
    },
    "position": {
        "pitch": 353.52215296851153,
        "roll": 249.6808404128942,
        "yaw": 117.11112018833397
    }
}