{
    "time": "2023-05-06T04:00:03.148917+02:00",
    "accelleration": {
        "x": 0.11248400062322617,
        "y": -0.9433040022850037,
        "z": -0.31036800146102905
    },
    "position": {
        "pitch": 353.54462172955994,
        "roll": 251.7950708289583,
        "yaw": 188.01467556692003
    }
}