{
    "time": "2023-06-27T21:10:02.765423+02:00",
    "accelleration": {
        "x": 0.1088239997625351,
        "y": -0.937936007976532,
        "z": -0.30109599232673645
    },
    "position": {
        "pitch": 353.69695671927917,
        "roll": 252.20590670753458,
        "yaw": 158.8158317887033
    }
}