{
    "time": "2022-07-12T00:30:03.122658+02:00",
    "accelleration": {
        "x": 0.10910066217184067,
        "y": -0.9231715202331543,
        "z": -0.32297831773757935
    },
    "position": {
        "pitch": 353.64936182670846,
        "roll": 250.7030055429433,
        "yaw": 142.99305653858676
    }
}