{
    "time": "2023-05-28T06:00:02.990206+02:00",
    "accelleration": {
        "x": 0.11443600058555603,
        "y": -0.9420839548110962,
        "z": -0.31451600790023804
    },
    "position": {
        "pitch": 353.4338424645247,
        "roll": 251.54354911277258,
        "yaw": 170.68615415105185
    }
}