{
    "time": "2023-05-05T11:30:02.977682+02:00",
    "accelleration": {
        "x": 0.11028799414634705,
        "y": -0.9396439790725708,
        "z": -0.30866000056266785
    },
    "position": {
        "pitch": 353.64048130012696,
        "roll": 251.82627113308692,
        "yaw": 199.63987610033516
    }
}