{
    "time": "2022-07-11T00:10:03.145741+02:00",
    "accelleration": {
        "x": 0.10861577093601227,
        "y": -0.9197943806648254,
        "z": -0.32177314162254333
    },
    "position": {
        "pitch": 353.65971810103747,
        "roll": 250.70180342964937,
        "yaw": 180.71864017475573
    }
}