{
    "time": "2023-06-15T06:10:03.540645+02:00",
    "accelleration": {
        "x": 0.11370399594306946,
        "y": -0.941107988357544,
        "z": -0.3201279938220978
    },
    "position": {
        "pitch": 353.4755258283688,
        "roll": 251.22440852380373,
        "yaw": 158.39944979652097
    }
}