{
    "time": "2023-07-03T05:00:02.415541+02:00",
    "accelleration": {
        "x": 0.11150799691677094,
        "y": -0.9381799697875977,
        "z": -0.30914798378944397
    },
    "position": {
        "pitch": 353.5622137355409,
        "roll": 251.76988109129928,
        "yaw": 157.77660484610752
    }
}