{
    "time": "2023-06-23T05:00:02.706766+02:00",
    "accelleration": {
        "x": 0.10931199789047241,
        "y": -0.9384239912033081,
        "z": -0.3050000071525574
    },
    "position": {
        "pitch": 353.6818180318707,
        "roll": 252.00344624015707,
        "yaw": 158.5334854287933
    }
}