{
    "time": "2023-05-02T07:30:03.078627+02:00",
    "accelleration": {
        "x": 0.11126399785280228,
        "y": -0.9403759837150574,
        "z": -0.3147599995136261
    },
    "position": {
        "pitch": 353.600378271302,
        "roll": 251.50993775186697,
        "yaw": 157.47427335268605
    }
}