{
    "time": "2023-05-19T06:20:03.165368+02:00",
    "accelleration": {
        "x": 0.11297199875116348,
        "y": -0.9408639669418335,
        "z": -0.3159799873828888
    },
    "position": {
        "pitch": 353.5108003403373,
        "roll": 251.4459252189656,
        "yaw": 121.10866598500235
    }
}