{
    "time": "2023-06-25T23:40:03.305924+02:00",
    "accelleration": {
        "x": 0.10955599695444107,
        "y": -0.9391559958457947,
        "z": -0.2996319830417633
    },
    "position": {
        "pitch": 353.6591571717519,
        "roll": 252.31048373391664,
        "yaw": 157.37389689264356
    }
}