{
    "time": "2023-06-17T16:40:03.246657+02:00",
    "accelleration": {
        "x": 0.1105320006608963,
        "y": -0.9376919865608215,
        "z": -0.305976003408432
    },
    "position": {
        "pitch": 353.6047162951986,
        "roll": 251.9285054045837,
        "yaw": 157.7588190335088
    }
}