{
    "time": "2023-05-24T16:50:02.807823+02:00",
    "accelleration": {
        "x": 0.11321599781513214,
        "y": -0.9391559958457947,
        "z": -0.30817198753356934
    },
    "position": {
        "pitch": 353.469795726542,
        "roll": 251.8309498126684,
        "yaw": 121.67073591218104
    }
}