{
    "time": "2023-05-05T00:40:02.651677+02:00",
    "accelleration": {
        "x": 0.11492399871349335,
        "y": -0.9413520097732544,
        "z": -0.3089039921760559
    },
    "position": {
        "pitch": 353.3888059046849,
        "roll": 251.84080577564072,
        "yaw": 191.90571139367123
    }
}