{
    "time": "2023-07-02T03:10:03.871904+02:00",
    "accelleration": {
        "x": 0.11199599504470825,
        "y": -0.9406200051307678,
        "z": -0.25278398394584656
    },
    "position": {
        "pitch": 353.4419674014292,
        "roll": 254.8426534252938,
        "yaw": 154.9808718150379
    }
}