{
    "time": "2023-06-20T06:40:03.220145+02:00",
    "accelleration": {
        "x": 0.10955599695444107,
        "y": -0.9403759837150574,
        "z": -0.30914798378944397
    },
    "position": {
        "pitch": 353.6837654895578,
        "roll": 251.81223509434255,
        "yaw": 157.4080751592503
    }
}