{
    "time": "2022-07-08T12:40:03.368871+02:00",
    "accelleration": {
        "x": 0.10716108977794647,
        "y": -0.9202768206596375,
        "z": -0.3425016403198242
    },
    "position": {
        "pitch": 353.7768874349281,
        "roll": 249.5724931220903,
        "yaw": 141.1368843297441
    }
}