{
    "time": "2023-07-04T19:20:02.981026+02:00",
    "accelleration": {
        "x": 0.10906799882650375,
        "y": -0.9384239912033081,
        "z": -0.3054879903793335
    },
    "position": {
        "pitch": 353.6912266174524,
        "roll": 251.97217763413676,
        "yaw": 158.1247942296164
    }
}