{
    "time": "2023-05-15T05:40:03.427868+02:00",
    "accelleration": {
        "x": 0.11394799500703812,
        "y": -0.9425719976425171,
        "z": -0.3193959891796112
    },
    "position": {
        "pitch": 353.4742110169536,
        "roll": 251.30312645398814,
        "yaw": 130.17266852306778
    }
}