{
    "time": "2023-05-12T02:20:03.116254+02:00",
    "accelleration": {
        "x": 0.11541199684143066,
        "y": -0.9403759837150574,
        "z": -0.31744399666786194
    },
    "position": {
        "pitch": 353.3789695785064,
        "roll": 251.37243238349626,
        "yaw": 99.82215604041501
    }
}