{
    "time": "2023-05-15T12:20:02.556305+02:00",
    "accelleration": {
        "x": 0.1088239997625351,
        "y": -0.9408639669418335,
        "z": -0.31207600235939026
    },
    "position": {
        "pitch": 353.73788534722,
        "roll": 251.6595052343119,
        "yaw": 196.33615457993503
    }
}