{
    "time": "2023-06-30T11:50:02.485343+02:00",
    "accelleration": {
        "x": 0.10931199789047241,
        "y": -0.9381799697875977,
        "z": -0.30695199966430664
    },
    "position": {
        "pitch": 353.6825189800343,
        "roll": 251.89461400592208,
        "yaw": 158.54978226015294
    }
}