{
    "time": "2022-07-08T03:00:03.084059+02:00",
    "accelleration": {
        "x": 0.11176756769418716,
        "y": -0.9224478602409363,
        "z": -0.348045289516449
    },
    "position": {
        "pitch": 353.50287433269233,
        "roll": 249.3140455940862,
        "yaw": 121.87379743620552
    }
}