{
    "time": "2023-05-22T12:10:02.826378+02:00",
    "accelleration": {
        "x": 0.1117519959807396,
        "y": -0.9389119744300842,
        "z": -0.31866398453712463
    },
    "position": {
        "pitch": 353.5677986958479,
        "roll": 251.26297177185762,
        "yaw": 174.07864080990547
    }
}