{
    "time": "2023-05-28T22:30:02.888609+02:00",
    "accelleration": {
        "x": 0.11394799500703812,
        "y": -0.9406200051307678,
        "z": -0.3213479816913605
    },
    "position": {
        "pitch": 353.39733510341097,
        "roll": 251.0905777972065,
        "yaw": 195.62989935937736
    }
}