{
    "time": "2022-07-17T20:10:02.574036+02:00",
    "accelleration": {
        "x": 0.10885821282863617,
        "y": -0.9214829206466675,
        "z": -0.323701411485672
    },
    "position": {
        "pitch": 353.6507218881269,
        "roll": 250.62061297098546,
        "yaw": 174.896173472421
    }
}