{
    "time": "2022-07-02T07:20:02.583880+02:00",
    "accelleration": {
        "x": 0.11055533587932587,
        "y": -0.9214829206466675,
        "z": -0.3490093946456909
    },
    "position": {
        "pitch": 353.6149214515923,
        "roll": 249.23557355071193,
        "yaw": 175.61211390122173
    }
}