{
    "time": "2023-06-01T10:10:03.262329+02:00",
    "accelleration": {
        "x": 0.1105320006608963,
        "y": -0.9393999576568604,
        "z": -0.3084160089492798
    },
    "position": {
        "pitch": 353.6191386665179,
        "roll": 251.82577252927751,
        "yaw": 144.3137692372571
    }
}