{
    "time": "2023-06-07T10:10:03.305475+02:00",
    "accelleration": {
        "x": 0.11443600058555603,
        "y": -0.9433040022850037,
        "z": -0.3198840022087097
    },
    "position": {
        "pitch": 353.44617266352384,
        "roll": 251.27677558417022,
        "yaw": 159.36376322430004
    }
}