{
    "time": "2023-05-24T02:50:02.795533+02:00",
    "accelleration": {
        "x": 0.11077599972486496,
        "y": -0.9396439790725708,
        "z": -0.31500399112701416
    },
    "position": {
        "pitch": 353.61933631511704,
        "roll": 251.47648348531223,
        "yaw": 138.93713994527147
    }
}