{
    "time": "2023-06-29T19:40:03.105431+02:00",
    "accelleration": {
        "x": 0.10858000069856644,
        "y": -0.9384239912033081,
        "z": -0.30353599786758423
    },
    "position": {
        "pitch": 353.7182259283546,
        "roll": 252.0827857175559,
        "yaw": 159.2172966477383
    }
}