{
    "time": "2022-07-11T12:30:02.742525+02:00",
    "accelleration": {
        "x": 0.10982800275087357,
        "y": -0.9229303002357483,
        "z": -0.3239424228668213
    },
    "position": {
        "pitch": 353.6098692460406,
        "roll": 250.64488746329567,
        "yaw": 122.80069508771128
    }
}