{
    "time": "2022-07-12T17:40:02.613754+02:00",
    "accelleration": {
        "x": 0.10934310406446457,
        "y": -0.9217241406440735,
        "z": -0.32948607206344604
    },
    "position": {
        "pitch": 353.64766068271825,
        "roll": 250.32122528909628,
        "yaw": 173.95266480085377
    }
}