{
    "time": "2023-06-26T05:40:02.631221+02:00",
    "accelleration": {
        "x": 0.1076039969921112,
        "y": -0.9389119744300842,
        "z": -0.3013399839401245
    },
    "position": {
        "pitch": 353.77336134976906,
        "roll": 252.21614516110043,
        "yaw": 157.90487579872035
    }
}