{
    "time": "2023-06-19T12:40:03.258124+02:00",
    "accelleration": {
        "x": 0.10979999601840973,
        "y": -0.9391559958457947,
        "z": -0.3093920052051544
    },
    "position": {
        "pitch": 353.6628237026757,
        "roll": 251.7692868648415,
        "yaw": 157.96379301050086
    }
}