{
    "time": "2022-07-09T16:00:03.324495+02:00",
    "accelleration": {
        "x": 0.10643375664949417,
        "y": -0.9234127402305603,
        "z": -0.32273727655410767
    },
    "position": {
        "pitch": 353.79688366749696,
        "roll": 250.72452746901803,
        "yaw": 155.99784600131775
    }
}