{
    "time": "2023-05-20T08:10:02.506071+02:00",
    "accelleration": {
        "x": 0.11565599590539932,
        "y": -0.9440360069274902,
        "z": -0.3172000050544739
    },
    "position": {
        "pitch": 353.3849327605387,
        "roll": 251.4373328409897,
        "yaw": 200.43668596890885
    }
}