{
    "time": "2023-05-03T21:00:02.688814+02:00",
    "accelleration": {
        "x": 0.1117519959807396,
        "y": -0.9396439790725708,
        "z": -0.3101239800453186
    },
    "position": {
        "pitch": 353.55773740031367,
        "roll": 251.74068886278667,
        "yaw": 152.17158768865497
    }
}