{
    "time": "2023-07-06T05:20:02.613715+02:00",
    "accelleration": {
        "x": 0.11028799414634705,
        "y": -0.9389119744300842,
        "z": -0.3067080080509186
    },
    "position": {
        "pitch": 353.6291538582753,
        "roll": 251.9130555166811,
        "yaw": 157.77381812892614
    }
}