{
    "time": "2022-07-06T18:20:02.859599+02:00",
    "accelleration": {
        "x": 0.10473663359880447,
        "y": -0.9212417006492615,
        "z": -0.3369579613208771
    },
    "position": {
        "pitch": 353.9022598260119,
        "roll": 249.88090348387306,
        "yaw": 158.253898465308
    }
}