{
    "time": "2023-05-05T16:50:02.476483+02:00",
    "accelleration": {
        "x": 0.11150799691677094,
        "y": -0.9386679530143738,
        "z": -0.30817198753356934
    },
    "position": {
        "pitch": 353.56225300912865,
        "roll": 251.82852509551304,
        "yaw": 196.53438033002715
    }
}