{
    "time": "2022-07-12T12:20:03.321186+02:00",
    "accelleration": {
        "x": 0.10837332904338837,
        "y": -0.9222065806388855,
        "z": -0.3253886103630066
    },
    "position": {
        "pitch": 353.6927032189736,
        "roll": 250.54324741825673,
        "yaw": 137.5628785635082
    }
}