{
    "time": "2022-07-09T00:30:03.361515+02:00",
    "accelleration": {
        "x": 0.11225245893001556,
        "y": -0.9193118810653687,
        "z": -0.3376810550689697
    },
    "position": {
        "pitch": 353.43191250919733,
        "roll": 249.81353732808924,
        "yaw": 125.31522923065147
    }
}