{
    "time": "2023-06-24T09:40:02.641255+02:00",
    "accelleration": {
        "x": 0.1088239997625351,
        "y": -0.9401319622993469,
        "z": -0.3042680025100708
    },
    "position": {
        "pitch": 353.71683683863216,
        "roll": 252.07176179223552,
        "yaw": 158.93284658956395
    }
}