{
    "time": "2023-06-17T23:10:02.623784+02:00",
    "accelleration": {
        "x": 0.11028799414634705,
        "y": -0.9393999576568604,
        "z": -0.30914798378944397
    },
    "position": {
        "pitch": 353.6372681230093,
        "roll": 251.79248218726286,
        "yaw": 158.3833168897014
    }
}