{
    "time": "2023-06-21T02:30:03.463657+02:00",
    "accelleration": {
        "x": 0.11126399785280228,
        "y": -0.9393999576568604,
        "z": -0.30817198753356934
    },
    "position": {
        "pitch": 353.5823700506685,
        "roll": 251.84623577603088,
        "yaw": 158.29877280815498
    }
}