{
    "time": "2022-07-16T14:10:02.832986+02:00",
    "accelleration": {
        "x": 0.10594886541366577,
        "y": -0.9193118810653687,
        "z": -0.3258706331253052
    },
    "position": {
        "pitch": 353.8082529442573,
        "roll": 250.4584028083868,
        "yaw": 179.83558869525578
    }
}