{
    "time": "2023-06-26T00:10:07.694289+02:00",
    "accelleration": {
        "x": 0.10809199512004852,
        "y": -0.9374479651451111,
        "z": -0.29865598678588867
    },
    "position": {
        "pitch": 353.73188459914735,
        "roll": 252.33326241479864,
        "yaw": 157.52555441297451
    }
}