{
    "time": "2023-06-28T22:20:03.164227+02:00",
    "accelleration": {
        "x": 0.1088239997625351,
        "y": -0.937936007976532,
        "z": -0.30060797929763794
    },
    "position": {
        "pitch": 353.69496059649424,
        "roll": 252.23377387934823,
        "yaw": 158.34657047196674
    }
}