{
    "time": "2023-05-22T00:10:07.051311+02:00",
    "accelleration": {
        "x": 0.1180959939956665,
        "y": -0.9423279762268066,
        "z": -0.3169559836387634
    },
    "position": {
        "pitch": 353.23128722827244,
        "roll": 251.41428095254093,
        "yaw": 189.12527798634244
    }
}