{
    "time": "2023-06-19T23:50:03.127718+02:00",
    "accelleration": {
        "x": 0.10955599695444107,
        "y": -0.9384239912033081,
        "z": -0.305976003408432
    },
    "position": {
        "pitch": 353.66496880896193,
        "roll": 251.94522570767185,
        "yaw": 157.7725750344972
    }
}