{
    "time": "2023-06-20T19:10:02.577116+02:00",
    "accelleration": {
        "x": 0.11101999878883362,
        "y": -0.9398880004882812,
        "z": -0.3050000071525574
    },
    "position": {
        "pitch": 353.58785981521385,
        "roll": 252.025097939826,
        "yaw": 157.66204891334806
    }
}