{
    "time": "2022-07-21T08:40:03.092456+02:00",
    "accelleration": {
        "x": 0.11007044464349747,
        "y": -0.9210004806518555,
        "z": -0.3297271132469177
    },
    "position": {
        "pitch": 353.6011752690008,
        "roll": 250.28671917340938,
        "yaw": 190.55177665487795
    }
}