{
    "time": "2023-06-26T18:30:02.910979+02:00",
    "accelleration": {
        "x": 0.10833600163459778,
        "y": -0.9362279772758484,
        "z": -0.29865598678588867
    },
    "position": {
        "pitch": 353.70689293697427,
        "roll": 252.30777214881613,
        "yaw": 157.6789331409763
    }
}