{
    "time": "2023-06-08T12:30:03.060304+02:00",
    "accelleration": {
        "x": 0.11150799691677094,
        "y": -0.9391559958457947,
        "z": -0.3106119930744171
    },
    "position": {
        "pitch": 353.56956814172975,
        "roll": 251.7049191621033,
        "yaw": 157.83593186923824
    }
}