{
    "time": "2023-06-06T06:20:02.412056+02:00",
    "accelleration": {
        "x": 0.11467999964952469,
        "y": -0.9420839548110962,
        "z": -0.31866398453712463
    },
    "position": {
        "pitch": 353.42317797790935,
        "roll": 251.32164309682804,
        "yaw": 158.13938351368355
    }
}