{
    "time": "2022-07-16T03:00:02.538256+02:00",
    "accelleration": {
        "x": 0.10934310406446457,
        "y": -0.9222065806388855,
        "z": -0.3297271132469177
    },
    "position": {
        "pitch": 353.63998696518576,
        "roll": 250.3116561940691,
        "yaw": 153.6969738359939
    }
}