{
    "time": "2023-06-08T03:10:02.499184+02:00",
    "accelleration": {
        "x": 0.11224000155925751,
        "y": -0.9398880004882812,
        "z": -0.3106119930744171
    },
    "position": {
        "pitch": 353.5335457240471,
        "roll": 251.7165646346382,
        "yaw": 158.36330443543326
    }
}