{
    "time": "2023-06-18T00:00:03.396748+02:00",
    "accelleration": {
        "x": 0.11126399785280228,
        "y": -0.9398880004882812,
        "z": -0.30817198753356934
    },
    "position": {
        "pitch": 353.58362253660755,
        "roll": 251.85079834239644,
        "yaw": 157.97821837002795
    }
}