{
    "time": "2023-07-02T17:00:02.632899+02:00",
    "accelleration": {
        "x": 0.1088239997625351,
        "y": -0.937936007976532,
        "z": -0.30573198199272156
    },
    "position": {
        "pitch": 353.69927599538926,
        "roll": 251.95041665144106,
        "yaw": 157.22234865533932
    }
}