{
    "time": "2023-06-03T05:00:03.404769+02:00",
    "accelleration": {
        "x": 0.11492399871349335,
        "y": -0.9406200051307678,
        "z": -0.31793197989463806
    },
    "position": {
        "pitch": 353.3991357120309,
        "roll": 251.33287875801273,
        "yaw": 160.17778516958217
    }
}