{
    "time": "2023-06-02T13:50:02.871359+02:00",
    "accelleration": {
        "x": 0.11224000155925751,
        "y": -0.9384239912033081,
        "z": -0.313539981842041
    },
    "position": {
        "pitch": 353.52486156540425,
        "roll": 251.53184899872434,
        "yaw": 157.25584390302905
    }
}