{
    "time": "2023-06-09T21:30:02.627508+02:00",
    "accelleration": {
        "x": 0.1117519959807396,
        "y": -0.9398880004882812,
        "z": -0.31158798933029175
    },
    "position": {
        "pitch": 353.5618692378747,
        "roll": 251.66520844226886,
        "yaw": 157.87217285297433
    }
}