{
    "time": "2023-06-01T23:50:02.729348+02:00",
    "accelleration": {
        "x": 0.11394799500703812,
        "y": -0.9406200051307678,
        "z": -0.31573599576950073
    },
    "position": {
        "pitch": 353.4489175457965,
        "roll": 251.45053559665536,
        "yaw": 157.10226026935214
    }
}