{
    "time": "2022-07-02T20:40:02.634501+02:00",
    "accelleration": {
        "x": 0.11031289398670197,
        "y": -0.9176233410835266,
        "z": -0.3444298505783081
    },
    "position": {
        "pitch": 353.59397710338925,
        "roll": 249.4081792612273,
        "yaw": 177.99243482697116
    }
}