{
    "time": "2022-07-10T13:40:02.630886+02:00",
    "accelleration": {
        "x": 0.10473663359880447,
        "y": -0.9260662198066711,
        "z": -0.33093225955963135
    },
    "position": {
        "pitch": 353.92308934165953,
        "roll": 250.32688068572907,
        "yaw": 156.77700666107614
    }
}