{
    "time": "2023-07-04T20:30:02.534196+02:00",
    "accelleration": {
        "x": 0.10906799882650375,
        "y": -0.9381799697875977,
        "z": -0.30353599786758423
    },
    "position": {
        "pitch": 353.68669009118304,
        "roll": 252.07361960368976,
        "yaw": 158.1574152130924
    }
}