{
    "time": "2022-07-13T22:10:02.691028+02:00",
    "accelleration": {
        "x": 0.10982800275087357,
        "y": -0.9234127402305603,
        "z": -0.329968124628067
    },
    "position": {
        "pitch": 353.6345539765878,
        "roll": 250.31180645823082,
        "yaw": 118.04516221771155
    }
}