{
    "time": "2023-06-06T03:10:03.320323+02:00",
    "accelleration": {
        "x": 0.11443600058555603,
        "y": -0.9418399930000305,
        "z": -0.3172000050544739
    },
    "position": {
        "pitch": 353.430991287433,
        "roll": 251.39320298876225,
        "yaw": 158.34882443439284
    }
}