{
    "time": "2023-06-15T14:30:02.612268+02:00",
    "accelleration": {
        "x": 0.11224000155925751,
        "y": -0.9391559958457947,
        "z": -0.3130519986152649
    },
    "position": {
        "pitch": 353.5292469737382,
        "roll": 251.57020734110313,
        "yaw": 157.96918885994518
    }
}