{
    "time": "2023-05-24T07:20:02.985079+02:00",
    "accelleration": {
        "x": 0.11541199684143066,
        "y": -0.9396439790725708,
        "z": -0.3169559836387634
    },
    "position": {
        "pitch": 353.3707806085784,
        "roll": 251.36951589272064,
        "yaw": 184.39641017486247
    }
}