{
    "time": "2022-07-03T03:50:02.720622+02:00",
    "accelleration": {
        "x": 0.11516180634498596,
        "y": -0.9214829206466675,
        "z": -0.348045289516449
    },
    "position": {
        "pitch": 353.2906227891396,
        "roll": 249.29481861157262,
        "yaw": 189.12859745827907
    }
}