{
    "time": "2023-06-28T21:50:03.148204+02:00",
    "accelleration": {
        "x": 0.10858000069856644,
        "y": -0.937936007976532,
        "z": -0.30329200625419617
    },
    "position": {
        "pitch": 353.71381447992445,
        "roll": 252.0854563215214,
        "yaw": 159.0143034256055
    }
}