{
    "time": "2023-05-10T23:30:02.483596+02:00",
    "accelleration": {
        "x": 0.11467999964952469,
        "y": -0.9398880004882812,
        "z": -0.313539981842041
    },
    "position": {
        "pitch": 353.40510657802594,
        "roll": 251.63222545876687,
        "yaw": 117.88078688514602
    }
}