{
    "time": "2023-07-05T00:20:02.585813+02:00",
    "accelleration": {
        "x": 0.11004399508237839,
        "y": -0.9391559958457947,
        "z": -0.3067080080509186
    },
    "position": {
        "pitch": 353.6431053734287,
        "roll": 251.9199813284995,
        "yaw": 158.57729426212975
    }
}