{
    "time": "2023-06-07T16:20:03.011110+02:00",
    "accelleration": {
        "x": 0.11028799414634705,
        "y": -0.9393999576568604,
        "z": -0.3123199939727783
    },
    "position": {
        "pitch": 353.64068962089664,
        "roll": 251.61521145754438,
        "yaw": 158.5212320694223
    }
}