{
    "time": "2023-05-03T19:30:03.026942+02:00",
    "accelleration": {
        "x": 0.11004399508237839,
        "y": -0.9430599808692932,
        "z": -0.30987998843193054
    },
    "position": {
        "pitch": 353.6713853448003,
        "roll": 251.82161294407297,
        "yaw": 154.76360349753978
    }
}