{
    "time": "2022-07-10T09:00:02.585422+02:00",
    "accelleration": {
        "x": 0.10740353912115097,
        "y": -0.9226890206336975,
        "z": -0.3256296217441559
    },
    "position": {
        "pitch": 353.7586401576736,
        "roll": 250.5391083236197,
        "yaw": 193.6986360507996
    }
}