{
    "time": "2023-04-27T23:10:02.912119+02:00",
    "accelleration": {
        "x": 0.11150799691677094,
        "y": -0.9398880004882812,
        "z": -0.3089039921760559
    },
    "position": {
        "pitch": 353.5758566115212,
        "roll": 251.82467969901032,
        "yaw": 190.92730045544525
    }
}