{
    "time": "2023-04-29T15:50:02.790893+02:00",
    "accelleration": {
        "x": 0.11028799414634705,
        "y": -0.9401319622993469,
        "z": -0.3008520007133484
    },
    "position": {
        "pitch": 353.6262864594844,
        "roll": 252.2515938428928,
        "yaw": 161.89198506633696
    }
}