{
    "time": "2022-07-03T08:30:02.506075+02:00",
    "accelleration": {
        "x": 0.11031289398670197,
        "y": -0.9214829206466675,
        "z": -0.3523837924003601
    },
    "position": {
        "pitch": 353.6366640781546,
        "roll": 249.07211346349516,
        "yaw": 118.86306371044223
    }
}