{
    "time": "2023-05-25T19:20:03.093252+02:00",
    "accelleration": {
        "x": 0.11101999878883362,
        "y": -0.9415959715843201,
        "z": -0.3125639855861664
    },
    "position": {
        "pitch": 353.61732781261423,
        "roll": 251.6435567425999,
        "yaw": 138.8045249923465
    }
}