{
    "time": "2022-07-20T22:20:02.877852+02:00",
    "accelleration": {
        "x": 0.10619131475687027,
        "y": -0.9202768206596375,
        "z": -0.3290040194988251
    },
    "position": {
        "pitch": 353.8055563001956,
        "roll": 250.31483906222232,
        "yaw": 145.87815576475683
    }
}