{
    "time": "2022-07-12T06:50:03.237705+02:00",
    "accelleration": {
        "x": 0.10740353912115097,
        "y": -0.9229303002357483,
        "z": -0.32803991436958313
    },
    "position": {
        "pitch": 353.76372694105794,
        "roll": 250.41382899386332,
        "yaw": 162.33712215492503
    }
}