{
    "time": "2022-07-09T06:30:02.831846+02:00",
    "accelleration": {
        "x": 0.10910066217184067,
        "y": -0.9205180406570435,
        "z": -0.34394779801368713
    },
    "position": {
        "pitch": 353.6831238786626,
        "roll": 249.50492889082054,
        "yaw": 131.46843737088923
    }
}