{
    "time": "2023-05-04T05:00:03.235965+02:00",
    "accelleration": {
        "x": 0.11321599781513214,
        "y": -0.9433040022850037,
        "z": -0.31622397899627686
    },
    "position": {
        "pitch": 353.51615222043887,
        "roll": 251.48533541047658,
        "yaw": 97.41714398081596
    }
}