{
    "time": "2023-07-01T16:00:02.892712+02:00",
    "accelleration": {
        "x": 0.10809199512004852,
        "y": -0.937936007976532,
        "z": -0.30524399876594543
    },
    "position": {
        "pitch": 353.74290510937317,
        "roll": 251.97980695543964,
        "yaw": 158.25165816326023
    }
}