{
    "time": "2023-06-26T13:50:02.652768+02:00",
    "accelleration": {
        "x": 0.10711599886417389,
        "y": -0.9374479651451111,
        "z": -0.3001199960708618
    },
    "position": {
        "pitch": 353.7893149641229,
        "roll": 252.251361616461,
        "yaw": 157.83359594454208
    }
}