{
    "time": "2023-05-29T23:00:03.157535+02:00",
    "accelleration": {
        "x": 0.11467999964952469,
        "y": -0.9403759837150574,
        "z": -0.31329599022865295
    },
    "position": {
        "pitch": 353.3450068897454,
        "roll": 251.5179290731959,
        "yaw": 185.95331081503184
    }
}