{
    "time": "2023-05-09T17:30:02.753915+02:00",
    "accelleration": {
        "x": 0.11004399508237839,
        "y": -0.9420839548110962,
        "z": -0.31866398453712463
    },
    "position": {
        "pitch": 353.68426878912226,
        "roll": 251.32654034246295,
        "yaw": 145.7074693373982
    }
}