{
    "time": "2023-05-23T14:30:02.507362+02:00",
    "accelleration": {
        "x": 0.11565599590539932,
        "y": -0.9386679530143738,
        "z": -0.31793197989463806
    },
    "position": {
        "pitch": 353.34602416104485,
        "roll": 251.29693147241093,
        "yaw": 198.26080626539624
    }
}