{
    "time": "2023-05-03T15:40:02.618039+02:00",
    "accelleration": {
        "x": 0.10906799882650375,
        "y": -0.9406200051307678,
        "z": -0.3123199939727783
    },
    "position": {
        "pitch": 353.7166186994655,
        "roll": 251.6381677233448,
        "yaw": 151.27370468074344
    }
}