{
    "time": "2023-05-30T07:10:02.848182+02:00",
    "accelleration": {
        "x": 0.1163880005478859,
        "y": -0.9425719976425171,
        "z": -0.31158798933029175
    },
    "position": {
        "pitch": 353.3229078126858,
        "roll": 251.72074471041023,
        "yaw": 97.51601779924107
    }
}