{
    "time": "2023-05-26T16:20:02.743805+02:00",
    "accelleration": {
        "x": 0.11370399594306946,
        "y": -0.9415959715843201,
        "z": -0.3118319809436798
    },
    "position": {
        "pitch": 353.4622658698689,
        "roll": 251.67998897163278,
        "yaw": 117.41507726677787
    }
}