{
    "time": "2023-06-19T09:50:02.837333+02:00",
    "accelleration": {
        "x": 0.11004399508237839,
        "y": -0.9401319622993469,
        "z": -0.3071959912776947
    },
    "position": {
        "pitch": 353.6496230814442,
        "roll": 251.9097497051228,
        "yaw": 157.6081040792833
    }
}