{
    "time": "2023-06-13T08:10:02.747839+02:00",
    "accelleration": {
        "x": 0.11126399785280228,
        "y": -0.9393999576568604,
        "z": -0.3152479827404022
    },
    "position": {
        "pitch": 353.5949375987413,
        "roll": 251.457270163177,
        "yaw": 158.21488442476888
    }
}