{
    "time": "2023-06-24T21:10:03.093487+02:00",
    "accelleration": {
        "x": 0.11077599972486496,
        "y": -0.9384239912033081,
        "z": -0.30158400535583496
    },
    "position": {
        "pitch": 353.5898358743181,
        "roll": 252.18709636656035,
        "yaw": 158.36460217137557
    }
}