{
    "time": "2023-06-15T11:10:03.421159+02:00",
    "accelleration": {
        "x": 0.11199599504470825,
        "y": -0.9401319622993469,
        "z": -0.3140279948711395
    },
    "position": {
        "pitch": 353.5515270508108,
        "roll": 251.53633643300907,
        "yaw": 157.8532259082167
    }
}