{
    "time": "2023-06-13T11:10:02.851271+02:00",
    "accelleration": {
        "x": 0.11028799414634705,
        "y": -0.9396439790725708,
        "z": -0.3130519986152649
    },
    "position": {
        "pitch": 353.6478258879188,
        "roll": 251.58303443636441,
        "yaw": 158.02279218455143
    }
}