{
    "time": "2022-07-09T20:20:02.887229+02:00",
    "accelleration": {
        "x": 0.10449419170618057,
        "y": -0.9263074398040771,
        "z": -0.323701411485672
    },
    "position": {
        "pitch": 353.9219615066728,
        "roll": 250.71670690241837,
        "yaw": 161.3446683477655
    }
}