{
    "time": "2023-05-28T15:10:02.777054+02:00",
    "accelleration": {
        "x": 0.11248400062322617,
        "y": -0.9396439790725708,
        "z": -0.3084160089492798
    },
    "position": {
        "pitch": 353.5121958333621,
        "roll": 251.83016434091383,
        "yaw": 117.2167285732807
    }
}