{
    "time": "2023-06-29T01:20:03.418752+02:00",
    "accelleration": {
        "x": 0.10955599695444107,
        "y": -0.937936007976532,
        "z": -0.3020719885826111
    },
    "position": {
        "pitch": 353.6579943320457,
        "roll": 252.15282930749441,
        "yaw": 158.29322669454893
    }
}