{
    "time": "2023-05-14T20:20:03.037957+02:00",
    "accelleration": {
        "x": 0.1088239997625351,
        "y": -0.9413520097732544,
        "z": -0.31744399666786194
    },
    "position": {
        "pitch": 353.74713000826165,
        "roll": 251.38786178083132,
        "yaw": 111.9181205321841
    }
}