{
    "time": "2022-07-06T16:20:02.606028+02:00",
    "accelleration": {
        "x": 0.10885821282863617,
        "y": -0.9166584014892578,
        "z": -0.3318963646888733
    },
    "position": {
        "pitch": 353.64031694870005,
        "roll": 250.06833753507655,
        "yaw": 111.56746545038482
    }
}