{
    "time": "2023-06-06T01:30:02.483873+02:00",
    "accelleration": {
        "x": 0.11565599590539932,
        "y": -0.9406200051307678,
        "z": -0.31793197989463806
    },
    "position": {
        "pitch": 353.29280546146623,
        "roll": 251.33429943736007,
        "yaw": 158.90314892705274
    }
}