{
    "time": "2023-06-05T07:50:02.439238+02:00",
    "accelleration": {
        "x": 0.11199599504470825,
        "y": -0.9425719976425171,
        "z": -0.31915199756622314
    },
    "position": {
        "pitch": 353.5775180550368,
        "roll": 251.30320841625817,
        "yaw": 158.87630628361458
    }
}