{
    "time": "2023-05-18T18:10:03.249334+02:00",
    "accelleration": {
        "x": 0.11199599504470825,
        "y": -0.9415959715843201,
        "z": -0.3089039921760559
    },
    "position": {
        "pitch": 353.5551628458834,
        "roll": 251.84448724760335,
        "yaw": 183.05466049354848
    }
}