{
    "time": "2022-07-15T22:00:03.188703+02:00",
    "accelleration": {
        "x": 0.10594886541366577,
        "y": -0.9210004806518555,
        "z": -0.3220142126083374
    },
    "position": {
        "pitch": 353.81268616391543,
        "roll": 250.7168981477151,
        "yaw": 145.42956260044875
    }
}