{
    "time": "2023-06-03T01:40:03.083199+02:00",
    "accelleration": {
        "x": 0.115167997777462,
        "y": -0.941107988357544,
        "z": -0.31549200415611267
    },
    "position": {
        "pitch": 353.44683775319425,
        "roll": 251.47926337230444,
        "yaw": 159.6512185657092
    }
}