{
    "time": "2023-06-20T20:50:03.249722+02:00",
    "accelleration": {
        "x": 0.11077599972486496,
        "y": -0.9393999576568604,
        "z": -0.30621999502182007
    },
    "position": {
        "pitch": 353.6032994578327,
        "roll": 251.94784850031317,
        "yaw": 157.97880576629657
    }
}