{
    "time": "2023-05-06T14:30:02.490151+02:00",
    "accelleration": {
        "x": 0.1088239997625351,
        "y": -0.9418399930000305,
        "z": -0.3108559846878052
    },
    "position": {
        "pitch": 353.74027249833495,
        "roll": 251.74113282508273,
        "yaw": 104.00753203925873
    }
}