{
    "time": "2023-06-04T16:50:02.991617+02:00",
    "accelleration": {
        "x": 0.11394799500703812,
        "y": -0.9393999576568604,
        "z": -0.31671199202537537
    },
    "position": {
        "pitch": 353.4446320289792,
        "roll": 251.37532838370436,
        "yaw": 159.81724680405387
    }
}