{
    "time": "2022-07-21T01:10:02.554554+02:00",
    "accelleration": {
        "x": 0.10691864788532257,
        "y": -0.9205180406570435,
        "z": -0.3304502069950104
    },
    "position": {
        "pitch": 353.7730040454981,
        "roll": 250.23964550964965,
        "yaw": 193.184418428946
    }
}