{
    "time": "2023-05-13T22:30:03.371482+02:00",
    "accelleration": {
        "x": 0.10833600163459778,
        "y": -0.9435479640960693,
        "z": -0.3108559846878052
    },
    "position": {
        "pitch": 353.77736426750954,
        "roll": 251.77088512910728,
        "yaw": 142.43268049832224
    }
}