{
    "time": "2023-05-10T03:30:02.521974+02:00",
    "accelleration": {
        "x": 0.11126399785280228,
        "y": -0.941107988357544,
        "z": -0.3159799873828888
    },
    "position": {
        "pitch": 353.6037118305038,
        "roll": 251.44957937017153,
        "yaw": 173.0215051113059
    }
}