{
    "time": "2023-06-26T15:00:03.000963+02:00",
    "accelleration": {
        "x": 0.10735999792814255,
        "y": -0.9376919865608215,
        "z": -0.3003639876842499
    },
    "position": {
        "pitch": 353.76516000012316,
        "roll": 252.21700576493583,
        "yaw": 158.08068486795648
    }
}