{
    "time": "2023-05-25T20:50:02.789536+02:00",
    "accelleration": {
        "x": 0.11224000155925751,
        "y": -0.9393999576568604,
        "z": -0.31671199202537537
    },
    "position": {
        "pitch": 353.5419758850302,
        "roll": 251.37644170453905,
        "yaw": 194.25707231733983
    }
}