{
    "time": "2022-07-22T06:20:03.266107+02:00",
    "accelleration": {
        "x": 0.11031289398670197,
        "y": -0.9214829206466675,
        "z": -0.322496235370636
    },
    "position": {
        "pitch": 353.5740222788422,
        "roll": 250.6964485613401,
        "yaw": 124.96945773410874
    }
}