{
    "time": "2023-06-30T23:40:02.975849+02:00",
    "accelleration": {
        "x": 0.10931199789047241,
        "y": -0.9376919865608215,
        "z": -0.3067080080509186
    },
    "position": {
        "pitch": 353.68142785731436,
        "roll": 251.89945661004361,
        "yaw": 158.2568354466511
    }
}