{
    "time": "2023-05-19T01:00:02.572776+02:00",
    "accelleration": {
        "x": 0.11297199875116348,
        "y": -0.9420839548110962,
        "z": -0.31768798828125
    },
    "position": {
        "pitch": 353.52646922118015,
        "roll": 251.38368853524844,
        "yaw": 192.79543915571378
    }
}