{
    "time": "2022-07-02T02:50:03.179004+02:00",
    "accelleration": {
        "x": 0.11394958198070526,
        "y": -0.9214829206466675,
        "z": -0.34997349977493286
    },
    "position": {
        "pitch": 353.41954517104455,
        "roll": 249.20021366137877,
        "yaw": 138.54628920020664
    }
}