{
    "time": "2022-07-04T06:10:03.065729+02:00",
    "accelleration": {
        "x": 0.11007044464349747,
        "y": -0.9207592606544495,
        "z": -0.3509376347064972
    },
    "position": {
        "pitch": 353.7055721491435,
        "roll": 249.12755410898816,
        "yaw": 138.1672000408926
    }
}