{
    "time": "2023-05-03T17:00:02.852736+02:00",
    "accelleration": {
        "x": 0.1105320006608963,
        "y": -0.9396439790725708,
        "z": -0.3152479827404022
    },
    "position": {
        "pitch": 353.63699747676344,
        "roll": 251.4580419745532,
        "yaw": 134.12161069360235
    }
}