{
    "time": "2023-05-29T19:30:02.886655+02:00",
    "accelleration": {
        "x": 0.11248400062322617,
        "y": -0.9408639669418335,
        "z": -0.31378400325775146
    },
    "position": {
        "pitch": 353.4721905616197,
        "roll": 251.55351435877162,
        "yaw": 187.17016365718297
    }
}