{
    "time": "2022-07-15T02:40:03.089367+02:00",
    "accelleration": {
        "x": 0.10764598846435547,
        "y": -0.9241364002227783,
        "z": -0.3318963646888733
    },
    "position": {
        "pitch": 353.799480420042,
        "roll": 250.23713200003507,
        "yaw": 150.67173278843353
    }
}