{
    "time": "2023-05-08T16:30:02.475183+02:00",
    "accelleration": {
        "x": 0.10979999601840973,
        "y": -0.9396439790725708,
        "z": -0.3076840043067932
    },
    "position": {
        "pitch": 353.6638785400156,
        "roll": 251.87616566497388,
        "yaw": 185.46413266667554
    }
}