{
    "time": "2023-06-01T03:30:03.494534+02:00",
    "accelleration": {
        "x": 0.11101999878883362,
        "y": -0.9413520097732544,
        "z": -0.2537599802017212
    },
    "position": {
        "pitch": 353.510506642203,
        "roll": 254.85245474675276,
        "yaw": 170.33704952219415
    }
}