{
    "time": "2023-05-01T14:00:03.055561+02:00",
    "accelleration": {
        "x": 0.10931199789047241,
        "y": -0.9423279762268066,
        "z": -0.3113439977169037
    },
    "position": {
        "pitch": 353.71207576989383,
        "roll": 251.72515701261406,
        "yaw": 132.63167322805577
    }
}