{
    "time": "2023-06-26T03:30:02.532376+02:00",
    "accelleration": {
        "x": 0.1088239997625351,
        "y": -0.9391559958457947,
        "z": -0.30109599232673645
    },
    "position": {
        "pitch": 353.70757680966494,
        "roll": 252.2320048603532,
        "yaw": 157.80378899900415
    }
}