{
    "time": "2023-06-07T19:10:03.260651+02:00",
    "accelleration": {
        "x": 0.1117519959807396,
        "y": -0.9391559958457947,
        "z": -0.3108559846878052
    },
    "position": {
        "pitch": 353.55468985528336,
        "roll": 251.6924882178139,
        "yaw": 158.5041019549839
    }
}