{
    "time": "2023-05-09T08:40:03.401014+02:00",
    "accelleration": {
        "x": 0.10833600163459778,
        "y": -0.941107988357544,
        "z": -0.31158798933029175
    },
    "position": {
        "pitch": 353.7665917785279,
        "roll": 251.68974931195672,
        "yaw": 100.85873969980199
    }
}