{
    "time": "2023-06-25T20:30:02.611071+02:00",
    "accelleration": {
        "x": 0.11004399508237839,
        "y": -0.937936007976532,
        "z": -0.2996319830417633
    },
    "position": {
        "pitch": 353.622273723347,
        "roll": 252.28696056241512,
        "yaw": 157.43213108550708
    }
}