{
    "time": "2022-07-10T12:10:03.218462+02:00",
    "accelleration": {
        "x": 0.10910066217184067,
        "y": -0.9241364002227783,
        "z": -0.32490652799606323
    },
    "position": {
        "pitch": 353.6610111412247,
        "roll": 250.60915191355815,
        "yaw": 125.05178883436407
    }
}