{
    "time": "2023-06-05T04:00:03.343530+02:00",
    "accelleration": {
        "x": 0.1134599968791008,
        "y": -0.9413520097732544,
        "z": -0.31768798828125
    },
    "position": {
        "pitch": 353.4850027158422,
        "roll": 251.35819826926596,
        "yaw": 159.10719399831768
    }
}