{
    "time": "2023-05-21T02:30:02.549902+02:00",
    "accelleration": {
        "x": 0.11272799968719482,
        "y": -0.9398880004882812,
        "z": -0.31158798933029175
    },
    "position": {
        "pitch": 353.5142867250218,
        "roll": 251.67190885784464,
        "yaw": 178.84750620916506
    }
}