{
    "time": "2023-06-24T17:40:02.650087+02:00",
    "accelleration": {
        "x": 0.11028799414634705,
        "y": -0.9396439790725708,
        "z": -0.29816800355911255
    },
    "position": {
        "pitch": 353.6186016428945,
        "roll": 252.39057453212422,
        "yaw": 157.953875575826
    }
}