{
    "time": "2022-07-02T16:40:02.990082+02:00",
    "accelleration": {
        "x": 0.10764598846435547,
        "y": -0.9188294410705566,
        "z": -0.34177854657173157
    },
    "position": {
        "pitch": 353.7351293658899,
        "roll": 249.57774553756207,
        "yaw": 133.08085378863248
    }
}