{
    "time": "2022-07-06T22:20:03.011508+02:00",
    "accelleration": {
        "x": 0.11273735016584396,
        "y": -0.9205180406570435,
        "z": -0.34201955795288086
    },
    "position": {
        "pitch": 353.46101807968483,
        "roll": 249.6081398793686,
        "yaw": 129.24592113572376
    }
}