{
    "time": "2023-05-11T23:30:03.099326+02:00",
    "accelleration": {
        "x": 0.11199599504470825,
        "y": -0.9418399930000305,
        "z": -0.3106119930744171
    },
    "position": {
        "pitch": 353.5625855539639,
        "roll": 251.7613228642693,
        "yaw": 145.88706233143452
    }
}