{
    "time": "2022-07-09T01:00:03.074170+02:00",
    "accelleration": {
        "x": 0.10910066217184067,
        "y": -0.9207592606544495,
        "z": -0.34370675683021545
    },
    "position": {
        "pitch": 353.68327627725847,
        "roll": 249.51925862769923,
        "yaw": 177.30134262637094
    }
}