{
    "time": "2023-07-06T09:10:02.485593+02:00",
    "accelleration": {
        "x": 0.11028799414634705,
        "y": -0.9386679530143738,
        "z": -0.3067080080509186
    },
    "position": {
        "pitch": 353.629340407817,
        "roll": 251.91345166765296,
        "yaw": 157.70401359560861
    }
}