{
    "time": "2022-07-07T07:00:02.462150+02:00",
    "accelleration": {
        "x": 0.11128267645835876,
        "y": -0.9183470010757446,
        "z": -0.340091347694397
    },
    "position": {
        "pitch": 353.5796127886779,
        "roll": 249.65884037357762,
        "yaw": 177.9673270515822
    }
}