{
    "time": "2023-05-03T01:50:02.765340+02:00",
    "accelleration": {
        "x": 0.1088239997625351,
        "y": -0.9398880004882812,
        "z": -0.3111000061035156
    },
    "position": {
        "pitch": 353.7264528912099,
        "roll": 251.63953376117877,
        "yaw": 100.7926166384471
    }
}