{
    "time": "2023-06-08T06:20:03.170583+02:00",
    "accelleration": {
        "x": 0.11370399594306946,
        "y": -0.941107988357544,
        "z": -0.3164680004119873
    },
    "position": {
        "pitch": 353.4703114058243,
        "roll": 251.42141850022358,
        "yaw": 158.84134937544246
    }
}