{
    "time": "2023-06-04T09:10:03.042533+02:00",
    "accelleration": {
        "x": 0.11443600058555603,
        "y": -0.9408639669418335,
        "z": -0.31793197989463806
    },
    "position": {
        "pitch": 353.42698025884295,
        "roll": 251.33475706003446,
        "yaw": 159.15966351152173
    }
}