{
    "time": "2022-07-02T17:30:02.726119+02:00",
    "accelleration": {
        "x": 0.11104022711515427,
        "y": -0.9181057810783386,
        "z": -0.33430665731430054
    },
    "position": {
        "pitch": 353.5297212449987,
        "roll": 249.9630501690208,
        "yaw": 122.29659980620765
    }
}