{
    "time": "2023-04-30T18:50:03.285573+02:00",
    "accelleration": {
        "x": 0.11492399871349335,
        "y": -0.9413520097732544,
        "z": -0.3076840043067932
    },
    "position": {
        "pitch": 353.3884964117381,
        "roll": 251.9130828374378,
        "yaw": 171.10980346451106
    }
}