{
    "time": "2023-06-04T00:20:02.760331+02:00",
    "accelleration": {
        "x": 0.115167997777462,
        "y": -0.9418399930000305,
        "z": -0.3169559836387634
    },
    "position": {
        "pitch": 353.33822792699414,
        "roll": 251.40436351786607,
        "yaw": 159.66478332140085
    }
}