{
    "time": "2023-05-21T16:30:02.924620+02:00",
    "accelleration": {
        "x": 0.1117519959807396,
        "y": -0.9406200051307678,
        "z": -0.31793197989463806
    },
    "position": {
        "pitch": 353.57621818466043,
        "roll": 251.33410136187416,
        "yaw": 99.35505989364535
    }
}