{
    "time": "2023-06-14T15:50:03.502332+02:00",
    "accelleration": {
        "x": 0.11321599781513214,
        "y": -0.9396439790725708,
        "z": -0.31768798828125
    },
    "position": {
        "pitch": 353.4864626687773,
        "roll": 251.32761951235182,
        "yaw": 158.1057380018321
    }
}