{
    "time": "2023-06-09T06:20:02.954709+02:00",
    "accelleration": {
        "x": 0.11321599781513214,
        "y": -0.9425719976425171,
        "z": -0.31280800700187683
    },
    "position": {
        "pitch": 353.499933082481,
        "roll": 251.64698549756326,
        "yaw": 158.31829348880288
    }
}