{
    "time": "2023-06-11T18:50:03.355642+02:00",
    "accelleration": {
        "x": 0.11101999878883362,
        "y": -0.9384239912033081,
        "z": -0.30743998289108276
    },
    "position": {
        "pitch": 353.58296939976816,
        "roll": 251.86217743755367,
        "yaw": 158.2360170300609
    }
}