{
    "time": "2023-05-22T03:10:03.853222+02:00",
    "accelleration": {
        "x": 0.11394799500703812,
        "y": -0.9406200051307678,
        "z": -0.31915199756622314
    },
    "position": {
        "pitch": 353.4557784708178,
        "roll": 251.26911894211065,
        "yaw": 153.85815264002787
    }
}