{
    "time": "2022-07-21T17:50:03.614287+02:00",
    "accelleration": {
        "x": 0.10885821282863617,
        "y": -0.9200355410575867,
        "z": -0.32924503087997437
    },
    "position": {
        "pitch": 353.6565570041122,
        "roll": 250.30682042013672,
        "yaw": 180.77788523561642
    }
}