{
    "time": "2023-07-01T01:20:02.788616+02:00",
    "accelleration": {
        "x": 0.10858000069856644,
        "y": -0.9384239912033081,
        "z": -0.30817198753356934
    },
    "position": {
        "pitch": 353.72778050922983,
        "roll": 251.82797868037943,
        "yaw": 158.33267786719492
    }
}