{
    "time": "2023-05-30T08:20:02.677605+02:00",
    "accelleration": {
        "x": 0.115167997777462,
        "y": -0.9423279762268066,
        "z": -0.3147599995136261
    },
    "position": {
        "pitch": 353.3917279449892,
        "roll": 251.53162360248174,
        "yaw": 120.19947218382528
    }
}