{
    "time": "2023-05-17T08:00:03.063434+02:00",
    "accelleration": {
        "x": 0.11687599867582321,
        "y": -0.9430599808692932,
        "z": -0.3152479827404022
    },
    "position": {
        "pitch": 353.3109865712632,
        "roll": 251.53645937641411,
        "yaw": 108.28598302592223
    }
}