{
    "time": "2023-06-24T08:10:03.128195+02:00",
    "accelleration": {
        "x": 0.10955599695444107,
        "y": -0.9396439790725708,
        "z": -0.30353599786758423
    },
    "position": {
        "pitch": 353.6742501822703,
        "roll": 252.1051614172769,
        "yaw": 158.07934615087916
    }
}