{
    "time": "2023-06-11T14:40:02.595365+02:00",
    "accelleration": {
        "x": 0.1088239997625351,
        "y": -0.9391559958457947,
        "z": -0.3084160089492798
    },
    "position": {
        "pitch": 353.7143745554364,
        "roll": 251.82185883088312,
        "yaw": 158.11852411595834
    }
}