{
    "time": "2023-05-03T11:30:02.534179+02:00",
    "accelleration": {
        "x": 0.11321599781513214,
        "y": -0.9386679530143738,
        "z": -0.3159799873828888
    },
    "position": {
        "pitch": 353.48405374643437,
        "roll": 251.4077922728294,
        "yaw": 193.25326673577973
    }
}