{
    "time": "2023-05-01T06:10:02.468576+02:00",
    "accelleration": {
        "x": 0.1088239997625351,
        "y": -0.9401319622993469,
        "z": -0.31549200415611267
    },
    "position": {
        "pitch": 353.735344089962,
        "roll": 251.4632602390791,
        "yaw": 99.19305463672181
    }
}