{
    "time": "2023-06-17T19:00:03.100791+02:00",
    "accelleration": {
        "x": 0.11101999878883362,
        "y": -0.9391559958457947,
        "z": -0.3067080080509186
    },
    "position": {
        "pitch": 353.5864860934171,
        "roll": 251.914940648892,
        "yaw": 157.80234099890012
    }
}