{
    "time": "2023-07-04T06:00:03.290000+02:00",
    "accelleration": {
        "x": 0.1105320006608963,
        "y": -0.9396439790725708,
        "z": -0.30695199966430664
    },
    "position": {
        "pitch": 353.6199241382725,
        "roll": 251.91457181867685,
        "yaw": 158.21646902865632
    }
}