{
    "time": "2023-05-30T12:40:02.999843+02:00",
    "accelleration": {
        "x": 0.10979999601840973,
        "y": -0.9389119744300842,
        "z": -0.3108559846878052
    },
    "position": {
        "pitch": 353.6650998632166,
        "roll": 251.68750900990895,
        "yaw": 183.37278338433097
    }
}