{
    "time": "2023-06-12T05:50:03.042077+02:00",
    "accelleration": {
        "x": 0.11297199875116348,
        "y": -0.9420839548110962,
        "z": -0.3140279948711395
    },
    "position": {
        "pitch": 353.51226114704605,
        "roll": 251.5679397182987,
        "yaw": 157.66963042332677
    }
}