{
    "time": "2022-07-08T08:30:02.660391+02:00",
    "accelleration": {
        "x": 0.11079778522253036,
        "y": -0.9197943806648254,
        "z": -0.34177854657173157
    },
    "position": {
        "pitch": 353.5730651985848,
        "roll": 249.60751150196495,
        "yaw": 125.76223779107212
    }
}