{
    "time": "2023-06-05T21:40:03.359451+02:00",
    "accelleration": {
        "x": 0.11248400062322617,
        "y": -0.9389119744300842,
        "z": -0.31378400325775146
    },
    "position": {
        "pitch": 353.51363785705064,
        "roll": 251.5288095645437,
        "yaw": 159.15650796412518
    }
}