{
    "time": "2023-07-04T19:50:03.048823+02:00",
    "accelleration": {
        "x": 0.11028799414634705,
        "y": -0.9376919865608215,
        "z": -0.30353599786758423
    },
    "position": {
        "pitch": 353.61596945874305,
        "roll": 252.06161896131806,
        "yaw": 158.23236970904412
    }
}