{
    "time": "2023-04-28T17:30:02.958030+02:00",
    "accelleration": {
        "x": 0.11150799691677094,
        "y": -0.9413520097732544,
        "z": -0.3111000061035156
    },
    "position": {
        "pitch": 353.5893206219226,
        "roll": 251.72830572982144,
        "yaw": 110.21383807010419
    }
}