{
    "time": "2023-04-29T15:30:02.922837+02:00",
    "accelleration": {
        "x": 0.10735999792814255,
        "y": -0.9398880004882812,
        "z": -0.3008520007133484
    },
    "position": {
        "pitch": 353.8381542317831,
        "roll": 252.25005705032953,
        "yaw": 158.11829188952657
    }
}