{
    "time": "2022-07-10T02:20:03.104861+02:00",
    "accelleration": {
        "x": 0.11079778522253036,
        "y": -0.9236539602279663,
        "z": -0.33093225955963135
    },
    "position": {
        "pitch": 353.57623526013333,
        "roll": 250.2740969838232,
        "yaw": 125.37540319723928
    }
}