{
    "time": "2023-05-12T07:20:02.946617+02:00",
    "accelleration": {
        "x": 0.1134599968791008,
        "y": -0.9430599808692932,
        "z": -0.31622397899627686
    },
    "position": {
        "pitch": 353.49704348557526,
        "roll": 251.47396997569768,
        "yaw": 203.04943823211383
    }
}