{
    "time": "2023-05-21T13:00:02.636013+02:00",
    "accelleration": {
        "x": 0.1134599968791008,
        "y": -0.9393999576568604,
        "z": -0.31451600790023804
    },
    "position": {
        "pitch": 353.47028195063353,
        "roll": 251.49861329822306,
        "yaw": 115.38571878134037
    }
}