{
    "time": "2023-06-28T19:50:03.350756+02:00",
    "accelleration": {
        "x": 0.10906799882650375,
        "y": -0.9372040033340454,
        "z": -0.3020719885826111
    },
    "position": {
        "pitch": 353.67826761416273,
        "roll": 252.13689447616076,
        "yaw": 158.50382874741712
    }
}