{
    "time": "2023-06-21T23:20:02.451608+02:00",
    "accelleration": {
        "x": 0.11101999878883362,
        "y": -0.9398880004882812,
        "z": -0.30573198199272156
    },
    "position": {
        "pitch": 353.59261191932893,
        "roll": 251.98643906912372,
        "yaw": 157.86364877689016
    }
}