{
    "time": "2023-05-06T02:30:02.708709+02:00",
    "accelleration": {
        "x": 0.1076039969921112,
        "y": -0.9393999576568604,
        "z": -0.3118319809436798
    },
    "position": {
        "pitch": 353.7959987311126,
        "roll": 251.6512611959837,
        "yaw": 193.6130537804993
    }
}