{
    "time": "2022-07-11T08:30:02.705735+02:00",
    "accelleration": {
        "x": 0.10740353912115097,
        "y": -0.9241364002227783,
        "z": -0.32490652799606323
    },
    "position": {
        "pitch": 353.7564566315733,
        "roll": 250.6203056124728,
        "yaw": 163.6280552288141
    }
}