{
    "time": "2023-06-01T20:50:03.690929+02:00",
    "accelleration": {
        "x": 0.1117519959807396,
        "y": -0.9396439790725708,
        "z": -0.3123199939727783
    },
    "position": {
        "pitch": 353.5594624499659,
        "roll": 251.61676874067513,
        "yaw": 158.92312040018584
    }
}