{
    "time": "2023-05-14T18:50:02.652422+02:00",
    "accelleration": {
        "x": 0.1088239997625351,
        "y": -0.9391559958457947,
        "z": -0.2525399923324585
    },
    "position": {
        "pitch": 353.6166704069066,
        "roll": 254.88571093782156,
        "yaw": 193.71681801437015
    }
}