{
    "time": "2023-06-15T15:50:03.051185+02:00",
    "accelleration": {
        "x": 0.11272799968719482,
        "y": -0.9391559958457947,
        "z": -0.31207600235939026
    },
    "position": {
        "pitch": 353.5004329669509,
        "roll": 251.62162500517502,
        "yaw": 157.71980499296967
    }
}