{
    "time": "2022-07-02T20:50:03.139805+02:00",
    "accelleration": {
        "x": 0.10788843780755997,
        "y": -0.9195531010627747,
        "z": -0.33261945843696594
    },
    "position": {
        "pitch": 353.71006427918326,
        "roll": 250.07954587550455,
        "yaw": 133.69841217262837
    }
}