{
    "time": "2022-07-21T05:40:03.020648+02:00",
    "accelleration": {
        "x": 0.10667620599269867,
        "y": -0.9195531010627747,
        "z": -0.32779887318611145
    },
    "position": {
        "pitch": 353.78495773031926,
        "roll": 250.366249896105,
        "yaw": 179.87738945297627
    }
}