{
    "time": "2023-05-23T00:50:03.331624+02:00",
    "accelleration": {
        "x": 0.11443600058555603,
        "y": -0.9398880004882812,
        "z": -0.32037198543548584
    },
    "position": {
        "pitch": 353.43198123797583,
        "roll": 251.19163727616603,
        "yaw": 113.95941135810162
    }
}