{
    "time": "2023-06-05T13:20:03.150711+02:00",
    "accelleration": {
        "x": 0.11077599972486496,
        "y": -0.9396439790725708,
        "z": -0.2500999867916107
    },
    "position": {
        "pitch": 353.5002792876946,
        "roll": 255.03098223127859,
        "yaw": 155.90177256045237
    }
}