{
    "time": "2023-06-24T19:00:03.426261+02:00",
    "accelleration": {
        "x": 0.10906799882650375,
        "y": -0.9381799697875977,
        "z": -0.3001199960708618
    },
    "position": {
        "pitch": 353.679929911452,
        "roll": 252.2648649004501,
        "yaw": 158.02071580704376
    }
}