{
    "time": "2023-05-30T10:50:02.949224+02:00",
    "accelleration": {
        "x": 0.10979999601840973,
        "y": -0.9396439790725708,
        "z": -0.3108559846878052
    },
    "position": {
        "pitch": 353.67408967282483,
        "roll": 251.69552082180536,
        "yaw": 184.38541357029874
    }
}