{
    "time": "2023-05-14T18:20:03.014264+02:00",
    "accelleration": {
        "x": 0.11004399508237839,
        "y": -0.9413520097732544,
        "z": -0.31451600790023804
    },
    "position": {
        "pitch": 353.67810198207536,
        "roll": 251.474304654967,
        "yaw": 98.55117394909152
    }
}