{
    "time": "2023-05-19T03:00:03.144094+02:00",
    "accelleration": {
        "x": 0.11150799691677094,
        "y": -0.9437919855117798,
        "z": -0.25058799982070923
    },
    "position": {
        "pitch": 353.48555425361764,
        "roll": 255.073705064537,
        "yaw": 147.91428979785098
    }
}