{
    "time": "2023-06-16T10:40:02.874932+02:00",
    "accelleration": {
        "x": 0.11126399785280228,
        "y": -0.9401319622993469,
        "z": -0.31329599022865295
    },
    "position": {
        "pitch": 353.5927946268892,
        "roll": 251.57582858679007,
        "yaw": 158.5767615073745
    }
}