{
    "time": "2023-05-12T07:40:02.587989+02:00",
    "accelleration": {
        "x": 0.11419199407100677,
        "y": -0.9437919855117798,
        "z": -0.3152479827404022
    },
    "position": {
        "pitch": 353.4574262539551,
        "roll": 251.54450533925638,
        "yaw": 118.83123502890999
    }
}