{
    "time": "2023-05-27T06:00:02.690583+02:00",
    "accelleration": {
        "x": 0.10979999601840973,
        "y": -0.9406200051307678,
        "z": -0.3740519881248474
    },
    "position": {
        "pitch": 353.80712638993106,
        "roll": 248.39294677318577,
        "yaw": 137.92818440107717
    }
}