{
    "time": "2023-05-17T02:40:03.111711+02:00",
    "accelleration": {
        "x": 0.11077599972486496,
        "y": -0.941107988357544,
        "z": -0.3111000061035156
    },
    "position": {
        "pitch": 353.62427454188696,
        "roll": 251.71728180450103,
        "yaw": 180.4804441576407
    }
}