{
    "time": "2023-05-10T00:40:03.069717+02:00",
    "accelleration": {
        "x": 0.1088239997625351,
        "y": -0.9389119744300842,
        "z": -0.3198840022087097
    },
    "position": {
        "pitch": 353.7335712289855,
        "roll": 251.20787263582315,
        "yaw": 124.18680001749532
    }
}