{
    "time": "2023-06-16T11:20:02.835823+02:00",
    "accelleration": {
        "x": 0.11150799691677094,
        "y": -0.9396439790725708,
        "z": -0.3108559846878052
    },
    "position": {
        "pitch": 353.5729776867861,
        "roll": 251.69478999156416,
        "yaw": 158.22702850111315
    }
}