{
    "time": "2023-06-30T13:40:02.958824+02:00",
    "accelleration": {
        "x": 0.11028799414634705,
        "y": -0.9376919865608215,
        "z": -0.3042680025100708
    },
    "position": {
        "pitch": 353.6189670580151,
        "roll": 252.03429137444883,
        "yaw": 157.79331148881735
    }
}