{
    "time": "2023-06-14T15:00:02.827845+02:00",
    "accelleration": {
        "x": 0.11370399594306946,
        "y": -0.9401319622993469,
        "z": -0.31671199202537537
    },
    "position": {
        "pitch": 353.45991158903934,
        "roll": 251.38683042226666,
        "yaw": 157.88450817461538
    }
}