{
    "time": "2023-06-14T10:10:02.858622+02:00",
    "accelleration": {
        "x": 0.11150799691677094,
        "y": -0.941107988357544,
        "z": -0.31549200415611267
    },
    "position": {
        "pitch": 353.5897389710093,
        "roll": 251.47147695665063,
        "yaw": 157.9788467474316
    }
}