{
    "time": "2023-05-27T12:40:03.154243+02:00",
    "accelleration": {
        "x": 0.10931199789047241,
        "y": -0.9406200051307678,
        "z": -0.3125639855861664
    },
    "position": {
        "pitch": 353.7667356393873,
        "roll": 251.63251915690117,
        "yaw": 185.74257215838026
    }
}