{
    "time": "2022-07-05T08:40:03.182436+02:00",
    "accelleration": {
        "x": 0.11297979205846786,
        "y": -0.9219653606414795,
        "z": -0.3523837924003601
    },
    "position": {
        "pitch": 353.4902995275435,
        "roll": 249.0735478032209,
        "yaw": 126.189288538738
    }
}