{
    "time": "2023-06-09T04:30:02.952486+02:00",
    "accelleration": {
        "x": 0.11272799968719482,
        "y": -0.9418399930000305,
        "z": -0.31451600790023804
    },
    "position": {
        "pitch": 353.5241175016715,
        "roll": 251.5409741314555,
        "yaw": 158.68092189221719
    }
}