{
    "time": "2023-05-19T17:10:03.052057+02:00",
    "accelleration": {
        "x": 0.11589999496936798,
        "y": -0.9437919855117798,
        "z": -0.31768798828125
    },
    "position": {
        "pitch": 353.371558823257,
        "roll": 251.4133247260571,
        "yaw": 105.48749059842793
    }
}