{
    "time": "2023-05-31T00:50:02.907424+02:00",
    "accelleration": {
        "x": 0.10955599695444107,
        "y": -0.9415959715843201,
        "z": -0.3096359968185425
    },
    "position": {
        "pitch": 353.68964414799905,
        "roll": 251.86886419275112,
        "yaw": 149.07274452259853
    }
}