{
    "time": "2023-06-09T10:00:02.750481+02:00",
    "accelleration": {
        "x": 0.11126399785280228,
        "y": -0.9398880004882812,
        "z": -0.3111000061035156
    },
    "position": {
        "pitch": 353.584362331472,
        "roll": 251.75782580741424,
        "yaw": 158.2125075189377
    }
}