{
    "time": "2023-05-26T17:00:03.448172+02:00",
    "accelleration": {
        "x": 0.10858000069856644,
        "y": -0.9401319622993469,
        "z": -0.3130519986152649
    },
    "position": {
        "pitch": 353.7415710880509,
        "roll": 251.58997390856115,
        "yaw": 190.48792804651666
    }
}