{
    "time": "2022-07-04T05:20:03.356022+02:00",
    "accelleration": {
        "x": 0.11225245893001556,
        "y": -0.9202768206596375,
        "z": -0.340091347694397
    },
    "position": {
        "pitch": 353.5472274467283,
        "roll": 249.69691867820043,
        "yaw": 152.31697509532785
    }
}