{
    "time": "2023-05-06T01:00:03.092297+02:00",
    "accelleration": {
        "x": 0.1117519959807396,
        "y": -0.9406200051307678,
        "z": -0.3106119930744171
    },
    "position": {
        "pitch": 353.56969023136116,
        "roll": 251.73887203246744,
        "yaw": 170.0276556131709
    }
}