{
    "time": "2023-05-12T04:50:02.463804+02:00",
    "accelleration": {
        "x": 0.11492399871349335,
        "y": -0.9408639669418335,
        "z": -0.3113439977169037
    },
    "position": {
        "pitch": 353.3968283887519,
        "roll": 251.70371021862022,
        "yaw": 188.22977188426208
    }
}