{
    "time": "2023-07-05T16:30:02.924434+02:00",
    "accelleration": {
        "x": 0.11004399508237839,
        "y": -0.9376919865608215,
        "z": -0.3042680025100708
    },
    "position": {
        "pitch": 353.62843498086517,
        "roll": 252.02415537372053,
        "yaw": 157.5941158518631
    }
}