{
    "time": "2023-05-15T09:30:03.276636+02:00",
    "accelleration": {
        "x": 0.11224000155925751,
        "y": -0.9420839548110962,
        "z": -0.3198840022087097
    },
    "position": {
        "pitch": 353.5730041537691,
        "roll": 251.2013907863008,
        "yaw": 166.48546486808894
    }
}