{
    "time": "2023-06-08T20:20:03.376361+02:00",
    "accelleration": {
        "x": 0.11126399785280228,
        "y": -0.9386679530143738,
        "z": -0.3096359968185425
    },
    "position": {
        "pitch": 353.5763274676871,
        "roll": 251.74704093871478,
        "yaw": 158.0936349066228
    }
}