{
    "time": "2023-05-11T11:10:02.952484+02:00",
    "accelleration": {
        "x": 0.10858000069856644,
        "y": -0.9403759837150574,
        "z": -0.31622397899627686
    },
    "position": {
        "pitch": 353.751157258551,
        "roll": 251.4315545009519,
        "yaw": 164.5374266149096
    }
}