{
    "time": "2023-05-06T08:00:02.700322+02:00",
    "accelleration": {
        "x": 0.10735999792814255,
        "y": -0.9408639669418335,
        "z": -0.31158798933029175
    },
    "position": {
        "pitch": 353.816488444849,
        "roll": 251.68855402885197,
        "yaw": 180.11032986689605
    }
}