{
    "time": "2023-05-12T01:30:03.116053+02:00",
    "accelleration": {
        "x": 0.10931199789047241,
        "y": -0.9406200051307678,
        "z": -0.3111000061035156
    },
    "position": {
        "pitch": 353.699278983597,
        "roll": 251.7050352753192,
        "yaw": 193.75178858292063
    }
}