{
    "time": "2023-04-29T07:10:02.527518+02:00",
    "accelleration": {
        "x": 0.1076039969921112,
        "y": -0.9420839548110962,
        "z": -0.3093920052051544
    },
    "position": {
        "pitch": 353.80458342512566,
        "roll": 251.8330671713111,
        "yaw": 144.062472917314
    }
}