{
    "time": "2023-06-07T04:40:02.761067+02:00",
    "accelleration": {
        "x": 0.11321599781513214,
        "y": -0.9423279762268066,
        "z": -0.31451600790023804
    },
    "position": {
        "pitch": 353.49821528990475,
        "roll": 251.54962798113388,
        "yaw": 158.84797465893737
    }
}