{
    "time": "2023-05-10T20:50:02.794226+02:00",
    "accelleration": {
        "x": 0.10906799882650375,
        "y": -0.9415959715843201,
        "z": -0.3172000050544739
    },
    "position": {
        "pitch": 353.7356928564964,
        "roll": 251.40326385740968,
        "yaw": 142.0730437177644
    }
}