{
    "time": "2023-05-03T01:00:03.269593+02:00",
    "accelleration": {
        "x": 0.11321599781513214,
        "y": -0.9408639669418335,
        "z": -0.2520520091056824
    },
    "position": {
        "pitch": 353.37926114220664,
        "roll": 254.94292743249878,
        "yaw": 195.42477511822355
    }
}