{
    "time": "2023-05-11T02:20:03.023339+02:00",
    "accelleration": {
        "x": 0.11565599590539932,
        "y": -0.9403759837150574,
        "z": -0.3152479827404022
    },
    "position": {
        "pitch": 353.3580145581328,
        "roll": 251.55614398160208,
        "yaw": 104.00142585014075
    }
}