{
    "time": "2023-06-17T20:30:02.740056+02:00",
    "accelleration": {
        "x": 0.11101999878883362,
        "y": -0.9398880004882812,
        "z": -0.30743998289108276
    },
    "position": {
        "pitch": 353.59281212924895,
        "roll": 251.88975091123302,
        "yaw": 158.06977022566278
    }
}