{
    "time": "2023-05-11T02:00:03.383406+02:00",
    "accelleration": {
        "x": 0.10784799605607986,
        "y": -0.9413520097732544,
        "z": -0.3713679909706116
    },
    "position": {
        "pitch": 353.91360519711014,
        "roll": 248.61523527972383,
        "yaw": 98.04489983724267
    }
}