{
    "time": "2023-05-31T08:40:03.442890+02:00",
    "accelleration": {
        "x": 0.11297199875116348,
        "y": -0.9408639669418335,
        "z": -0.31500399112701416
    },
    "position": {
        "pitch": 353.50735066791964,
        "roll": 251.4905468448133,
        "yaw": 195.39821934273053
    }
}