{
    "time": "2023-05-08T21:10:02.969872+02:00",
    "accelleration": {
        "x": 0.11126399785280228,
        "y": -0.9406200051307678,
        "z": -0.30524399876594543
    },
    "position": {
        "pitch": 353.5840933927734,
        "roll": 252.02184676978106,
        "yaw": 123.3898398847599
    }
}