{
    "time": "2023-07-02T14:40:02.853055+02:00",
    "accelleration": {
        "x": 0.10979999601840973,
        "y": -0.9376919865608215,
        "z": -0.3054879903793335
    },
    "position": {
        "pitch": 353.64591087363027,
        "roll": 251.95554612350776,
        "yaw": 158.13588645682853
    }
}