{
    "time": "2023-06-24T11:10:03.432344+02:00",
    "accelleration": {
        "x": 0.10906799882650375,
        "y": -0.9398880004882812,
        "z": -0.30280399322509766
    },
    "position": {
        "pitch": 353.63636867247294,
        "roll": 252.14612206172944,
        "yaw": 158.1256821542085
    }
}