{
    "time": "2023-05-07T14:10:02.470049+02:00",
    "accelleration": {
        "x": 0.1088239997625351,
        "y": -0.9386679530143738,
        "z": -0.31158798933029175
    },
    "position": {
        "pitch": 353.7200606879204,
        "roll": 251.6405309687976,
        "yaw": 121.64226768372043
    }
}