{
    "time": "2022-07-09T10:30:04.506945+02:00",
    "accelleration": {
        "x": 0.10958555340766907,
        "y": -0.9195531010627747,
        "z": -0.3362348675727844
    },
    "position": {
        "pitch": 353.6318671509231,
        "roll": 249.89674952274748,
        "yaw": 185.35292352660937
    }
}