{
    "time": "2023-05-15T08:30:02.606035+02:00",
    "accelleration": {
        "x": 0.10931199789047241,
        "y": -0.9437919855117798,
        "z": -0.31036800146102905
    },
    "position": {
        "pitch": 353.72314579899114,
        "roll": 251.7996948670264,
        "yaw": 157.26675854532274
    }
}