{
    "time": "2023-06-08T16:10:03.248194+02:00",
    "accelleration": {
        "x": 0.11126399785280228,
        "y": -0.9391559958457947,
        "z": -0.31036800146102905
    },
    "position": {
        "pitch": 353.58123239728485,
        "roll": 251.71180399278668,
        "yaw": 158.2051309146341
    }
}