{
    "time": "2022-07-09T20:40:02.450173+02:00",
    "accelleration": {
        "x": 0.11273735016584396,
        "y": -0.9236539602279663,
        "z": -0.3314143121242523
    },
    "position": {
        "pitch": 353.4688894458165,
        "roll": 250.24003483043234,
        "yaw": 166.5828223845183
    }
}