{
    "time": "2023-05-04T17:00:02.657887+02:00",
    "accelleration": {
        "x": 0.1105320006608963,
        "y": -0.9415959715843201,
        "z": -0.3140279948711395
    },
    "position": {
        "pitch": 353.64108150300024,
        "roll": 251.56762552959688,
        "yaw": 167.7036564273174
    }
}