{
    "time": "2023-06-22T18:50:02.625940+02:00",
    "accelleration": {
        "x": 0.10858000069856644,
        "y": -0.937936007976532,
        "z": -0.3037799894809723
    },
    "position": {
        "pitch": 353.7154127441902,
        "roll": 252.05776673462617,
        "yaw": 157.50795984567256
    }
}