{
    "time": "2023-04-28T07:50:03.360475+02:00",
    "accelleration": {
        "x": 0.10858000069856644,
        "y": -0.9437919855117798,
        "z": -0.30914798378944397
    },
    "position": {
        "pitch": 353.7632232146067,
        "roll": 251.88173226914745,
        "yaw": 148.82771831631348
    }
}