{
    "time": "2023-06-25T00:20:03.190538+02:00",
    "accelleration": {
        "x": 0.1105320006608963,
        "y": -0.9396439790725708,
        "z": -0.3020719885826111
    },
    "position": {
        "pitch": 353.6160151356331,
        "roll": 252.18596255515814,
        "yaw": 158.35402903854038
    }
}