{
    "time": "2022-07-03T11:30:03.187200+02:00",
    "accelleration": {
        "x": 0.11079778522253036,
        "y": -0.9207592606544495,
        "z": -0.347563236951828
    },
    "position": {
        "pitch": 353.5971117333315,
        "roll": 249.29856838542696,
        "yaw": 179.23718216169263
    }
}