{
    "time": "2023-05-15T02:10:03.409225+02:00",
    "accelleration": {
        "x": 0.11028799414634705,
        "y": -0.9403759837150574,
        "z": -0.31744399666786194
    },
    "position": {
        "pitch": 353.6569185772514,
        "roll": 251.43024310463124,
        "yaw": 177.34788353537542
    }
}