{
    "time": "2022-07-21T18:30:03.278368+02:00",
    "accelleration": {
        "x": 0.11152512580156326,
        "y": -0.9190706610679626,
        "z": -0.3304502069950104
    },
    "position": {
        "pitch": 353.498168759241,
        "roll": 250.21832165906085,
        "yaw": 191.81347651911938
    }
}