{
    "time": "2023-06-10T18:00:02.988094+02:00",
    "accelleration": {
        "x": 0.11028799414634705,
        "y": -0.9381799697875977,
        "z": -0.30914798378944397
    },
    "position": {
        "pitch": 353.62670310102374,
        "roll": 251.76379539274882,
        "yaw": 157.83280364259838
    }
}