{
    "time": "2023-06-09T19:30:03.180754+02:00",
    "accelleration": {
        "x": 0.11126399785280228,
        "y": -0.9406200051307678,
        "z": -0.30987998843193054
    },
    "position": {
        "pitch": 353.5895720582614,
        "roll": 251.77352841231607,
        "yaw": 158.31140865811952
    }
}