{
    "time": "2023-05-31T22:30:03.363907+02:00",
    "accelleration": {
        "x": 0.11077599972486496,
        "y": -0.9391559958457947,
        "z": -0.31036800146102905
    },
    "position": {
        "pitch": 353.6150623242439,
        "roll": 251.71231625697442,
        "yaw": 182.40050595597967
    }
}