{
    "time": "2023-04-30T03:30:03.005184+02:00",
    "accelleration": {
        "x": 0.11248400062322617,
        "y": -0.9413520097732544,
        "z": -0.30817198753356934
    },
    "position": {
        "pitch": 353.5240278554387,
        "roll": 251.88007253317912,
        "yaw": 163.89183713456
    }
}