{
    "time": "2023-06-09T03:20:02.991704+02:00",
    "accelleration": {
        "x": 0.11150799691677094,
        "y": -0.9413520097732544,
        "z": -0.31378400325775146
    },
    "position": {
        "pitch": 353.58912724219175,
        "roll": 251.57384783193078,
        "yaw": 158.46441855590612
    }
}