{
    "time": "2022-07-02T15:20:02.528098+02:00",
    "accelleration": {
        "x": 0.10619131475687027,
        "y": -0.9185882210731506,
        "z": -0.34515294432640076
    },
    "position": {
        "pitch": 353.82178739098447,
        "roll": 249.39263375067637,
        "yaw": 132.28625690134987
    }
}