{
    "time": "2023-06-20T17:10:02.856544+02:00",
    "accelleration": {
        "x": 0.1105320006608963,
        "y": -0.9403759837150574,
        "z": -0.30451199412345886
    },
    "position": {
        "pitch": 353.6156053242829,
        "roll": 252.05890737621758,
        "yaw": 157.89814123219872
    }
}