{
    "time": "2023-06-12T05:00:04.361222+02:00",
    "accelleration": {
        "x": 0.11370399594306946,
        "y": -0.9420839548110962,
        "z": -0.2500999867916107
    },
    "position": {
        "pitch": 353.34781068239965,
        "roll": 255.1383254842745,
        "yaw": 155.18356450884718
    }
}