{
    "time": "2023-06-23T05:40:02.922662+02:00",
    "accelleration": {
        "x": 0.1088239997625351,
        "y": -0.9391559958457947,
        "z": -0.30329200625419617
    },
    "position": {
        "pitch": 353.71156820146115,
        "roll": 252.10920488926553,
        "yaw": 158.5286769756176
    }
}