{
    "time": "2023-07-02T02:10:03.081802+02:00",
    "accelleration": {
        "x": 0.1105320006608963,
        "y": -0.9381799697875977,
        "z": -0.30743998289108276
    },
    "position": {
        "pitch": 353.6115195904988,
        "roll": 251.8643630980881,
        "yaw": 158.12314132383727
    }
}