{
    "time": "2023-06-03T13:10:02.812660+02:00",
    "accelleration": {
        "x": 0.11370399594306946,
        "y": -0.9391559958457947,
        "z": -0.3123199939727783
    },
    "position": {
        "pitch": 353.4471092532138,
        "roll": 251.6097609665867,
        "yaw": 159.59021131604266
    }
}