{
    "time": "2023-05-20T02:00:03.196996+02:00",
    "accelleration": {
        "x": 0.10955599695444107,
        "y": -0.9413520097732544,
        "z": -0.31768798828125
    },
    "position": {
        "pitch": 353.7103528546757,
        "roll": 251.36095083550146,
        "yaw": 115.43589335098328
    }
}