{
    "time": "2022-07-07T14:20:03.003661+02:00",
    "accelleration": {
        "x": 0.10885821282863617,
        "y": -0.9205180406570435,
        "z": -0.3369579613208771
    },
    "position": {
        "pitch": 353.67021439424445,
        "roll": 249.86805589804428,
        "yaw": 167.4758149769841
    }
}