{
    "time": "2022-07-17T12:20:02.536174+02:00",
    "accelleration": {
        "x": 0.11128267645835876,
        "y": -0.9212417006492615,
        "z": -0.3282809257507324
    },
    "position": {
        "pitch": 353.5256192895153,
        "roll": 250.37614001002316,
        "yaw": 191.1109369214702
    }
}