{
    "time": "2023-07-01T20:30:03.295659+02:00",
    "accelleration": {
        "x": 0.10979999601840973,
        "y": -0.9381799697875977,
        "z": -0.30646398663520813
    },
    "position": {
        "pitch": 353.6491744233931,
        "roll": 251.91737902642572,
        "yaw": 157.2685890360203
    }
}