{
    "time": "2022-07-18T21:50:02.876710+02:00",
    "accelleration": {
        "x": 0.10885821282863617,
        "y": -0.9190706610679626,
        "z": -0.3205680251121521
    },
    "position": {
        "pitch": 353.6340382973055,
        "roll": 250.7548261881762,
        "yaw": 179.28719280679547
    }
}