{
    "time": "2023-06-28T04:10:02.703720+02:00",
    "accelleration": {
        "x": 0.10858000069856644,
        "y": -0.9374479651451111,
        "z": -0.30353599786758423
    },
    "position": {
        "pitch": 353.7150528785983,
        "roll": 252.06534824460488,
        "yaw": 158.45671410252237
    }
}