{
    "time": "2023-05-18T06:30:03.642122+02:00",
    "accelleration": {
        "x": 0.11199599504470825,
        "y": -0.9430599808692932,
        "z": -0.31280800700187683
    },
    "position": {
        "pitch": 353.5725392740187,
        "roll": 251.66317987608537,
        "yaw": 172.82319739894376
    }
}