{
    "time": "2023-05-01T10:40:02.593217+02:00",
    "accelleration": {
        "x": 0.1134599968791008,
        "y": -0.9433040022850037,
        "z": -0.3181760013103485
    },
    "position": {
        "pitch": 353.50750093208137,
        "roll": 251.38202879928014,
        "yaw": 112.79126459492186
    }
}