{
    "time": "2023-05-11T20:30:03.305099+02:00",
    "accelleration": {
        "x": 0.11004399508237839,
        "y": -0.9423279762268066,
        "z": -0.31036800146102905
    },
    "position": {
        "pitch": 353.6697742739298,
        "roll": 251.71798531398554,
        "yaw": 176.54532264752058
    }
}