{
    "time": "2023-05-11T23:10:02.781677+02:00",
    "accelleration": {
        "x": 0.1105320006608963,
        "y": -0.9406200051307678,
        "z": -0.30914798378944397
    },
    "position": {
        "pitch": 353.6279180209224,
        "roll": 251.81213947169417,
        "yaw": 143.80763855938082
    }
}