{
    "time": "2023-05-10T22:10:03.136942+02:00",
    "accelleration": {
        "x": 0.11248400062322617,
        "y": -0.9430599808692932,
        "z": -0.3123199939727783
    },
    "position": {
        "pitch": 353.5446908852253,
        "roll": 251.68076078300896,
        "yaw": 197.2882829502348
    }
}