{
    "time": "2023-05-21T22:40:03.441617+02:00",
    "accelleration": {
        "x": 0.11541199684143066,
        "y": -0.9398880004882812,
        "z": -0.32256799936294556
    },
    "position": {
        "pitch": 353.3776688543564,
        "roll": 251.07039458820913,
        "yaw": 196.26169185760355
    }
}