{
    "time": "2023-05-13T21:20:02.716674+02:00",
    "accelleration": {
        "x": 0.10809199512004852,
        "y": -0.9440360069274902,
        "z": -0.3079279959201813
    },
    "position": {
        "pitch": 353.785793574719,
        "roll": 251.87698528767427,
        "yaw": 150.57090553590578
    }
}