{
    "time": "2023-05-03T08:30:02.645547+02:00",
    "accelleration": {
        "x": 0.11224000155925751,
        "y": -0.9423279762268066,
        "z": -0.3172000050544739
    },
    "position": {
        "pitch": 353.55705608894397,
        "roll": 251.4110092919285,
        "yaw": 142.26426169376808
    }
}