{
    "time": "2022-07-19T12:40:03.349697+02:00",
    "accelleration": {
        "x": 0.10594886541366577,
        "y": -0.9212417006492615,
        "z": -0.3297271132469177
    },
    "position": {
        "pitch": 353.82502490065104,
        "roll": 250.29283219271653,
        "yaw": 129.81204819526943
    }
}