{
    "time": "2022-07-19T01:30:03.031480+02:00",
    "accelleration": {
        "x": 0.10837332904338837,
        "y": -0.9219653606414795,
        "z": -0.3268347680568695
    },
    "position": {
        "pitch": 353.69164325899175,
        "roll": 250.46597065798719,
        "yaw": 111.52160073010819
    }
}