{
    "time": "2023-06-27T00:40:02.867703+02:00",
    "accelleration": {
        "x": 0.10979999601840973,
        "y": -0.9381799697875977,
        "z": -0.3020719885826111
    },
    "position": {
        "pitch": 353.7122665883038,
        "roll": 252.16261013838584,
        "yaw": 157.66685736652374
    }
}