{
    "time": "2023-06-20T10:00:03.191169+02:00",
    "accelleration": {
        "x": 0.11077599972486496,
        "y": -0.9398880004882812,
        "z": -0.30695199966430664
    },
    "position": {
        "pitch": 353.60733908783993,
        "roll": 251.91705117734557,
        "yaw": 158.19502223466247
    }
}