{
    "time": "2023-05-05T18:10:02.941082+02:00",
    "accelleration": {
        "x": 0.11126399785280228,
        "y": -0.9401319622993469,
        "z": -0.30402398109436035
    },
    "position": {
        "pitch": 353.57657378138407,
        "roll": 252.08291549115017,
        "yaw": 120.83692007868423
    }
}