{
    "time": "2023-07-04T05:30:02.535493+02:00",
    "accelleration": {
        "x": 0.11126399785280228,
        "y": -0.9391559958457947,
        "z": -0.3106119930744171
    },
    "position": {
        "pitch": 353.5836532724588,
        "roll": 251.70989837000826,
        "yaw": 158.0999050202809
    }
}