{
    "time": "2022-07-05T13:00:02.875467+02:00",
    "accelleration": {
        "x": 0.11322224140167236,
        "y": -0.9193118810653687,
        "z": -0.3432247042655945
    },
    "position": {
        "pitch": 353.4328939220037,
        "roll": 249.50186896607238,
        "yaw": 134.10652963591497
    }
}