{
    "time": "2022-07-12T21:30:03.411074+02:00",
    "accelleration": {
        "x": 0.10764598846435547,
        "y": -0.9197943806648254,
        "z": -0.266818642616272
    },
    "position": {
        "pitch": 353.60747313030237,
        "roll": 253.7274201376141,
        "yaw": 165.41039309272892
    }
}