{
    "time": "2023-05-14T13:50:03.200796+02:00",
    "accelleration": {
        "x": 0.10906799882650375,
        "y": -0.9420839548110962,
        "z": -0.3130519986152649
    },
    "position": {
        "pitch": 353.73032475469563,
        "roll": 251.63921957247697,
        "yaw": 126.30299752804036
    }
}