{
    "time": "2023-05-18T05:30:03.078350+02:00",
    "accelleration": {
        "x": 0.11126399785280228,
        "y": -0.9433040022850037,
        "z": -0.31500399112701416
    },
    "position": {
        "pitch": 353.6182712324933,
        "roll": 251.61758836337555,
        "yaw": 181.24489258992688
    }
}