{
    "time": "2023-05-09T19:50:03.057665+02:00",
    "accelleration": {
        "x": 0.11150799691677094,
        "y": -0.9401319622993469,
        "z": -0.3108559846878052
    },
    "position": {
        "pitch": 353.5764124181649,
        "roll": 251.7051991998593,
        "yaw": 175.23500549676697
    }
}