{
    "time": "2023-06-10T18:10:02.644833+02:00",
    "accelleration": {
        "x": 0.11126399785280228,
        "y": -0.937936007976532,
        "z": -0.3076840043067932
    },
    "position": {
        "pitch": 353.5681308137963,
        "roll": 251.83836056791785,
        "yaw": 158.4913021804793
    }
}