{
    "time": "2022-07-03T01:40:03.536662+02:00",
    "accelleration": {
        "x": 0.11201001703739166,
        "y": -0.9200355410575867,
        "z": -0.3427426517009735
    },
    "position": {
        "pitch": 353.50963280487605,
        "roll": 249.55315685655,
        "yaw": 173.30856430174322
    }
}