{
    "time": "2023-05-16T05:10:03.041117+02:00",
    "accelleration": {
        "x": 0.10833600163459778,
        "y": -0.9420839548110962,
        "z": -0.30987998843193054
    },
    "position": {
        "pitch": 353.766031703016,
        "roll": 251.80644309392636,
        "yaw": 97.48599911783886
    }
}