{
    "time": "2022-07-16T21:30:03.275783+02:00",
    "accelleration": {
        "x": 0.10619131475687027,
        "y": -0.9197943806648254,
        "z": -0.33237841725349426
    },
    "position": {
        "pitch": 353.81087232180397,
        "roll": 250.11162044384693,
        "yaw": 139.64303999599227
    }
}