{
    "time": "2023-06-02T01:30:02.496451+02:00",
    "accelleration": {
        "x": 0.11541199684143066,
        "y": -0.9415959715843201,
        "z": -0.31671199202537537
    },
    "position": {
        "pitch": 353.3751604673837,
        "roll": 251.41701302820894,
        "yaw": 157.56989600106624
    }
}