{
    "time": "2023-05-23T04:40:03.214868+02:00",
    "accelleration": {
        "x": 0.11443600058555603,
        "y": -0.9430599808692932,
        "z": -0.3140279948711395
    },
    "position": {
        "pitch": 353.4314698275617,
        "roll": 251.58985779534527,
        "yaw": 145.7503356046292
    }
}