{
    "time": "2023-05-31T12:00:02.546089+02:00",
    "accelleration": {
        "x": 0.11224000155925751,
        "y": -0.9398880004882812,
        "z": -0.31036800146102905
    },
    "position": {
        "pitch": 353.53529980200335,
        "roll": 251.72386610686092,
        "yaw": 116.43760889465736
    }
}