{
    "time": "2023-07-06T07:00:02.566005+02:00",
    "accelleration": {
        "x": 0.10955599695444107,
        "y": -0.9376919865608215,
        "z": -0.3067080080509186
    },
    "position": {
        "pitch": 353.66691327844126,
        "roll": 251.89142430757968,
        "yaw": 157.90583202520415
    }
}