{
    "time": "2022-07-15T10:00:02.769938+02:00",
    "accelleration": {
        "x": 0.10594886541366577,
        "y": -0.9212417006492615,
        "z": -0.3318963646888733
    },
    "position": {
        "pitch": 353.83625031655197,
        "roll": 250.17193101421813,
        "yaw": 183.23198586478034
    }
}