{
    "time": "2023-07-06T10:50:02.629083+02:00",
    "accelleration": {
        "x": 0.11028799414634705,
        "y": -0.9391559958457947,
        "z": -0.30573198199272156
    },
    "position": {
        "pitch": 353.62909750921466,
        "roll": 251.97010808681824,
        "yaw": 157.49177229733962
    }
}