{
    "time": "2023-05-16T02:50:02.726677+02:00",
    "accelleration": {
        "x": 0.11248400062322617,
        "y": -0.9428159594535828,
        "z": -0.31549200415611267
    },
    "position": {
        "pitch": 353.5551957161688,
        "roll": 251.52146711118593,
        "yaw": 136.3668168171906
    }
}