{
    "time": "2023-05-13T16:10:02.944357+02:00",
    "accelleration": {
        "x": 0.11297199875116348,
        "y": -0.9420839548110962,
        "z": -0.31207600235939026
    },
    "position": {
        "pitch": 353.5136173664831,
        "roll": 251.67097312192834,
        "yaw": 121.90736098578697
    }
}