{
    "time": "2023-05-16T10:50:03.138268+02:00",
    "accelleration": {
        "x": 0.11614400148391724,
        "y": -0.9418399930000305,
        "z": -0.30695199966430664
    },
    "position": {
        "pitch": 353.3199426568124,
        "roll": 251.95409129321456,
        "yaw": 199.5297188094012
    }
}