{
    "time": "2023-06-16T21:00:02.825733+02:00",
    "accelleration": {
        "x": 0.11248400062322617,
        "y": -0.9398880004882812,
        "z": -0.31036800146102905
    },
    "position": {
        "pitch": 353.51575521569333,
        "roll": 251.72957614500706,
        "yaw": 158.75534363341364
    }
}