{
    "time": "2023-05-23T05:50:02.739290+02:00",
    "accelleration": {
        "x": 0.11711999773979187,
        "y": -0.9437919855117798,
        "z": -0.3101239800453186
    },
    "position": {
        "pitch": 353.2826148192246,
        "roll": 251.8010813954279,
        "yaw": 100.22284225788464
    }
}