{
    "time": "2023-04-28T20:10:02.772249+02:00",
    "accelleration": {
        "x": 0.10931199789047241,
        "y": -0.9401319622993469,
        "z": -0.3093920052051544
    },
    "position": {
        "pitch": 353.6977268231081,
        "roll": 251.80311679180056,
        "yaw": 165.19520115273852
    }
}