{
    "time": "2023-05-06T17:20:02.563528+02:00",
    "accelleration": {
        "x": 0.1105320006608963,
        "y": -0.9389119744300842,
        "z": -0.3067080080509186
    },
    "position": {
        "pitch": 353.6195544542837,
        "roll": 251.91236566757493,
        "yaw": 100.81128354544875
    }
}