{
    "time": "2022-07-10T10:30:02.582123+02:00",
    "accelleration": {
        "x": 0.10740353912115097,
        "y": -0.9243776202201843,
        "z": -0.32177314162254333
    },
    "position": {
        "pitch": 353.74903306971913,
        "roll": 250.78403890725633,
        "yaw": 120.28193988786401
    }
}