{
    "time": "2022-07-01T15:10:02.626079+02:00",
    "accelleration": {
        "x": 0.11152512580156326,
        "y": -0.9195531010627747,
        "z": -0.33888617157936096
    },
    "position": {
        "pitch": 353.5182132300209,
        "roll": 249.75720875800414,
        "yaw": 156.92227112434398
    }
}