{
    "time": "2023-06-01T08:50:03.349017+02:00",
    "accelleration": {
        "x": 0.1134599968791008,
        "y": -0.9415959715843201,
        "z": -0.313539981842041
    },
    "position": {
        "pitch": 353.4826787439771,
        "roll": 251.5837720967948,
        "yaw": 131.7937729414353
    }
}