{
    "time": "2023-05-16T20:20:02.519223+02:00",
    "accelleration": {
        "x": 0.11101999878883362,
        "y": -0.9428159594535828,
        "z": -0.31207600235939026
    },
    "position": {
        "pitch": 353.62225451343994,
        "roll": 251.6958555010747,
        "yaw": 144.83152489710076
    }
}