{
    "time": "2023-06-01T22:00:02.488996+02:00",
    "accelleration": {
        "x": 0.11297199875116348,
        "y": -0.9406200051307678,
        "z": -0.3152479827404022
    },
    "position": {
        "pitch": 353.502414148697,
        "roll": 251.47914042889937,
        "yaw": 159.8217547289061
    }
}