{
    "time": "2023-05-06T16:00:03.088702+02:00",
    "accelleration": {
        "x": 0.10711599886417389,
        "y": -0.9413520097732544,
        "z": -0.30817198753356934
    },
    "position": {
        "pitch": 353.8241284383225,
        "roll": 251.87322185344158,
        "yaw": 136.94246516043927
    }
}