{
    "time": "2023-05-23T01:40:02.923587+02:00",
    "accelleration": {
        "x": 0.11272799968719482,
        "y": -0.9420839548110962,
        "z": -0.2610799968242645
    },
    "position": {
        "pitch": 353.4197462347382,
        "roll": 254.45496505781472,
        "yaw": 150.97529371590556
    }
}