{
    "time": "2023-06-27T03:40:03.475334+02:00",
    "accelleration": {
        "x": 0.10931199789047241,
        "y": -0.9389119744300842,
        "z": -0.30158400535583496
    },
    "position": {
        "pitch": 353.67926183357383,
        "roll": 252.19628297099402,
        "yaw": 158.38841221082222
    }
}