{
    "time": "2022-07-20T21:20:03.360089+02:00",
    "accelleration": {
        "x": 0.11201001703739166,
        "y": -0.9224478602409363,
        "z": -0.3333425521850586
    },
    "position": {
        "pitch": 353.49628704212466,
        "roll": 250.11658599137354,
        "yaw": 125.5086875087029
    }
}