{
    "time": "2022-07-14T19:40:03.280729+02:00",
    "accelleration": {
        "x": 0.10813087970018387,
        "y": -0.9195531010627747,
        "z": -0.3258706331253052
    },
    "position": {
        "pitch": 353.67976171804366,
        "roll": 250.4651237145301,
        "yaw": 114.19159680874704
    }
}