{
    "time": "2023-06-07T09:50:02.790192+02:00",
    "accelleration": {
        "x": 0.11467999964952469,
        "y": -0.9413520097732544,
        "z": -0.31963998079299927
    },
    "position": {
        "pitch": 353.42202068773184,
        "roll": 251.25508290336626,
        "yaw": 158.89026719027808
    }
}