{
    "time": "2023-06-13T18:00:03.021217+02:00",
    "accelleration": {
        "x": 0.11394799500703812,
        "y": -0.9415959715843201,
        "z": -0.3147599995136261
    },
    "position": {
        "pitch": 353.4540995249425,
        "roll": 251.51928145065153,
        "yaw": 159.02028667131844
    }
}