{
    "time": "2023-05-22T15:20:03.037116+02:00",
    "accelleration": {
        "x": 0.11297199875116348,
        "y": -0.9401319622993469,
        "z": -0.30817198753356934
    },
    "position": {
        "pitch": 353.48628465697203,
        "roll": 251.85321622936263,
        "yaw": 130.18596007119262
    }
}