{
    "time": "2023-05-17T23:10:03.112963+02:00",
    "accelleration": {
        "x": 0.11394799500703812,
        "y": -0.9437919855117798,
        "z": -0.3140279948711395
    },
    "position": {
        "pitch": 353.4725231064549,
        "roll": 251.60965851374914,
        "yaw": 149.5798587477153
    }
}