{
    "time": "2023-04-27T14:30:03.077898+02:00",
    "accelleration": {
        "x": 0.11224000155925751,
        "y": -0.9420839548110962,
        "z": -0.30646398663520813
    },
    "position": {
        "pitch": 353.5399362197893,
        "roll": 251.99232669218827,
        "yaw": 130.41422499325444
    }
}