{
    "time": "2022-06-29T16:40:02.448589+02:00",
    "accelleration": {
        "x": 0.10837332904338837,
        "y": -0.9185882210731506,
        "z": -0.3410554528236389
    },
    "position": {
        "pitch": 353.6927813392622,
        "roll": 249.60513459613378,
        "yaw": 156.61529510228692
    }
}