{
    "time": "2022-07-16T23:10:03.128193+02:00",
    "accelleration": {
        "x": 0.11128267645835876,
        "y": -0.9219653606414795,
        "z": -0.3258706331253052
    },
    "position": {
        "pitch": 353.52593219755664,
        "roll": 250.5160769257384,
        "yaw": 140.58118013887187
    }
}