{
    "time": "2023-05-26T08:50:03.347834+02:00",
    "accelleration": {
        "x": 0.11150799691677094,
        "y": -0.9381799697875977,
        "z": -0.31622397899627686
    },
    "position": {
        "pitch": 353.57663994884166,
        "roll": 251.451163974059,
        "yaw": 198.3543798570254
    }
}