{
    "time": "2022-07-01T06:00:02.459544+02:00",
    "accelleration": {
        "x": 0.11079778522253036,
        "y": -0.9200355410575867,
        "z": -0.34033235907554626
    },
    "position": {
        "pitch": 353.5221465652092,
        "roll": 249.68464482826192,
        "yaw": 180.29309206870727
    }
}