{
    "time": "2023-06-19T21:20:03.073449+02:00",
    "accelleration": {
        "x": 0.11004399508237839,
        "y": -0.9386679530143738,
        "z": -0.3079279959201813
    },
    "position": {
        "pitch": 353.6426827554738,
        "roll": 251.84114728509923,
        "yaw": 157.82197096257474
    }
}