{
    "time": "2023-06-13T14:50:03.524650+02:00",
    "accelleration": {
        "x": 0.11370399594306946,
        "y": -0.9398880004882812,
        "z": -0.31744399666786194
    },
    "position": {
        "pitch": 353.46317599257577,
        "roll": 251.34562389100395,
        "yaw": 157.63379925094088
    }
}