{
    "time": "2023-06-18T08:40:03.034072+02:00",
    "accelleration": {
        "x": 0.11248400062322617,
        "y": -0.9393999576568604,
        "z": -0.3106119930744171
    },
    "position": {
        "pitch": 353.5171152771118,
        "roll": 251.7115239550307,
        "yaw": 157.79473216816473
    }
}