{
    "time": "2022-07-06T02:40:02.596372+02:00",
    "accelleration": {
        "x": 0.11079778522253036,
        "y": -0.9202768206596375,
        "z": -0.34659910202026367
    },
    "position": {
        "pitch": 353.5862764919869,
        "roll": 249.34947378531103,
        "yaw": 175.1975760601153
    }
}