{
    "time": "2023-05-13T19:00:03.040486+02:00",
    "accelleration": {
        "x": 0.10809199512004852,
        "y": -0.9406200051307678,
        "z": -0.3096359968185425
    },
    "position": {
        "pitch": 353.7704341868229,
        "roll": 251.79358867790842,
        "yaw": 131.5123145061174
    }
}