{
    "time": "2023-05-23T16:10:03.338935+02:00",
    "accelleration": {
        "x": 0.115167997777462,
        "y": -0.9393999576568604,
        "z": -0.3159799873828888
    },
    "position": {
        "pitch": 353.36773562486906,
        "roll": 251.4856700897459,
        "yaw": 125.06666498637637
    }
}