{
    "time": "2023-06-16T15:30:03.026853+02:00",
    "accelleration": {
        "x": 0.11150799691677094,
        "y": -0.9389119744300842,
        "z": -0.3096359968185425
    },
    "position": {
        "pitch": 353.5609147189382,
        "roll": 251.7518835428363,
        "yaw": 157.8007973761477
    }
}