{
    "time": "2023-06-22T00:30:02.785934+02:00",
    "accelleration": {
        "x": 0.1105320006608963,
        "y": -0.9386679530143738,
        "z": -0.3047559857368469
    },
    "position": {
        "pitch": 353.6125099679285,
        "roll": 252.01736616568553,
        "yaw": 158.20443423533877
    }
}