{
    "time": "2022-07-05T10:40:02.847447+02:00",
    "accelleration": {
        "x": 0.10764598846435547,
        "y": -0.9210004806518555,
        "z": -0.35190173983573914
    },
    "position": {
        "pitch": 353.77596365184286,
        "roll": 249.07311750130316,
        "yaw": 139.43525198106215
    }
}