{
    "time": "2022-07-10T10:00:03.396462+02:00",
    "accelleration": {
        "x": 0.10643375664949417,
        "y": -0.9236539602279663,
        "z": -0.32129111886024475
    },
    "position": {
        "pitch": 353.84652932436603,
        "roll": 250.79879894605273,
        "yaw": 130.58036251462585
    }
}