{
    "time": "2022-07-01T13:50:02.629615+02:00",
    "accelleration": {
        "x": 0.11055533587932587,
        "y": -0.9210004806518555,
        "z": -0.340091347694397
    },
    "position": {
        "pitch": 353.593012339169,
        "roll": 249.70369422585708,
        "yaw": 161.53625515398434
    }
}