{
    "time": "2023-06-14T13:40:02.474545+02:00",
    "accelleration": {
        "x": 0.11321599781513214,
        "y": -0.9408639669418335,
        "z": -0.3184199929237366
    },
    "position": {
        "pitch": 353.4960163958788,
        "roll": 251.3106055111293,
        "yaw": 157.98313610623035
    }
}