{
    "time": "2023-06-02T10:40:02.715115+02:00",
    "accelleration": {
        "x": 0.11248400062322617,
        "y": -0.9408639669418335,
        "z": -0.3164680004119873
    },
    "position": {
        "pitch": 353.5346129411049,
        "roll": 251.41872057550142,
        "yaw": 157.5056922228681
    }
}