{
    "time": "2023-06-19T14:40:03.164120+02:00",
    "accelleration": {
        "x": 0.10906799882650375,
        "y": -0.9374479651451111,
        "z": -0.30621999502182007
    },
    "position": {
        "pitch": 353.6849325981322,
        "roll": 251.91427129035338,
        "yaw": 158.39286549416107
    }
}