{
    "time": "2023-05-03T13:10:03.230119+02:00",
    "accelleration": {
        "x": 0.11370399594306946,
        "y": -0.9408639669418335,
        "z": -0.30866000056266785
    },
    "position": {
        "pitch": 353.4578527138914,
        "roll": 251.8459762288424,
        "yaw": 188.68553674719868
    }
}