{
    "time": "2022-07-10T22:30:03.241205+02:00",
    "accelleration": {
        "x": 0.11346468329429626,
        "y": -0.9234127402305603,
        "z": -0.33093225955963135
    },
    "position": {
        "pitch": 353.4206298904621,
        "roll": 250.27549717260302,
        "yaw": 119.8836169158472
    }
}