{
    "time": "2023-06-29T01:40:02.469568+02:00",
    "accelleration": {
        "x": 0.10906799882650375,
        "y": -0.9372040033340454,
        "z": -0.30158400535583496
    },
    "position": {
        "pitch": 353.6803636284643,
        "roll": 252.16841579918037,
        "yaw": 158.297488732591
    }
}