{
    "time": "2023-05-28T21:40:02.681307+02:00",
    "accelleration": {
        "x": 0.11541199684143066,
        "y": -0.9425719976425171,
        "z": -0.31866398453712463
    },
    "position": {
        "pitch": 353.38687637624435,
        "roll": 251.3338623052532,
        "yaw": 176.75944907800047
    }
}