{
    "time": "2022-07-14T02:00:02.870716+02:00",
    "accelleration": {
        "x": 0.10788843780755997,
        "y": -0.9248600602149963,
        "z": -0.3285219669342041
    },
    "position": {
        "pitch": 353.74155913521986,
        "roll": 250.43231831594653,
        "yaw": 131.74750523999762
    }
}