{
    "time": "2023-06-23T02:00:03.444047+02:00",
    "accelleration": {
        "x": 0.10906799882650375,
        "y": -0.9389119744300842,
        "z": -0.3037799894809723
    },
    "position": {
        "pitch": 353.6957610092876,
        "roll": 252.0762082453852,
        "yaw": 157.71954544578122
    }
}