{
    "time": "2022-07-02T09:00:02.730191+02:00",
    "accelleration": {
        "x": 0.10788843780755997,
        "y": -0.9205180406570435,
        "z": -0.35141968727111816
    },
    "position": {
        "pitch": 353.76112250455003,
        "roll": 249.09040471009246,
        "yaw": 137.60890037813576
    }
}