{
    "time": "2022-07-19T12:00:03.264391+02:00",
    "accelleration": {
        "x": 0.10643375664949417,
        "y": -0.9197943806648254,
        "z": -0.337922066450119
    },
    "position": {
        "pitch": 353.81865105349493,
        "roll": 249.82411729111357,
        "yaw": 109.95100556065292
    }
}