{
    "time": "2023-07-06T08:00:03.346478+02:00",
    "accelleration": {
        "x": 0.1105320006608963,
        "y": -0.9386679530143738,
        "z": -0.30621999502182007
    },
    "position": {
        "pitch": 353.61497054357693,
        "roll": 251.93751442409894,
        "yaw": 157.95099323599626
    }
}