{
    "time": "2023-06-05T06:50:02.953897+02:00",
    "accelleration": {
        "x": 0.11321599781513214,
        "y": -0.941107988357544,
        "z": -0.31963998079299927
    },
    "position": {
        "pitch": 353.5037157266207,
        "roll": 251.24945482749018,
        "yaw": 159.20677815641648
    }
}