{
    "time": "2022-07-22T09:30:03.036081+02:00",
    "accelleration": {
        "x": 0.10885821282863617,
        "y": -0.9193118810653687,
        "z": -0.3208090364933014
    },
    "position": {
        "pitch": 353.6388821820875,
        "roll": 250.74104286643112,
        "yaw": 121.8864879276834
    }
}