{
    "time": "2023-05-08T15:00:02.785987+02:00",
    "accelleration": {
        "x": 0.1076039969921112,
        "y": -0.9408639669418335,
        "z": -0.3111000061035156
    },
    "position": {
        "pitch": 353.79821811570605,
        "roll": 251.71095021914044,
        "yaw": 142.69501440396408
    }
}