{
    "time": "2023-06-17T15:00:03.183818+02:00",
    "accelleration": {
        "x": 0.11101999878883362,
        "y": -0.9391559958457947,
        "z": -0.3079279959201813
    },
    "position": {
        "pitch": 353.5893133648466,
        "roll": 251.84898151207722,
        "yaw": 158.13312706040384
    }
}