{
    "time": "2023-05-03T10:40:03.193797+02:00",
    "accelleration": {
        "x": 0.11077599972486496,
        "y": -0.9391559958457947,
        "z": -0.31549200415611267
    },
    "position": {
        "pitch": 353.62179902519966,
        "roll": 251.44192272811196,
        "yaw": 174.3354012811846
    }
}