{
    "time": "2023-05-15T16:50:02.559453+02:00",
    "accelleration": {
        "x": 0.10931199789047241,
        "y": -0.9408639669418335,
        "z": -0.25058799982070923
    },
    "position": {
        "pitch": 353.5927946268892,
        "roll": 255.02684313664156,
        "yaw": 151.18682467450085
    }
}