{
    "time": "2023-05-21T21:10:03.309815+02:00",
    "accelleration": {
        "x": 0.1163880005478859,
        "y": -0.9425719976425171,
        "z": -0.31549200415611267
    },
    "position": {
        "pitch": 353.324970956702,
        "roll": 251.49994518511124,
        "yaw": 118.30719559502992
    }
}