{
    "time": "2023-06-12T11:40:02.922072+02:00",
    "accelleration": {
        "x": 0.11224000155925751,
        "y": -0.9389119744300842,
        "z": -0.3123199939727783
    },
    "position": {
        "pitch": 353.52889649965647,
        "roll": 251.6069127777028,
        "yaw": 158.1346570227779
    }
}