{
    "time": "2022-07-17T04:20:02.455553+02:00",
    "accelleration": {
        "x": 0.10813087970018387,
        "y": -0.9229303002357483,
        "z": -0.3331015110015869
    },
    "position": {
        "pitch": 353.7209588577963,
        "roll": 250.15074376741276,
        "yaw": 178.85097594526343
    }
}