{
    "time": "2023-06-03T15:40:02.900958+02:00",
    "accelleration": {
        "x": 0.11199599504470825,
        "y": -0.9398880004882812,
        "z": -0.31158798933029175
    },
    "position": {
        "pitch": 353.5462374961855,
        "roll": 251.66301595154528,
        "yaw": 159.27484782168483
    }
}