{
    "time": "2023-06-08T23:20:02.872908+02:00",
    "accelleration": {
        "x": 0.11126399785280228,
        "y": -0.9398880004882812,
        "z": -0.3111000061035156
    },
    "position": {
        "pitch": 353.5882965204339,
        "roll": 251.69371082167532,
        "yaw": 158.71881578173242
    }
}