{
    "time": "2023-05-19T08:40:03.035464+02:00",
    "accelleration": {
        "x": 0.1117519959807396,
        "y": -0.9413520097732544,
        "z": -0.31573599576950073
    },
    "position": {
        "pitch": 353.581567503441,
        "roll": 251.47498084369482,
        "yaw": 185.5541545599363
    }
}