{
    "time": "2022-07-14T01:30:03.380110+02:00",
    "accelleration": {
        "x": 0.10958555340766907,
        "y": -0.9234127402305603,
        "z": -0.32803991436958313
    },
    "position": {
        "pitch": 353.63323959205945,
        "roll": 250.42650582496285,
        "yaw": 182.71142982737697
    }
}