{
    "time": "2023-05-07T04:20:02.781304+02:00",
    "accelleration": {
        "x": 0.11272799968719482,
        "y": -0.9398880004882812,
        "z": -0.30817198753356934
    },
    "position": {
        "pitch": 353.505385280986,
        "roll": 251.85517649365443,
        "yaw": 129.01369470394334
    }
}