{
    "time": "2023-05-01T09:10:02.713478+02:00",
    "accelleration": {
        "x": 0.11467999964952469,
        "y": -0.9408639669418335,
        "z": -0.3169559836387634
    },
    "position": {
        "pitch": 353.418120222829,
        "roll": 251.3975606494527,
        "yaw": 97.03647704780364
    }
}