{
    "time": "2023-05-23T11:00:02.631244+02:00",
    "accelleration": {
        "x": 0.11004399508237839,
        "y": -0.9425719976425171,
        "z": -0.31158798933029175
    },
    "position": {
        "pitch": 353.6725520264879,
        "roll": 251.7065174263691,
        "yaw": 146.28907360560314
    }
}