{
    "time": "2022-07-10T06:00:02.583310+02:00",
    "accelleration": {
        "x": 0.11079778522253036,
        "y": -0.9217241406440735,
        "z": -0.3287630081176758
    },
    "position": {
        "pitch": 353.5594744027969,
        "roll": 250.35883231066637,
        "yaw": 183.23358412904614
    }
}