{
    "time": "2023-07-02T23:20:02.587284+02:00",
    "accelleration": {
        "x": 0.11101999878883362,
        "y": -0.9396439790725708,
        "z": -0.30621999502182007
    },
    "position": {
        "pitch": 353.5903993649246,
        "roll": 251.95530023669764,
        "yaw": 157.88487700483054
    }
}