{
    "time": "2023-05-17T12:10:02.986198+02:00",
    "accelleration": {
        "x": 0.10906799882650375,
        "y": -0.9398880004882812,
        "z": -0.3123199939727783
    },
    "position": {
        "pitch": 353.7178306311564,
        "roll": 251.62910406231617,
        "yaw": 118.26640570530661
    }
}