{
    "time": "2023-07-03T06:20:02.765556+02:00",
    "accelleration": {
        "x": 0.11126399785280228,
        "y": -0.9384239912033081,
        "z": -0.30914798378944397
    },
    "position": {
        "pitch": 353.57541905252754,
        "roll": 251.7721145631579,
        "yaw": 158.0900832082544
    }
}