{
    "time": "2023-06-09T10:30:02.888823+02:00",
    "accelleration": {
        "x": 0.1105320006608963,
        "y": -0.9396439790725708,
        "z": -0.3118319809436798
    },
    "position": {
        "pitch": 353.56627513677614,
        "roll": 251.5783011152696,
        "yaw": 157.55948679277114
    }
}