{
    "time": "2022-07-06T20:10:02.788453+02:00",
    "accelleration": {
        "x": 0.10837332904338837,
        "y": -0.9164171814918518,
        "z": -0.33912724256515503
    },
    "position": {
        "pitch": 353.6754322318835,
        "roll": 249.6755879974225,
        "yaw": 118.16072901846817
    }
}