{
    "time": "2023-07-02T03:40:02.700926+02:00",
    "accelleration": {
        "x": 0.11077599972486496,
        "y": -0.9401319622993469,
        "z": -0.30866000056266785
    },
    "position": {
        "pitch": 353.61336288780103,
        "roll": 251.83452883179348,
        "yaw": 157.949053462272
    }
}