{
    "time": "2022-07-08T20:00:03.410896+02:00",
    "accelleration": {
        "x": 0.11419202387332916,
        "y": -0.9195531010627747,
        "z": -0.3304502069950104
    },
    "position": {
        "pitch": 353.35244795395926,
        "roll": 250.2085818093044,
        "yaw": 129.42556877127345
    }
}