{
    "time": "2023-05-01T08:00:03.253010+02:00",
    "accelleration": {
        "x": 0.11077599972486496,
        "y": -0.9415959715843201,
        "z": -0.31207600235939026
    },
    "position": {
        "pitch": 353.62661985809325,
        "roll": 251.66953195201347,
        "yaw": 203.76338424567692
    }
}