{
    "time": "2023-06-18T23:30:03.375746+02:00",
    "accelleration": {
        "x": 0.11004399508237839,
        "y": -0.9396439790725708,
        "z": -0.3093920052051544
    },
    "position": {
        "pitch": 353.65323326330736,
        "roll": 251.78464796028487,
        "yaw": 157.20355197474345
    }
}