{
    "time": "2022-07-04T20:30:03.156310+02:00",
    "accelleration": {
        "x": 0.10740353912115097,
        "y": -0.9195531010627747,
        "z": -0.347563236951828
    },
    "position": {
        "pitch": 353.7765036636741,
        "roll": 249.2856456675173,
        "yaw": 149.90703846933724
    }
}