{
    "time": "2023-06-04T07:20:02.548319+02:00",
    "accelleration": {
        "x": 0.11492399871349335,
        "y": -0.941107988357544,
        "z": -0.31768798828125
    },
    "position": {
        "pitch": 353.40035191259,
        "roll": 251.35414796708812,
        "yaw": 159.93098311411293
    }
}