{
    "time": "2023-05-26T05:10:02.980992+02:00",
    "accelleration": {
        "x": 0.115167997777462,
        "y": -0.9452559947967529,
        "z": -0.31744399666786194
    },
    "position": {
        "pitch": 353.4218401146057,
        "roll": 251.4465194454234,
        "yaw": 193.19866620355464
    }
}