{
    "time": "2023-06-22T10:30:02.662666+02:00",
    "accelleration": {
        "x": 0.1088239997625351,
        "y": -0.9389119744300842,
        "z": -0.3030479848384857
    },
    "position": {
        "pitch": 353.70660863035005,
        "roll": 252.11686153132513,
        "yaw": 158.08153181141356
    }
}