{
    "time": "2023-05-31T06:30:02.822283+02:00",
    "accelleration": {
        "x": 0.11321599781513214,
        "y": -0.9393999576568604,
        "z": -0.3113439977169037
    },
    "position": {
        "pitch": 353.4771240926346,
        "roll": 251.7427310893485,
        "yaw": 112.38370037695802
    }
}