{
    "time": "2023-05-22T20:40:02.933823+02:00",
    "accelleration": {
        "x": 0.11224000155925751,
        "y": -0.941107988357544,
        "z": -0.3152479827404022
    },
    "position": {
        "pitch": 353.54676854339345,
        "roll": 251.4808616365702,
        "yaw": 138.39702224608519
    }
}