{
    "time": "2023-05-25T06:40:03.318689+02:00",
    "accelleration": {
        "x": 0.11614400148391724,
        "y": -0.9413520097732544,
        "z": -0.31280800700187683
    },
    "position": {
        "pitch": 353.3303198485957,
        "roll": 251.62728040180778,
        "yaw": 177.39397365189464
    }
}