{
    "time": "2023-06-27T13:40:03.118644+02:00",
    "accelleration": {
        "x": 0.10711599886417389,
        "y": -0.9386679530143738,
        "z": -0.30060797929763794
    },
    "position": {
        "pitch": 353.79587536082073,
        "roll": 252.24429237067005,
        "yaw": 158.03012780772005
    }
}