{
    "time": "2023-04-28T23:20:02.690796+02:00",
    "accelleration": {
        "x": 0.1105320006608963,
        "y": -0.9420839548110962,
        "z": -0.3079279959201813
    },
    "position": {
        "pitch": 353.64234167290215,
        "roll": 251.91490649794616,
        "yaw": 190.4215249474058
    }
}