{
    "time": "2022-07-05T23:20:03.264422+02:00",
    "accelleration": {
        "x": 0.11128267645835876,
        "y": -0.9166584014892578,
        "z": -0.3444298505783081
    },
    "position": {
        "pitch": 353.52758168824124,
        "roll": 249.3868417502602,
        "yaw": 133.48455894971525
    }
}