{
    "time": "2022-07-03T11:20:03.149523+02:00",
    "accelleration": {
        "x": 0.10764598846435547,
        "y": -0.9181057810783386,
        "z": -0.3478042483329773
    },
    "position": {
        "pitch": 353.7492033975616,
        "roll": 249.24449377776796,
        "yaw": 133.60963337379653
    }
}