{
    "time": "2023-04-27T17:30:02.790967+02:00",
    "accelleration": {
        "x": 0.11004399508237839,
        "y": -0.9437919855117798,
        "z": -0.3067080080509186
    },
    "position": {
        "pitch": 353.67076593201995,
        "roll": 252.00483959874774,
        "yaw": 147.94785334743244
    }
}