{
    "time": "2022-07-13T03:10:03.199307+02:00",
    "accelleration": {
        "x": 0.10982800275087357,
        "y": -0.9248600602149963,
        "z": -0.3265937268733978
    },
    "position": {
        "pitch": 353.63054081356364,
        "roll": 250.53919028588973,
        "yaw": 169.79743725700646
    }
}