{
    "time": "2022-06-29T20:20:02.887224+02:00",
    "accelleration": {
        "x": 0.11419202387332916,
        "y": -0.9193118810653687,
        "z": -0.3408144414424896
    },
    "position": {
        "pitch": 353.3760795547139,
        "roll": 249.6367515418018,
        "yaw": 186.4471881335371
    }
}