{
    "time": "2023-05-27T06:40:02.531352+02:00",
    "accelleration": {
        "x": 0.10540799796581268,
        "y": -0.9420839548110962,
        "z": -0.3147599995136261
    },
    "position": {
        "pitch": 353.9356462175617,
        "roll": 251.53586514995632,
        "yaw": 146.2133268077077
    }
}