{
    "time": "2023-07-02T06:40:04.373928+02:00",
    "accelleration": {
        "x": 0.11126399785280228,
        "y": -0.9393999576568604,
        "z": -0.31158798933029175
    },
    "position": {
        "pitch": 353.58512005558305,
        "roll": 251.65938229090682,
        "yaw": 158.45002051713575
    }
}