{
    "time": "2023-06-01T11:30:03.263113+02:00",
    "accelleration": {
        "x": 0.11467999964952469,
        "y": -0.9391559958457947,
        "z": -0.313539981842041
    },
    "position": {
        "pitch": 353.39291597101794,
        "roll": 251.54440288641882,
        "yaw": 120.28964434124778
    }
}