{
    "time": "2023-05-11T12:50:03.083867+02:00",
    "accelleration": {
        "x": 0.11224000155925751,
        "y": -0.9418399930000305,
        "z": -0.3152479827404022
    },
    "position": {
        "pitch": 353.5511040059691,
        "roll": 251.50898152538315,
        "yaw": 141.73068731580668
    }
}