{
    "time": "2023-06-19T00:40:02.874660+02:00",
    "accelleration": {
        "x": 0.11150799691677094,
        "y": -0.941107988357544,
        "z": -0.3084160089492798
    },
    "position": {
        "pitch": 353.578960932499,
        "roll": 251.85886479580623,
        "yaw": 157.86019270117012
    }
}