{
    "time": "2022-07-22T08:40:03.199979+02:00",
    "accelleration": {
        "x": 0.10813087970018387,
        "y": -0.9217241406440735,
        "z": -0.32466551661491394
    },
    "position": {
        "pitch": 353.69900791046433,
        "roll": 250.5884359498055,
        "yaw": 140.72215524334092
    }
}