{
    "time": "2023-06-16T06:40:02.735548+02:00",
    "accelleration": {
        "x": 0.11077599972486496,
        "y": -0.9401319622993469,
        "z": -0.313539981842041
    },
    "position": {
        "pitch": 353.6201311783817,
        "roll": 251.5609456045886,
        "yaw": 157.96006372721405
    }
}