{
    "time": "2023-05-12T04:40:03.244887+02:00",
    "accelleration": {
        "x": 0.11492399871349335,
        "y": -0.9398880004882812,
        "z": -0.31549200415611267
    },
    "position": {
        "pitch": 353.3913586878872,
        "roll": 251.45864303120015,
        "yaw": 166.7741496435487
    }
}