{
    "time": "2023-05-11T13:50:02.706029+02:00",
    "accelleration": {
        "x": 0.11150799691677094,
        "y": -0.9408639669418335,
        "z": -0.30402398109436035
    },
    "position": {
        "pitch": 353.56922620538444,
        "roll": 252.09790775637833,
        "yaw": 126.0995944945574
    }
}