{
    "time": "2022-07-15T13:10:03.214648+02:00",
    "accelleration": {
        "x": 0.10594886541366577,
        "y": -0.9205180406570435,
        "z": -0.33093225955963135
    },
    "position": {
        "pitch": 353.82525328510144,
        "roll": 250.21787086657565,
        "yaw": 130.33637449709465
    }
}