{
    "time": "2023-05-11T14:00:02.949406+02:00",
    "accelleration": {
        "x": 0.11297199875116348,
        "y": -0.9415959715843201,
        "z": -0.30524399876594543
    },
    "position": {
        "pitch": 353.4948603863618,
        "roll": 252.03685952557674,
        "yaw": 126.50579950487639
    }
}