{
    "time": "2023-06-03T05:50:03.344585+02:00",
    "accelleration": {
        "x": 0.11492399871349335,
        "y": -0.9425719976425171,
        "z": -0.3181760013103485
    },
    "position": {
        "pitch": 353.41212459739813,
        "roll": 251.35630630686586,
        "yaw": 159.64654671631692
    }
}