{
    "time": "2023-05-06T05:40:02.435797+02:00",
    "accelleration": {
        "x": 0.10784799605607986,
        "y": -0.9393999576568604,
        "z": -0.31500399112701416
    },
    "position": {
        "pitch": 353.78939479195884,
        "roll": 251.4864009199871,
        "yaw": 175.56841435091198
    }
}