{
    "time": "2023-06-07T14:20:03.172044+02:00",
    "accelleration": {
        "x": 0.11101999878883362,
        "y": -0.9398880004882812,
        "z": -0.3123199939727783
    },
    "position": {
        "pitch": 353.59906217922634,
        "roll": 251.69393621791792,
        "yaw": 157.67600982001156
    }
}