{
    "time": "2023-05-18T09:20:02.634622+02:00",
    "accelleration": {
        "x": 0.10979999601840973,
        "y": -0.9406200051307678,
        "z": -0.3113439977169037
    },
    "position": {
        "pitch": 353.67515560922214,
        "roll": 251.6942913877548,
        "yaw": 185.95351572070695
    }
}