{
    "time": "2023-05-18T16:40:02.928394+02:00",
    "accelleration": {
        "x": 0.10931199789047241,
        "y": -0.9396439790725708,
        "z": -0.3106119930744171
    },
    "position": {
        "pitch": 353.70325372680713,
        "roll": 251.65459432829866,
        "yaw": 184.49073508730032
    }
}