{
    "time": "2023-05-12T08:40:02.973964+02:00",
    "accelleration": {
        "x": 0.1134599968791008,
        "y": -0.945743978023529,
        "z": -0.31500399112701416
    },
    "position": {
        "pitch": 353.51064153843913,
        "roll": 251.59096428599082,
        "yaw": 144.14932560279988
    }
}