{
    "time": "2022-07-20T03:30:03.100336+02:00",
    "accelleration": {
        "x": 0.10764598846435547,
        "y": -0.9197943806648254,
        "z": -0.33069121837615967
    },
    "position": {
        "pitch": 353.73443524791554,
        "roll": 250.2129804511299,
        "yaw": 122.62948956597573
    }
}