{
    "time": "2023-06-02T14:30:03.403979+02:00",
    "accelleration": {
        "x": 0.11150799691677094,
        "y": -0.9384239912033081,
        "z": -0.3101239800453186
    },
    "position": {
        "pitch": 353.5578155206023,
        "roll": 251.7171725214743,
        "yaw": 157.2600922806928
    }
}