{
    "time": "2023-05-15T22:50:03.077864+02:00",
    "accelleration": {
        "x": 0.10979999601840973,
        "y": -0.9406200051307678,
        "z": -0.31549200415611267
    },
    "position": {
        "pitch": 353.6911122117838,
        "roll": 251.4725014850261,
        "yaw": 160.72391343523805
    }
}