{
    "time": "2022-06-29T15:50:02.884451+02:00",
    "accelleration": {
        "x": 0.10764598846435547,
        "y": -0.9200355410575867,
        "z": -0.3473221957683563
    },
    "position": {
        "pitch": 353.7529958600982,
        "roll": 249.3113135184182,
        "yaw": 141.6367039128273
    }
}