{
    "time": "2023-05-04T20:50:03.103828+02:00",
    "accelleration": {
        "x": 0.11492399871349335,
        "y": -0.941107988357544,
        "z": -0.3076840043067932
    },
    "position": {
        "pitch": 353.3381741392544,
        "roll": 251.89835011939806,
        "yaw": 114.5152863037031
    }
}