{
    "time": "2023-04-29T07:20:02.797402+02:00",
    "accelleration": {
        "x": 0.1105320006608963,
        "y": -0.9418399930000305,
        "z": -0.30866000056266785
    },
    "position": {
        "pitch": 353.62864543606895,
        "roll": 251.87252517414623,
        "yaw": 122.1492453050538
    }
}