{
    "time": "2023-06-04T16:10:02.602712+02:00",
    "accelleration": {
        "x": 0.115167997777462,
        "y": -0.941107988357544,
        "z": -0.3172000050544739
    },
    "position": {
        "pitch": 353.38398165669673,
        "roll": 251.37694030834848,
        "yaw": 158.65565019228814
    }
}