{
    "time": "2023-06-09T15:50:02.984483+02:00",
    "accelleration": {
        "x": 0.1105320006608963,
        "y": -0.9401319622993469,
        "z": -0.3106119930744171
    },
    "position": {
        "pitch": 353.62936175215816,
        "roll": 251.7192967103062,
        "yaw": 157.67769004654738
    }
}