{
    "time": "2023-05-01T18:30:03.318256+02:00",
    "accelleration": {
        "x": 0.10955599695444107,
        "y": -0.9398880004882812,
        "z": -0.31329599022865295
    },
    "position": {
        "pitch": 353.69238732272447,
        "roll": 251.5808351154517,
        "yaw": 171.78563702250548
    }
}