{
    "time": "2022-07-01T18:30:02.677158+02:00",
    "accelleration": {
        "x": 0.11273735016584396,
        "y": -0.9210004806518555,
        "z": -0.3376810550689697
    },
    "position": {
        "pitch": 353.46070431786984,
        "roll": 249.8377161977511,
        "yaw": 174.26611584224398
    }
}