{
    "time": "2022-07-11T05:50:02.515410+02:00",
    "accelleration": {
        "x": 0.10764598846435547,
        "y": -0.9248600602149963,
        "z": -0.3290040194988251
    },
    "position": {
        "pitch": 353.7564036976072,
        "roll": 250.40374763464837,
        "yaw": 175.50229811974626
    }
}