{
    "time": "2023-05-10T20:10:02.978493+02:00",
    "accelleration": {
        "x": 0.1105320006608963,
        "y": -0.9401319622993469,
        "z": -0.31451600790023804
    },
    "position": {
        "pitch": 353.6379110145649,
        "roll": 251.52294243204665,
        "yaw": 192.94497931740204
    }
}