{
    "time": "2023-07-02T10:20:02.703868+02:00",
    "accelleration": {
        "x": 0.11101999878883362,
        "y": -0.9386679530143738,
        "z": -0.3101239800453186
    },
    "position": {
        "pitch": 353.59443131096907,
        "roll": 251.7259015032336,
        "yaw": 158.19238578164286
    }
}