{
    "time": "2022-07-15T03:50:02.818392+02:00",
    "accelleration": {
        "x": 0.10813087970018387,
        "y": -0.9241364002227783,
        "z": -0.33261945843696594
    },
    "position": {
        "pitch": 353.73283869119706,
        "roll": 250.1917522231895,
        "yaw": 188.7257529010317
    }
}