{
    "time": "2023-06-21T19:30:03.400251+02:00",
    "accelleration": {
        "x": 0.10955599695444107,
        "y": -0.9398880004882812,
        "z": -0.30573198199272156
    },
    "position": {
        "pitch": 353.6720589722072,
        "roll": 251.9855989558558,
        "yaw": 158.15766109990253
    }
}