{
    "time": "2022-07-15T19:20:02.843567+02:00",
    "accelleration": {
        "x": 0.11201001703739166,
        "y": -0.9185882210731506,
        "z": -0.3302091658115387
    },
    "position": {
        "pitch": 353.4681069622697,
        "roll": 250.20711331863288,
        "yaw": 183.88898176104388
    }
}