{
    "time": "2023-06-12T16:50:03.002026+02:00",
    "accelleration": {
        "x": 0.11077599972486496,
        "y": -0.9389119744300842,
        "z": -0.3076840043067932
    },
    "position": {
        "pitch": 353.6023509153117,
        "roll": 251.8593429090481,
        "yaw": 157.8985783643056
    }
}