{
    "time": "2023-06-11T22:20:02.582079+02:00",
    "accelleration": {
        "x": 0.11101999878883362,
        "y": -0.9401319622993469,
        "z": -0.3093920052051544
    },
    "position": {
        "pitch": 353.60019983261,
        "roll": 251.7907268286462,
        "yaw": 158.16068004351567
    }
}