{
    "time": "2023-06-17T20:00:02.513112+02:00",
    "accelleration": {
        "x": 0.1117519959807396,
        "y": -0.9389119744300842,
        "z": -0.3054879903793335
    },
    "position": {
        "pitch": 353.54274043933043,
        "roll": 251.97672654012396,
        "yaw": 157.81198522600818
    }
}