{
    "time": "2023-05-27T14:20:02.870734+02:00",
    "accelleration": {
        "x": 0.11126399785280228,
        "y": -0.9403759837150574,
        "z": -0.3113439977169037
    },
    "position": {
        "pitch": 353.5950268180873,
        "roll": 251.68994738744266,
        "yaw": 98.41459065625878
    }
}