{
    "time": "2023-06-24T11:20:03.215139+02:00",
    "accelleration": {
        "x": 0.10858000069856644,
        "y": -0.9393999576568604,
        "z": -0.30402398109436035
    },
    "position": {
        "pitch": 353.7247312566522,
        "roll": 252.07103779218352,
        "yaw": 157.82575488737493
    }
}