{
    "time": "2023-06-26T21:10:03.636221+02:00",
    "accelleration": {
        "x": 0.10809199512004852,
        "y": -0.937936007976532,
        "z": -0.30060797929763794
    },
    "position": {
        "pitch": 353.74212518714734,
        "roll": 252.25360874869796,
        "yaw": 157.6363674020688
    }
}