{
    "time": "2022-07-15T05:10:02.633058+02:00",
    "accelleration": {
        "x": 0.10958555340766907,
        "y": -0.9224478602409363,
        "z": -0.3282809257507324
    },
    "position": {
        "pitch": 353.6302095493889,
        "roll": 250.39992272871316,
        "yaw": 184.20720027447476
    }
}