{
    "time": "2022-07-14T18:00:03.445046+02:00",
    "accelleration": {
        "x": 0.10982800275087357,
        "y": -0.9234127402305603,
        "z": -0.32129111886024475
    },
    "position": {
        "pitch": 353.60133449778584,
        "roll": 250.7858284168189,
        "yaw": 167.24761835681397
    }
}