{
    "time": "2023-06-23T04:50:02.736040+02:00",
    "accelleration": {
        "x": 0.10931199789047241,
        "y": -0.9381799697875977,
        "z": -0.30402398109436035
    },
    "position": {
        "pitch": 353.6807106874515,
        "roll": 252.0511346209421,
        "yaw": 158.2657010321938
    }
}