{
    "time": "2022-07-10T17:40:03.270431+02:00",
    "accelleration": {
        "x": 0.11201001703739166,
        "y": -0.9207592606544495,
        "z": -0.31622952222824097
    },
    "position": {
        "pitch": 353.45286112626854,
        "roll": 251.01937307510912,
        "yaw": 128.75588238353203
    }
}