{
    "time": "2023-06-27T12:00:02.457013+02:00",
    "accelleration": {
        "x": 0.10711599886417389,
        "y": -0.9374479651451111,
        "z": -0.3003639876842499
    },
    "position": {
        "pitch": 353.7897760018919,
        "roll": 252.2362190870711,
        "yaw": 157.70815269024564
    }
}