{
    "time": "2023-05-27T12:30:02.536234+02:00",
    "accelleration": {
        "x": 0.11297199875116348,
        "y": -0.9393999576568604,
        "z": -0.30987998843193054
    },
    "position": {
        "pitch": 353.48726905798617,
        "roll": 251.75289441083348,
        "yaw": 185.1853243447556
    }
}