{
    "time": "2023-05-08T01:50:02.690104+02:00",
    "accelleration": {
        "x": 0.11272799968719482,
        "y": -0.9425719976425171,
        "z": -0.3140279948711395
    },
    "position": {
        "pitch": 353.53546756852484,
        "roll": 251.586954964948,
        "yaw": 167.7931455658229
    }
}