{
    "time": "2023-06-21T00:10:05.038015+02:00",
    "accelleration": {
        "x": 0.1105320006608963,
        "y": -0.9393999576568604,
        "z": -0.3050000071525574
    },
    "position": {
        "pitch": 353.61441132183865,
        "roll": 252.01480484474678,
        "yaw": 158.6373043041775
    }
}