{
    "time": "2023-06-13T01:40:02.665951+02:00",
    "accelleration": {
        "x": 0.1088239997625351,
        "y": -0.9396439790725708,
        "z": -0.3118319809436798
    },
    "position": {
        "pitch": 353.727618292237,
        "roll": 251.64525062951407,
        "yaw": 157.400029196408
    }
}