{
    "time": "2022-07-02T20:30:02.537995+02:00",
    "accelleration": {
        "x": 0.11031289398670197,
        "y": -0.9161759614944458,
        "z": -0.33575281500816345
    },
    "position": {
        "pitch": 353.56002423302516,
        "roll": 249.8548394820003,
        "yaw": 110.73777505114668
    }
}