{
    "time": "2023-05-16T06:10:03.100996+02:00",
    "accelleration": {
        "x": 0.10906799882650375,
        "y": -0.9420839548110962,
        "z": -0.3084160089492798
    },
    "position": {
        "pitch": 353.7214796597205,
        "roll": 251.8782352122924,
        "yaw": 136.1288666868857
    }
}