{
    "time": "2023-04-28T08:10:02.614532+02:00",
    "accelleration": {
        "x": 0.10931199789047241,
        "y": -0.9433040022850037,
        "z": -0.3096359968185425
    },
    "position": {
        "pitch": 353.7050154887262,
        "roll": 251.85188434247448,
        "yaw": 138.60261094010258
    }
}