{
    "time": "2023-05-16T22:50:02.985659+02:00",
    "accelleration": {
        "x": 0.11272799968719482,
        "y": -0.941107988357544,
        "z": -0.31329599022865295
    },
    "position": {
        "pitch": 353.52380288608293,
        "roll": 251.60635953238003,
        "yaw": 123.91278648837275
    }
}