{
    "time": "2023-06-14T08:30:02.873040+02:00",
    "accelleration": {
        "x": 0.11467999964952469,
        "y": -0.9418399930000305,
        "z": -0.3172000050544739
    },
    "position": {
        "pitch": 353.4181454091515,
        "roll": 251.3950334794598,
        "yaw": 158.10991807760414
    }
}