{
    "time": "2023-07-05T10:40:03.442425+02:00",
    "accelleration": {
        "x": 0.11004399508237839,
        "y": -0.9384239912033081,
        "z": -0.30621999502182007
    },
    "position": {
        "pitch": 353.6385790924431,
        "roll": 251.93195465011453,
        "yaw": 157.8495376060649
    }
}