{
    "time": "2022-07-16T10:20:03.307158+02:00",
    "accelleration": {
        "x": 0.10594886541366577,
        "y": -0.9222065806388855,
        "z": -0.3239424228668213
    },
    "position": {
        "pitch": 353.81941176581375,
        "roll": 250.62471108448744,
        "yaw": 136.6754184242701
    }
}