{
    "time": "2022-07-18T15:40:02.714388+02:00",
    "accelleration": {
        "x": 0.11273735016584396,
        "y": -0.9231715202331543,
        "z": -0.32635271549224854
    },
    "position": {
        "pitch": 353.4543513881681,
        "roll": 250.503686962584,
        "yaw": 174.065444884429
    }
}