{
    "time": "2023-06-01T11:50:03.215246+02:00",
    "accelleration": {
        "x": 0.11614400148391724,
        "y": -0.9408639669418335,
        "z": -0.3147599995136261
    },
    "position": {
        "pitch": 353.3281721809886,
        "roll": 251.50403646842406,
        "yaw": 194.05891486913941
    }
}