{
    "time": "2023-05-15T01:30:03.238157+02:00",
    "accelleration": {
        "x": 0.11004399508237839,
        "y": -0.9406200051307678,
        "z": -0.3125639855861664
    },
    "position": {
        "pitch": 353.6674071864956,
        "roll": 251.62855764718256,
        "yaw": 176.66498756177918
    }
}