{
    "time": "2023-06-08T20:30:03.022504+02:00",
    "accelleration": {
        "x": 0.11004399508237839,
        "y": -0.9384239912033081,
        "z": -0.3106119930744171
    },
    "position": {
        "pitch": 353.6443920103136,
        "roll": 251.6874475382064,
        "yaw": 158.34704858520863
    }
}