{
    "time": "2022-07-11T08:40:02.776146+02:00",
    "accelleration": {
        "x": 0.10764598846435547,
        "y": -0.9224478602409363,
        "z": -0.3268347680568695
    },
    "position": {
        "pitch": 353.73611632822497,
        "roll": 250.47617496060718,
        "yaw": 151.81640419143596
    }
}