{
    "time": "2023-07-03T12:50:02.495146+02:00",
    "accelleration": {
        "x": 0.10906799882650375,
        "y": -0.9374479651451111,
        "z": -0.30573198199272156
    },
    "position": {
        "pitch": 353.68668752986207,
        "roll": 251.94124370738575,
        "yaw": 157.48969591983195
    }
}