{
    "time": "2023-05-20T09:40:03.195947+02:00",
    "accelleration": {
        "x": 0.10833600163459778,
        "y": -0.9415959715843201,
        "z": -0.31573599576950073
    },
    "position": {
        "pitch": 353.7740742507637,
        "roll": 251.47448907007458,
        "yaw": 185.5446332762333
    }
}