{
    "time": "2023-05-06T03:50:02.624686+02:00",
    "accelleration": {
        "x": 0.10979999601840973,
        "y": -0.9415959715843201,
        "z": -0.31622397899627686
    },
    "position": {
        "pitch": 353.6922639524326,
        "roll": 251.44959986073906,
        "yaw": 163.8389031684924
    }
}