{
    "time": "2023-05-10T00:20:03.429898+02:00",
    "accelleration": {
        "x": 0.1117519959807396,
        "y": -0.9423279762268066,
        "z": -0.3084160089492798
    },
    "position": {
        "pitch": 353.57819424376464,
        "roll": 251.87861087269675,
        "yaw": 99.96485918274408
    }
}