{
    "time": "2023-06-18T08:30:03.227701+02:00",
    "accelleration": {
        "x": 0.1105320006608963,
        "y": -0.9403759837150574,
        "z": -0.3106119930744171
    },
    "position": {
        "pitch": 353.6336984953943,
        "roll": 251.7256692768018,
        "yaw": 157.87609338155792
    }
}