{
    "time": "2022-07-03T00:20:03.080033+02:00",
    "accelleration": {
        "x": 0.10861577093601227,
        "y": -0.9200355410575867,
        "z": -0.34563499689102173
    },
    "position": {
        "pitch": 353.69749843865776,
        "roll": 249.40540620442428,
        "yaw": 161.41764208885792
    }
}