{
    "time": "2023-06-05T08:20:02.656100+02:00",
    "accelleration": {
        "x": 0.11321599781513214,
        "y": -0.9415959715843201,
        "z": -0.31866398453712463
    },
    "position": {
        "pitch": 353.50277657560986,
        "roll": 251.31247698296187,
        "yaw": 158.766285596464
    }
}