{
    "time": "2023-06-23T22:50:02.669751+02:00",
    "accelleration": {
        "x": 0.10979999601840973,
        "y": -0.9401319622993469,
        "z": -0.301827996969223
    },
    "position": {
        "pitch": 353.65512864080205,
        "roll": 252.20544908486016,
        "yaw": 157.98948818215845
    }
}