{
    "time": "2022-07-12T17:20:03.133077+02:00",
    "accelleration": {
        "x": 0.11079778522253036,
        "y": -0.9246188998222351,
        "z": -0.3208090364933014
    },
    "position": {
        "pitch": 353.5536217844519,
        "roll": 250.8480036288335,
        "yaw": 167.16549216223376
    }
}