{
    "time": "2023-05-07T07:40:03.246754+02:00",
    "accelleration": {
        "x": 0.11028799414634705,
        "y": -0.9418399930000305,
        "z": -0.31549200415611267
    },
    "position": {
        "pitch": 353.6720333589978,
        "roll": 251.5006760153524,
        "yaw": 170.8289324254618
    }
}