{
    "time": "2023-05-26T17:20:03.357970+02:00",
    "accelleration": {
        "x": 0.10833600163459778,
        "y": -0.9406200051307678,
        "z": -0.3089039921760559
    },
    "position": {
        "pitch": 353.7526552044134,
        "roll": 251.82088211383177,
        "yaw": 166.19533209252515
    }
}