{
    "time": "2023-06-15T02:10:03.365725+02:00",
    "accelleration": {
        "x": 0.11467999964952469,
        "y": -0.9408639669418335,
        "z": -0.31963998079299927
    },
    "position": {
        "pitch": 353.4176788218538,
        "roll": 251.24506301585387,
        "yaw": 157.78736922423946
    }
}