{
    "time": "2023-07-05T19:10:02.524853+02:00",
    "accelleration": {
        "x": 0.10931199789047241,
        "y": -0.9376919865608215,
        "z": -0.3042680025100708
    },
    "position": {
        "pitch": 353.670688665505,
        "roll": 252.02291227929157,
        "yaw": 157.45191131334343
    }
}