{
    "time": "2022-07-07T13:00:03.167057+02:00",
    "accelleration": {
        "x": 0.10667620599269867,
        "y": -0.9188294410705566,
        "z": -0.347563236951828
    },
    "position": {
        "pitch": 353.8082717272775,
        "roll": 249.26193808090818,
        "yaw": 134.7269020578489
    }
}