{
    "time": "2023-07-05T15:20:02.938999+02:00",
    "accelleration": {
        "x": 0.10955599695444107,
        "y": -0.9386679530143738,
        "z": -0.3067080080509186
    },
    "position": {
        "pitch": 353.66836768184766,
        "roll": 251.91049419574236,
        "yaw": 157.9876986725959
    }
}