{
    "time": "2023-06-12T15:40:02.665061+02:00",
    "accelleration": {
        "x": 0.11004399508237839,
        "y": -0.9396439790725708,
        "z": -0.30817198753356934
    },
    "position": {
        "pitch": 353.648914022431,
        "roll": 251.84400230417228,
        "yaw": 157.79495073421816
    }
}