{
    "time": "2023-05-12T22:40:02.814437+02:00",
    "accelleration": {
        "x": 0.115167997777462,
        "y": -0.9435479640960693,
        "z": -0.31768798828125
    },
    "position": {
        "pitch": 353.40623483989947,
        "roll": 251.40702729164238,
        "yaw": 164.16104221050688
    }
}