{
    "time": "2023-06-20T00:00:03.673749+02:00",
    "accelleration": {
        "x": 0.10979999601840973,
        "y": -0.9396439790725708,
        "z": -0.30695199966430664
    },
    "position": {
        "pitch": 353.66201261771175,
        "roll": 251.91414151675914,
        "yaw": 158.16565242123144
    }
}