{
    "time": "2023-06-18T07:50:03.381558+02:00",
    "accelleration": {
        "x": 0.11101999878883362,
        "y": -0.9406200051307678,
        "z": -0.31036800146102905
    },
    "position": {
        "pitch": 353.60621424106097,
        "roll": 251.74491674988292,
        "yaw": 157.9938731636056
    }
}