{
    "time": "2022-07-10T22:20:03.389518+02:00",
    "accelleration": {
        "x": 0.11031289398670197,
        "y": -0.9238952398300171,
        "z": -0.3220142126083374
    },
    "position": {
        "pitch": 353.585240864554,
        "roll": 250.76235988683072,
        "yaw": 165.08248937105498
    }
}