{
    "time": "2022-07-06T19:00:03.207970+02:00",
    "accelleration": {
        "x": 0.11031289398670197,
        "y": -0.9173820614814758,
        "z": -0.3446708619594574
    },
    "position": {
        "pitch": 353.5928791504802,
        "roll": 249.39948443041388,
        "yaw": 184.96550153650793
    }
}