{
    "time": "2022-07-22T05:10:02.644327+02:00",
    "accelleration": {
        "x": 0.10740353912115097,
        "y": -0.9205180406570435,
        "z": -0.3258706331253052
    },
    "position": {
        "pitch": 353.7416449394713,
        "roll": 250.49571613182258,
        "yaw": 119.57087621413066
    }
}