{
    "time": "2022-07-01T11:20:02.930265+02:00",
    "accelleration": {
        "x": 0.10788843780755997,
        "y": -0.9205180406570435,
        "z": -0.3494914472103119
    },
    "position": {
        "pitch": 353.75199779870576,
        "roll": 249.20261105777743,
        "yaw": 135.4386760712559
    }
}