{
    "time": "2023-05-31T13:30:02.631917+02:00",
    "accelleration": {
        "x": 0.11199599504470825,
        "y": -0.9403759837150574,
        "z": -0.31280800700187683
    },
    "position": {
        "pitch": 353.55464716660106,
        "roll": 251.60905062691302,
        "yaw": 186.35570457979398
    }
}