{
    "time": "2022-07-21T22:40:03.093090+02:00",
    "accelleration": {
        "x": 0.10764598846435547,
        "y": -0.9202768206596375,
        "z": -0.3268347680568695
    },
    "position": {
        "pitch": 353.72180238615874,
        "roll": 250.427113711799,
        "yaw": 126.84109349123231
    }
}