{
    "time": "2022-07-03T13:00:03.024726+02:00",
    "accelleration": {
        "x": 0.11152512580156326,
        "y": -0.9190706610679626,
        "z": -0.3444298505783081
    },
    "position": {
        "pitch": 353.5317370045775,
        "roll": 249.4365791877962,
        "yaw": 130.78420268021569
    }
}