{
    "time": "2023-05-02T19:30:02.951384+02:00",
    "accelleration": {
        "x": 0.10833600163459778,
        "y": -0.9420839548110962,
        "z": -0.3108559846878052
    },
    "position": {
        "pitch": 353.8155044707217,
        "roll": 251.74802448595526,
        "yaw": 150.7975585333235
    }
}