{
    "time": "2023-06-07T12:10:02.964132+02:00",
    "accelleration": {
        "x": 0.11321599781513214,
        "y": -0.9406200051307678,
        "z": -0.3164680004119873
    },
    "position": {
        "pitch": 353.4922559498539,
        "roll": 251.41104344287436,
        "yaw": 158.72912936737913
    }
}