{
    "time": "2023-05-03T07:20:03.258207+02:00",
    "accelleration": {
        "x": 0.11224000155925751,
        "y": -0.9415959715843201,
        "z": -0.3142719864845276
    },
    "position": {
        "pitch": 353.55365294718996,
        "roll": 251.56113001969618,
        "yaw": 195.01072905073738
    }
}