{
    "time": "2022-07-15T21:40:02.748126+02:00",
    "accelleration": {
        "x": 0.10594886541366577,
        "y": -0.9202768206596375,
        "z": -0.32177314162254333
    },
    "position": {
        "pitch": 353.7603468511924,
        "roll": 250.71581214763708,
        "yaw": 189.64677658985124
    }
}