{
    "time": "2022-07-20T08:50:03.267635+02:00",
    "accelleration": {
        "x": 0.10643375664949417,
        "y": -0.9219653606414795,
        "z": -0.3285219669342041
    },
    "position": {
        "pitch": 353.8069389866157,
        "roll": 250.38064793487538,
        "yaw": 183.3938886688663
    }
}