{
    "time": "2023-07-05T05:00:02.812087+02:00",
    "accelleration": {
        "x": 0.10906799882650375,
        "y": -0.9391559958457947,
        "z": -0.3067080080509186
    },
    "position": {
        "pitch": 353.70025271244054,
        "roll": 251.91942125298755,
        "yaw": 158.19418895158375
    }
}