{
    "time": "2022-07-08T11:50:02.605848+02:00",
    "accelleration": {
        "x": 0.10934310406446457,
        "y": -0.9193118810653687,
        "z": -0.3350297510623932
    },
    "position": {
        "pitch": 353.63252327597024,
        "roll": 249.94947858313998,
        "yaw": 155.65232039158516
    }
}