{
    "time": "2023-05-07T17:50:02.544283+02:00",
    "accelleration": {
        "x": 0.10858000069856644,
        "y": -0.9398880004882812,
        "z": -0.3089039921760559
    },
    "position": {
        "pitch": 353.7963013938702,
        "roll": 251.8222413214766,
        "yaw": 154.06278510756144
    }
}