{
    "time": "2022-07-04T04:40:02.877449+02:00",
    "accelleration": {
        "x": 0.11128267645835876,
        "y": -0.9202768206596375,
        "z": -0.35334789752960205
    },
    "position": {
        "pitch": 353.5714810215842,
        "roll": 248.99156504261322,
        "yaw": 126.97305274599697
    }
}