{
    "time": "2022-07-17T09:30:03.047530+02:00",
    "accelleration": {
        "x": 0.10740353912115097,
        "y": -0.9210004806518555,
        "z": -0.32466551661491394
    },
    "position": {
        "pitch": 353.7291230682886,
        "roll": 250.55910711750948,
        "yaw": 161.81320566445
    }
}