{
    "time": "2023-05-22T19:50:02.777435+02:00",
    "accelleration": {
        "x": 0.11150799691677094,
        "y": -0.9389119744300842,
        "z": -0.3147599995136261
    },
    "position": {
        "pitch": 353.57352410191965,
        "roll": 251.47295227751135,
        "yaw": 157.6428560817803
    }
}