{
    "time": "2023-05-25T12:20:03.025527+02:00",
    "accelleration": {
        "x": 0.11077599972486496,
        "y": -0.9393999576568604,
        "z": -0.3108559846878052
    },
    "position": {
        "pitch": 353.6174016640347,
        "roll": 251.63184296817334,
        "yaw": 117.80609193638277
    }
}