{
    "time": "2023-05-10T12:10:02.881530+02:00",
    "accelleration": {
        "x": 0.11272799968719482,
        "y": -0.9420839548110962,
        "z": -0.3084160089492798
    },
    "position": {
        "pitch": 353.51881428666786,
        "roll": 251.94010306579435,
        "yaw": 175.85830123966565
    }
}