{
    "time": "2022-07-08T07:00:03.009323+02:00",
    "accelleration": {
        "x": 0.11394958198070526,
        "y": -0.9202768206596375,
        "z": -0.34177854657173157
    },
    "position": {
        "pitch": 353.4039894152098,
        "roll": 249.60539414332226,
        "yaw": 111.17115738417317
    }
}