{
    "time": "2022-07-15T15:40:03.098116+02:00",
    "accelleration": {
        "x": 0.11152512580156326,
        "y": -0.9202768206596375,
        "z": -0.33069121837615967
    },
    "position": {
        "pitch": 353.5090906586107,
        "roll": 250.21065135662292,
        "yaw": 115.95769248281557
    }
}