{
    "time": "2023-05-16T14:50:03.081827+02:00",
    "accelleration": {
        "x": 0.11297199875116348,
        "y": -0.9396439790725708,
        "z": -0.3101239800453186
    },
    "position": {
        "pitch": 353.49213983663805,
        "roll": 251.7402039193556,
        "yaw": 112.92107917028711
    }
}