{
    "time": "2023-07-06T08:10:03.096959+02:00",
    "accelleration": {
        "x": 0.11101999878883362,
        "y": -0.9391559958457947,
        "z": -0.30866000056266785
    },
    "position": {
        "pitch": 353.594559377016,
        "roll": 251.81280200004366,
        "yaw": 158.11747226682616
    }
}