{
    "time": "2023-06-29T11:20:02.726360+02:00",
    "accelleration": {
        "x": 0.10858000069856644,
        "y": -0.9391559958457947,
        "z": -0.3030479848384857
    },
    "position": {
        "pitch": 353.72154497340443,
        "roll": 252.12227104114777,
        "yaw": 158.4089437594673
    }
}