{
    "time": "2023-05-31T10:40:02.917406+02:00",
    "accelleration": {
        "x": 0.11248400062322617,
        "y": -0.9398880004882812,
        "z": -0.31622397899627686
    },
    "position": {
        "pitch": 353.5266143627,
        "roll": 251.48654435395966,
        "yaw": 157.64314294972544
    }
}