{
    "time": "2023-05-28T18:10:03.625676+02:00",
    "accelleration": {
        "x": 0.10906799882650375,
        "y": -0.9401319622993469,
        "z": -0.30573198199272156
    },
    "position": {
        "pitch": 353.7001186699781,
        "roll": 251.98273710659356,
        "yaw": 183.97978229587002
    }
}