{
    "time": "2023-06-25T16:40:03.079344+02:00",
    "accelleration": {
        "x": 0.10979999601840973,
        "y": -0.937936007976532,
        "z": -0.2996319830417633
    },
    "position": {
        "pitch": 353.637543891897,
        "roll": 252.28490467547493,
        "yaw": 157.6654093664197
    }
}