{
    "time": "2022-07-13T23:00:03.180056+02:00",
    "accelleration": {
        "x": 0.10619131475687027,
        "y": -0.9231715202331543,
        "z": -0.33213740587234497
    },
    "position": {
        "pitch": 353.829550327863,
        "roll": 250.1958776574482,
        "yaw": 150.63079263454847
    }
}