{
    "time": "2023-06-02T04:00:02.652817+02:00",
    "accelleration": {
        "x": 0.115167997777462,
        "y": -0.9401319622993469,
        "z": -0.31744399666786194
    },
    "position": {
        "pitch": 353.38171830276053,
        "roll": 251.35338298590108,
        "yaw": 157.04222290654772
    }
}