{
    "time": "2023-05-02T22:20:02.516388+02:00",
    "accelleration": {
        "x": 0.1134599968791008,
        "y": -0.9437919855117798,
        "z": -0.30646398663520813
    },
    "position": {
        "pitch": 353.48295792795943,
        "roll": 252.01276944837412,
        "yaw": 165.76837696750763
    }
}