{
    "time": "2023-05-13T14:50:02.517166+02:00",
    "accelleration": {
        "x": 0.10833600163459778,
        "y": -0.9384239912033081,
        "z": -0.3142719864845276
    },
    "position": {
        "pitch": 353.7509314354216,
        "roll": 251.49629786409446,
        "yaw": 173.24257101398257
    }
}