{
    "time": "2023-05-20T09:10:03.115941+02:00",
    "accelleration": {
        "x": 0.11467999964952469,
        "y": -0.9420839548110962,
        "z": -0.3193959891796112
    },
    "position": {
        "pitch": 353.43528320755274,
        "roll": 251.2878746415715,
        "yaw": 123.6303854869494
    }
}