{
    "time": "2022-07-12T21:10:03.480015+02:00",
    "accelleration": {
        "x": 0.11273735016584396,
        "y": -0.9241364002227783,
        "z": -0.33261945843696594
    },
    "position": {
        "pitch": 353.476577677501,
        "roll": 250.18837127955035,
        "yaw": 109.76484875482423
    }
}