{
    "time": "2023-06-19T02:50:03.371834+02:00",
    "accelleration": {
        "x": 0.1117519959807396,
        "y": -0.9391559958457947,
        "z": -0.3084160089492798
    },
    "position": {
        "pitch": 353.5506497983893,
        "roll": 251.8255949443591,
        "yaw": 157.7905930735277
    }
}