{
    "time": "2023-05-13T15:30:02.860947+02:00",
    "accelleration": {
        "x": 0.10809199512004852,
        "y": -0.9391559958457947,
        "z": -0.3096359968185425
    },
    "position": {
        "pitch": 353.76056072149083,
        "roll": 251.7548956562603,
        "yaw": 149.80145740514718
    }
}