{
    "time": "2022-07-05T10:10:03.203928+02:00",
    "accelleration": {
        "x": 0.11273735016584396,
        "y": -0.9229303002357483,
        "z": -0.34684014320373535
    },
    "position": {
        "pitch": 353.4939541056363,
        "roll": 249.38648658042337,
        "yaw": 170.02163138632295
    }
}