{
    "time": "2023-06-19T06:00:03.093201+02:00",
    "accelleration": {
        "x": 0.11126399785280228,
        "y": -0.9401319622993469,
        "z": -0.3130519986152649
    },
    "position": {
        "pitch": 353.6415788261492,
        "roll": 251.59235081439232,
        "yaw": 158.27105590050306
    }
}