{
    "time": "2023-05-27T23:00:03.322621+02:00",
    "accelleration": {
        "x": 0.10784799605607986,
        "y": -0.9391559958457947,
        "z": -0.31280800700187683
    },
    "position": {
        "pitch": 353.77825261898846,
        "roll": 251.58564356862738,
        "yaw": 171.09853365238052
    }
}