{
    "time": "2023-05-09T14:50:02.574112+02:00",
    "accelleration": {
        "x": 0.10906799882650375,
        "y": -0.9396439790725708,
        "z": -0.3101239800453186
    },
    "position": {
        "pitch": 353.71036651505403,
        "roll": 251.74402199510163,
        "yaw": 130.14689138914014
    }
}