{
    "time": "2023-05-13T00:10:05.398700+02:00",
    "accelleration": {
        "x": 0.11297199875116348,
        "y": -0.9430599808692932,
        "z": -0.31768798828125
    },
    "position": {
        "pitch": 353.52700539103,
        "roll": 251.39844857404483,
        "yaw": 168.4712877277568
    }
}