{
    "time": "2023-06-25T19:40:03.489575+02:00",
    "accelleration": {
        "x": 0.10784799605607986,
        "y": -0.9384239912033081,
        "z": -0.29987600445747375
    },
    "position": {
        "pitch": 353.7498518386459,
        "roll": 252.2806289770545,
        "yaw": 157.9661562559537
    }
}