{
    "time": "2023-04-30T06:20:03.051491+02:00",
    "accelleration": {
        "x": 0.1088239997625351,
        "y": -0.9415959715843201,
        "z": -0.30914798378944397
    },
    "position": {
        "pitch": 353.73172921234374,
        "roll": 251.83710381311056,
        "yaw": 151.92493589734747
    }
}