{
    "time": "2023-05-19T01:30:03.074483+02:00",
    "accelleration": {
        "x": 0.10906799882650375,
        "y": -0.9423279762268066,
        "z": -0.3147599995136261
    },
    "position": {
        "pitch": 353.7315682760114,
        "roll": 251.61562809908372,
        "yaw": 123.59276480500097
    }
}