{
    "time": "2023-07-02T10:30:02.994886+02:00",
    "accelleration": {
        "x": 0.11004399508237839,
        "y": -0.9381799697875977,
        "z": -0.30914798378944397
    },
    "position": {
        "pitch": 353.6440615999125,
        "roll": 251.76951226108412,
        "yaw": 157.92969670616418
    }
}