{
    "time": "2023-06-04T01:20:03.037236+02:00",
    "accelleration": {
        "x": 0.11443600058555603,
        "y": -0.9423279762268066,
        "z": -0.31768798828125
    },
    "position": {
        "pitch": 353.43463007071335,
        "roll": 251.3767080819167,
        "yaw": 159.75440906368976
    }
}