{
    "time": "2023-04-30T20:30:03.209082+02:00",
    "accelleration": {
        "x": 0.11443600058555603,
        "y": -0.9415959715843201,
        "z": -0.3108559846878052
    },
    "position": {
        "pitch": 353.42061281498917,
        "roll": 251.73833927771219,
        "yaw": 120.10443693171372
    }
}