{
    "time": "2023-06-17T04:30:03.639735+02:00",
    "accelleration": {
        "x": 0.11199599504470825,
        "y": -0.9408639669418335,
        "z": -0.3108559846878052
    },
    "position": {
        "pitch": 353.5546612538662,
        "roll": 251.72618837117872,
        "yaw": 158.2024671408578
    }
}