{
    "time": "2022-06-30T23:40:02.971808+02:00",
    "accelleration": {
        "x": 0.11225245893001556,
        "y": -0.9205180406570435,
        "z": -0.34684014320373535
    },
    "position": {
        "pitch": 353.50423908986585,
        "roll": 249.3414005017121,
        "yaw": 112.28337855842888
    }
}