{
    "time": "2022-07-15T04:40:02.463589+02:00",
    "accelleration": {
        "x": 0.10885821282863617,
        "y": -0.9238952398300171,
        "z": -0.3282809257507324
    },
    "position": {
        "pitch": 353.6789216047758,
        "roll": 250.42880759871315,
        "yaw": 140.66121629556608
    }
}