{
    "time": "2023-07-01T18:00:03.082256+02:00",
    "accelleration": {
        "x": 0.10809199512004852,
        "y": -0.936959981918335,
        "z": -0.3042680025100708
    },
    "position": {
        "pitch": 353.73333174547776,
        "roll": 252.01417646734313,
        "yaw": 157.79459556438132
    }
}