{
    "time": "2023-05-16T18:30:02.861790+02:00",
    "accelleration": {
        "x": 0.11394799500703812,
        "y": -0.9401319622993469,
        "z": -0.3076840043067932
    },
    "position": {
        "pitch": 353.43427233955555,
        "roll": 251.9478621606915,
        "yaw": 113.35075954078344
    }
}