{
    "time": "2023-05-27T02:10:02.482804+02:00",
    "accelleration": {
        "x": 0.11199599504470825,
        "y": -0.9396439790725708,
        "z": -0.3111000061035156
    },
    "position": {
        "pitch": 353.55278337873125,
        "roll": 251.69166176492433,
        "yaw": 163.0648514902332
    }
}