{
    "time": "2023-06-17T17:10:02.773846+02:00",
    "accelleration": {
        "x": 0.10979999601840973,
        "y": -0.9391559958457947,
        "z": -0.30621999502182007
    },
    "position": {
        "pitch": 353.6542057114904,
        "roll": 251.94146227343919,
        "yaw": 158.08252901903236
    }
}