{
    "time": "2023-06-16T16:50:03.269891+02:00",
    "accelleration": {
        "x": 0.1117519959807396,
        "y": -0.9393999576568604,
        "z": -0.3089039921760559
    },
    "position": {
        "pitch": 353.55063571112413,
        "roll": 251.79399848925863,
        "yaw": 157.48815229707952
    }
}