{
    "time": "2023-06-27T22:50:02.903734+02:00",
    "accelleration": {
        "x": 0.10735999792814255,
        "y": -0.937936007976532,
        "z": -0.30231598019599915
    },
    "position": {
        "pitch": 353.78213856973935,
        "roll": 252.1384585894807,
        "yaw": 157.38837689368398
    }
}