{
    "time": "2023-05-02T13:40:03.359452+02:00",
    "accelleration": {
        "x": 0.10906799882650375,
        "y": -0.9391559958457947,
        "z": -0.31378400325775146
    },
    "position": {
        "pitch": 353.71908140954815,
        "roll": 251.53761367838385,
        "yaw": 192.13873012739538
    }
}