{
    "time": "2023-05-08T13:00:03.333930+02:00",
    "accelleration": {
        "x": 0.11028799414634705,
        "y": -0.9401319622993469,
        "z": -0.3123199939727783
    },
    "position": {
        "pitch": 353.64722226995093,
        "roll": 251.63691779872664,
        "yaw": 166.03144853357986
    }
}