{
    "time": "2023-06-02T19:40:03.272519+02:00",
    "accelleration": {
        "x": 0.11224000155925751,
        "y": -0.9389119744300842,
        "z": -0.31207600235939026
    },
    "position": {
        "pitch": 353.5268120112991,
        "roll": 251.61637258970325,
        "yaw": 159.17448502202066
    }
}