{
    "time": "2023-06-09T11:40:02.940925+02:00",
    "accelleration": {
        "x": 0.11126399785280228,
        "y": -0.9389119744300842,
        "z": -0.31207600235939026
    },
    "position": {
        "pitch": 353.5832959681878,
        "roll": 251.6216454957425,
        "yaw": 158.37217002097594
    }
}