{
    "time": "2023-07-03T10:50:02.570562+02:00",
    "accelleration": {
        "x": 0.11028799414634705,
        "y": -0.9376919865608215,
        "z": -0.3042680025100708
    },
    "position": {
        "pitch": 353.6170691191994,
        "roll": 252.0271948079012,
        "yaw": 157.65278717683353
    }
}