{
    "time": "2023-06-22T19:20:02.730021+02:00",
    "accelleration": {
        "x": 0.1088239997625351,
        "y": -0.9401319622993469,
        "z": -0.3030479848384857
    },
    "position": {
        "pitch": 353.712104371311,
        "roll": 252.13514594773324,
        "yaw": 157.71324801136646
    }
}