{
    "time": "2023-06-28T12:30:02.825795+02:00",
    "accelleration": {
        "x": 0.10735999792814255,
        "y": -0.9372040033340454,
        "z": -0.3037799894809723
    },
    "position": {
        "pitch": 353.78008268279916,
        "roll": 252.05061552656517,
        "yaw": 158.4421248184552
    }
}