{
    "time": "2023-05-05T18:40:02.801857+02:00",
    "accelleration": {
        "x": 0.11150799691677094,
        "y": -0.9408639669418335,
        "z": -0.30646398663520813
    },
    "position": {
        "pitch": 353.5741029604518,
        "roll": 251.95999257665744,
        "yaw": 103.51796457011973
    }
}