{
    "time": "2023-06-10T13:20:03.005292+02:00",
    "accelleration": {
        "x": 0.11028799414634705,
        "y": -0.9391559958457947,
        "z": -0.3111000061035156
    },
    "position": {
        "pitch": 353.6382247763799,
        "roll": 251.67700417896546,
        "yaw": 158.33527333907952
    }
}