{
    "time": "2022-07-10T10:40:03.017152+02:00",
    "accelleration": {
        "x": 0.10522152483463287,
        "y": -0.9243776202201843,
        "z": -0.33237841725349426
    },
    "position": {
        "pitch": 353.9599937075187,
        "roll": 250.21802113073738,
        "yaw": 149.48920847705088
    }
}