{
    "time": "2023-05-27T14:40:02.830565+02:00",
    "accelleration": {
        "x": 0.10906799882650375,
        "y": -0.9403759837150574,
        "z": -0.3076840043067932
    },
    "position": {
        "pitch": 353.707762505433,
        "roll": 251.8843823825454,
        "yaw": 177.28959470099852
    }
}