{
    "time": "2023-05-21T18:20:03.321909+02:00",
    "accelleration": {
        "x": 0.11370399594306946,
        "y": -0.9398880004882812,
        "z": -0.3164680004119873
    },
    "position": {
        "pitch": 353.4605066692707,
        "roll": 251.40058642325505,
        "yaw": 174.10613915150395
    }
}