{
    "time": "2023-05-31T09:10:02.874335+02:00",
    "accelleration": {
        "x": 0.1134599968791008,
        "y": -0.9389119744300842,
        "z": -0.3106119930744171
    },
    "position": {
        "pitch": 353.45953251354035,
        "roll": 251.69260433102977,
        "yaw": 160.44117092435621
    }
}