{
    "time": "2023-05-10T13:20:02.493276+02:00",
    "accelleration": {
        "x": 0.10955599695444107,
        "y": -0.9408639669418335,
        "z": -0.3079279959201813
    },
    "position": {
        "pitch": 353.6904851150406,
        "roll": 251.88123366533802,
        "yaw": 134.0683215576979
    }
}