{
    "time": "2023-06-14T00:40:02.728122+02:00",
    "accelleration": {
        "x": 0.11321599781513214,
        "y": -0.9401319622993469,
        "z": -0.3172000050544739
    },
    "position": {
        "pitch": 353.50500962058163,
        "roll": 251.35459875957335,
        "yaw": 157.7840087711678
    }
}