{
    "time": "2022-07-06T12:20:02.832482+02:00",
    "accelleration": {
        "x": 0.11346468329429626,
        "y": -0.9188294410705566,
        "z": -0.34515294432640076
    },
    "position": {
        "pitch": 353.41849887144105,
        "roll": 249.3974353736629,
        "yaw": 192.38271814492657
    }
}