{
    "time": "2023-05-06T04:50:02.731526+02:00",
    "accelleration": {
        "x": 0.10906799882650375,
        "y": -0.9384239912033081,
        "z": -0.3079279959201813
    },
    "position": {
        "pitch": 353.70115515118465,
        "roll": 251.84499268160192,
        "yaw": 191.8973375817488
    }
}