{
    "time": "2023-05-24T00:30:03.330795+02:00",
    "accelleration": {
        "x": 0.11101999878883362,
        "y": -0.937936007976532,
        "z": -0.313539981842041
    },
    "position": {
        "pitch": 353.5933704972136,
        "roll": 251.52258043202065,
        "yaw": 139.7900393273093
    }
}