{
    "time": "2023-05-23T23:00:02.554519+02:00",
    "accelleration": {
        "x": 0.11394799500703812,
        "y": -0.9418399930000305,
        "z": -0.31451600790023804
    },
    "position": {
        "pitch": 353.4565152774745,
        "roll": 251.53617250846898,
        "yaw": 108.09318727622028
    }
}