{
    "time": "2023-07-04T21:10:02.839453+02:00",
    "accelleration": {
        "x": 0.10979999601840973,
        "y": -0.9372040033340454,
        "z": -0.3042680025100708
    },
    "position": {
        "pitch": 353.6413167176398,
        "roll": 252.01766669400902,
        "yaw": 157.9685468221632
    }
}