{
    "time": "2023-04-28T16:10:02.612252+02:00",
    "accelleration": {
        "x": 0.10931199789047241,
        "y": -0.9381799697875977,
        "z": -0.30353599786758423
    },
    "position": {
        "pitch": 353.6734945925934,
        "roll": 252.08154945331614,
        "yaw": 185.90361435863082
    }
}