{
    "time": "2023-05-30T03:00:02.663363+02:00",
    "accelleration": {
        "x": 0.11028799414634705,
        "y": -0.9396439790725708,
        "z": -0.31207600235939026
    },
    "position": {
        "pitch": 353.64619176515987,
        "roll": 251.638256515804,
        "yaw": 184.94212862916814
    }
}