{
    "time": "2023-06-22T14:50:02.602489+02:00",
    "accelleration": {
        "x": 0.10979999601840973,
        "y": -0.9374479651451111,
        "z": -0.3025600016117096
    },
    "position": {
        "pitch": 353.64051502418596,
        "roll": 252.1115203233942,
        "yaw": 157.92074915835144
    }
}