{
    "time": "2022-07-14T21:40:02.646798+02:00",
    "accelleration": {
        "x": 0.11055533587932587,
        "y": -0.9210004806518555,
        "z": -0.3273168206214905
    },
    "position": {
        "pitch": 353.5616037142707,
        "roll": 250.42101435287015,
        "yaw": 123.69415213304065
    }
}