{
    "time": "2023-06-20T13:10:03.390207+02:00",
    "accelleration": {
        "x": 0.11004399508237839,
        "y": -0.9393999576568604,
        "z": -0.3067080080509186
    },
    "position": {
        "pitch": 353.64522017075046,
        "roll": 251.92112880028006,
        "yaw": 157.93043436659454
    }
}