{
    "time": "2023-06-07T04:10:02.964258+02:00",
    "accelleration": {
        "x": 0.11272799968719482,
        "y": -0.9401319622993469,
        "z": -0.31549200415611267
    },
    "position": {
        "pitch": 353.51620259308396,
        "roll": 251.45912114444207,
        "yaw": 158.8342323183273
    }
}