{
    "time": "2022-07-11T02:50:03.023712+02:00",
    "accelleration": {
        "x": 0.10813087970018387,
        "y": -0.9248600602149963,
        "z": -0.3314143121242523
    },
    "position": {
        "pitch": 353.73886718691324,
        "roll": 250.27536739900881,
        "yaw": 115.60786385390587
    }
}