{
    "time": "2023-06-07T10:50:02.583404+02:00",
    "accelleration": {
        "x": 0.11419199407100677,
        "y": -0.9415959715843201,
        "z": -0.31793197989463806
    },
    "position": {
        "pitch": 353.4468902602735,
        "roll": 251.3520374386346,
        "yaw": 159.1216330182231
    }
}