{
    "time": "2023-05-03T09:50:03.439973+02:00",
    "accelleration": {
        "x": 0.11224000155925751,
        "y": -0.9415959715843201,
        "z": -0.3201279938220978
    },
    "position": {
        "pitch": 353.5560695534957,
        "roll": 251.31660924740976,
        "yaw": 201.06606058016885
    }
}