{
    "time": "2023-06-01T01:40:03.440546+02:00",
    "accelleration": {
        "x": 0.10931199789047241,
        "y": -0.9393999576568604,
        "z": -0.3152479827404022
    },
    "position": {
        "pitch": 353.7072109676575,
        "roll": 251.45813759720158,
        "yaw": 100.98796687889863
    }
}