{
    "time": "2023-06-26T06:10:02.497836+02:00",
    "accelleration": {
        "x": 0.1088239997625351,
        "y": -0.9391559958457947,
        "z": -0.30402398109436035
    },
    "position": {
        "pitch": 353.71377990209174,
        "roll": 252.07516322644219,
        "yaw": 157.98010350223888
    }
}