{
    "time": "2023-06-09T21:00:02.680357+02:00",
    "accelleration": {
        "x": 0.11126399785280228,
        "y": -0.9396439790725708,
        "z": -0.3101239800453186
    },
    "position": {
        "pitch": 353.58385945879434,
        "roll": 251.73481490010045,
        "yaw": 157.7859895260271
    }
}