{
    "time": "2022-07-20T07:40:02.952824+02:00",
    "accelleration": {
        "x": 0.10643375664949417,
        "y": -0.9241364002227783,
        "z": -0.323701411485672
    },
    "position": {
        "pitch": 353.80799467772925,
        "roll": 250.68523339072294,
        "yaw": 152.62843172148044
    }
}