{
    "time": "2023-05-10T16:40:03.162131+02:00",
    "accelleration": {
        "x": 0.11004399508237839,
        "y": -0.9418399930000305,
        "z": -0.3050000071525574
    },
    "position": {
        "pitch": 353.6595076458337,
        "roll": 252.12472990924897,
        "yaw": 118.22078004165093
    }
}