{
    "time": "2023-05-04T01:50:03.355142+02:00",
    "accelleration": {
        "x": 0.11492399871349335,
        "y": -0.9420839548110962,
        "z": -0.3169559836387634
    },
    "position": {
        "pitch": 353.4140861423504,
        "roll": 251.42290748146266,
        "yaw": 125.6533918964588
    }
}