{
    "time": "2023-05-31T08:00:03.258379+02:00",
    "accelleration": {
        "x": 0.10540799796581268,
        "y": -0.9408639669418335,
        "z": -0.3169559836387634
    },
    "position": {
        "pitch": 353.9286162453585,
        "roll": 251.40430204616354,
        "yaw": 192.38969859825835
    }
}