{
    "time": "2023-05-31T16:10:03.013154+02:00",
    "accelleration": {
        "x": 0.11199599504470825,
        "y": -0.9401319622993469,
        "z": -0.3215920031070709
    },
    "position": {
        "pitch": 353.56551826643874,
        "roll": 251.1237656863836,
        "yaw": 161.26158592670146
    }
}