{
    "time": "2022-07-03T10:30:03.113567+02:00",
    "accelleration": {
        "x": 0.11297979205846786,
        "y": -0.9188294410705566,
        "z": -0.348045289516449
    },
    "position": {
        "pitch": 353.4555159354216,
        "roll": 249.24713023078758,
        "yaw": 193.0606963823204
    }
}