{
    "time": "2022-07-01T10:20:03.187652+02:00",
    "accelleration": {
        "x": 0.11128267645835876,
        "y": -0.9197943806648254,
        "z": -0.34515294432640076
    },
    "position": {
        "pitch": 353.55020626298005,
        "roll": 249.41778250720034,
        "yaw": 147.98531010484078
    }
}