{
    "time": "2022-07-05T11:10:02.564861+02:00",
    "accelleration": {
        "x": 0.11104022711515427,
        "y": -0.9181057810783386,
        "z": -0.3408144414424896
    },
    "position": {
        "pitch": 353.5481469609453,
        "roll": 249.61570772896897,
        "yaw": 120.82518581369014
    }
}