{
    "time": "2023-05-14T08:20:02.620530+02:00",
    "accelleration": {
        "x": 0.10955599695444107,
        "y": -0.9437919855117798,
        "z": -0.31329599022865295
    },
    "position": {
        "pitch": 353.7111114325604,
        "roll": 251.6443558747328,
        "yaw": 187.3248128003704
    }
}