{
    "time": "2022-07-02T15:50:02.536076+02:00",
    "accelleration": {
        "x": 0.11104022711515427,
        "y": -0.9185882210731506,
        "z": -0.3463580906391144
    },
    "position": {
        "pitch": 353.5628882167215,
        "roll": 249.32967989709636,
        "yaw": 174.24798852018677
    }
}