{
    "time": "2023-05-21T04:50:03.044869+02:00",
    "accelleration": {
        "x": 0.1088239997625351,
        "y": -0.9408639669418335,
        "z": -0.31622397899627686
    },
    "position": {
        "pitch": 353.74508137839746,
        "roll": 251.4284126139337,
        "yaw": 179.87609171703397
    }
}