{
    "time": "2022-07-06T14:40:03.319660+02:00",
    "accelleration": {
        "x": 0.10619131475687027,
        "y": -0.9202768206596375,
        "z": -0.3352707624435425
    },
    "position": {
        "pitch": 353.81237240210044,
        "roll": 249.95626779117498,
        "yaw": 153.72616606450654
    }
}