{
    "time": "2023-05-19T10:30:02.795635+02:00",
    "accelleration": {
        "x": 0.11126399785280228,
        "y": -0.9437919855117798,
        "z": -0.31573599576950073
    },
    "position": {
        "pitch": 353.62436418811984,
        "roll": 251.5137763181805,
        "yaw": 192.185557904345
    }
}