{
    "time": "2022-07-17T13:30:03.140748+02:00",
    "accelleration": {
        "x": 0.10303951054811478,
        "y": -0.9246188998222351,
        "z": -0.3304502069950104
    },
    "position": {
        "pitch": 354.0078174114267,
        "roll": 250.32358170435992,
        "yaw": 155.52429532578245
    }
}