{
    "time": "2023-06-06T08:20:03.043051+02:00",
    "accelleration": {
        "x": 0.11467999964952469,
        "y": -0.9401319622993469,
        "z": -0.3181760013103485
    },
    "position": {
        "pitch": 353.41018439678703,
        "roll": 251.31275019052867,
        "yaw": 158.59800339569324
    }
}