{
    "time": "2023-05-01T13:10:02.632277+02:00",
    "accelleration": {
        "x": 0.11321599781513214,
        "y": -0.9406200051307678,
        "z": -0.31573599576950073
    },
    "position": {
        "pitch": 353.49398825658216,
        "roll": 251.53373413093527,
        "yaw": 157.49882105256307
    }
}