{
    "time": "2023-05-14T08:10:02.855697+02:00",
    "accelleration": {
        "x": 0.11004399508237839,
        "y": -0.945743978023529,
        "z": -0.31451600790023804
    },
    "position": {
        "pitch": 353.6970117876794,
        "roll": 251.61938470312725,
        "yaw": 150.52262975885213
    }
}