{
    "time": "2023-05-03T20:30:03.050939+02:00",
    "accelleration": {
        "x": 0.11028799414634705,
        "y": -0.9408639669418335,
        "z": -0.370635986328125
    },
    "position": {
        "pitch": 353.77236414215025,
        "roll": 248.57516255986337,
        "yaw": 186.39378971460596
    }
}