{
    "time": "2023-06-23T15:00:03.105247+02:00",
    "accelleration": {
        "x": 0.10809199512004852,
        "y": -0.9391559958457947,
        "z": -0.30060797929763794
    },
    "position": {
        "pitch": 353.74288419191885,
        "roll": 252.248629540793,
        "yaw": 157.8707658340053
    }
}