{
    "time": "2022-07-14T17:50:03.256261+02:00",
    "accelleration": {
        "x": 0.10206973552703857,
        "y": -0.9195531010627747,
        "z": -0.3318963646888733
    },
    "position": {
        "pitch": 354.039824531651,
        "roll": 250.1305810489829,
        "yaw": 142.65183394803128
    }
}