{
    "time": "2023-05-07T01:30:03.003758+02:00",
    "accelleration": {
        "x": 0.11199599504470825,
        "y": -0.9408639669418335,
        "z": -0.3071959912776947
    },
    "position": {
        "pitch": 353.5522779447327,
        "roll": 251.93504189561938,
        "yaw": 191.23654410030673
    }
}