{
    "time": "2023-05-28T03:40:02.770875+02:00",
    "accelleration": {
        "x": 0.11150799691677094,
        "y": -0.9403759837150574,
        "z": -0.30987998843193054
    },
    "position": {
        "pitch": 353.5726920995014,
        "roll": 251.76469014753008,
        "yaw": 138.00367165178415
    }
}