{
    "time": "2023-06-20T04:50:02.674883+02:00",
    "accelleration": {
        "x": 0.11028799414634705,
        "y": -0.9406200051307678,
        "z": -0.3093920052051544
    },
    "position": {
        "pitch": 353.6444556164503,
        "roll": 251.79845177259745,
        "yaw": 157.81907496236664
    }
}