{
    "time": "2023-05-30T12:30:03.334008+02:00",
    "accelleration": {
        "x": 0.11272799968719482,
        "y": -0.9396439790725708,
        "z": -0.31573599576950073
    },
    "position": {
        "pitch": 353.5148391165709,
        "roll": 251.44072061481805,
        "yaw": 123.08224914567754
    }
}