{
    "time": "2023-07-02T12:50:02.943391+02:00",
    "accelleration": {
        "x": 0.10955599695444107,
        "y": -0.9372040033340454,
        "z": -0.30621999502182007
    },
    "position": {
        "pitch": 353.65760586503666,
        "roll": 251.9102141579864,
        "yaw": 157.5955092104538
    }
}