{
    "time": "2023-06-02T01:10:03.458253+02:00",
    "accelleration": {
        "x": 0.11541199684143066,
        "y": -0.9401319622993469,
        "z": -0.3140279948711395
    },
    "position": {
        "pitch": 353.3615111881011,
        "roll": 251.53456741401402,
        "yaw": 157.3370548522605
    }
}