{
    "time": "2023-04-30T05:00:02.869467+02:00",
    "accelleration": {
        "x": 0.11150799691677094,
        "y": -0.9440360069274902,
        "z": -0.3101239800453186
    },
    "position": {
        "pitch": 353.60319017480595,
        "roll": 251.8241332838767,
        "yaw": 140.47091356491117
    }
}