{
    "time": "2022-07-15T10:20:03.364256+02:00",
    "accelleration": {
        "x": 0.10740353912115097,
        "y": -0.9224478602409363,
        "z": -0.32948607206344604
    },
    "position": {
        "pitch": 353.7590269171353,
        "roll": 250.32959227082955,
        "yaw": 141.65621093309684
    }
}