{
    "time": "2023-06-23T18:10:03.454202+02:00",
    "accelleration": {
        "x": 0.10906799882650375,
        "y": -0.937936007976532,
        "z": -0.3008520007133484
    },
    "position": {
        "pitch": 353.67954016378246,
        "roll": 252.21308523635224,
        "yaw": 158.12781317322955
    }
}