{
    "time": "2023-05-10T21:00:02.833934+02:00",
    "accelleration": {
        "x": 0.11199599504470825,
        "y": -0.9423279762268066,
        "z": -0.31036800146102905
    },
    "position": {
        "pitch": 353.5641424102078,
        "roll": 251.7826125639122,
        "yaw": 192.85741629224248
    }
}