{
    "time": "2023-07-02T10:40:03.501628+02:00",
    "accelleration": {
        "x": 0.1105320006608963,
        "y": -0.9381799697875977,
        "z": -0.30866000056266785
    },
    "position": {
        "pitch": 353.6116028334293,
        "roll": 251.79429218739293,
        "yaw": 158.4473430829811
    }
}