{
    "time": "2023-07-03T19:10:03.339699+02:00",
    "accelleration": {
        "x": 0.10809199512004852,
        "y": -0.937936007976532,
        "z": -0.3037799894809723
    },
    "position": {
        "pitch": 353.74107632622287,
        "roll": 252.0578486968962,
        "yaw": 158.10218630346367
    }
}