{
    "time": "2022-07-01T06:30:03.209902+02:00",
    "accelleration": {
        "x": 0.11516180634498596,
        "y": -0.9202768206596375,
        "z": -0.3425016403198242
    },
    "position": {
        "pitch": 353.3269892776017,
        "roll": 249.56987032944903,
        "yaw": 137.80224937316046
    }
}