{
    "time": "2022-07-13T22:00:04.207031+02:00",
    "accelleration": {
        "x": 0.11055533587932587,
        "y": -0.9243776202201843,
        "z": -0.3265937268733978
    },
    "position": {
        "pitch": 353.5832455955427,
        "roll": 250.51039420834894,
        "yaw": 182.67182839056926
    }
}