{
    "time": "2023-05-08T19:40:02.639174+02:00",
    "accelleration": {
        "x": 0.10931199789047241,
        "y": -0.9393999576568604,
        "z": -0.3106119930744171
    },
    "position": {
        "pitch": 353.69713302353716,
        "roll": 251.7084503699042,
        "yaw": 192.39053188133707
    }
}