{
    "time": "2022-07-20T18:10:02.506956+02:00",
    "accelleration": {
        "x": 0.11079778522253036,
        "y": -0.9217241406440735,
        "z": -0.32466551661491394
    },
    "position": {
        "pitch": 353.5420411987141,
        "roll": 250.58058806244918,
        "yaw": 173.7504228995297
    }
}