{
    "time": "2023-05-26T16:40:03.357145+02:00",
    "accelleration": {
        "x": 0.11321599781513214,
        "y": -0.9413520097732544,
        "z": -0.3093920052051544
    },
    "position": {
        "pitch": 353.4862048291361,
        "roll": 251.8020854332359,
        "yaw": 193.86940444042824
    }
}