{
    "time": "2023-06-25T08:50:02.901327+02:00",
    "accelleration": {
        "x": 0.10858000069856644,
        "y": -0.9403759837150574,
        "z": -0.30280399322509766
    },
    "position": {
        "pitch": 353.73111833729985,
        "roll": 252.1609845533634,
        "yaw": 158.68909079846452
    }
}