{
    "time": "2022-07-17T09:20:03.297093+02:00",
    "accelleration": {
        "x": 0.10667620599269867,
        "y": -0.9226890206336975,
        "z": -0.3220142126083374
    },
    "position": {
        "pitch": 353.77705349390226,
        "roll": 250.73519622450158,
        "yaw": 147.74087129482436
    }
}