{
    "time": "2023-06-06T16:10:02.922190+02:00",
    "accelleration": {
        "x": 0.11150799691677094,
        "y": -0.9393999576568604,
        "z": -0.3113439977169037
    },
    "position": {
        "pitch": 353.56791011330876,
        "roll": 251.66389021575904,
        "yaw": 158.11882464428183
    }
}