{
    "time": "2023-05-30T05:10:03.243412+02:00",
    "accelleration": {
        "x": 0.10833600163459778,
        "y": -0.9391559958457947,
        "z": -0.30866000056266785
    },
    "position": {
        "pitch": 353.74596759544227,
        "roll": 251.8026864898829,
        "yaw": 150.1638809028864
    }
}