{
    "time": "2022-07-15T05:30:02.980890+02:00",
    "accelleration": {
        "x": 0.10716108977794647,
        "y": -0.9210004806518555,
        "z": -0.3282809257507324
    },
    "position": {
        "pitch": 353.756488648085,
        "roll": 250.37332597208513,
        "yaw": 169.84552178876336
    }
}