{
    "time": "2023-07-03T09:40:02.557498+02:00",
    "accelleration": {
        "x": 0.11028799414634705,
        "y": -0.9391559958457947,
        "z": -0.3067080080509186
    },
    "position": {
        "pitch": 353.63059289375605,
        "roll": 251.9181371774236,
        "yaw": 158.15805725087438
    }
}