{
    "time": "2023-07-01T19:10:02.589122+02:00",
    "accelleration": {
        "x": 0.10979999601840973,
        "y": -0.9374479651451111,
        "z": -0.3054879903793335
    },
    "position": {
        "pitch": 353.6415493709584,
        "roll": 251.9556280857778,
        "yaw": 157.27731801777958
    }
}