{
    "time": "2023-06-26T21:30:02.616384+02:00",
    "accelleration": {
        "x": 0.10858000069856644,
        "y": -0.9381799697875977,
        "z": -0.3003639876842499
    },
    "position": {
        "pitch": 353.7083225809449,
        "roll": 252.2498384842761,
        "yaw": 157.74399752300985
    }
}