{
    "time": "2022-07-21T22:00:02.954740+02:00",
    "accelleration": {
        "x": 0.10497908294200897,
        "y": -0.9202768206596375,
        "z": -0.33117327094078064
    },
    "position": {
        "pitch": 353.8785326026089,
        "roll": 250.20052901627298,
        "yaw": 177.82728085284026
    }
}