{
    "time": "2023-05-16T15:30:02.850222+02:00",
    "accelleration": {
        "x": 0.11199599504470825,
        "y": -0.941107988357544,
        "z": -0.30866000056266785
    },
    "position": {
        "pitch": 353.55434108874886,
        "roll": 251.84387253057804,
        "yaw": 174.1290202852235
    }
}