{
    "time": "2023-05-08T03:20:03.271140+02:00",
    "accelleration": {
        "x": 0.1134599968791008,
        "y": -0.9423279762268066,
        "z": -0.31158798933029175
    },
    "position": {
        "pitch": 353.4870372584412,
        "roll": 251.7218238802991,
        "yaw": 186.2294007216621
    }
}