{
    "time": "2023-04-29T16:40:03.379799+02:00",
    "accelleration": {
        "x": 0.10565199702978134,
        "y": -0.9398880004882812,
        "z": -0.301827996969223
    },
    "position": {
        "pitch": 353.8868799475483,
        "roll": 252.20592719810207,
        "yaw": 157.73927103210423
    }
}