{
    "time": "2023-05-30T11:20:02.725807+02:00",
    "accelleration": {
        "x": 0.11077599972486496,
        "y": -0.9413520097732544,
        "z": -0.37380799651145935
    },
    "position": {
        "pitch": 353.75777144298854,
        "roll": 248.42015141664996,
        "yaw": 151.89551144240303
    }
}