{
    "time": "2023-05-06T12:30:02.876254+02:00",
    "accelleration": {
        "x": 0.10906799882650375,
        "y": -0.9403759837150574,
        "z": -0.3093920052051544
    },
    "position": {
        "pitch": 353.7150631238821,
        "roll": 251.79708573476347,
        "yaw": 170.34907065513337
    }
}