{
    "time": "2022-07-18T22:30:02.478015+02:00",
    "accelleration": {
        "x": 0.10813087970018387,
        "y": -0.9214829206466675,
        "z": -0.3369579613208771
    },
    "position": {
        "pitch": 353.721374645562,
        "roll": 249.9043788440504,
        "yaw": 156.26073998247156
    }
}