{
    "time": "2023-07-04T05:00:03.303324+02:00",
    "accelleration": {
        "x": 0.10979999601840973,
        "y": -0.937936007976532,
        "z": -0.30817198753356934
    },
    "position": {
        "pitch": 353.65457283415833,
        "roll": 251.8198097741321,
        "yaw": 157.75910590145392
    }
}