{
    "time": "2023-06-01T01:00:02.932918+02:00",
    "accelleration": {
        "x": 0.11077599972486496,
        "y": -0.9403759837150574,
        "z": -0.30987998843193054
    },
    "position": {
        "pitch": 353.61689366871514,
        "roll": 251.75809901498104,
        "yaw": 167.919217197523
    }
}