{
    "time": "2023-05-17T12:00:02.458189+02:00",
    "accelleration": {
        "x": 0.11321599781513214,
        "y": -0.9418399930000305,
        "z": -0.31573599576950073
    },
    "position": {
        "pitch": 353.5063235782232,
        "roll": 251.4845567689112,
        "yaw": 111.25667135258173
    }
}