{
    "time": "2023-05-23T11:20:02.692373+02:00",
    "accelleration": {
        "x": 0.11321599781513214,
        "y": -0.9391559958457947,
        "z": -0.3101239800453186
    },
    "position": {
        "pitch": 353.47177392008035,
        "roll": 251.73139980551545,
        "yaw": 113.04777234920168
    }
}