{
    "time": "2023-06-04T17:40:03.055622+02:00",
    "accelleration": {
        "x": 0.11370399594306946,
        "y": -0.9396439790725708,
        "z": -0.31329599022865295
    },
    "position": {
        "pitch": 353.4520662630039,
        "roll": 251.563452284014,
        "yaw": 159.17134313500245
    }
}