{
    "time": "2023-05-22T00:30:03.420155+02:00",
    "accelleration": {
        "x": 0.11565599590539932,
        "y": -0.941107988357544,
        "z": -0.31915199756622314
    },
    "position": {
        "pitch": 353.3677462970396,
        "roll": 251.27088796110567,
        "yaw": 120.45344593792304
    }
}