{
    "time": "2023-05-16T14:10:03.419507+02:00",
    "accelleration": {
        "x": 0.10979999601840973,
        "y": -0.9398880004882812,
        "z": -0.31329599022865295
    },
    "position": {
        "pitch": 353.6773139489999,
        "roll": 251.57420300176761,
        "yaw": 174.21061372504846
    }
}