{
    "time": "2023-06-30T07:50:03.505972+02:00",
    "accelleration": {
        "x": 0.10906799882650375,
        "y": -0.9401319622993469,
        "z": -0.3067080080509186
    },
    "position": {
        "pitch": 353.7057633944403,
        "roll": 251.9393380846073,
        "yaw": 158.71690332876483
    }
}