{
    "time": "2023-04-30T12:30:03.322855+02:00",
    "accelleration": {
        "x": 0.10979999601840973,
        "y": -0.9401319622993469,
        "z": -0.3101239800453186
    },
    "position": {
        "pitch": 353.6692492031374,
        "roll": 251.82032203831983,
        "yaw": 175.29375878400742
    }
}