{
    "time": "2023-05-07T00:30:02.556205+02:00",
    "accelleration": {
        "x": 0.11467999964952469,
        "y": -0.941107988357544,
        "z": -0.3172000050544739
    },
    "position": {
        "pitch": 353.42289025619056,
        "roll": 251.39118808295711,
        "yaw": 109.72256988386185
    }
}