{
    "time": "2023-06-08T07:30:02.887120+02:00",
    "accelleration": {
        "x": 0.11394799500703812,
        "y": -0.9401319622993469,
        "z": -0.3172000050544739
    },
    "position": {
        "pitch": 353.45068613790477,
        "roll": 251.36375121306116,
        "yaw": 158.5520908640924
    }
}