{
    "time": "2022-07-03T10:40:03.381304+02:00",
    "accelleration": {
        "x": 0.11516180634498596,
        "y": -0.9210004806518555,
        "z": -0.34659910202026367
    },
    "position": {
        "pitch": 353.34653984032724,
        "roll": 249.35858525766383,
        "yaw": 184.9650507440227
    }
}