{
    "time": "2023-05-12T06:10:03.407157+02:00",
    "accelleration": {
        "x": 0.11321599781513214,
        "y": -0.9435479640960693,
        "z": -0.313539981842041
    },
    "position": {
        "pitch": 353.5082821349677,
        "roll": 251.62869425096596,
        "yaw": 170.58636508727795
    }
}