{
    "time": "2022-07-20T21:30:02.739692+02:00",
    "accelleration": {
        "x": 0.11031289398670197,
        "y": -0.9205180406570435,
        "z": -0.329968124628067
    },
    "position": {
        "pitch": 353.575195790719,
        "roll": 250.26348970004216,
        "yaw": 186.5623724437002
    }
}