{
    "time": "2022-07-08T22:20:02.466574+02:00",
    "accelleration": {
        "x": 0.10764598846435547,
        "y": -0.9205180406570435,
        "z": -0.3408144414424896
    },
    "position": {
        "pitch": 353.74725764742175,
        "roll": 249.67156501600135,
        "yaw": 168.3243293775748
    }
}