{
    "time": "2023-05-22T13:40:03.141191+02:00",
    "accelleration": {
        "x": 0.11248400062322617,
        "y": -0.9406200051307678,
        "z": -0.31500399112701416
    },
    "position": {
        "pitch": 353.53380270991465,
        "roll": 251.4913186561895,
        "yaw": 119.58127176204742
    }
}