{
    "time": "2022-07-01T17:00:03.175250+02:00",
    "accelleration": {
        "x": 0.10740353912115097,
        "y": -0.9183470010757446,
        "z": -0.34659910202026367
    },
    "position": {
        "pitch": 353.7562150136314,
        "roll": 249.31658642445745,
        "yaw": 130.05829017522674
    }
}