{
    "time": "2023-04-29T11:00:02.723151+02:00",
    "accelleration": {
        "x": 0.1117519959807396,
        "y": -0.9413520097732544,
        "z": -0.3101239800453186
    },
    "position": {
        "pitch": 353.57706683566477,
        "roll": 251.77435486520565,
        "yaw": 176.9431811666738
    }
}