{
    "time": "2023-06-22T18:10:02.473507+02:00",
    "accelleration": {
        "x": 0.10979999601840973,
        "y": -0.9391559958457947,
        "z": -0.30280399322509766
    },
    "position": {
        "pitch": 353.65055326783175,
        "roll": 252.1304399473951,
        "yaw": 157.4003297247315
    }
}