{
    "time": "2023-06-24T08:50:02.975610+02:00",
    "accelleration": {
        "x": 0.10979999601840973,
        "y": -0.9393999576568604,
        "z": -0.3030479848384857
    },
    "position": {
        "pitch": 353.65805281554043,
        "roll": 252.12865726802173,
        "yaw": 158.85458628205393
    }
}