{
    "time": "2022-07-18T08:10:03.408148+02:00",
    "accelleration": {
        "x": 0.10619131475687027,
        "y": -0.9238952398300171,
        "z": -0.3314143121242523
    },
    "position": {
        "pitch": 353.8359480806812,
        "roll": 250.24448811377118,
        "yaw": 141.26089324431484
    }
}