{
    "time": "2022-07-16T11:10:02.600549+02:00",
    "accelleration": {
        "x": 0.10885821282863617,
        "y": -0.9207592606544495,
        "z": -0.3253886103630066
    },
    "position": {
        "pitch": 353.65850915755436,
        "roll": 250.51071522723993,
        "yaw": 189.52090986382626
    }
}