{
    "time": "2023-06-28T23:40:02.747476+02:00",
    "accelleration": {
        "x": 0.10955599695444107,
        "y": -0.9384239912033081,
        "z": -0.30402398109436035
    },
    "position": {
        "pitch": 353.6626166625665,
        "roll": 252.0557313382535,
        "yaw": 158.97123225269942
    }
}