{
    "time": "2023-06-13T00:50:02.977362+02:00",
    "accelleration": {
        "x": 0.1105320006608963,
        "y": -0.9391559958457947,
        "z": -0.3111000061035156
    },
    "position": {
        "pitch": 353.625186799028,
        "roll": 251.67870489606878,
        "yaw": 158.06668298015794
    }
}