{
    "time": "2023-04-30T00:20:02.432150+02:00",
    "accelleration": {
        "x": 0.11224000155925751,
        "y": -0.9415959715843201,
        "z": -0.3042680025100708
    },
    "position": {
        "pitch": 353.53676231625934,
        "roll": 252.10316700203924,
        "yaw": 184.21995906784434
    }
}