{
    "time": "2023-05-31T14:30:02.682622+02:00",
    "accelleration": {
        "x": 0.1105320006608963,
        "y": -0.9403759837150574,
        "z": -0.3147599995136261
    },
    "position": {
        "pitch": 353.6379182716409,
        "roll": 251.50848292157374,
        "yaw": 137.36391515298573
    }
}