{
    "time": "2023-05-13T11:40:03.227399+02:00",
    "accelleration": {
        "x": 0.10955599695444107,
        "y": -0.9406200051307678,
        "z": -0.3108559846878052
    },
    "position": {
        "pitch": 353.689248423914,
        "roll": 251.72591516361194,
        "yaw": 145.14690205183692
    }
}