{
    "time": "2023-05-20T16:30:02.620241+02:00",
    "accelleration": {
        "x": 0.1076039969921112,
        "y": -0.9403759837150574,
        "z": -0.31329599022865295
    },
    "position": {
        "pitch": 353.7991243964315,
        "roll": 251.52121439418664,
        "yaw": 162.35900608102574
    }
}