{
    "time": "2023-06-20T18:20:03.334062+02:00",
    "accelleration": {
        "x": 0.11077599972486496,
        "y": -0.9393999576568604,
        "z": -0.3050000071525574
    },
    "position": {
        "pitch": 353.5993810636832,
        "roll": 252.01466824096337,
        "yaw": 157.612953513594
    }
}