{
    "time": "2023-06-11T13:10:03.104060+02:00",
    "accelleration": {
        "x": 0.11199599504470825,
        "y": -0.9396439790725708,
        "z": -0.3079279959201813
    },
    "position": {
        "pitch": 353.5377620851991,
        "roll": 251.85607124843568,
        "yaw": 158.05026320539324
    }
}