{
    "time": "2023-04-29T14:40:03.334864+02:00",
    "accelleration": {
        "x": 0.10979999601840973,
        "y": -0.9406200051307678,
        "z": -0.30231598019599915
    },
    "position": {
        "pitch": 353.6622516743327,
        "roll": 252.18844874401603,
        "yaw": 130.10543214087818
    }
}