{
    "time": "2023-06-11T17:40:03.401544+02:00",
    "accelleration": {
        "x": 0.11077599972486496,
        "y": -0.9386679530143738,
        "z": -0.3089039921760559
    },
    "position": {
        "pitch": 353.60196842471817,
        "roll": 251.78332290358588,
        "yaw": 157.6729772160201
    }
}