{
    "time": "2023-05-30T21:10:03.148336+02:00",
    "accelleration": {
        "x": 0.10955599695444107,
        "y": -0.9391559958457947,
        "z": -0.31329599022865295
    },
    "position": {
        "pitch": 353.6801536001473,
        "roll": 251.56330885004144,
        "yaw": 165.75546790997632
    }
}