{
    "time": "2023-05-16T18:50:03.095923+02:00",
    "accelleration": {
        "x": 0.11004399508237839,
        "y": -0.9418399930000305,
        "z": -0.3152479827404022
    },
    "position": {
        "pitch": 353.67682217537964,
        "roll": 251.5099514122453,
        "yaw": 138.73593623270122
    }
}