{
    "time": "2023-06-16T00:30:03.079008+02:00",
    "accelleration": {
        "x": 0.11297199875116348,
        "y": -0.9391559958457947,
        "z": -0.3125639855861664
    },
    "position": {
        "pitch": 353.48834694721455,
        "roll": 251.59530828630295,
        "yaw": 157.89800462841532
    }
}