{
    "time": "2022-07-08T15:20:02.352069+02:00",
    "accelleration": {
        "x": 0.11249490827322006,
        "y": -0.9200355410575867,
        "z": -0.33912724256515503
    },
    "position": {
        "pitch": 353.4732330192418,
        "roll": 249.73556388852438,
        "yaw": 124.71187764012922
    }
}