{
    "time": "2023-06-14T06:20:03.008935+02:00",
    "accelleration": {
        "x": 0.11467999964952469,
        "y": -0.9413520097732544,
        "z": -0.3201279938220978
    },
    "position": {
        "pitch": 353.42204459339393,
        "roll": 251.2262185239338,
        "yaw": 158.1104918134944
    }
}