{
    "time": "2023-06-01T00:30:03.468301+02:00",
    "accelleration": {
        "x": 0.11394799500703812,
        "y": -0.9398880004882812,
        "z": -0.31866398453712463
    },
    "position": {
        "pitch": 353.45478595895406,
        "roll": 251.28333939596263,
        "yaw": 125.63710872547749
    }
}