{
    "time": "2023-05-22T22:50:03.443805+02:00",
    "accelleration": {
        "x": 0.1163880005478859,
        "y": -0.9389119744300842,
        "z": -0.31793197989463806
    },
    "position": {
        "pitch": 353.3061691534642,
        "roll": 251.29640554784484,
        "yaw": 192.04977374364515
    }
}