{
    "time": "2023-05-04T08:30:03.252543+02:00",
    "accelleration": {
        "x": 0.11248400062322617,
        "y": -0.9408639669418335,
        "z": -0.31378400325775146
    },
    "position": {
        "pitch": 353.53589402846114,
        "roll": 251.57058983169668,
        "yaw": 109.41706918266551
    }
}