{
    "time": "2022-07-19T23:10:02.753488+02:00",
    "accelleration": {
        "x": 0.10813087970018387,
        "y": -0.9234127402305603,
        "z": -0.32803991436958313
    },
    "position": {
        "pitch": 353.7128326402312,
        "roll": 250.41811835266208,
        "yaw": 169.33839390326824
    }
}