{
    "time": "2023-06-21T07:10:02.417709+02:00",
    "accelleration": {
        "x": 0.11028799414634705,
        "y": -0.9393999576568604,
        "z": -0.305976003408432
    },
    "position": {
        "pitch": 353.63419752609053,
        "roll": 251.96432291659124,
        "yaw": 159.29943650269686
    }
}