{
    "time": "2023-04-27T15:50:02.762671+02:00",
    "accelleration": {
        "x": 0.10931199789047241,
        "y": -0.9403759837150574,
        "z": -0.30743998289108276
    },
    "position": {
        "pitch": 353.69979124778473,
        "roll": 251.90951064850185,
        "yaw": 102.02963902921728
    }
}