{
    "time": "2022-07-18T10:30:02.627253+02:00",
    "accelleration": {
        "x": 0.11152512580156326,
        "y": -0.9231715202331543,
        "z": -0.3251475393772125
    },
    "position": {
        "pitch": 353.51943455322186,
        "roll": 250.56638809916473,
        "yaw": 112.85727837325003
    }
}