{
    "time": "2022-07-01T18:00:03.212159+02:00",
    "accelleration": {
        "x": 0.11467691510915756,
        "y": -0.9200355410575867,
        "z": -0.33888617157936096
    },
    "position": {
        "pitch": 353.34249935654634,
        "roll": 249.7624338527192,
        "yaw": 129.09144957745477
    }
}