{
    "time": "2022-07-16T00:40:02.643745+02:00",
    "accelleration": {
        "x": 0.11297979205846786,
        "y": -0.9210004806518555,
        "z": -0.32273727655410767
    },
    "position": {
        "pitch": 353.41716613077926,
        "roll": 250.67229018224577,
        "yaw": 183.63183879917122
    }
}