{
    "time": "2023-06-25T14:30:02.457661+02:00",
    "accelleration": {
        "x": 0.10662800073623657,
        "y": -0.937936007976532,
        "z": -0.2989000082015991
    },
    "position": {
        "pitch": 353.81960258422373,
        "roll": 252.32607022560262,
        "yaw": 159.16557845534297
    }
}