{
    "time": "2022-07-04T20:50:03.255185+02:00",
    "accelleration": {
        "x": 0.10861577093601227,
        "y": -0.9214829206466675,
        "z": -0.3449119031429291
    },
    "position": {
        "pitch": 353.78064574651887,
        "roll": 249.4662358691724,
        "yaw": 136.15543612275704
    }
}