{
    "time": "2023-06-01T07:10:02.616433+02:00",
    "accelleration": {
        "x": 0.10931199789047241,
        "y": -0.9408639669418335,
        "z": -0.3152479827404022
    },
    "position": {
        "pitch": 353.71431009552606,
        "roll": 251.48620284450118,
        "yaw": 170.63964056280406
    }
}