{
    "time": "2023-07-02T01:30:02.874079+02:00",
    "accelleration": {
        "x": 0.11101999878883362,
        "y": -0.937936007976532,
        "z": -0.3096359968185425
    },
    "position": {
        "pitch": 353.5873582231967,
        "roll": 251.7410918439477,
        "yaw": 157.92395934726136
    }
}