{
    "time": "2023-06-23T10:00:03.043849+02:00",
    "accelleration": {
        "x": 0.10906799882650375,
        "y": -0.9381799697875977,
        "z": -0.3030479848384857
    },
    "position": {
        "pitch": 353.6885111903705,
        "roll": 252.10272303974318,
        "yaw": 158.16005166611203
    }
}