{
    "time": "2023-06-20T12:10:02.877760+02:00",
    "accelleration": {
        "x": 0.11028799414634705,
        "y": -0.9391559958457947,
        "z": -0.30695199966430664
    },
    "position": {
        "pitch": 353.6310535046382,
        "roll": 251.90328151597882,
        "yaw": 158.01047052328875
    }
}