{
    "time": "2022-07-16T16:40:02.483379+02:00",
    "accelleration": {
        "x": 0.11007044464349747,
        "y": -0.9229303002357483,
        "z": -0.31791672110557556
    },
    "position": {
        "pitch": 353.5777869937354,
        "roll": 250.95962941043902,
        "yaw": 125.74990246943108
    }
}