{
    "time": "2022-07-22T05:40:03.200570+02:00",
    "accelleration": {
        "x": 0.10546397417783737,
        "y": -0.9222065806388855,
        "z": -0.3258706331253052
    },
    "position": {
        "pitch": 353.85996900221846,
        "roll": 250.52149326575022,
        "yaw": 144.43225935897848
    }
}