{
    "time": "2023-05-18T01:50:02.459558+02:00",
    "accelleration": {
        "x": 0.1117519959807396,
        "y": -0.944767951965332,
        "z": -0.31207600235939026
    },
    "position": {
        "pitch": 353.6019189058467,
        "roll": 251.7304025978966,
        "yaw": 138.36326745120698
    }
}