{
    "time": "2023-06-16T08:20:03.336826+02:00",
    "accelleration": {
        "x": 0.11224000155925751,
        "y": -0.9398880004882812,
        "z": -0.31378400325775146
    },
    "position": {
        "pitch": 353.5387691112149,
        "roll": 251.54519518836256,
        "yaw": 158.28262624095706
    }
}