{
    "time": "2023-05-16T13:10:02.700586+02:00",
    "accelleration": {
        "x": 0.10979999601840973,
        "y": -0.941107988357544,
        "z": -0.3711239993572235
    },
    "position": {
        "pitch": 353.80395547460887,
        "roll": 248.55233606765722,
        "yaw": 134.4965334375227
    }
}