{
    "time": "2023-04-30T02:10:02.416582+02:00",
    "accelleration": {
        "x": 0.11370399594306946,
        "y": -0.9415959715843201,
        "z": -0.3076840043067932
    },
    "position": {
        "pitch": 353.4572456808289,
        "roll": 251.9128711015735,
        "yaw": 112.0513228813777
    }
}