{
    "time": "2023-07-05T22:20:02.657898+02:00",
    "accelleration": {
        "x": 0.11101999878883362,
        "y": -0.9384239912033081,
        "z": -0.30573198199272156
    },
    "position": {
        "pitch": 353.58185010251793,
        "roll": 251.95804597274397,
        "yaw": 157.88106575927367
    }
}