{
    "time": "2023-06-21T20:10:02.764048+02:00",
    "accelleration": {
        "x": 0.10979999601840973,
        "y": -0.9386679530143738,
        "z": -0.30280399322509766
    },
    "position": {
        "pitch": 353.64572731229634,
        "roll": 252.1227901355247,
        "yaw": 158.02361180725185
    }
}