{
    "time": "2022-07-07T06:40:02.983242+02:00",
    "accelleration": {
        "x": 0.11225245893001556,
        "y": -0.9185882210731506,
        "z": -0.34394779801368713
    },
    "position": {
        "pitch": 353.487624227823,
        "roll": 249.46239730285888,
        "yaw": 187.67737350494812
    }
}