{
    "time": "2023-05-23T10:00:02.571202+02:00",
    "accelleration": {
        "x": 0.11467999964952469,
        "y": -0.9408639669418335,
        "z": -0.32330000400543213
    },
    "position": {
        "pitch": 353.3801729724608,
        "roll": 251.05151594534323,
        "yaw": 130.6774468234884
    }
}