{
    "time": "2023-06-16T08:40:03.391554+02:00",
    "accelleration": {
        "x": 0.11272799968719482,
        "y": -0.9406200051307678,
        "z": -0.31500399112701416
    },
    "position": {
        "pitch": 353.5187502536444,
        "roll": 251.49547824139404,
        "yaw": 158.51317244620168
    }
}