{
    "time": "2023-06-11T06:20:03.068234+02:00",
    "accelleration": {
        "x": 0.11126399785280228,
        "y": -0.9415959715843201,
        "z": -0.313539981842041
    },
    "position": {
        "pitch": 353.6033485498173,
        "roll": 251.5886488518622,
        "yaw": 158.59180158392687
    }
}