{
    "time": "2022-07-05T09:50:02.862896+02:00",
    "accelleration": {
        "x": 0.11104022711515427,
        "y": -0.9197943806648254,
        "z": -0.34852734208106995
    },
    "position": {
        "pitch": 353.56775728782605,
        "roll": 249.23337422979918,
        "yaw": 145.1958062062942
    }
}