{
    "time": "2023-05-03T23:20:03.319764+02:00",
    "accelleration": {
        "x": 0.10906799882650375,
        "y": -0.937936007976532,
        "z": -0.3125639855861664
    },
    "position": {
        "pitch": 353.70297795791936,
        "roll": 251.5840862854966,
        "yaw": 143.61051929993425
    }
}