{
    "time": "2022-07-13T11:50:02.604103+02:00",
    "accelleration": {
        "x": 0.10982800275087357,
        "y": -0.9207592606544495,
        "z": -0.32177314162254333
    },
    "position": {
        "pitch": 353.59247958441375,
        "roll": 250.7185237327376,
        "yaw": 185.34266458247603
    }
}