{
    "time": "2023-05-16T00:50:02.531597+02:00",
    "accelleration": {
        "x": 0.10858000069856644,
        "y": -0.9425719976425171,
        "z": -0.3125639855861664
    },
    "position": {
        "pitch": 353.75884677089596,
        "roll": 251.66551580078152,
        "yaw": 142.07503813300204
    }
}