{
    "time": "2023-05-22T14:30:02.686353+02:00",
    "accelleration": {
        "x": 0.1105320006608963,
        "y": -0.9398880004882812,
        "z": -0.3201279938220978
    },
    "position": {
        "pitch": 353.6437977838558,
        "roll": 251.20639731496243,
        "yaw": 164.20785632707816
    }
}