{
    "time": "2022-07-20T16:10:03.048892+02:00",
    "accelleration": {
        "x": 0.10982800275087357,
        "y": -0.9219653606414795,
        "z": -0.31671157479286194
    },
    "position": {
        "pitch": 353.5833621356454,
        "roll": 251.0020039040498,
        "yaw": 173.18659078354514
    }
}