{
    "time": "2023-05-25T05:40:03.003216+02:00",
    "accelleration": {
        "x": 0.11101999878883362,
        "y": -0.9435479640960693,
        "z": -0.31207600235939026
    },
    "position": {
        "pitch": 353.6254706787654,
        "roll": 251.6989564069579,
        "yaw": 187.70974860161397
    }
}