{
    "time": "2022-07-16T21:10:02.989743+02:00",
    "accelleration": {
        "x": 0.11249490827322006,
        "y": -0.9212417006492615,
        "z": -0.3302091658115387
    },
    "position": {
        "pitch": 353.46072438155056,
        "roll": 250.27338664414953,
        "yaw": 114.9289430504066
    }
}