{
    "time": "2023-06-06T02:20:02.950951+02:00",
    "accelleration": {
        "x": 0.11565599590539932,
        "y": -0.9418399930000305,
        "z": -0.31622397899627686
    },
    "position": {
        "pitch": 353.36193209850865,
        "roll": 251.44589106801976,
        "yaw": 158.25568797487054
    }
}