{
    "time": "2023-05-19T02:30:02.739487+02:00",
    "accelleration": {
        "x": 0.10906799882650375,
        "y": -0.9418399930000305,
        "z": -0.3164680004119873
    },
    "position": {
        "pitch": 353.73863367982096,
        "roll": 251.44454552075325,
        "yaw": 171.0649018009074
    }
}