{
    "time": "2023-06-29T02:30:02.827325+02:00",
    "accelleration": {
        "x": 0.10858000069856644,
        "y": -0.9384239912033081,
        "z": -0.3030479848384857
    },
    "position": {
        "pitch": 353.7155578857101,
        "roll": 252.10734707781128,
        "yaw": 158.5939599237046
    }
}