{
    "time": "2023-05-05T10:30:03.430344+02:00",
    "accelleration": {
        "x": 0.11370399594306946,
        "y": -0.9396439790725708,
        "z": -0.3113439977169037
    },
    "position": {
        "pitch": 353.45437870892476,
        "roll": 251.67601380153582,
        "yaw": 123.65371741315417
    }
}