{
    "time": "2023-06-11T05:20:03.268564+02:00",
    "accelleration": {
        "x": 0.11224000155925751,
        "y": -0.9403759837150574,
        "z": -0.3118319809436798
    },
    "position": {
        "pitch": 353.53862653101595,
        "roll": 251.66188214014306,
        "yaw": 158.2409347662633
    }
}