{
    "time": "2023-05-18T12:50:03.524540+02:00",
    "accelleration": {
        "x": 0.11077599972486496,
        "y": -0.9398880004882812,
        "z": -0.31036800146102905
    },
    "position": {
        "pitch": 353.6237746574171,
        "roll": 251.73269071126856,
        "yaw": 100.88032309757922
    }
}