{
    "time": "2022-07-04T14:30:02.809430+02:00",
    "accelleration": {
        "x": 0.10764598846435547,
        "y": -0.915934681892395,
        "z": -0.34563499689102173
    },
    "position": {
        "pitch": 353.7310444858794,
        "roll": 249.31494717905662,
        "yaw": 172.71909165561445
    }
}