{
    "time": "2023-05-16T07:10:03.018342+02:00",
    "accelleration": {
        "x": 0.11126399785280228,
        "y": -0.941107988357544,
        "z": -0.313539981842041
    },
    "position": {
        "pitch": 353.6079439864683,
        "roll": 251.52887103624624,
        "yaw": 202.2693623270067
    }
}