{
    "time": "2023-05-13T22:20:02.772960+02:00",
    "accelleration": {
        "x": 0.10858000069856644,
        "y": -0.9430599808692932,
        "z": -0.3152479827404022
    },
    "position": {
        "pitch": 353.7653286204183,
        "roll": 251.5313572251041,
        "yaw": 144.73036979549286
    }
}