{
    "time": "2022-07-08T07:20:02.674376+02:00",
    "accelleration": {
        "x": 0.10788843780755997,
        "y": -0.9202768206596375,
        "z": -0.3408144414424896
    },
    "position": {
        "pitch": 353.7387805288881,
        "roll": 249.66195493983912,
        "yaw": 150.8173524215382
    }
}