{
    "time": "2023-07-01T05:50:08.451060+02:00",
    "accelleration": {
        "x": 0.10955599695444107,
        "y": -0.937936007976532,
        "z": -0.3093920052051544
    },
    "position": {
        "pitch": 353.6727471137661,
        "roll": 251.751548863567,
        "yaw": 158.5574730531584
    }
}