{
    "time": "2023-07-01T08:10:03.390883+02:00",
    "accelleration": {
        "x": 0.1088239997625351,
        "y": -0.9384239912033081,
        "z": -0.31036800146102905
    },
    "position": {
        "pitch": 353.7181986075979,
        "roll": 251.70787663401393,
        "yaw": 158.32414013073242
    }
}