{
    "time": "2022-07-02T15:10:03.027990+02:00",
    "accelleration": {
        "x": 0.11443447321653366,
        "y": -0.9222065806388855,
        "z": -0.3441888391971588
    },
    "position": {
        "pitch": 353.3791262459705,
        "roll": 249.51227134417832,
        "yaw": 135.96770154323008
    }
}