{
    "time": "2022-07-08T19:00:02.730701+02:00",
    "accelleration": {
        "x": 0.11297979205846786,
        "y": -0.9190706610679626,
        "z": -0.34659910202026367
    },
    "position": {
        "pitch": 353.4565682114406,
        "roll": 249.32173638709162,
        "yaw": 181.82824538655933
    }
}