{
    "time": "2023-06-07T22:10:02.691042+02:00",
    "accelleration": {
        "x": 0.1117519959807396,
        "y": -0.9408639669418335,
        "z": -0.3118319809436798
    },
    "position": {
        "pitch": 353.5634790280847,
        "roll": 251.7354637680716,
        "yaw": 158.0063587494084
    }
}