{
    "time": "2023-07-02T19:30:02.566788+02:00",
    "accelleration": {
        "x": 0.1105320006608963,
        "y": -0.9381799697875977,
        "z": -0.3054879903793335
    },
    "position": {
        "pitch": 353.6047726442593,
        "roll": 251.96742382247442,
        "yaw": 157.8622690786778
    }
}