{
    "time": "2023-07-06T08:30:02.483277+02:00",
    "accelleration": {
        "x": 0.11077599972486496,
        "y": -0.9393999576568604,
        "z": -0.30914798378944397
    },
    "position": {
        "pitch": 353.61150891832824,
        "roll": 251.791041017348,
        "yaw": 157.50112965650254
    }
}