{
    "time": "2023-07-05T01:20:03.283061+02:00",
    "accelleration": {
        "x": 0.10955599695444107,
        "y": -0.9391559958457947,
        "z": -0.30524399876594543
    },
    "position": {
        "pitch": 353.66947844136143,
        "roll": 251.99781816428097,
        "yaw": 158.35411100081043
    }
}