{
    "time": "2023-06-28T02:50:03.297665+02:00",
    "accelleration": {
        "x": 0.10809199512004852,
        "y": -0.9389119744300842,
        "z": -0.30280399322509766
    },
    "position": {
        "pitch": 353.74832102249815,
        "roll": 252.13018040020665,
        "yaw": 158.09698169931613
    }
}