{
    "time": "2023-06-26T12:20:03.260278+02:00",
    "accelleration": {
        "x": 0.10833600163459778,
        "y": -0.9372040033340454,
        "z": -0.29938799142837524
    },
    "position": {
        "pitch": 353.7176513386907,
        "roll": 252.28732256244112,
        "yaw": 157.07798577704193
    }
}