{
    "time": "2023-05-13T03:20:03.096474+02:00",
    "accelleration": {
        "x": 0.11492399871349335,
        "y": -0.9425719976425171,
        "z": -0.31622397899627686
    },
    "position": {
        "pitch": 353.41060402653414,
        "roll": 251.468198465849,
        "yaw": 192.40570856167284
    }
}