{
    "time": "2023-05-22T20:10:03.279259+02:00",
    "accelleration": {
        "x": 0.11101999878883362,
        "y": -0.9391559958457947,
        "z": -0.3130519986152649
    },
    "position": {
        "pitch": 353.600296309032,
        "roll": 251.57355413379645,
        "yaw": 190.41946223027645
    }
}