{
    "time": "2022-07-15T20:50:02.644758+02:00",
    "accelleration": {
        "x": 0.11055533587932587,
        "y": -0.9214829206466675,
        "z": -0.32105007767677307
    },
    "position": {
        "pitch": 353.55490714067633,
        "roll": 250.76079577351078,
        "yaw": 171.93495861814029
    }
}