{
    "time": "2023-05-19T08:10:02.622433+02:00",
    "accelleration": {
        "x": 0.1117519959807396,
        "y": -0.9452559947967529,
        "z": -0.3164680004119873
    },
    "position": {
        "pitch": 353.60914311155443,
        "roll": 251.4994056001668,
        "yaw": 143.78679282203396
    }
}