{
    "time": "2023-06-08T06:40:02.504140+02:00",
    "accelleration": {
        "x": 0.11297199875116348,
        "y": -0.9408639669418335,
        "z": -0.3147599995136261
    },
    "position": {
        "pitch": 353.5054557173118,
        "roll": 251.5084214498712,
        "yaw": 158.32282873441176
    }
}