{
    "time": "2022-07-18T20:50:02.604982+02:00",
    "accelleration": {
        "x": 0.10837332904338837,
        "y": -0.9214829206466675,
        "z": -0.33093225955963135
    },
    "position": {
        "pitch": 353.69181145240003,
        "roll": 250.2368587924683,
        "yaw": 173.9093614015159
    }
}