{
    "time": "2023-06-09T04:20:02.836774+02:00",
    "accelleration": {
        "x": 0.11248400062322617,
        "y": -0.9413520097732544,
        "z": -0.313539981842041
    },
    "position": {
        "pitch": 353.5329382640978,
        "roll": 251.5870915687314,
        "yaw": 158.4657709333618
    }
}