{
    "time": "2023-06-21T00:40:03.125522+02:00",
    "accelleration": {
        "x": 0.11077599972486496,
        "y": -0.9391559958457947,
        "z": -0.30621999502182007
    },
    "position": {
        "pitch": 353.603626880026,
        "roll": 251.94612046245314,
        "yaw": 158.279730240749
    }
}