{
    "time": "2023-06-25T15:10:02.688214+02:00",
    "accelleration": {
        "x": 0.10955599695444107,
        "y": -0.9384239912033081,
        "z": -0.3025600016117096
    },
    "position": {
        "pitch": 353.6619852969551,
        "roll": 252.1368603252149,
        "yaw": 158.48120716088602
    }
}