{
    "time": "2023-05-10T18:40:02.906467+02:00",
    "accelleration": {
        "x": 0.10735999792814255,
        "y": -0.9415959715843201,
        "z": -0.3123199939727783
    },
    "position": {
        "pitch": 353.81952702525604,
        "roll": 251.66611685742845,
        "yaw": 132.78189640866103
    }
}