{
    "time": "2023-06-18T02:30:03.586151+02:00",
    "accelleration": {
        "x": 0.11077599972486496,
        "y": -0.9393999576568604,
        "z": -0.31036800146102905
    },
    "position": {
        "pitch": 353.614654220441,
        "roll": 251.72779346563368,
        "yaw": 157.64099827032607
    }
}