{
    "time": "2022-07-09T05:10:02.748433+02:00",
    "accelleration": {
        "x": 0.11007044464349747,
        "y": -0.9207592606544495,
        "z": -0.33719897270202637
    },
    "position": {
        "pitch": 353.6163664634886,
        "roll": 249.86433344494662,
        "yaw": 165.47562139930255
    }
}