{
    "time": "2023-05-17T05:20:03.372164+02:00",
    "accelleration": {
        "x": 0.10955599695444107,
        "y": -0.9398880004882812,
        "z": -0.3118319809436798
    },
    "position": {
        "pitch": 353.68910925880965,
        "roll": 251.66111032876685,
        "yaw": 118.63106950509359
    }
}