{
    "time": "2022-07-03T10:50:03.437777+02:00",
    "accelleration": {
        "x": 0.10813087970018387,
        "y": -0.9193118810653687,
        "z": -0.3412964642047882
    },
    "position": {
        "pitch": 353.7226843343353,
        "roll": 249.6040417658666,
        "yaw": 178.5267058842279
    }
}