{
    "time": "2023-06-18T16:40:02.486506+02:00",
    "accelleration": {
        "x": 0.10979999601840973,
        "y": -0.9389119744300842,
        "z": -0.3076840043067932
    },
    "position": {
        "pitch": 353.65976633924845,
        "roll": 251.85976638077665,
        "yaw": 157.59676596526106
    }
}