{
    "time": "2022-07-13T15:40:02.376532+02:00",
    "accelleration": {
        "x": 0.11152512580156326,
        "y": -0.9217241406440735,
        "z": -0.32803991436958313
    },
    "position": {
        "pitch": 353.510180927557,
        "roll": 250.40220401189595,
        "yaw": 142.3276185285091
    }
}