{
    "time": "2023-06-28T14:10:03.359514+02:00",
    "accelleration": {
        "x": 0.10858000069856644,
        "y": -0.9376919865608215,
        "z": -0.30231598019599915
    },
    "position": {
        "pitch": 353.7101355692827,
        "roll": 252.1369559478633,
        "yaw": 158.46970512232372
    }
}