{
    "time": "2022-07-16T22:50:02.905453+02:00",
    "accelleration": {
        "x": 0.10352440178394318,
        "y": -0.9197943806648254,
        "z": -0.3287630081176758
    },
    "position": {
        "pitch": 353.9543003179587,
        "roll": 250.31530351508587,
        "yaw": 174.91981958732757
    }
}