{
    "time": "2022-07-19T16:30:02.611465+02:00",
    "accelleration": {
        "x": 0.11152512580156326,
        "y": -0.9229303002357483,
        "z": -0.32346034049987793
    },
    "position": {
        "pitch": 353.5138555693304,
        "roll": 250.65179278454656,
        "yaw": 169.81317401285418
    }
}