{
    "time": "2023-05-18T07:10:02.847836+02:00",
    "accelleration": {
        "x": 0.1076039969921112,
        "y": -0.9413520097732544,
        "z": -0.31549200415611267
    },
    "position": {
        "pitch": 353.81155149873956,
        "roll": 251.48045865540917,
        "yaw": 146.3158889282846
    }
}