{
    "time": "2022-06-30T10:10:02.800414+02:00",
    "accelleration": {
        "x": 0.10958555340766907,
        "y": -0.9217241406440735,
        "z": -0.34659910202026367
    },
    "position": {
        "pitch": 353.6575388438054,
        "roll": 249.38523665580524,
        "yaw": 142.6590466277948
    }
}