{
    "time": "2023-06-08T05:10:03.423629+02:00",
    "accelleration": {
        "x": 0.11467999964952469,
        "y": -0.9396439790725708,
        "z": -0.3152479827404022
    },
    "position": {
        "pitch": 353.4030818538239,
        "roll": 251.45846544628174,
        "yaw": 158.49914323764648
    }
}