{
    "time": "2023-07-04T16:00:02.752242+02:00",
    "accelleration": {
        "x": 0.1088239997625351,
        "y": -0.9372040033340454,
        "z": -0.30353599786758423
    },
    "position": {
        "pitch": 353.69321249495357,
        "roll": 252.0554581306867,
        "yaw": 157.64256921383517
    }
}