{
    "time": "2022-07-19T21:30:02.782882+02:00",
    "accelleration": {
        "x": 0.11346468329429626,
        "y": -0.9207592606544495,
        "z": -0.32466551661491394
    },
    "position": {
        "pitch": 353.38816984331845,
        "roll": 250.55082209804624,
        "yaw": 192.65902661761027
    }
}