{
    "time": "2022-07-10T20:10:02.926401+02:00",
    "accelleration": {
        "x": 0.10497908294200897,
        "y": -0.9229303002357483,
        "z": -0.33430665731430054
    },
    "position": {
        "pitch": 353.9012839627342,
        "roll": 250.0757961016502,
        "yaw": 135.58015660972356
    }
}