{
    "time": "2023-04-28T19:50:03.320883+02:00",
    "accelleration": {
        "x": 0.10711599886417389,
        "y": -0.9389119744300842,
        "z": -0.3079279959201813
    },
    "position": {
        "pitch": 353.8165255840026,
        "roll": 251.85566143708547,
        "yaw": 155.9883656987498
    }
}