{
    "time": "2023-05-09T09:20:02.997496+02:00",
    "accelleration": {
        "x": 0.10979999601840973,
        "y": -0.9398880004882812,
        "z": -0.3113439977169037
    },
    "position": {
        "pitch": 353.67525934272015,
        "roll": 251.68472912291674,
        "yaw": 178.4232968201939
    }
}