{
    "time": "2023-05-02T00:00:02.499656+02:00",
    "accelleration": {
        "x": 0.10906799882650375,
        "y": -0.9420839548110962,
        "z": -0.31378400325775146
    },
    "position": {
        "pitch": 353.72980779475284,
        "roll": 251.5983682110511,
        "yaw": 152.16940202812054
    }
}