{
    "time": "2022-07-13T09:20:02.479224+02:00",
    "accelleration": {
        "x": 0.10740353912115097,
        "y": -0.9212417006492615,
        "z": -0.3239424228668213
    },
    "position": {
        "pitch": 353.68930221165374,
        "roll": 250.6085235361545,
        "yaw": 181.94576562141856
    }
}