{
    "time": "2023-06-28T17:10:02.876663+02:00",
    "accelleration": {
        "x": 0.1088239997625351,
        "y": -0.937936007976532,
        "z": -0.3030479848384857
    },
    "position": {
        "pitch": 353.6975432617742,
        "roll": 252.10198537931285,
        "yaw": 158.14199264594652
    }
}