{
    "time": "2023-06-02T08:10:03.343127+02:00",
    "accelleration": {
        "x": 0.11248400062322617,
        "y": -0.9413520097732544,
        "z": -0.3184199929237366
    },
    "position": {
        "pitch": 353.54176286850543,
        "roll": 251.32286570068948,
        "yaw": 157.28390232013948
    }
}