{
    "time": "2023-06-15T09:20:03.269578+02:00",
    "accelleration": {
        "x": 0.11370399594306946,
        "y": -0.941107988357544,
        "z": -0.31744399666786194
    },
    "position": {
        "pitch": 353.4686469741009,
        "roll": 251.36717996802452,
        "yaw": 158.77155850250327
    }
}