{
    "time": "2023-05-14T19:30:03.101865+02:00",
    "accelleration": {
        "x": 0.11394799500703812,
        "y": -0.9398880004882812,
        "z": -0.31036800146102905
    },
    "position": {
        "pitch": 353.43670900954197,
        "roll": 251.73547059826078,
        "yaw": 193.4389522585557
    }
}