{
    "time": "2022-07-17T22:10:03.052293+02:00",
    "accelleration": {
        "x": 0.10910066217184067,
        "y": -0.9181057810783386,
        "z": -0.3193628787994385
    },
    "position": {
        "pitch": 353.61156484050207,
        "roll": 250.80254871990707,
        "yaw": 114.53104355011833
    }
}