{
    "time": "2023-05-27T04:00:03.005517+02:00",
    "accelleration": {
        "x": 0.11419199407100677,
        "y": -0.9408639669418335,
        "z": -0.305976003408432
    },
    "position": {
        "pitch": 353.42027600128574,
        "roll": 251.98288054056616,
        "yaw": 134.05870465134652
    }
}