{
    "time": "2022-07-12T17:50:02.661573+02:00",
    "accelleration": {
        "x": 0.11104022711515427,
        "y": -0.9222065806388855,
        "z": -0.3331015110015869
    },
    "position": {
        "pitch": 353.5500965530665,
        "roll": 250.13118210562985,
        "yaw": 185.44360111803047
    }
}