{
    "time": "2023-06-06T14:50:03.001975+02:00",
    "accelleration": {
        "x": 0.11224000155925751,
        "y": -0.9398880004882812,
        "z": -0.3123199939727783
    },
    "position": {
        "pitch": 353.5337211745314,
        "roll": 251.62543625073187,
        "yaw": 158.32267847025003
    }
}