{
    "time": "2023-04-29T13:20:02.541534+02:00",
    "accelleration": {
        "x": 0.11077599972486496,
        "y": -0.9398880004882812,
        "z": -0.3030479848384857
    },
    "position": {
        "pitch": 353.60396540127675,
        "roll": 252.1351800986791,
        "yaw": 134.8664974641056
    }
}