{
    "time": "2023-06-30T06:40:03.120954+02:00",
    "accelleration": {
        "x": 0.10931199789047241,
        "y": -0.9403759837150574,
        "z": -0.30866000056266785
    },
    "position": {
        "pitch": 353.7009920804182,
        "roll": 251.8395968321576,
        "yaw": 158.71765464957352
    }
}