{
    "time": "2022-06-30T16:10:02.381076+02:00",
    "accelleration": {
        "x": 0.11346468329429626,
        "y": -0.9181057810783386,
        "z": -0.3473221957683563
    },
    "position": {
        "pitch": 353.42386654635504,
        "roll": 249.2634338923364,
        "yaw": 108.86370091648942
    }
}