{
    "time": "2023-06-16T23:40:03.065422+02:00",
    "accelleration": {
        "x": 0.11321599781513214,
        "y": -0.9406200051307678,
        "z": -0.3106119930744171
    },
    "position": {
        "pitch": 353.48236797036986,
        "roll": 251.7320691640541,
        "yaw": 157.5014165244477
    }
}