{
    "time": "2023-05-18T02:50:02.478612+02:00",
    "accelleration": {
        "x": 0.10784799605607986,
        "y": -0.9408639669418335,
        "z": -0.3096359968185425
    },
    "position": {
        "pitch": 353.7856407492363,
        "roll": 251.7970379234393,
        "yaw": 135.2481274537909
    }
}