{
    "time": "2022-07-16T12:00:02.965602+02:00",
    "accelleration": {
        "x": 0.10376685857772827,
        "y": -0.9231715202331543,
        "z": -0.3302091658115387
    },
    "position": {
        "pitch": 353.960965728815,
        "roll": 250.3048191747099,
        "yaw": 144.47814456982263
    }
}