{
    "time": "2022-07-17T18:50:04.442278+02:00",
    "accelleration": {
        "x": 0.10594886541366577,
        "y": -0.9188294410705566,
        "z": -0.3369579613208771
    },
    "position": {
        "pitch": 353.8287311320494,
        "roll": 249.849484613691,
        "yaw": 138.42779907848526
    }
}