{
    "time": "2023-05-21T11:20:03.362051+02:00",
    "accelleration": {
        "x": 0.10613999515771866,
        "y": -0.9384239912033081,
        "z": -0.3130519986152649
    },
    "position": {
        "pitch": 353.87717638317184,
        "roll": 251.56095926496695,
        "yaw": 98.61026874579048
    }
}