{
    "time": "2023-05-23T09:40:02.698858+02:00",
    "accelleration": {
        "x": 0.11150799691677094,
        "y": -0.9425719976425171,
        "z": -0.31378400325775146
    },
    "position": {
        "pitch": 353.59441765059074,
        "roll": 251.59381930506387,
        "yaw": 159.44256994694365
    }
}