{
    "time": "2023-06-25T15:20:02.802871+02:00",
    "accelleration": {
        "x": 0.10931199789047241,
        "y": -0.937936007976532,
        "z": -0.2989000082015991
    },
    "position": {
        "pitch": 353.66553656843666,
        "roll": 252.32335181031294,
        "yaw": 158.29490692108476
    }
}