{
    "time": "2023-05-29T06:00:02.818163+02:00",
    "accelleration": {
        "x": 0.11101999878883362,
        "y": -0.9406200051307678,
        "z": -0.37258797883987427
    },
    "position": {
        "pitch": 353.74143021539925,
        "roll": 248.46868674089205,
        "yaw": 119.9892116404156
    }
}