{
    "time": "2023-07-01T03:40:02.772217+02:00",
    "accelleration": {
        "x": 0.1088239997625351,
        "y": -0.9384239912033081,
        "z": -0.3076840043067932
    },
    "position": {
        "pitch": 353.71291246806715,
        "roll": 251.8594863430207,
        "yaw": 158.74900521786387
    }
}