{
    "time": "2023-05-12T06:30:02.627798+02:00",
    "accelleration": {
        "x": 0.11394799500703812,
        "y": -0.9428159594535828,
        "z": -0.31451600790023804
    },
    "position": {
        "pitch": 353.46745467920397,
        "roll": 251.56578137852097,
        "yaw": 140.85621819636995
    }
}