{
    "time": "2023-06-23T23:50:02.542775+02:00",
    "accelleration": {
        "x": 0.11004399508237839,
        "y": -0.9393999576568604,
        "z": -0.3003639876842499
    },
    "position": {
        "pitch": 353.636025882354,
        "roll": 252.27034954235364,
        "yaw": 158.2212091799403
    }
}