{
    "time": "2023-05-18T00:40:02.769559+02:00",
    "accelleration": {
        "x": 0.11541199684143066,
        "y": -0.9430599808692932,
        "z": -0.31622397899627686
    },
    "position": {
        "pitch": 353.3884921428699,
        "roll": 251.54815949046235,
        "yaw": 172.92519944400874
    }
}