{
    "time": "2023-05-02T01:20:02.476751+02:00",
    "accelleration": {
        "x": 0.11224000155925751,
        "y": -0.9420839548110962,
        "z": -0.3118319809436798
    },
    "position": {
        "pitch": 353.55173152959907,
        "roll": 251.7020299920844,
        "yaw": 123.25081821439345
    }
}