{
    "time": "2022-07-14T07:50:03.384567+02:00",
    "accelleration": {
        "x": 0.10764598846435547,
        "y": -0.9205180406570435,
        "z": -0.3253886103630066
    },
    "position": {
        "pitch": 353.72078298042516,
        "roll": 250.5178732654901,
        "yaw": 192.3643312756809
    }
}