{
    "time": "2022-07-20T16:20:02.576386+02:00",
    "accelleration": {
        "x": 0.11104022711515427,
        "y": -0.9226890206336975,
        "z": -0.32779887318611145
    },
    "position": {
        "pitch": 353.54211163503993,
        "roll": 250.42841827793046,
        "yaw": 135.07169000715112
    }
}