{
    "time": "2023-06-26T21:40:03.572961+02:00",
    "accelleration": {
        "x": 0.10784799605607986,
        "y": -0.9376919865608215,
        "z": -0.3013399839401245
    },
    "position": {
        "pitch": 353.7503747750042,
        "roll": 252.18749251753223,
        "yaw": 157.8316561708178
    }
}