{
    "time": "2022-07-17T08:00:03.100756+02:00",
    "accelleration": {
        "x": 0.10982800275087357,
        "y": -0.9195531010627747,
        "z": -0.3253886103630066
    },
    "position": {
        "pitch": 353.5949819949709,
        "roll": 250.4925537542369,
        "yaw": 139.41838141381223
    }
}