{
    "time": "2022-07-12T08:20:02.836109+02:00",
    "accelleration": {
        "x": 0.11249490827322006,
        "y": -0.9219653606414795,
        "z": -0.3316553235054016
    },
    "position": {
        "pitch": 353.4715609035556,
        "roll": 250.20340452591356,
        "yaw": 113.5364040824244
    }
}