{
    "time": "2023-05-06T10:30:03.269560+02:00",
    "accelleration": {
        "x": 0.11419199407100677,
        "y": -0.9420839548110962,
        "z": -0.3076840043067932
    },
    "position": {
        "pitch": 353.4318352426823,
        "roll": 251.92137468709018,
        "yaw": 131.93965212172841
    }
}