{
    "time": "2023-05-12T15:10:02.493403+02:00",
    "accelleration": {
        "x": 0.1105320006608963,
        "y": -0.9420839548110962,
        "z": -0.3111000061035156
    },
    "position": {
        "pitch": 353.64147295821704,
        "roll": 251.7323218810534,
        "yaw": 196.40221616958738
    }
}