{
    "time": "2023-05-04T06:40:03.332221+02:00",
    "accelleration": {
        "x": 0.11467999964952469,
        "y": -0.9428159594535828,
        "z": -0.3142719864845276
    },
    "position": {
        "pitch": 353.40737889658544,
        "roll": 251.58545232333063,
        "yaw": 204.97074312488175
    }
}