{
    "time": "2023-05-04T20:00:03.062452+02:00",
    "accelleration": {
        "x": 0.10955599695444107,
        "y": -0.9406200051307678,
        "z": -0.30695199966430664
    },
    "position": {
        "pitch": 353.6792891543305,
        "roll": 251.9313057821434,
        "yaw": 133.31243818263093
    }
}