{
    "time": "2023-06-04T01:00:03.394349+02:00",
    "accelleration": {
        "x": 0.11589999496936798,
        "y": -0.941107988357544,
        "z": -0.31744399666786194
    },
    "position": {
        "pitch": 353.2827420314979,
        "roll": 251.3676375906989,
        "yaw": 159.72897343922062
    }
}