{
    "time": "2023-06-22T01:50:03.100763+02:00",
    "accelleration": {
        "x": 0.1105320006608963,
        "y": -0.9389119744300842,
        "z": -0.3042680025100708
    },
    "position": {
        "pitch": 353.61325147034023,
        "roll": 252.04878503586758,
        "yaw": 158.47985478343037
    }
}