{
    "time": "2023-05-13T05:30:03.045716+02:00",
    "accelleration": {
        "x": 0.11541199684143066,
        "y": -0.9420839548110962,
        "z": -0.3152479827404022
    },
    "position": {
        "pitch": 353.3786639275411,
        "roll": 251.50820288381777,
        "yaw": 100.69081266886805
    }
}