{
    "time": "2023-07-03T15:20:02.838589+02:00",
    "accelleration": {
        "x": 0.11004399508237839,
        "y": -0.9372040033340454,
        "z": -0.3042680025100708
    },
    "position": {
        "pitch": 353.62721493832464,
        "roll": 252.01455895793669,
        "yaw": 157.47158225815306
    }
}