{
    "time": "2023-07-05T06:40:02.640056+02:00",
    "accelleration": {
        "x": 0.1105320006608963,
        "y": -0.9386679530143738,
        "z": -0.30914798378944397
    },
    "position": {
        "pitch": 353.6213507940354,
        "roll": 251.77813879000584,
        "yaw": 158.39924489084586
    }
}