{
    "time": "2022-06-30T05:50:02.557790+02:00",
    "accelleration": {
        "x": 0.11419202387332916,
        "y": -0.9193118810653687,
        "z": -0.34684014320373535
    },
    "position": {
        "pitch": 353.3857237818219,
        "roll": 249.31198970714604,
        "yaw": 125.95825055987315
    }
}