{
    "time": "2023-05-24T11:30:02.494211+02:00",
    "accelleration": {
        "x": 0.11126399785280228,
        "y": -0.9403759837150574,
        "z": -0.25400400161743164
    },
    "position": {
        "pitch": 353.4883345674967,
        "roll": 254.82033236708622,
        "yaw": 162.1685804069658
    }
}