{
    "time": "2023-05-06T07:10:02.473005+02:00",
    "accelleration": {
        "x": 0.11101999878883362,
        "y": -0.9415959715843201,
        "z": -0.3125639855861664
    },
    "position": {
        "pitch": 353.6137385482054,
        "roll": 251.64737481834595,
        "yaw": 155.17181658347477
    }
}