{
    "time": "2023-05-01T12:40:02.928063+02:00",
    "accelleration": {
        "x": 0.11419199407100677,
        "y": -0.9423279762268066,
        "z": -0.31622397899627686
    },
    "position": {
        "pitch": 353.45451104383994,
        "roll": 251.465787409072,
        "yaw": 112.69790956934612
    }
}