{
    "time": "2023-05-03T14:30:02.411786+02:00",
    "accelleration": {
        "x": 0.11248400062322617,
        "y": -0.9389119744300842,
        "z": -0.3159799873828888
    },
    "position": {
        "pitch": 353.52079290709304,
        "roll": 251.4182424622595,
        "yaw": 151.34692430864595
    }
}