{
    "time": "2023-05-30T15:30:03.453892+02:00",
    "accelleration": {
        "x": 0.1117519959807396,
        "y": -0.937936007976532,
        "z": -0.3106119930744171
    },
    "position": {
        "pitch": 353.5477465411052,
        "roll": 251.67912836779735,
        "yaw": 142.29811211129464
    }
}