{
    "time": "2023-05-25T03:20:02.521144+02:00",
    "accelleration": {
        "x": 0.11126399785280228,
        "y": -0.9408639669418335,
        "z": -0.3101239800453186
    },
    "position": {
        "pitch": 353.5947583062756,
        "roll": 251.75645976958023,
        "yaw": 185.8869213762993
    }
}