{
    "time": "2023-05-27T22:30:03.052452+02:00",
    "accelleration": {
        "x": 0.11272799968719482,
        "y": -0.9393999576568604,
        "z": -0.30817198753356934
    },
    "position": {
        "pitch": 353.4956210986806,
        "roll": 251.8420557002588,
        "yaw": 142.47413974658423
    }
}