{
    "time": "2023-06-18T02:20:03.419613+02:00",
    "accelleration": {
        "x": 0.1117519959807396,
        "y": -0.9401319622993469,
        "z": -0.3089039921760559
    },
    "position": {
        "pitch": 353.55979157970654,
        "roll": 251.81758996265182,
        "yaw": 158.45790255543793
    }
}