{
    "time": "2023-07-02T14:50:02.583894+02:00",
    "accelleration": {
        "x": 0.10955599695444107,
        "y": -0.936959981918335,
        "z": -0.3054879903793335
    },
    "position": {
        "pitch": 353.6554731384683,
        "roll": 251.9448978585917,
        "yaw": 157.97211218090996
    }
}