{
    "time": "2022-07-14T08:10:03.015480+02:00",
    "accelleration": {
        "x": 0.10691864788532257,
        "y": -0.9214829206466675,
        "z": -0.3318963646888733
    },
    "position": {
        "pitch": 353.7817624824482,
        "roll": 250.18498350572202,
        "yaw": 113.54716163036717
    }
}