{
    "time": "2023-05-05T09:50:02.727552+02:00",
    "accelleration": {
        "x": 0.11394799500703812,
        "y": -0.9406200051307678,
        "z": -0.31158798933029175
    },
    "position": {
        "pitch": 353.4475054041856,
        "roll": 251.6847905946193,
        "yaw": 107.31391050324602
    }
}