{
    "time": "2023-06-17T21:00:03.005888+02:00",
    "accelleration": {
        "x": 0.11004399508237839,
        "y": -0.9398880004882812,
        "z": -0.3076840043067932
    },
    "position": {
        "pitch": 353.64908435027337,
        "roll": 251.87783223113135,
        "yaw": 158.53862173104915
    }
}