{
    "time": "2022-07-05T15:10:03.226457+02:00",
    "accelleration": {
        "x": 0.10643375664949417,
        "y": -0.9193118810653687,
        "z": -0.3367169499397278
    },
    "position": {
        "pitch": 353.8036626302482,
        "roll": 249.86842472825947,
        "yaw": 149.42921209538147
    }
}