{
    "time": "2022-07-01T20:20:02.489383+02:00",
    "accelleration": {
        "x": 0.11225245893001556,
        "y": -0.9190706610679626,
        "z": -0.3410554528236389
    },
    "position": {
        "pitch": 353.48347787611,
        "roll": 249.6241498427831,
        "yaw": 140.32316291278545
    }
}