{
    "time": "2023-05-31T01:30:02.538327+02:00",
    "accelleration": {
        "x": 0.11028799414634705,
        "y": -0.9428159594535828,
        "z": -0.31500399112701416
    },
    "position": {
        "pitch": 353.67220411372705,
        "roll": 251.53992911251248,
        "yaw": 116.01177392066374
    }
}