{
    "time": "2023-06-10T18:40:02.519152+02:00",
    "accelleration": {
        "x": 0.11028799414634705,
        "y": -0.9389119744300842,
        "z": -0.30914798378944397
    },
    "position": {
        "pitch": 353.63306115336735,
        "roll": 251.77730550692712,
        "yaw": 158.4587768196517
    }
}