{
    "time": "2023-06-24T17:50:02.841360+02:00",
    "accelleration": {
        "x": 0.10955599695444107,
        "y": -0.9396439790725708,
        "z": -0.29938799142837524
    },
    "position": {
        "pitch": 353.6600506458727,
        "roll": 252.32759335778752,
        "yaw": 157.74024091896635
    }
}