{
    "time": "2023-05-16T06:50:02.635547+02:00",
    "accelleration": {
        "x": 0.11297199875116348,
        "y": -0.9401319622993469,
        "z": -0.31573599576950073
    },
    "position": {
        "pitch": 353.50949620109265,
        "roll": 251.45250269113632,
        "yaw": 177.0426560417459
    }
}