{
    "time": "2022-07-20T02:10:02.561066+02:00",
    "accelleration": {
        "x": 0.11007044464349747,
        "y": -0.9214829206466675,
        "z": -0.3251475393772125
    },
    "position": {
        "pitch": 353.5958122898419,
        "roll": 250.53791304051492,
        "yaw": 163.8692428687856
    }
}