{
    "time": "2023-06-08T11:10:02.819652+02:00",
    "accelleration": {
        "x": 0.11150799691677094,
        "y": -0.9406200051307678,
        "z": -0.374783992767334
    },
    "position": {
        "pitch": 353.7037279980676,
        "roll": 248.41823896368234,
        "yaw": 160.90011865544605
    }
}