{
    "time": "2023-06-30T14:10:03.408794+02:00",
    "accelleration": {
        "x": 0.10833600163459778,
        "y": -0.9384239912033081,
        "z": -0.3042680025100708
    },
    "position": {
        "pitch": 353.7324583350376,
        "roll": 252.0434301675583,
        "yaw": 157.34772360774406
    }
}