{
    "time": "2023-06-17T04:40:02.674111+02:00",
    "accelleration": {
        "x": 0.11248400062322617,
        "y": -0.9420839548110962,
        "z": -0.3125639855861664
    },
    "position": {
        "pitch": 353.5357565709041,
        "roll": 251.65395912070585,
        "yaw": 158.15018887295054
    }
}