{
    "time": "2022-07-21T17:20:02.427713+02:00",
    "accelleration": {
        "x": 0.10958555340766907,
        "y": -0.9202768206596375,
        "z": -0.3143012821674347
    },
    "position": {
        "pitch": 353.5800486401243,
        "roll": 251.10233938295727,
        "yaw": 137.74319555759655
    }
}