{
    "time": "2022-07-22T02:20:03.147723+02:00",
    "accelleration": {
        "x": 0.11079778522253036,
        "y": -0.9222065806388855,
        "z": -0.32008597254753113
    },
    "position": {
        "pitch": 353.5495202558553,
        "roll": 250.83430226935846,
        "yaw": 173.7174604065952
    }
}