{
    "time": "2023-05-11T10:00:03.443924+02:00",
    "accelleration": {
        "x": 0.11248400062322617,
        "y": -0.9398880004882812,
        "z": -0.3123199939727783
    },
    "position": {
        "pitch": 353.52631639569745,
        "roll": 251.63307240222395,
        "yaw": 180.7681590462383
    }
}