{
    "time": "2023-06-18T04:10:03.010726+02:00",
    "accelleration": {
        "x": 0.11077599972486496,
        "y": -0.9406200051307678,
        "z": -0.3106119930744171
    },
    "position": {
        "pitch": 353.62129700629566,
        "roll": 251.73344203207728,
        "yaw": 158.53552082516597
    }
}