{
    "time": "2023-06-27T04:10:02.650242+02:00",
    "accelleration": {
        "x": 0.10906799882650375,
        "y": -0.9384239912033081,
        "z": -0.30231598019599915
    },
    "position": {
        "pitch": 353.68866572340045,
        "roll": 252.15052070355495,
        "yaw": 158.57087388430995
    }
}