{
    "time": "2023-06-13T22:00:02.918931+02:00",
    "accelleration": {
        "x": 0.1134599968791008,
        "y": -0.9408639669418335,
        "z": -0.3172000050544739
    },
    "position": {
        "pitch": 353.47901562814786,
        "roll": 251.37745940272538,
        "yaw": 158.96483919563627
    }
}