{
    "time": "2022-07-12T09:40:02.657121+02:00",
    "accelleration": {
        "x": 0.11007044464349747,
        "y": -0.9219653606414795,
        "z": -0.32153213024139404
    },
    "position": {
        "pitch": 353.5857877065744,
        "roll": 250.75550237690402,
        "yaw": 126.29922726361852
    }
}