{
    "time": "2023-05-18T12:30:03.169502+02:00",
    "accelleration": {
        "x": 0.10735999792814255,
        "y": -0.9408639669418335,
        "z": -0.3079279959201813
    },
    "position": {
        "pitch": 353.8080591376396,
        "roll": 251.88491513730065,
        "yaw": 130.339844233193
    }
}