{
    "time": "2023-05-25T17:30:02.844530+02:00",
    "accelleration": {
        "x": 0.11004399508237839,
        "y": -0.9433040022850037,
        "z": -0.3169559836387634
    },
    "position": {
        "pitch": 353.6891724380595,
        "roll": 251.43137691603346,
        "yaw": 183.2670930371142
    }
}