{
    "time": "2022-07-20T10:00:02.779549+02:00",
    "accelleration": {
        "x": 0.11079778522253036,
        "y": -0.9207592606544495,
        "z": -0.3265937268733978
    },
    "position": {
        "pitch": 353.5482105670819,
        "roll": 250.4638259785878,
        "yaw": 116.71540634858012
    }
}