{
    "time": "2023-06-01T13:10:03.238820+02:00",
    "accelleration": {
        "x": 0.1117519959807396,
        "y": -0.9396439790725708,
        "z": -0.3142719864845276
    },
    "position": {
        "pitch": 353.5633172379787,
        "roll": 251.45145084200414,
        "yaw": 200.0710113011247
    }
}