{
    "time": "2023-06-10T06:20:02.556014+02:00",
    "accelleration": {
        "x": 0.1134599968791008,
        "y": -0.9418399930000305,
        "z": -0.3169559836387634
    },
    "position": {
        "pitch": 353.4878880438797,
        "roll": 251.40706144258823,
        "yaw": 157.97421587917432
    }
}