{
    "time": "2023-05-11T07:40:03.294023+02:00",
    "accelleration": {
        "x": 0.1117519959807396,
        "y": -0.941107988357544,
        "z": -0.31500399112701416
    },
    "position": {
        "pitch": 353.57371790853733,
        "roll": 251.57795960581112,
        "yaw": 154.14082684901803
    }
}