{
    "time": "2023-06-06T20:00:02.976713+02:00",
    "accelleration": {
        "x": 0.11297199875116348,
        "y": -0.9391559958457947,
        "z": -0.3123199939727783
    },
    "position": {
        "pitch": 353.4868370485211,
        "roll": 251.6097814571542,
        "yaw": 158.3876882107702
    }
}