{
    "time": "2023-06-30T17:00:02.977468+02:00",
    "accelleration": {
        "x": 0.10931199789047241,
        "y": -0.9384239912033081,
        "z": -0.30353599786758423
    },
    "position": {
        "pitch": 353.7413700243572,
        "roll": 252.0838375666881,
        "yaw": 158.43702949733438
    }
}