{
    "time": "2022-07-04T17:20:04.736319+02:00",
    "accelleration": {
        "x": 0.09576613456010818,
        "y": -0.9311319589614868,
        "z": -0.5432784557342529
    },
    "position": {
        "pitch": 356.14307840683205,
        "roll": 238.56718689736718,
        "yaw": 138.12964766083587
    }
}