{
    "time": "2023-05-18T16:50:03.184566+02:00",
    "accelleration": {
        "x": 0.10979999601840973,
        "y": -0.9408639669418335,
        "z": -0.31158798933029175
    },
    "position": {
        "pitch": 353.67825310001075,
        "roll": 251.6889091986888,
        "yaw": 181.03696797121333
    }
}