{
    "time": "2022-07-20T21:50:02.825042+02:00",
    "accelleration": {
        "x": 0.10522152483463287,
        "y": -0.9197943806648254,
        "z": -0.32924503087997437
    },
    "position": {
        "pitch": 353.85718527324485,
        "roll": 250.29932770261723,
        "yaw": 176.03413762965846
    }
}