{
    "time": "2023-05-02T11:20:03.401559+02:00",
    "accelleration": {
        "x": 0.10784799605607986,
        "y": -0.9393999576568604,
        "z": -0.31768798828125
    },
    "position": {
        "pitch": 353.78934313865324,
        "roll": 251.34173068317705,
        "yaw": 191.70267719040342
    }
}