{
    "time": "2023-05-27T19:30:02.553010+02:00",
    "accelleration": {
        "x": 0.1134599968791008,
        "y": -0.9401319622993469,
        "z": -0.3159799873828888
    },
    "position": {
        "pitch": 353.4772376445295,
        "roll": 251.43390408602636,
        "yaw": 116.6792609874924
    }
}