{
    "time": "2023-07-05T03:30:03.385494+02:00",
    "accelleration": {
        "x": 0.1117519959807396,
        "y": -0.9389119744300842,
        "z": -0.30695199966430664
    },
    "position": {
        "pitch": 353.5495757511423,
        "roll": 251.90124611960616,
        "yaw": 158.35158383081753
    }
}