{
    "time": "2023-05-16T04:20:02.605800+02:00",
    "accelleration": {
        "x": 0.11370399594306946,
        "y": -0.9420839548110962,
        "z": -0.31329599022865295
    },
    "position": {
        "pitch": 353.4737777268281,
        "roll": 251.6221714203086,
        "yaw": 150.35740748282953
    }
}