{
    "time": "2023-05-19T11:50:02.828977+02:00",
    "accelleration": {
        "x": 0.11101999878883362,
        "y": -0.9393999576568604,
        "z": -0.3147599995136261
    },
    "position": {
        "pitch": 353.6045647503764,
        "roll": 251.49039658065155,
        "yaw": 97.60918157952004
    }
}