{
    "time": "2023-04-29T16:00:02.540460+02:00",
    "accelleration": {
        "x": 0.10784799605607986,
        "y": -0.941107988357544,
        "z": -0.3108559846878052
    },
    "position": {
        "pitch": 353.7868257870573,
        "roll": 251.73403625853507,
        "yaw": 183.57548973851863
    }
}