{
    "time": "2023-07-06T11:10:02.839784+02:00",
    "accelleration": {
        "x": 0.10931199789047241,
        "y": -0.9376919865608215,
        "z": -0.30573198199272156
    },
    "position": {
        "pitch": 353.6770232390733,
        "roll": 251.94800559466407,
        "yaw": 157.9709373883727
    }
}