{
    "time": "2023-06-03T12:50:02.558214+02:00",
    "accelleration": {
        "x": 0.1134599968791008,
        "y": -0.9403759837150574,
        "z": -0.3140279948711395
    },
    "position": {
        "pitch": 353.47189600971177,
        "roll": 251.47342356056407,
        "yaw": 159.29772895540435
    }
}