{
    "time": "2023-05-02T03:40:02.733721+02:00",
    "accelleration": {
        "x": 0.10979999601840973,
        "y": -0.9415959715843201,
        "z": -0.31500399112701416
    },
    "position": {
        "pitch": 353.6953435139746,
        "roll": 251.5144593370975,
        "yaw": 192.89536482327105
    }
}