{
    "time": "2023-06-08T05:20:03.468872+02:00",
    "accelleration": {
        "x": 0.11394799500703812,
        "y": -0.9418399930000305,
        "z": -0.31622397899627686
    },
    "position": {
        "pitch": 353.45802090729967,
        "roll": 251.44794695495992,
        "yaw": 158.84055707349873
    }
}