{
    "time": "2023-05-07T08:20:02.539808+02:00",
    "accelleration": {
        "x": 0.11150799691677094,
        "y": -0.9423279762268066,
        "z": -0.30817198753356934
    },
    "position": {
        "pitch": 353.5840263715422,
        "roll": 251.83218607690816,
        "yaw": 141.7399763730779
    }
}