{
    "time": "2023-06-16T16:40:02.777457+02:00",
    "accelleration": {
        "x": 0.11297199875116348,
        "y": -0.9393999576568604,
        "z": -0.3093920052051544
    },
    "position": {
        "pitch": 353.4831163029708,
        "roll": 251.7699698837585,
        "yaw": 158.38951870146778
    }
}