{
    "time": "2022-07-07T22:00:02.703044+02:00",
    "accelleration": {
        "x": 0.11394958198070526,
        "y": -0.9197943806648254,
        "z": -0.34394779801368713
    },
    "position": {
        "pitch": 353.3968629665846,
        "roll": 249.48139888912985,
        "yaw": 192.96660369631428
    }
}