{
    "time": "2022-06-29T15:20:02.752955+02:00",
    "accelleration": {
        "x": 0.10570641607046127,
        "y": -0.9202768206596375,
        "z": -0.34708115458488464
    },
    "position": {
        "pitch": 353.8645734034927,
        "roll": 249.33368238794998,
        "yaw": 161.25233785056525
    }
}