{
    "time": "2022-07-03T11:50:03.162393+02:00",
    "accelleration": {
        "x": 0.10934310406446457,
        "y": -0.9205180406570435,
        "z": -0.34226056933403015
    },
    "position": {
        "pitch": 353.6664014411403,
        "roll": 249.57943259428703,
        "yaw": 172.15790965302784
    }
}