{
    "time": "2022-07-03T08:40:03.056893+02:00",
    "accelleration": {
        "x": 0.11370714008808136,
        "y": -0.9207592606544495,
        "z": -0.3506965935230255
    },
    "position": {
        "pitch": 353.433745134329,
        "roll": 249.13883075130786,
        "yaw": 186.77444981742912
    }
}