{
    "time": "2022-07-10T18:40:02.480562+02:00",
    "accelleration": {
        "x": 0.11007044464349747,
        "y": -0.9238952398300171,
        "z": -0.3188808262348175
    },
    "position": {
        "pitch": 353.588433977991,
        "roll": 250.93101774800584,
        "yaw": 109.297288155191
    }
}