{
    "time": "2023-06-18T10:50:03.427055+02:00",
    "accelleration": {
        "x": 0.11028799414634705,
        "y": -0.9398880004882812,
        "z": -0.3093920052051544
    },
    "position": {
        "pitch": 353.63906531653464,
        "roll": 251.7827286771281,
        "yaw": 158.20234419745273
    }
}