{
    "time": "2023-06-19T04:10:02.510096+02:00",
    "accelleration": {
        "x": 0.11321599781513214,
        "y": -0.9396439790725708,
        "z": -0.3108559846878052
    },
    "position": {
        "pitch": 353.47702975064664,
        "roll": 251.7020982939761,
        "yaw": 158.14580389150336
    }
}