{
    "time": "2023-06-15T14:00:02.605483+02:00",
    "accelleration": {
        "x": 0.1105320006608963,
        "y": -0.9403759837150574,
        "z": -0.31378400325775146
    },
    "position": {
        "pitch": 353.63514948370613,
        "roll": 251.55279035871962,
        "yaw": 157.7873965449961
    }
}