{
    "time": "2023-06-14T03:00:02.965939+02:00",
    "accelleration": {
        "x": 0.11297199875116348,
        "y": -0.9420839548110962,
        "z": -0.3169559836387634
    },
    "position": {
        "pitch": 353.5137684844185,
        "roll": 251.41094782022594,
        "yaw": 158.8468954890485
    }
}