{
    "time": "2023-05-14T15:10:03.440664+02:00",
    "accelleration": {
        "x": 0.10979999601840973,
        "y": -0.9401319622993469,
        "z": -0.3125639855861664
    },
    "position": {
        "pitch": 353.67881573684366,
        "roll": 251.6201496843143,
        "yaw": 162.8506840786183
    }
}