{
    "time": "2023-06-06T02:10:02.762936+02:00",
    "accelleration": {
        "x": 0.11492399871349335,
        "y": -0.9420839548110962,
        "z": -0.31768798828125
    },
    "position": {
        "pitch": 353.46990927843694,
        "roll": 251.377001780051,
        "yaw": 159.03909701229267
    }
}