{
    "time": "2022-06-29T18:40:02.430909+02:00",
    "accelleration": {
        "x": 0.11443447321653366,
        "y": -0.9207592606544495,
        "z": -0.34226056933403015
    },
    "position": {
        "pitch": 353.37486975745713,
        "roll": 249.58810693453296,
        "yaw": 126.19375548245519
    }
}