{
    "time": "2023-06-05T19:00:04.021446+02:00",
    "accelleration": {
        "x": 0.11224000155925751,
        "y": -0.9401319622993469,
        "z": -0.30987998843193054
    },
    "position": {
        "pitch": 353.52328891434786,
        "roll": 251.82744592562415,
        "yaw": 158.33330624459856
    }
}