{
    "time": "2023-05-15T17:30:02.793280+02:00",
    "accelleration": {
        "x": 0.11101999878883362,
        "y": -0.9413520097732544,
        "z": -0.31280800700187683
    },
    "position": {
        "pitch": 353.6769617673708,
        "roll": 251.62783364713056,
        "yaw": 159.99062432594548
    }
}