{
    "time": "2022-07-01T09:50:02.896629+02:00",
    "accelleration": {
        "x": 0.11249490827322006,
        "y": -0.9193118810653687,
        "z": -0.3446708619594574
    },
    "position": {
        "pitch": 353.4320691766614,
        "roll": 249.4314155647837,
        "yaw": 189.96280944274775
    }
}