{
    "time": "2023-06-22T03:20:03.305105+02:00",
    "accelleration": {
        "x": 0.10906799882650375,
        "y": -0.9401319622993469,
        "z": -0.3050000071525574
    },
    "position": {
        "pitch": 353.70394442968694,
        "roll": 252.02956488354317,
        "yaw": 157.81839194344965
    }
}