{
    "time": "2023-05-30T10:40:03.164662+02:00",
    "accelleration": {
        "x": 0.11150799691677094,
        "y": -0.9418399930000305,
        "z": -0.3084160089492798
    },
    "position": {
        "pitch": 353.58143772984675,
        "roll": 251.86733423037703,
        "yaw": 161.40342163500594
    }
}