{
    "time": "2023-06-22T05:10:03.178839+02:00",
    "accelleration": {
        "x": 0.11101999878883362,
        "y": -0.9391559958457947,
        "z": -0.30695199966430664
    },
    "position": {
        "pitch": 353.59411114585174,
        "roll": 251.9131443091403,
        "yaw": 158.531504673934
    }
}