{
    "time": "2023-06-03T19:20:03.281674+02:00",
    "accelleration": {
        "x": 0.11297199875116348,
        "y": -0.9403759837150574,
        "z": -0.31329599022865295
    },
    "position": {
        "pitch": 353.496566226107,
        "roll": 251.57571247357419,
        "yaw": 159.54117055780196
    }
}