{
    "time": "2022-07-11T12:40:02.779343+02:00",
    "accelleration": {
        "x": 0.10764598846435547,
        "y": -0.9229303002357483,
        "z": -0.3203270137310028
    },
    "position": {
        "pitch": 353.72584286993964,
        "roll": 250.84016257166633,
        "yaw": 125.27771783172976
    }
}