{
    "time": "2022-07-09T18:10:03.197921+02:00",
    "accelleration": {
        "x": 0.11152512580156326,
        "y": -0.9217241406440735,
        "z": -0.3251475393772125
    },
    "position": {
        "pitch": 353.5052977691872,
        "roll": 250.54538526746694,
        "yaw": 124.97410226274435
    }
}