{
    "time": "2023-06-19T23:10:03.403716+02:00",
    "accelleration": {
        "x": 0.1105320006608963,
        "y": -0.937936007976532,
        "z": -0.30646398663520813
    },
    "position": {
        "pitch": 353.60944193233064,
        "roll": 251.91065129009326,
        "yaw": 157.73403910719998
    }
}