{
    "time": "2023-06-23T00:30:03.039737+02:00",
    "accelleration": {
        "x": 0.10955599695444107,
        "y": -0.9396439790725708,
        "z": -0.30158400535583496
    },
    "position": {
        "pitch": 353.6676479506638,
        "roll": 252.2098408964965,
        "yaw": 158.95313225139887
    }
}