{
    "time": "2023-06-11T08:00:03.278375+02:00",
    "accelleration": {
        "x": 0.11199599504470825,
        "y": -0.9415959715843201,
        "z": -0.3147599995136261
    },
    "position": {
        "pitch": 353.5630909879625,
        "roll": 251.52626873417245,
        "yaw": 158.56030075147476
    }
}