{
    "time": "2023-05-07T02:10:02.971630+02:00",
    "accelleration": {
        "x": 0.11199599504470825,
        "y": -0.9408639669418335,
        "z": -0.2542479932308197
    },
    "position": {
        "pitch": 353.4463417107058,
        "roll": 254.83096014143473,
        "yaw": 112.51317344286478
    }
}