{
    "time": "2023-05-22T21:30:02.758809+02:00",
    "accelleration": {
        "x": 0.11126399785280228,
        "y": -0.9425719976425171,
        "z": -0.31744399666786194
    },
    "position": {
        "pitch": 353.6741908450019,
        "roll": 251.4006478949576,
        "yaw": 155.6891214508332
    }
}