{
    "time": "2022-06-30T19:20:03.257561+02:00",
    "accelleration": {
        "x": 0.11419202387332916,
        "y": -0.9176233410835266,
        "z": -0.34997349977493286
    },
    "position": {
        "pitch": 353.3795241044897,
        "roll": 249.11459724013264,
        "yaw": 189.71617131181858
    }
}