{
    "time": "2023-06-10T16:00:02.658149+02:00",
    "accelleration": {
        "x": 0.11077599972486496,
        "y": -0.9398880004882812,
        "z": -0.30866000056266785
    },
    "position": {
        "pitch": 353.610821630543,
        "roll": 251.8200351703747,
        "yaw": 157.9074849309833
    }
}