{
    "time": "2023-06-22T17:50:02.816174+02:00",
    "accelleration": {
        "x": 0.10906799882650375,
        "y": -0.9374479651451111,
        "z": -0.30329200625419617
    },
    "position": {
        "pitch": 353.68060097753795,
        "roll": 252.07416601882335,
        "yaw": 157.29984398166226
    }
}