{
    "time": "2022-07-02T03:50:02.618817+02:00",
    "accelleration": {
        "x": 0.11176756769418716,
        "y": -0.9224478602409363,
        "z": -0.3427426517009735
    },
    "position": {
        "pitch": 353.5408501844776,
        "roll": 249.6022864072499,
        "yaw": 170.27627449895937
    }
}