{
    "time": "2023-07-04T02:00:02.906675+02:00",
    "accelleration": {
        "x": 0.10906799882650375,
        "y": -0.9386679530143738,
        "z": -0.3071959912776947
    },
    "position": {
        "pitch": 353.6970638678718,
        "roll": 251.88618555248627,
        "yaw": 158.2050899334991
    }
}