{
    "time": "2023-06-26T12:40:02.555671+02:00",
    "accelleration": {
        "x": 0.10638399422168732,
        "y": -0.937936007976532,
        "z": -0.3001199960708618
    },
    "position": {
        "pitch": 353.833035431887,
        "roll": 252.25890214530472,
        "yaw": 157.27087031920308
    }
}