{
    "time": "2023-05-01T02:40:02.773578+02:00",
    "accelleration": {
        "x": 0.11297199875116348,
        "y": -0.9406200051307678,
        "z": -0.31158798933029175
    },
    "position": {
        "pitch": 353.5050104743553,
        "roll": 251.68194923592455,
        "yaw": 186.78615676166652
    }
}