{
    "time": "2023-06-25T08:00:02.934241+02:00",
    "accelleration": {
        "x": 0.10858000069856644,
        "y": -0.9396439790725708,
        "z": -0.3030479848384857
    },
    "position": {
        "pitch": 353.7280170045298,
        "roll": 252.1353167024625,
        "yaw": 158.52878625864432
    }
}