{
    "time": "2022-07-12T04:20:02.459990+02:00",
    "accelleration": {
        "x": 0.10982800275087357,
        "y": -0.9229303002357483,
        "z": -0.3352707624435425
    },
    "position": {
        "pitch": 353.6279910185691,
        "roll": 250.02801892840597,
        "yaw": 123.49548925084164
    }
}