{
    "time": "2023-05-30T13:00:02.820977+02:00",
    "accelleration": {
        "x": 0.11321599781513214,
        "y": -0.9384239912033081,
        "z": -0.31573599576950073
    },
    "position": {
        "pitch": 353.48011998435925,
        "roll": 251.35434604257406,
        "yaw": 131.23336958041406
    }
}