{
    "time": "2022-07-21T00:40:02.786050+02:00",
    "accelleration": {
        "x": 0.10788843780755997,
        "y": -0.9243776202201843,
        "z": -0.32105007767677307
    },
    "position": {
        "pitch": 353.72170249464216,
        "roll": 250.83125600498863,
        "yaw": 175.44428249293617
    }
}