{
    "time": "2023-05-10T11:00:02.842619+02:00",
    "accelleration": {
        "x": 0.1117519959807396,
        "y": -0.9396439790725708,
        "z": -0.3152479827404022
    },
    "position": {
        "pitch": 353.5778249866627,
        "roll": 251.46791842809304,
        "yaw": 149.7796964224515
    }
}