{
    "time": "2023-06-09T12:10:03.103646+02:00",
    "accelleration": {
        "x": 0.11077599972486496,
        "y": -0.9386679530143738,
        "z": -0.3111000061035156
    },
    "position": {
        "pitch": 353.60849381669647,
        "roll": 251.6679541783152,
        "yaw": 157.65154408240457
    }
}