{
    "time": "2023-06-21T18:40:02.722082+02:00",
    "accelleration": {
        "x": 0.1105320006608963,
        "y": -0.9396439790725708,
        "z": -0.3047559857368469
    },
    "position": {
        "pitch": 353.6131293807088,
        "roll": 252.0312519402682,
        "yaw": 158.0387475064526
    }
}