{
    "time": "2023-06-17T00:10:04.606358+02:00",
    "accelleration": {
        "x": 0.11321599781513214,
        "y": -0.941107988357544,
        "z": -0.30987998843193054
    },
    "position": {
        "pitch": 353.48477561205226,
        "roll": 251.77934090329978,
        "yaw": 157.65594272423007
    }
}