{
    "time": "2023-05-31T03:40:03.568923+02:00",
    "accelleration": {
        "x": 0.1088239997625351,
        "y": -0.9393999576568604,
        "z": -0.3108559846878052
    },
    "position": {
        "pitch": 353.7262987850668,
        "roll": 251.69476950099667,
        "yaw": 191.9195903380647
    }
}