{
    "time": "2023-06-02T19:10:02.910694+02:00",
    "accelleration": {
        "x": 0.11297199875116348,
        "y": -0.9389119744300842,
        "z": -0.3113439977169037
    },
    "position": {
        "pitch": 353.48455149647015,
        "roll": 251.6568619511031,
        "yaw": 158.89499368118373
    }
}