{
    "time": "2023-05-07T03:30:04.522153+02:00",
    "accelleration": {
        "x": 0.11004399508237839,
        "y": -0.9418399930000305,
        "z": -0.3089039921760559
    },
    "position": {
        "pitch": 353.665103705198,
        "roll": 251.85118766317913,
        "yaw": 189.52667454348574
    }
}