{
    "time": "2023-05-21T17:10:02.455129+02:00",
    "accelleration": {
        "x": 0.11321599781513214,
        "y": -0.9408639669418335,
        "z": -0.31500399112701416
    },
    "position": {
        "pitch": 353.42910700899574,
        "roll": 251.4989479774924,
        "yaw": 175.14969643403353
    }
}