{
    "time": "2023-07-05T15:00:03.257753+02:00",
    "accelleration": {
        "x": 0.10906799882650375,
        "y": -0.9374479651451111,
        "z": -0.30573198199272156
    },
    "position": {
        "pitch": 353.68582692602666,
        "roll": 251.94017136768605,
        "yaw": 157.80611126332195
    }
}