{
    "time": "2023-05-17T08:40:03.096228+02:00",
    "accelleration": {
        "x": 0.11077599972486496,
        "y": -0.9440360069274902,
        "z": -0.3159799873828888
    },
    "position": {
        "pitch": 353.6543290817823,
        "roll": 251.51369435591045,
        "yaw": 181.91867709117028
    }
}