{
    "time": "2023-06-18T11:10:03.282876+02:00",
    "accelleration": {
        "x": 0.1105320006608963,
        "y": -0.9406200051307678,
        "z": -0.30695199966430664
    },
    "position": {
        "pitch": 353.6274330774913,
        "roll": 251.9294752914458,
        "yaw": 158.09241913295057
    }
}