{
    "time": "2023-05-12T19:50:03.537846+02:00",
    "accelleration": {
        "x": 0.1117519959807396,
        "y": -0.9425719976425171,
        "z": -0.3159799873828888
    },
    "position": {
        "pitch": 353.5899647941387,
        "roll": 251.48291069332123,
        "yaw": 193.96845584377175
    }
}