{
    "time": "2023-06-25T11:00:02.693432+02:00",
    "accelleration": {
        "x": 0.10735999792814255,
        "y": -0.9386679530143738,
        "z": -0.30109599232673645
    },
    "position": {
        "pitch": 353.78946693583197,
        "roll": 252.21894553866014,
        "yaw": 158.187932498304
    }
}