{
    "time": "2023-06-27T10:00:02.872616+02:00",
    "accelleration": {
        "x": 0.1088239997625351,
        "y": -0.9384239912033081,
        "z": -0.30158400535583496
    },
    "position": {
        "pitch": 353.7004708516072,
        "roll": 252.1888858761229,
        "yaw": 158.82595412905326
    }
}