{
    "time": "2022-07-09T11:30:03.007805+02:00",
    "accelleration": {
        "x": 0.10667620599269867,
        "y": -0.9207592606544495,
        "z": -0.3256296217441559
    },
    "position": {
        "pitch": 353.77975952947406,
        "roll": 250.51301700099023,
        "yaw": 131.6551474220407
    }
}