{
    "time": "2023-05-22T23:10:03.304181+02:00",
    "accelleration": {
        "x": 0.11565599590539932,
        "y": -0.9403759837150574,
        "z": -0.25156399607658386
    },
    "position": {
        "pitch": 353.2319702471894,
        "roll": 254.95935403745264,
        "yaw": 100.5708335659076
    }
}