{
    "time": "2023-06-02T06:50:03.344905+02:00",
    "accelleration": {
        "x": 0.11419199407100677,
        "y": -0.9418399930000305,
        "z": -0.31744399666786194
    },
    "position": {
        "pitch": 353.44823324621905,
        "roll": 251.38200147852345,
        "yaw": 156.43836588202691
    }
}