{
    "time": "2023-05-10T19:40:02.702696+02:00",
    "accelleration": {
        "x": 0.10809199512004852,
        "y": -0.9401319622993469,
        "z": -0.305976003408432
    },
    "position": {
        "pitch": 353.75848349020947,
        "roll": 251.9748277475347,
        "yaw": 159.42206571905527
    }
}