{
    "time": "2022-07-06T20:40:02.580228+02:00",
    "accelleration": {
        "x": 0.10861577093601227,
        "y": -0.9176233410835266,
        "z": -0.3490093946456909
    },
    "position": {
        "pitch": 353.6883254946024,
        "roll": 249.17820679187298,
        "yaw": 172.81987792700716
    }
}