{
    "time": "2022-07-21T21:00:03.268071+02:00",
    "accelleration": {
        "x": 0.11079778522253036,
        "y": -0.9207592606544495,
        "z": -0.3297271132469177
    },
    "position": {
        "pitch": 353.55541897797724,
        "roll": 250.29335128709346,
        "yaw": 117.14613173801945
    }
}