{
    "time": "2023-05-23T00:00:03.258832+02:00",
    "accelleration": {
        "x": 0.11297199875116348,
        "y": -0.9396439790725708,
        "z": -0.3172000050544739
    },
    "position": {
        "pitch": 353.5046638422549,
        "roll": 251.3543118916282,
        "yaw": 187.26193407887126
    }
}