{
    "time": "2023-06-26T15:40:03.175558+02:00",
    "accelleration": {
        "x": 0.1088239997625351,
        "y": -0.9374479651451111,
        "z": -0.29767999053001404
    },
    "position": {
        "pitch": 353.6845479731046,
        "roll": 252.38436589016868,
        "yaw": 157.38236632721436
    }
}