{
    "time": "2022-07-21T19:10:02.922567+02:00",
    "accelleration": {
        "x": 0.10594886541366577,
        "y": -0.9197943806648254,
        "z": -0.31671157479286194
    },
    "position": {
        "pitch": 353.79325086063216,
        "roll": 250.9723882038086,
        "yaw": 181.315926557295
    }
}