{
    "time": "2022-07-11T16:30:03.210734+02:00",
    "accelleration": {
        "x": 0.10934310406446457,
        "y": -0.9212417006492615,
        "z": -0.3193628787994385
    },
    "position": {
        "pitch": 353.61166089003723,
        "roll": 250.8529486857926,
        "yaw": 172.68117044534253
    }
}