{
    "time": "2023-05-08T20:10:03.005705+02:00",
    "accelleration": {
        "x": 0.10906799882650375,
        "y": -0.9435479640960693,
        "z": -0.31622397899627686
    },
    "position": {
        "pitch": 353.74321502920674,
        "roll": 251.48975454286955,
        "yaw": 125.43744863565968
    }
}