{
    "time": "2023-06-18T22:40:03.426836+02:00",
    "accelleration": {
        "x": 0.10955599695444107,
        "y": -0.9396439790725708,
        "z": -0.3089039921760559
    },
    "position": {
        "pitch": 353.67976171804366,
        "roll": 251.80632015052132,
        "yaw": 157.8676649281221
    }
}