{
    "time": "2022-07-10T08:30:02.473603+02:00",
    "accelleration": {
        "x": 0.10885821282863617,
        "y": -0.9217241406440735,
        "z": -0.3258706331253052
    },
    "position": {
        "pitch": 353.6642721296666,
        "roll": 250.50863884973225,
        "yaw": 140.26576200300067
    }
}