{
    "time": "2023-05-24T22:40:02.834307+02:00",
    "accelleration": {
        "x": 0.10931199789047241,
        "y": -0.941107988357544,
        "z": -0.3054879903793335
    },
    "position": {
        "pitch": 353.69343917185665,
        "roll": 252.0150917126919,
        "yaw": 165.27975889466327
    }
}