{
    "time": "2022-07-18T10:00:03.606443+02:00",
    "accelleration": {
        "x": 0.10473663359880447,
        "y": -0.9222065806388855,
        "z": -0.3270758092403412
    },
    "position": {
        "pitch": 353.89697795534937,
        "roll": 250.44922986433147,
        "yaw": 163.29084878949058
    }
}