{
    "time": "2022-07-08T18:30:03.032434+02:00",
    "accelleration": {
        "x": 0.11249490827322006,
        "y": -0.9188294410705566,
        "z": -0.3432247042655945
    },
    "position": {
        "pitch": 353.47266952863527,
        "roll": 249.50046877729253,
        "yaw": 125.68347204956353
    }
}