{
    "time": "2023-05-11T20:10:03.330543+02:00",
    "accelleration": {
        "x": 0.1088239997625351,
        "y": -0.9401319622993469,
        "z": -0.31207600235939026
    },
    "position": {
        "pitch": 353.73027737025825,
        "roll": 251.65025032798653,
        "yaw": 168.79969688342933
    }
}