{
    "time": "2023-05-30T16:20:02.523689+02:00",
    "accelleration": {
        "x": 0.11224000155925751,
        "y": -0.9406200051307678,
        "z": -0.30524399876594543
    },
    "position": {
        "pitch": 353.5278309901459,
        "roll": 252.01531710893454,
        "yaw": 123.31831414377152
    }
}