{
    "time": "2023-07-05T04:00:02.757992+02:00",
    "accelleration": {
        "x": 0.11028799414634705,
        "y": -0.9396439790725708,
        "z": -0.3076840043067932
    },
    "position": {
        "pitch": 353.6984691792935,
        "roll": 251.88216257106512,
        "yaw": 158.33087469725405
    }
}