{
    "time": "2023-05-14T22:30:02.543034+02:00",
    "accelleration": {
        "x": 0.11321599781513214,
        "y": -0.9440360069274902,
        "z": -0.31500399112701416
    },
    "position": {
        "pitch": 353.51453901513423,
        "roll": 251.55718900054512,
        "yaw": 199.76335226015067
    }
}