{
    "time": "2023-05-03T04:10:03.068539+02:00",
    "accelleration": {
        "x": 0.1134599968791008,
        "y": -0.944767951965332,
        "z": -0.3147599995136261
    },
    "position": {
        "pitch": 353.5071538730942,
        "roll": 251.58551379503314,
        "yaw": 174.32090761976582
    }
}