{
    "time": "2023-05-17T19:30:02.800354+02:00",
    "accelleration": {
        "x": 0.11028799414634705,
        "y": -0.941107988357544,
        "z": -0.31671199202537537
    },
    "position": {
        "pitch": 353.66072598082684,
        "roll": 251.41626853758942,
        "yaw": 122.10307322626451
    }
}