{
    "time": "2023-06-28T15:40:03.215559+02:00",
    "accelleration": {
        "x": 0.10906799882650375,
        "y": -0.936959981918335,
        "z": -0.3003639876842499
    },
    "position": {
        "pitch": 353.6734378166459,
        "roll": 252.22773599212195,
        "yaw": 157.88471308029048
    }
}