{
    "time": "2023-06-02T00:50:02.885702+02:00",
    "accelleration": {
        "x": 0.11492399871349335,
        "y": -0.9418399930000305,
        "z": -0.3142719864845276
    },
    "position": {
        "pitch": 353.39938416016196,
        "roll": 251.55316601912398,
        "yaw": 157.05711271893836
    }
}