{
    "time": "2023-05-29T16:30:02.377737+02:00",
    "accelleration": {
        "x": 0.10833600163459778,
        "y": -0.9384239912033081,
        "z": -0.31207600235939026
    },
    "position": {
        "pitch": 353.7455022888051,
        "roll": 251.61475383487,
        "yaw": 192.3217655367734
    }
}