{
    "time": "2023-05-16T06:30:02.748578+02:00",
    "accelleration": {
        "x": 0.115167997777462,
        "y": -0.9415959715843201,
        "z": -0.3130519986152649
    },
    "position": {
        "pitch": 353.3919926148195,
        "roll": 251.63172685495744,
        "yaw": 101.20474342277649
    }
}