{
    "time": "2022-07-02T04:30:03.232015+02:00",
    "accelleration": {
        "x": 0.10910066217184067,
        "y": -0.9226890206336975,
        "z": -0.34659910202026367
    },
    "position": {
        "pitch": 353.69786214623105,
        "roll": 249.39878092092937,
        "yaw": 129.23799811628655
    }
}