{
    "time": "2023-05-13T10:00:03.068592+02:00",
    "accelleration": {
        "x": 0.10711599886417389,
        "y": -0.9391559958457947,
        "z": -0.31280800700187683
    },
    "position": {
        "pitch": 353.82391200670315,
        "roll": 251.58830051221452,
        "yaw": 133.4777151001669
    }
}