{
    "time": "2022-07-12T01:30:03.094040+02:00",
    "accelleration": {
        "x": 0.10861577093601227,
        "y": -0.9236539602279663,
        "z": -0.32321932911872864
    },
    "position": {
        "pitch": 353.6810833596481,
        "roll": 250.6969744859062,
        "yaw": 175.07506978716196
    }
}