{
    "time": "2023-05-13T01:30:02.561539+02:00",
    "accelleration": {
        "x": 0.11028799414634705,
        "y": -0.9442799687385559,
        "z": -0.31671199202537537
    },
    "position": {
        "pitch": 353.68023043977547,
        "roll": 251.468881484766,
        "yaw": 147.13418657198716
    }
}