{
    "time": "2023-05-11T08:10:03.121851+02:00",
    "accelleration": {
        "x": 0.10784799605607986,
        "y": -0.9415959715843201,
        "z": -0.3140279948711395
    },
    "position": {
        "pitch": 353.7973737335699,
        "roll": 251.5676665107319,
        "yaw": 151.13517478399723
    }
}