{
    "time": "2022-07-11T00:50:02.520816+02:00",
    "accelleration": {
        "x": 0.10837332904338837,
        "y": -0.9195531010627747,
        "z": -0.32611170411109924
    },
    "position": {
        "pitch": 353.6769860999197,
        "roll": 250.45442763828987,
        "yaw": 186.12746697848883
    }
}