{
    "time": "2023-06-09T04:40:02.764047+02:00",
    "accelleration": {
        "x": 0.11321599781513214,
        "y": -0.9406200051307678,
        "z": -0.3147599995136261
    },
    "position": {
        "pitch": 353.4910333459925,
        "roll": 251.50622212895848,
        "yaw": 158.52060369201865
    }
}