{
    "time": "2023-04-28T09:10:02.943077+02:00",
    "accelleration": {
        "x": 0.11272799968719482,
        "y": -0.9428159594535828,
        "z": -0.3106119930744171
    },
    "position": {
        "pitch": 353.5320618654499,
        "roll": 251.78831577186918,
        "yaw": 123.66948148975855
    }
}