{
    "time": "2023-05-05T18:00:03.031103+02:00",
    "accelleration": {
        "x": 0.10906799882650375,
        "y": -0.9430599808692932,
        "z": -0.3093920052051544
    },
    "position": {
        "pitch": 353.72957727586834,
        "roll": 251.84122241718006,
        "yaw": 138.76178166852054
    }
}