{
    "time": "2023-06-19T11:10:03.441059+02:00",
    "accelleration": {
        "x": 0.11150799691677094,
        "y": -0.9386679530143738,
        "z": -0.30866000056266785
    },
    "position": {
        "pitch": 353.564352011638,
        "roll": 251.80043252745676,
        "yaw": 157.75872341086043
    }
}