{
    "time": "2023-07-04T13:10:02.830255+02:00",
    "accelleration": {
        "x": 0.10979999601840973,
        "y": -0.9376919865608215,
        "z": -0.3042680025100708
    },
    "position": {
        "pitch": 353.6429508403987,
        "roll": 252.02224975094208,
        "yaw": 157.32280707765185
    }
}