{
    "time": "2023-05-26T10:10:03.181141+02:00",
    "accelleration": {
        "x": 0.11297199875116348,
        "y": -0.9418399930000305,
        "z": -0.31036800146102905
    },
    "position": {
        "pitch": 353.5037853091729,
        "roll": 251.75741599606403,
        "yaw": 102.55960023710773
    }
}