{
    "time": "2023-05-20T21:40:02.524147+02:00",
    "accelleration": {
        "x": 0.10711599886417389,
        "y": -0.9391559958457947,
        "z": -0.3084160089492798
    },
    "position": {
        "pitch": 353.81375167342594,
        "roll": 251.7639183361539,
        "yaw": 170.80766321638637
    }
}