{
    "time": "2023-06-03T07:10:02.611612+02:00",
    "accelleration": {
        "x": 0.11467999964952469,
        "y": -0.9425719976425171,
        "z": -0.3172000050544739
    },
    "position": {
        "pitch": 353.42370432936224,
        "roll": 251.40904219744755,
        "yaw": 159.66476966102252
    }
}