{
    "time": "2023-07-03T14:20:02.764402+02:00",
    "accelleration": {
        "x": 0.11077599972486496,
        "y": -0.9374479651451111,
        "z": -0.3050000071525574
    },
    "position": {
        "pitch": 353.58700091892575,
        "roll": 251.9795132573053,
        "yaw": 157.5112793176092
    }
}