{
    "time": "2023-06-27T14:50:02.837574+02:00",
    "accelleration": {
        "x": 0.10735999792814255,
        "y": -0.9367159605026245,
        "z": -0.3013399839401245
    },
    "position": {
        "pitch": 353.77127003122257,
        "roll": 252.1710522522,
        "yaw": 158.4486134981667
    }
}