{
    "time": "2023-06-15T08:50:03.179915+02:00",
    "accelleration": {
        "x": 0.11467999964952469,
        "y": -0.9413520097732544,
        "z": -0.31915199756622314
    },
    "position": {
        "pitch": 353.41813089499954,
        "roll": 251.27651603698177,
        "yaw": 158.2434619362562
    }
}