{
    "time": "2023-05-31T11:40:03.083434+02:00",
    "accelleration": {
        "x": 0.11321599781513214,
        "y": -0.9415959715843201,
        "z": -0.31549200415611267
    },
    "position": {
        "pitch": 353.50155269108797,
        "roll": 251.47859401376576,
        "yaw": 119.90884763464123
    }
}