{
    "time": "2022-07-21T09:10:03.437519+02:00",
    "accelleration": {
        "x": 0.10643375664949417,
        "y": -0.9212417006492615,
        "z": -0.323701411485672
    },
    "position": {
        "pitch": 353.79397656823147,
        "roll": 250.61671293296936,
        "yaw": 158.02602969421804
    }
}