{
    "time": "2023-06-04T16:00:02.567541+02:00",
    "accelleration": {
        "x": 0.115167997777462,
        "y": -0.9408639669418335,
        "z": -0.31671199202537537
    },
    "position": {
        "pitch": 353.3833712085397,
        "roll": 251.40068204590344,
        "yaw": 159.4780869306277
    }
}