{
    "time": "2023-04-29T08:40:03.374701+02:00",
    "accelleration": {
        "x": 0.11297199875116348,
        "y": -0.9398880004882812,
        "z": -0.3093920052051544
    },
    "position": {
        "pitch": 353.4979506200744,
        "roll": 251.7953030553901,
        "yaw": 113.79813693141928
    }
}