{
    "time": "2023-04-30T13:10:02.727249+02:00",
    "accelleration": {
        "x": 0.11248400062322617,
        "y": -0.9393999576568604,
        "z": -0.30573198199272156
    },
    "position": {
        "pitch": 353.51103939695827,
        "roll": 251.97978646487212,
        "yaw": 117.30080820196356
    }
}