{
    "time": "2023-06-27T09:20:02.915090+02:00",
    "accelleration": {
        "x": 0.10833600163459778,
        "y": -0.9384239912033081,
        "z": -0.30280399322509766
    },
    "position": {
        "pitch": 353.72847377343055,
        "roll": 252.12130115428562,
        "yaw": 157.94263308445218
    }
}