{
    "time": "2022-07-10T21:30:02.930064+02:00",
    "accelleration": {
        "x": 0.10546397417783737,
        "y": -0.9253425002098083,
        "z": -0.32803991436958313
    },
    "position": {
        "pitch": 353.8698646656654,
        "roll": 250.46921499784293,
        "yaw": 158.20566366938937
    }
}