{
    "time": "2022-07-02T09:50:03.284336+02:00",
    "accelleration": {
        "x": 0.11055533587932587,
        "y": -0.9200355410575867,
        "z": -0.34226056933403015
    },
    "position": {
        "pitch": 353.58934153937696,
        "roll": 249.57633851859302,
        "yaw": 187.46864292391254
    }
}