{
    "time": "2023-05-13T13:10:02.790781+02:00",
    "accelleration": {
        "x": 0.11101999878883362,
        "y": -0.9420839548110962,
        "z": -0.37161198258399963
    },
    "position": {
        "pitch": 353.7515649354671,
        "roll": 248.48924561029378,
        "yaw": 196.8489378620629
    }
}