{
    "time": "2023-05-16T19:30:03.099488+02:00",
    "accelleration": {
        "x": 0.11443600058555603,
        "y": -0.9403759837150574,
        "z": -0.3101239800453186
    },
    "position": {
        "pitch": 353.41207934739487,
        "roll": 251.82258283093512,
        "yaw": 185.6975338909932
    }
}