{
    "time": "2023-06-22T04:40:03.183084+02:00",
    "accelleration": {
        "x": 0.11004399508237839,
        "y": -0.9396439790725708,
        "z": -0.30646398663520813
    },
    "position": {
        "pitch": 353.6502079163919,
        "roll": 251.94351133019018,
        "yaw": 158.8027314858752
    }
}