{
    "time": "2023-04-30T02:40:02.834736+02:00",
    "accelleration": {
        "x": 0.10955599695444107,
        "y": -0.9420839548110962,
        "z": -0.30695199966430664
    },
    "position": {
        "pitch": 353.6946472615661,
        "roll": 251.96349646370163,
        "yaw": 198.39486921842524
    }
}