{
    "time": "2023-04-29T06:40:02.666423+02:00",
    "accelleration": {
        "x": 0.10906799882650375,
        "y": -0.9435479640960693,
        "z": -0.30646398663520813
    },
    "position": {
        "pitch": 353.7288029031712,
        "roll": 252.02149843013342,
        "yaw": 129.4363468097837
    }
}