{
    "time": "2023-05-18T10:20:02.951313+02:00",
    "accelleration": {
        "x": 0.10955599695444107,
        "y": -0.9384239912033081,
        "z": -0.31158798933029175
    },
    "position": {
        "pitch": 353.6806001237643,
        "roll": 251.64443100681368,
        "yaw": 106.82663797766814
    }
}