{
    "time": "2023-06-19T11:30:02.503616+02:00",
    "accelleration": {
        "x": 0.10931199789047241,
        "y": -0.9389119744300842,
        "z": -0.3079279959201813
    },
    "position": {
        "pitch": 353.68617910765573,
        "roll": 251.8504226819921,
        "yaw": 157.54594935783618
    }
}