{
    "time": "2023-07-03T19:40:02.649781+02:00",
    "accelleration": {
        "x": 0.10979999601840973,
        "y": -0.9386679530143738,
        "z": -0.305976003408432
    },
    "position": {
        "pitch": 353.65239656513404,
        "roll": 251.9489754815262,
        "yaw": 157.53204309268602
    }
}