{
    "time": "2023-05-16T18:20:02.861665+02:00",
    "accelleration": {
        "x": 0.11370399594306946,
        "y": -0.9401319622993469,
        "z": -0.3113439977169037
    },
    "position": {
        "pitch": 353.45648155341553,
        "roll": 251.6826459152199,
        "yaw": 176.61691669040064
    }
}