{
    "time": "2023-04-27T12:50:08.116499+02:00",
    "accelleration": {
        "x": 0.11077599972486496,
        "y": -0.9435479640960693,
        "z": -0.3111000061035156
    },
    "position": {
        "pitch": 353.6462434184655,
        "roll": 251.76522973247452,
        "yaw": 197.38226635321416
    }
}