{
    "time": "2023-05-31T23:40:02.886472+02:00",
    "accelleration": {
        "x": 0.10833600163459778,
        "y": -0.9384239912033081,
        "z": -0.3215920031070709
    },
    "position": {
        "pitch": 353.76756251916373,
        "roll": 251.09697085426964,
        "yaw": 134.15633537534268
    }
}