{
    "time": "2023-05-23T11:30:03.341207+02:00",
    "accelleration": {
        "x": 0.11126399785280228,
        "y": -0.9393999576568604,
        "z": -0.31378400325775146
    },
    "position": {
        "pitch": 353.59298203020455,
        "roll": 251.53426688569056,
        "yaw": 181.705780094741
    }
}