{
    "time": "2023-05-09T11:00:03.045498+02:00",
    "accelleration": {
        "x": 0.10833600163459778,
        "y": -0.9396439790725708,
        "z": -0.3076840043067932
    },
    "position": {
        "pitch": 353.745922345439,
        "roll": 251.80677094300654,
        "yaw": 154.4756290617537
    }
}