{
    "time": "2023-06-08T23:40:02.515940+02:00",
    "accelleration": {
        "x": 0.11199599504470825,
        "y": -0.9393999576568604,
        "z": -0.31036800146102905
    },
    "position": {
        "pitch": 353.541998083145,
        "roll": 251.72198097465,
        "yaw": 158.34214450938455
    }
}