{
    "time": "2023-05-12T16:00:02.472018+02:00",
    "accelleration": {
        "x": 0.1105320006608963,
        "y": -0.9418399930000305,
        "z": -0.3172000050544739
    },
    "position": {
        "pitch": 353.653038602916,
        "roll": 251.40076400817347,
        "yaw": 148.48276644247116
    }
}