{
    "time": "2023-06-07T00:10:04.113281+02:00",
    "accelleration": {
        "x": 0.1117519959807396,
        "y": -0.9398880004882812,
        "z": -0.313539981842041
    },
    "position": {
        "pitch": 353.5651916980191,
        "roll": 251.55678601938408,
        "yaw": 158.46291591428871
    }
}