{
    "time": "2022-07-20T14:30:03.334801+02:00",
    "accelleration": {
        "x": 0.10643375664949417,
        "y": -0.9222065806388855,
        "z": -0.3222552239894867
    },
    "position": {
        "pitch": 353.7885615088801,
        "roll": 250.72217788394352,
        "yaw": 156.76469866019178
    }
}