{
    "time": "2023-05-28T16:50:03.117734+02:00",
    "accelleration": {
        "x": 0.1088239997625351,
        "y": -0.9406200051307678,
        "z": -0.30987998843193054
    },
    "position": {
        "pitch": 353.7224508272431,
        "roll": 251.77134275178167,
        "yaw": 161.02635421168623
    }
}