{
    "time": "2023-06-06T09:20:03.070223+02:00",
    "accelleration": {
        "x": 0.11443600058555603,
        "y": -0.9413520097732544,
        "z": -0.31866398453712463
    },
    "position": {
        "pitch": 353.38412935953755,
        "roll": 251.30235464261193,
        "yaw": 158.81628258118852
    }
}