{
    "time": "2022-07-06T00:50:02.635162+02:00",
    "accelleration": {
        "x": 0.10861577093601227,
        "y": -0.9193118810653687,
        "z": -0.3408144414424896
    },
    "position": {
        "pitch": 353.688070643169,
        "roll": 249.63233923959797,
        "yaw": 144.93814415004465
    }
}