{
    "time": "2022-07-22T01:40:02.788400+02:00",
    "accelleration": {
        "x": 0.10667620599269867,
        "y": -0.9200355410575867,
        "z": -0.3186397850513458
    },
    "position": {
        "pitch": 353.7011871676964,
        "roll": 250.87530389494606,
        "yaw": 184.78059465529734
    }
}