{
    "time": "2023-05-29T22:50:03.233979+02:00",
    "accelleration": {
        "x": 0.11028799414634705,
        "y": -0.9396439790725708,
        "z": -0.32037198543548584
    },
    "position": {
        "pitch": 353.660160782673,
        "roll": 251.1943352008882,
        "yaw": 98.99663888675975
    }
}