{
    "time": "2022-07-21T20:30:03.352735+02:00",
    "accelleration": {
        "x": 0.11079778522253036,
        "y": -0.9212417006492615,
        "z": -0.32346034049987793
    },
    "position": {
        "pitch": 353.5380553564466,
        "roll": 250.6373810853978,
        "yaw": 177.51704000035994
    }
}