{
    "time": "2023-06-15T20:20:02.531556+02:00",
    "accelleration": {
        "x": 0.11224000155925751,
        "y": -0.9391559958457947,
        "z": -0.3093920052051544
    },
    "position": {
        "pitch": 353.5170119705006,
        "roll": 251.83422147328082,
        "yaw": 157.6647946493944
    }
}