{
    "time": "2022-07-09T19:40:02.427852+02:00",
    "accelleration": {
        "x": 0.11467691510915756,
        "y": -0.8645536303520203,
        "z": -0.32924503087997437
    },
    "position": {
        "pitch": 352.96706520221187,
        "roll": 249.15092701632796,
        "yaw": 126.4579881806863
    }
}