{
    "time": "2022-07-04T17:10:02.911376+02:00",
    "accelleration": {
        "x": 0.11104022711515427,
        "y": -0.9222065806388855,
        "z": -0.34226056933403015
    },
    "position": {
        "pitch": 353.57117067486377,
        "roll": 249.6286167865003,
        "yaw": 156.9173260673849
    }
}