{
    "time": "2022-06-29T21:40:03.215213+02:00",
    "accelleration": {
        "x": 0.11370714008808136,
        "y": -0.9207592606544495,
        "z": -0.3478042483329773
    },
    "position": {
        "pitch": 353.4257725960203,
        "roll": 249.29205921514793,
        "yaw": 108.63262878667872
    }
}