{
    "time": "2023-05-07T15:50:02.669279+02:00",
    "accelleration": {
        "x": 0.10711599886417389,
        "y": -0.9408639669418335,
        "z": -0.3084160089492798
    },
    "position": {
        "pitch": 353.8692230547702,
        "roll": 251.8507573612614,
        "yaw": 163.793810259592
    }
}