{
    "time": "2023-05-09T11:10:03.316546+02:00",
    "accelleration": {
        "x": 0.11077599972486496,
        "y": -0.9413520097732544,
        "z": -0.3106119930744171
    },
    "position": {
        "pitch": 353.63224323821424,
        "roll": 251.74850259919717,
        "yaw": 128.79564774487983
    }
}