{
    "time": "2023-05-01T03:00:02.735686+02:00",
    "accelleration": {
        "x": 0.11101999878883362,
        "y": -0.9413520097732544,
        "z": -0.3125639855861664
    },
    "position": {
        "pitch": 353.61847016175295,
        "roll": 251.58092390791091,
        "yaw": 198.96789476903263
    }
}