{
    "time": "2023-05-29T00:10:05.325452+02:00",
    "accelleration": {
        "x": 0.11248400062322617,
        "y": -0.9413520097732544,
        "z": -0.3125639855861664
    },
    "position": {
        "pitch": 353.52961153508517,
        "roll": 251.63888489320763,
        "yaw": 116.79085261815207
    }
}