{
    "time": "2023-06-28T04:50:02.961230+02:00",
    "accelleration": {
        "x": 0.10906799882650375,
        "y": -0.937936007976532,
        "z": -0.3042680025100708
    },
    "position": {
        "pitch": 353.6906921551498,
        "roll": 252.03528858206766,
        "yaw": 158.6739960803988
    }
}