{
    "time": "2022-07-12T04:40:03.143479+02:00",
    "accelleration": {
        "x": 0.10934310406446457,
        "y": -0.9219653606414795,
        "z": -0.3258706331253052
    },
    "position": {
        "pitch": 353.5852370225726,
        "roll": 250.51827624665114,
        "yaw": 142.67330806278179
    }
}