{
    "time": "2023-06-26T13:40:02.677067+02:00",
    "accelleration": {
        "x": 0.1076039969921112,
        "y": -0.9396439790725708,
        "z": -0.29816800355911255
    },
    "position": {
        "pitch": 353.76983142262867,
        "roll": 252.39213864544416,
        "yaw": 158.14588585377342
    }
}