{
    "time": "2022-07-09T02:20:02.843685+02:00",
    "accelleration": {
        "x": 0.11273735016584396,
        "y": -0.9197943806648254,
        "z": -0.33864516019821167
    },
    "position": {
        "pitch": 353.45701003930253,
        "roll": 249.76741306062414,
        "yaw": 137.15906411939872
    }
}