{
    "time": "2023-05-07T20:10:03.023803+02:00",
    "accelleration": {
        "x": 0.11101999878883362,
        "y": -0.9428159594535828,
        "z": -0.3159799873828888
    },
    "position": {
        "pitch": 353.6302074149548,
        "roll": 251.49069027878585,
        "yaw": 187.3571332555229
    }
}