{
    "time": "2023-05-14T00:00:03.309672+02:00",
    "accelleration": {
        "x": 0.11272799968719482,
        "y": -0.9430599808692932,
        "z": -0.3164680004119873
    },
    "position": {
        "pitch": 353.53446609203775,
        "roll": 251.5317670364543,
        "yaw": 144.85125048342377
    }
}