{
    "time": "2022-07-15T15:30:03.166151+02:00",
    "accelleration": {
        "x": 0.10982800275087357,
        "y": -0.9193118810653687,
        "z": -0.32755783200263977
    },
    "position": {
        "pitch": 353.5845454659191,
        "roll": 250.38519684086262,
        "yaw": 130.04505326861525
    }
}