{
    "time": "2023-05-24T18:40:03.143481+02:00",
    "accelleration": {
        "x": 0.1117519959807396,
        "y": -0.9413520097732544,
        "z": -0.31451600790023804
    },
    "position": {
        "pitch": 353.57433475999676,
        "roll": 251.53400050831291,
        "yaw": 191.2788912731608
    }
}