{
    "time": "2023-05-25T21:50:03.347911+02:00",
    "accelleration": {
        "x": 0.10955599695444107,
        "y": -0.9415959715843201,
        "z": -0.32085999846458435
    },
    "position": {
        "pitch": 353.71408427239663,
        "roll": 251.19548267266873,
        "yaw": 194.69242857503644
    }
}