{
    "time": "2022-07-04T07:50:03.239627+02:00",
    "accelleration": {
        "x": 0.11152512580156326,
        "y": -0.9197943806648254,
        "z": -0.34539395570755005
    },
    "position": {
        "pitch": 353.5427818473523,
        "roll": 249.39535216596602,
        "yaw": 183.8704992691498
    }
}