{
    "time": "2023-06-16T21:40:03.302868+02:00",
    "accelleration": {
        "x": 0.11126399785280228,
        "y": -0.9391559958457947,
        "z": -0.3089039921760559
    },
    "position": {
        "pitch": 353.5794685009317,
        "roll": 251.79448343268967,
        "yaw": 157.19371650233862
    }
}