{
    "time": "2023-05-22T16:10:03.275815+02:00",
    "accelleration": {
        "x": 0.1117519959807396,
        "y": -0.937936007976532,
        "z": -0.3101239800453186
    },
    "position": {
        "pitch": 353.5452582178132,
        "roll": 251.77405433688216,
        "yaw": 109.5497251167255
    }
}