{
    "time": "2023-05-27T23:20:03.399923+02:00",
    "accelleration": {
        "x": 0.11248400062322617,
        "y": -0.9381799697875977,
        "z": -0.3113439977169037
    },
    "position": {
        "pitch": 353.51427690662484,
        "roll": 251.64512085591986,
        "yaw": 189.71241470777508
    }
}