{
    "time": "2022-07-01T12:50:03.247669+02:00",
    "accelleration": {
        "x": 0.10861577093601227,
        "y": -0.9226890206336975,
        "z": -0.3446708619594574
    },
    "position": {
        "pitch": 353.7137662417134,
        "roll": 249.4989251545401,
        "yaw": 138.36851303648956
    }
}