{
    "time": "2023-06-12T23:40:02.671808+02:00",
    "accelleration": {
        "x": 0.11028799414634705,
        "y": -0.9396439790725708,
        "z": -0.3111000061035156
    },
    "position": {
        "pitch": 353.7062180289069,
        "roll": 251.68879308547292,
        "yaw": 158.61667713288406
    }
}