{
    "time": "2023-06-14T11:40:03.047933+02:00",
    "accelleration": {
        "x": 0.11077599972486496,
        "y": -0.9401319622993469,
        "z": -0.31451600790023804
    },
    "position": {
        "pitch": 353.6234677257913,
        "roll": 251.51221903504972,
        "yaw": 157.90180221359384
    }
}