{
    "time": "2023-05-27T01:20:03.341891+02:00",
    "accelleration": {
        "x": 0.11443600058555603,
        "y": -0.9415959715843201,
        "z": -0.30866000056266785
    },
    "position": {
        "pitch": 353.4181599233035,
        "roll": 251.85564094651798,
        "yaw": 141.82304513376357
    }
}