{
    "time": "2023-06-30T21:00:02.643305+02:00",
    "accelleration": {
        "x": 0.11004399508237839,
        "y": -0.9396439790725708,
        "z": -0.3071959912776947
    },
    "position": {
        "pitch": 353.64795053887116,
        "roll": 251.90253019517013,
        "yaw": 157.69424642509549
    }
}