{
    "time": "2022-07-20T23:00:02.920557+02:00",
    "accelleration": {
        "x": 0.10473663359880447,
        "y": -0.9210004806518555,
        "z": -0.3208090364933014
    },
    "position": {
        "pitch": 353.8772404161953,
        "roll": 250.76735275511402,
        "yaw": 163.94158823247437
    }
}