{
    "time": "2022-07-08T00:40:02.780676+02:00",
    "accelleration": {
        "x": 0.11346468329429626,
        "y": -0.9193118810653687,
        "z": -0.3449119031429291
    },
    "position": {
        "pitch": 353.42579009838005,
        "roll": 249.41364341256332,
        "yaw": 116.9350242511527
    }
}