{
    "time": "2023-06-05T12:20:03.178185+02:00",
    "accelleration": {
        "x": 0.11199599504470825,
        "y": -0.9381799697875977,
        "z": -0.31378400325775146
    },
    "position": {
        "pitch": 353.53809121493975,
        "roll": 251.51294986529092,
        "yaw": 158.02451339222227
    }
}