{
    "time": "2023-05-01T19:00:03.389390+02:00",
    "accelleration": {
        "x": 0.11248400062322617,
        "y": -0.9420839548110962,
        "z": -0.3140279948711395
    },
    "position": {
        "pitch": 353.5445773333303,
        "roll": 251.5793119832668,
        "yaw": 202.4268118477538
    }
}