{
    "time": "2023-06-11T22:00:02.707825+02:00",
    "accelleration": {
        "x": 0.11126399785280228,
        "y": -0.9398880004882812,
        "z": -0.3111000061035156
    },
    "position": {
        "pitch": 353.58625173255115,
        "roll": 251.69144319887087,
        "yaw": 158.56810082750692
    }
}