{
    "time": "2023-05-22T07:20:03.331600+02:00",
    "accelleration": {
        "x": 0.11736399680376053,
        "y": -0.9459879994392395,
        "z": -0.3184199929237366
    },
    "position": {
        "pitch": 353.3016889762555,
        "roll": 251.3993228382586,
        "yaw": 126.38076606193013
    }
}