{
    "time": "2023-05-25T07:20:02.543033+02:00",
    "accelleration": {
        "x": 0.1163880005478859,
        "y": -0.9415959715843201,
        "z": -0.31378400325775146
    },
    "position": {
        "pitch": 353.3184101331173,
        "roll": 251.572652548826,
        "yaw": 132.9114787575945
    }
}