{
    "time": "2023-05-24T09:40:02.984315+02:00",
    "accelleration": {
        "x": 0.11467999964952469,
        "y": -0.9386679530143738,
        "z": -0.31671199202537537
    },
    "position": {
        "pitch": 353.4046096817638,
        "roll": 251.36784932656317,
        "yaw": 126.50634592000999
    }
}