{
    "time": "2023-05-11T00:20:03.025871+02:00",
    "accelleration": {
        "x": 0.11370399594306946,
        "y": -0.9413520097732544,
        "z": -0.31329599022865295
    },
    "position": {
        "pitch": 353.4683157099262,
        "roll": 251.60293760760584,
        "yaw": 107.55923040766537
    }
}