{
    "time": "2023-05-07T12:10:02.611256+02:00",
    "accelleration": {
        "x": 0.1088239997625351,
        "y": -0.9403759837150574,
        "z": -0.30817198753356934
    },
    "position": {
        "pitch": 353.72194752767865,
        "roll": 251.8636732489819,
        "yaw": 171.41705269413492
    }
}