{
    "time": "2023-05-03T14:40:03.483182+02:00",
    "accelleration": {
        "x": 0.11224000155925751,
        "y": -0.9401319622993469,
        "z": -0.30621999502182007
    },
    "position": {
        "pitch": 353.4588405300001,
        "roll": 252.03048695908114,
        "yaw": 119.2793910611112
    }
}