{
    "time": "2023-06-03T22:00:02.440945+02:00",
    "accelleration": {
        "x": 0.11492399871349335,
        "y": -0.9403759837150574,
        "z": -0.3159799873828888
    },
    "position": {
        "pitch": 353.3917317869706,
        "roll": 251.42960106684927,
        "yaw": 159.72848166560038
    }
}