{
    "time": "2023-05-03T10:10:02.649758+02:00",
    "accelleration": {
        "x": 0.10955599695444107,
        "y": -0.9398880004882812,
        "z": -0.3113439977169037
    },
    "position": {
        "pitch": 353.68578466423116,
        "roll": 251.680159726362,
        "yaw": 162.52320382867285
    }
}