{
    "time": "2022-07-09T03:00:03.052173+02:00",
    "accelleration": {
        "x": 0.11007044464349747,
        "y": -0.9217241406440735,
        "z": -0.3384041488170624
    },
    "position": {
        "pitch": 353.6172368857209,
        "roll": 249.8287413291817,
        "yaw": 154.80552719866532
    }
}