{
    "time": "2023-05-11T11:50:02.470712+02:00",
    "accelleration": {
        "x": 0.10906799882650375,
        "y": -0.9391559958457947,
        "z": -0.30743998289108276
    },
    "position": {
        "pitch": 353.700859745503,
        "roll": 251.87727898580857,
        "yaw": 180.51507321673267
    }
}