{
    "time": "2022-07-11T17:30:03.364866+02:00",
    "accelleration": {
        "x": 0.11055533587932587,
        "y": -0.9226890206336975,
        "z": -0.3273168206214905
    },
    "position": {
        "pitch": 353.5655404645536,
        "roll": 250.46452265788315,
        "yaw": 177.45509018458793
    }
}