{
    "time": "2023-06-21T00:30:03.479701+02:00",
    "accelleration": {
        "x": 0.11150799691677094,
        "y": -0.9406200051307678,
        "z": -0.30646398663520813
    },
    "position": {
        "pitch": 353.5719809060541,
        "roll": 251.95646136885654,
        "yaw": 158.06535792345898
    }
}