{
    "time": "2022-07-08T23:30:03.805746+02:00",
    "accelleration": {
        "x": 0.11104022711515427,
        "y": -0.9214829206466675,
        "z": -0.33575281500816345
    },
    "position": {
        "pitch": 353.56010790284245,
        "roll": 249.95387722496548,
        "yaw": 156.89601587717445
    }
}