{
    "time": "2023-04-27T14:40:03.183389+02:00",
    "accelleration": {
        "x": 0.11272799968719482,
        "y": -0.9408639669418335,
        "z": -0.30695199966430664
    },
    "position": {
        "pitch": 353.5076230217128,
        "roll": 251.9398640091734,
        "yaw": 195.00769644674588
    }
}