{
    "time": "2023-05-20T05:10:02.591283+02:00",
    "accelleration": {
        "x": 0.11126399785280228,
        "y": -0.9425719976425171,
        "z": -0.3172000050544739
    },
    "position": {
        "pitch": 353.61936406276055,
        "roll": 251.4136457449481,
        "yaw": 98.25064562561096
    }
}