{
    "time": "2023-05-21T20:30:02.670112+02:00",
    "accelleration": {
        "x": 0.1134599968791008,
        "y": -0.9428159594535828,
        "z": -0.3201279938220978
    },
    "position": {
        "pitch": 353.499213778184,
        "roll": 251.2541130165041,
        "yaw": 134.12691092039827
    }
}