{
    "time": "2023-05-28T11:20:03.383542+02:00",
    "accelleration": {
        "x": 0.11028799414634705,
        "y": -0.9393999576568604,
        "z": -0.3106119930744171
    },
    "position": {
        "pitch": 353.63972442978957,
        "roll": 251.71188595505672,
        "yaw": 166.46411369674348
    }
}