{
    "time": "2023-05-04T14:40:02.443704+02:00",
    "accelleration": {
        "x": 0.11370399594306946,
        "y": -0.9401319622993469,
        "z": -0.25058799982070923
    },
    "position": {
        "pitch": 353.33839953549705,
        "roll": 255.0827482349981,
        "yaw": 113.63348156109778
    }
}