{
    "time": "2022-07-16T06:50:02.682702+02:00",
    "accelleration": {
        "x": 0.10982800275087357,
        "y": -0.9205180406570435,
        "z": -0.33261945843696594
    },
    "position": {
        "pitch": 353.61484290441683,
        "roll": 250.12317712392257,
        "yaw": 183.64461125291916
    }
}