{
    "time": "2023-07-05T00:00:02.811165+02:00",
    "accelleration": {
        "x": 0.11101999878883362,
        "y": -0.9381799697875977,
        "z": -0.30573198199272156
    },
    "position": {
        "pitch": 353.58168276288325,
        "roll": 251.95673457642334,
        "yaw": 158.97268025280346
    }
}