{
    "time": "2023-06-02T23:40:02.950152+02:00",
    "accelleration": {
        "x": 0.11321599781513214,
        "y": -0.9396439790725708,
        "z": -0.3159799873828888
    },
    "position": {
        "pitch": 353.48398117567444,
        "roll": 251.42197857573552,
        "yaw": 159.67915403941456
    }
}