{
    "time": "2022-07-21T21:10:02.528196+02:00",
    "accelleration": {
        "x": 0.11176756769418716,
        "y": -0.9205180406570435,
        "z": -0.32273727655410767
    },
    "position": {
        "pitch": 353.48018785936415,
        "roll": 250.6541765205669,
        "yaw": 193.26385352899325
    }
}