{
    "time": "2022-07-18T04:50:02.821222+02:00",
    "accelleration": {
        "x": 0.10740353912115097,
        "y": -0.9222065806388855,
        "z": -0.33213740587234497
    },
    "position": {
        "pitch": 353.76536277136415,
        "roll": 250.17393225964497,
        "yaw": 171.63945731388887
    }
}