{
    "time": "2023-05-12T17:10:02.933667+02:00",
    "accelleration": {
        "x": 0.11321599781513214,
        "y": -0.9435479640960693,
        "z": -0.3125639855861664
    },
    "position": {
        "pitch": 353.502380424638,
        "roll": 251.67498244297116,
        "yaw": 145.63649001154343
    }
}