{
    "time": "2022-07-13T20:00:02.710368+02:00",
    "accelleration": {
        "x": 0.10473663359880447,
        "y": -0.9224478602409363,
        "z": -0.3318963646888733
    },
    "position": {
        "pitch": 353.90437633088095,
        "roll": 250.19544052534133,
        "yaw": 139.22361173944012
    }
}