{
    "time": "2023-04-30T22:30:02.796500+02:00",
    "accelleration": {
        "x": 0.1117519959807396,
        "y": -0.9437919855117798,
        "z": -0.30987998843193054
    },
    "position": {
        "pitch": 353.5909321196799,
        "roll": 251.83419415252413,
        "yaw": 116.97618297109119
    }
}