{
    "time": "2023-05-31T07:20:02.803292+02:00",
    "accelleration": {
        "x": 0.10833600163459778,
        "y": -0.9393999576568604,
        "z": -0.3113439977169037
    },
    "position": {
        "pitch": 353.75523061261725,
        "roll": 251.66778342358595,
        "yaw": 101.63945764269113
    }
}