{
    "time": "2023-05-08T10:50:03.347753+02:00",
    "accelleration": {
        "x": 0.1117519959807396,
        "y": -0.9408639669418335,
        "z": -0.3130519986152649
    },
    "position": {
        "pitch": 353.57958034527934,
        "roll": 251.5455025468752,
        "yaw": 201.26774240598098
    }
}