{
    "time": "2023-05-17T23:30:03.430382+02:00",
    "accelleration": {
        "x": 0.11492399871349335,
        "y": -0.9415959715843201,
        "z": -0.31622397899627686
    },
    "position": {
        "pitch": 353.41110732609866,
        "roll": 251.45356137045766,
        "yaw": 119.75638415198821
    }
}