{
    "time": "2023-05-26T21:50:03.410023+02:00",
    "accelleration": {
        "x": 0.11004399508237839,
        "y": -0.9391559958457947,
        "z": -0.3101239800453186
    },
    "position": {
        "pitch": 353.65115133627097,
        "roll": 251.7317276545956,
        "yaw": 131.85363271932127
    }
}