{
    "time": "2023-06-25T21:20:02.953241+02:00",
    "accelleration": {
        "x": 0.10784799605607986,
        "y": -0.9374479651451111,
        "z": -0.30109599232673645
    },
    "position": {
        "pitch": 353.74931396124873,
        "roll": 252.19995078257833,
        "yaw": 157.93767436711474
    }
}