{
    "time": "2023-06-07T16:40:02.808828+02:00",
    "accelleration": {
        "x": 0.1105320006608963,
        "y": -0.9396439790725708,
        "z": -0.31329599022865295
    },
    "position": {
        "pitch": 353.63127932776763,
        "roll": 251.56658734084306,
        "yaw": 158.45344927209908
    }
}