{
    "time": "2023-07-04T10:50:03.027116+02:00",
    "accelleration": {
        "x": 0.11004399508237839,
        "y": -0.9384239912033081,
        "z": -0.3076840043067932
    },
    "position": {
        "pitch": 353.64011417745905,
        "roll": 251.85434321057568,
        "yaw": 157.46288059715047
    }
}