{
    "time": "2023-07-03T21:10:02.750208+02:00",
    "accelleration": {
        "x": 0.10979999601840973,
        "y": -0.9374479651451111,
        "z": -0.305976003408432
    },
    "position": {
        "pitch": 353.645566375964,
        "roll": 251.9277472535858,
        "yaw": 158.3238669231656
    }
}