{
    "time": "2023-06-17T23:40:03.252787+02:00",
    "accelleration": {
        "x": 0.11077599972486496,
        "y": -0.9396439790725708,
        "z": -0.3096359968185425
    },
    "position": {
        "pitch": 353.67504291110083,
        "roll": 251.7724560726164,
        "yaw": 157.7846234881931
    }
}