{
    "time": "2023-07-02T14:10:02.930902+02:00",
    "accelleration": {
        "x": 0.10809199512004852,
        "y": -0.937936007976532,
        "z": -0.30524399876594543
    },
    "position": {
        "pitch": 353.74226691357256,
        "roll": 251.97431548334697,
        "yaw": 157.7362930696261
    }
}