{
    "time": "2022-07-12T00:40:42.328157+02:00",
    "accelleration": {
        "x": 0.10934310406446457,
        "y": -0.9231715202331543,
        "z": -0.3350297510623932
    },
    "position": {
        "pitch": 353.6570752447155,
        "roll": 250.0504424394511,
        "yaw": 123.54715280172363
    }
}