{
    "time": "2022-07-22T03:20:03.104178+02:00",
    "accelleration": {
        "x": 0.11152512580156326,
        "y": -0.9214829206466675,
        "z": -0.3304502069950104
    },
    "position": {
        "pitch": 353.46095105845365,
        "roll": 250.26203486974896,
        "yaw": 123.18587677576497
    }
}