{
    "time": "2023-05-25T11:40:02.486427+02:00",
    "accelleration": {
        "x": 0.10906799882650375,
        "y": -0.9393999576568604,
        "z": -0.31158798933029175
    },
    "position": {
        "pitch": 353.7118286024232,
        "roll": 251.64937606377276,
        "yaw": 136.90283640287487
    }
}