{
    "time": "2023-06-17T08:20:03.207942+02:00",
    "accelleration": {
        "x": 0.11199599504470825,
        "y": -0.9396439790725708,
        "z": -0.3118319809436798
    },
    "position": {
        "pitch": 353.550271576664,
        "roll": 251.6489389316659,
        "yaw": 158.01870773142778
    }
}