{
    "time": "2022-07-04T21:40:02.581983+02:00",
    "accelleration": {
        "x": 0.10982800275087357,
        "y": -0.9219653606414795,
        "z": -0.3432247042655945
    },
    "position": {
        "pitch": 353.6445311754179,
        "roll": 249.56628448013475,
        "yaw": 145.30926930878647
    }
}