{
    "time": "2022-07-03T03:20:02.523273+02:00",
    "accelleration": {
        "x": 0.11322224140167236,
        "y": -0.9214829206466675,
        "z": -0.34973248839378357
    },
    "position": {
        "pitch": 353.45960209609257,
        "roll": 249.20485819001436,
        "yaw": 130.11659266998197
    }
}