{
    "time": "2023-05-30T23:00:02.695323+02:00",
    "accelleration": {
        "x": 0.11077599972486496,
        "y": -0.9393999576568604,
        "z": -0.3071959912776947
    },
    "position": {
        "pitch": 353.6070406939506,
        "roll": 251.89762611934606,
        "yaw": 112.3986926421862
    }
}