{
    "time": "2023-07-02T11:50:02.758241+02:00",
    "accelleration": {
        "x": 0.1088239997625351,
        "y": -0.9989359974861145,
        "z": -0.3079279959201813
    },
    "position": {
        "pitch": 354.0480369803543,
        "roll": 252.85161913128923,
        "yaw": 157.1487601972216
    }
}