{
    "time": "2023-06-13T10:00:03.213850+02:00",
    "accelleration": {
        "x": 0.10955599695444107,
        "y": -0.9393999576568604,
        "z": -0.31207600235939026
    },
    "position": {
        "pitch": 353.6848527702963,
        "roll": 251.6309823643379,
        "yaw": 158.49887003007967
    }
}