{
    "time": "2023-05-29T16:00:02.670610+02:00",
    "accelleration": {
        "x": 0.11101999878883362,
        "y": -0.9423279762268066,
        "z": -0.30646398663520813
    },
    "position": {
        "pitch": 353.60726609019315,
        "roll": 251.9779969553096,
        "yaw": 107.79907933055954
    }
}