{
    "time": "2022-07-16T23:40:02.588830+02:00",
    "accelleration": {
        "x": 0.10425174236297607,
        "y": -0.9231715202331543,
        "z": -0.33382460474967957
    },
    "position": {
        "pitch": 353.9408653358613,
        "roll": 250.1045648584343,
        "yaw": 147.35765670125164
    }
}