{
    "time": "2023-06-24T00:40:02.560020+02:00",
    "accelleration": {
        "x": 0.11004399508237839,
        "y": -0.9396439790725708,
        "z": -0.3008520007133484
    },
    "position": {
        "pitch": 353.63825337779707,
        "roll": 252.25168946554118,
        "yaw": 158.93523715577345
    }
}