{
    "time": "2023-06-27T07:00:03.095225+02:00",
    "accelleration": {
        "x": 0.10955599695444107,
        "y": -0.9384239912033081,
        "z": -0.3037799894809723
    },
    "position": {
        "pitch": 353.6642623112696,
        "roll": 252.06999960342966,
        "yaw": 158.88926998265927
    }
}