{
    "time": "2023-06-24T02:00:02.757908+02:00",
    "accelleration": {
        "x": 0.11126399785280228,
        "y": -0.9398880004882812,
        "z": -0.3037799894809723
    },
    "position": {
        "pitch": 353.5752722034604,
        "roll": 252.0929080579059,
        "yaw": 158.98233814028987
    }
}