{
    "time": "2023-05-09T08:10:03.469870+02:00",
    "accelleration": {
        "x": 0.10979999601840973,
        "y": -0.941107988357544,
        "z": -0.3093920052051544
    },
    "position": {
        "pitch": 353.6771227037031,
        "roll": 251.7451694668822,
        "yaw": 155.31262776340375
    }
}