{
    "time": "2023-06-13T06:40:23.145193+02:00",
    "accelleration": {
        "x": 0.11077599972486496,
        "y": -0.9403759837150574,
        "z": -0.313539981842041
    },
    "position": {
        "pitch": 353.6226963413019,
        "roll": 251.57079473737178,
        "yaw": 157.83640998248015
    }
}