{
    "time": "2023-06-23T20:20:02.443455+02:00",
    "accelleration": {
        "x": 0.1088239997625351,
        "y": -0.9376919865608215,
        "z": -0.3001199960708618
    },
    "position": {
        "pitch": 353.6897350748924,
        "roll": 252.25376584304885,
        "yaw": 158.15722396779563
    }
}