{
    "time": "2022-07-03T21:40:03.178965+02:00",
    "accelleration": {
        "x": 0.11225245893001556,
        "y": -0.9205180406570435,
        "z": -0.33864516019821167
    },
    "position": {
        "pitch": 353.4869100461679,
        "roll": 249.78530815624958,
        "yaw": 176.79081330666915
    }
}