{
    "time": "2023-05-21T04:00:02.773766+02:00",
    "accelleration": {
        "x": 0.10735999792814255,
        "y": -0.9420839548110962,
        "z": -0.37331998348236084
    },
    "position": {
        "pitch": 353.9451986640028,
        "roll": 248.45497172103867,
        "yaw": 150.72584154703836
    }
}