{
    "time": "2023-05-07T20:00:02.529045+02:00",
    "accelleration": {
        "x": 0.11101999878883362,
        "y": -0.9398880004882812,
        "z": -0.30695199966430664
    },
    "position": {
        "pitch": 353.5953025869751,
        "roll": 251.9187723850164,
        "yaw": 152.7109404066542
    }
}