{
    "time": "2023-07-06T04:50:02.929386+02:00",
    "accelleration": {
        "x": 0.11077599972486496,
        "y": -0.9384239912033081,
        "z": -0.3089039921760559
    },
    "position": {
        "pitch": 353.6519457726488,
        "roll": 251.7902896965393,
        "yaw": 158.44380504499102
    }
}