{
    "time": "2022-07-12T20:10:03.634869+02:00",
    "accelleration": {
        "x": 0.11346468329429626,
        "y": -0.9236539602279663,
        "z": -0.3205680251121521
    },
    "position": {
        "pitch": 353.40556035871896,
        "roll": 250.83072325023338,
        "yaw": 127.19018445971166
    }
}