{
    "time": "2022-07-09T13:40:03.209485+02:00",
    "accelleration": {
        "x": 0.11394958198070526,
        "y": -0.9243776202201843,
        "z": -0.3302091658115387
    },
    "position": {
        "pitch": 353.33946675255487,
        "roll": 250.32343827038736,
        "yaw": 114.1079474819819
    }
}