{
    "time": "2023-06-24T21:50:03.080513+02:00",
    "accelleration": {
        "x": 0.10979999601840973,
        "y": -0.9384239912033081,
        "z": -0.30231598019599915
    },
    "position": {
        "pitch": 353.64616529817687,
        "roll": 252.15123104322862,
        "yaw": 158.07931883012247
    }
}