{
    "time": "2023-05-29T08:20:02.952969+02:00",
    "accelleration": {
        "x": 0.11297199875116348,
        "y": -0.9401319622993469,
        "z": -0.3206160068511963
    },
    "position": {
        "pitch": 353.51601177467404,
        "roll": 251.17805886009603,
        "yaw": 190.99050702602455
    }
}