{
    "time": "2022-07-10T05:50:03.031987+02:00",
    "accelleration": {
        "x": 0.10691864788532257,
        "y": -0.9231715202331543,
        "z": -0.3282809257507324
    },
    "position": {
        "pitch": 353.7871566243452,
        "roll": 250.41506525810308,
        "yaw": 158.02563354324616
    }
}