{
    "time": "2023-05-12T02:50:03.744795+02:00",
    "accelleration": {
        "x": 0.10858000069856644,
        "y": -0.9398880004882812,
        "z": -0.30914798378944397
    },
    "position": {
        "pitch": 353.73559509941396,
        "roll": 251.8061425656029,
        "yaw": 117.98613572290431
    }
}