{
    "time": "2023-05-30T19:50:03.245769+02:00",
    "accelleration": {
        "x": 0.1105320006608963,
        "y": -0.9403759837150574,
        "z": -0.3071959912776947
    },
    "position": {
        "pitch": 353.62504763392366,
        "roll": 251.90721570494074,
        "yaw": 119.89934001131657
    }
}