{
    "time": "2023-06-21T14:30:03.004788+02:00",
    "accelleration": {
        "x": 0.10979999601840973,
        "y": -0.9386679530143738,
        "z": -0.3047559857368469
    },
    "position": {
        "pitch": 353.649833536648,
        "roll": 252.01474337304427,
        "yaw": 158.17301536515672
    }
}