{
    "time": "2023-05-26T19:30:02.997841+02:00",
    "accelleration": {
        "x": 0.11028799414634705,
        "y": -0.9398880004882812,
        "z": -0.31622397899627686
    },
    "position": {
        "pitch": 353.64890249648676,
        "roll": 251.416131933806,
        "yaw": 167.38681761209884
    }
}