{
    "time": "2023-06-16T23:50:03.188747+02:00",
    "accelleration": {
        "x": 0.11248400062322617,
        "y": -0.9406200051307678,
        "z": -0.3106119930744171
    },
    "position": {
        "pitch": 353.52089151794917,
        "roll": 251.72897508836007,
        "yaw": 157.93730553689957
    }
}