{
    "time": "2023-06-23T00:00:03.818363+02:00",
    "accelleration": {
        "x": 0.10858000069856644,
        "y": -0.9386679530143738,
        "z": -0.30524399876594543
    },
    "position": {
        "pitch": 353.72465228258994,
        "roll": 251.99236084313412,
        "yaw": 158.09709098234285
    }
}