{
    "time": "2023-04-30T19:10:03.328754+02:00",
    "accelleration": {
        "x": 0.11077599972486496,
        "y": -0.9415959715843201,
        "z": -0.31280800700187683
    },
    "position": {
        "pitch": 353.62904756345637,
        "roll": 251.63287432673803,
        "yaw": 195.09571026439068
    }
}