{
    "time": "2023-04-27T20:10:02.609867+02:00",
    "accelleration": {
        "x": 0.1105320006608963,
        "y": -0.941107988357544,
        "z": -0.3093920052051544
    },
    "position": {
        "pitch": 353.63501928322506,
        "roll": 251.81890818916165,
        "yaw": 177.20869794046888
    }
}