{
    "time": "2023-06-30T14:40:03.255296+02:00",
    "accelleration": {
        "x": 0.10833600163459778,
        "y": -0.9384239912033081,
        "z": -0.30402398109436035
    },
    "position": {
        "pitch": 353.7316903656428,
        "roll": 252.05380522490756,
        "yaw": 157.57652128456115
    }
}