{
    "time": "2023-05-23T22:10:03.276049+02:00",
    "accelleration": {
        "x": 0.11126399785280228,
        "y": -0.9408639669418335,
        "z": -0.3118319809436798
    },
    "position": {
        "pitch": 353.5922004004314,
        "roll": 251.6028556453358,
        "yaw": 142.61609839829376
    }
}