{
    "time": "2023-05-09T05:50:03.090113+02:00",
    "accelleration": {
        "x": 0.11321599781513214,
        "y": -0.9418399930000305,
        "z": -0.3130519986152649
    },
    "position": {
        "pitch": 353.49974994803387,
        "roll": 251.63234157198275,
        "yaw": 192.45891573530724
    }
}