{
    "time": "2023-05-24T12:10:03.180780+02:00",
    "accelleration": {
        "x": 0.11126399785280228,
        "y": -0.9393999576568604,
        "z": -0.25522398948669434
    },
    "position": {
        "pitch": 353.4831461850484,
        "roll": 254.74414160689471,
        "yaw": 156.21284669601144
    }
}