{
    "time": "2023-06-29T02:40:03.030881+02:00",
    "accelleration": {
        "x": 0.10955599695444107,
        "y": -0.9389119744300842,
        "z": -0.30280399322509766
    },
    "position": {
        "pitch": 353.66353574989665,
        "roll": 252.12981156999146,
        "yaw": 158.96191587467152
    }
}