{
    "time": "2023-06-10T05:00:03.542995+02:00",
    "accelleration": {
        "x": 0.11321599781513214,
        "y": -0.9408639669418335,
        "z": -0.3169559836387634
    },
    "position": {
        "pitch": 353.4951562189302,
        "roll": 251.3897742337989,
        "yaw": 158.23982827561778
    }
}