{
    "time": "2023-05-12T22:30:02.685942+02:00",
    "accelleration": {
        "x": 0.11101999878883362,
        "y": -0.9418399930000305,
        "z": -0.3152479827404022
    },
    "position": {
        "pitch": 353.6220747940874,
        "roll": 251.50217865696982,
        "yaw": 162.46869891909614
    }
}