{
    "time": "2023-06-01T19:30:02.989362+02:00",
    "accelleration": {
        "x": 0.11248400062322617,
        "y": -0.9396439790725708,
        "z": -0.3108559846878052
    },
    "position": {
        "pitch": 353.5126901683033,
        "roll": 251.69825289747337,
        "yaw": 158.56206294028064
    }
}