{
    "time": "2023-05-11T15:40:03.382043+02:00",
    "accelleration": {
        "x": 0.10858000069856644,
        "y": -0.9403759837150574,
        "z": -0.3096359968185425
    },
    "position": {
        "pitch": 353.7914575090882,
        "roll": 251.71829950268736,
        "yaw": 168.74832020049251
    }
}