{
    "time": "2023-06-03T04:20:03.142750+02:00",
    "accelleration": {
        "x": 0.11443600058555603,
        "y": -0.9401319622993469,
        "z": -0.31573599576950073
    },
    "position": {
        "pitch": 353.42077332443466,
        "roll": 251.44317265273008,
        "yaw": 159.46028745765068
    }
}