{
    "time": "2023-05-31T17:40:03.405386+02:00",
    "accelleration": {
        "x": 0.1117519959807396,
        "y": -0.9425719976425171,
        "z": -0.3172000050544739
    },
    "position": {
        "pitch": 353.58999296866904,
        "roll": 251.41163766933215,
        "yaw": 182.85225466768432
    }
}