{
    "time": "2023-05-25T17:00:03.383659+02:00",
    "accelleration": {
        "x": 0.11443600058555603,
        "y": -0.9408639669418335,
        "z": -0.2588839828968048
    },
    "position": {
        "pitch": 353.31567677678885,
        "roll": 254.55544397069477,
        "yaw": 107.59973342944355
    }
}