{
    "time": "2023-06-13T04:40:03.389730+02:00",
    "accelleration": {
        "x": 0.11004399508237839,
        "y": -0.9391559958457947,
        "z": -0.3130519986152649
    },
    "position": {
        "pitch": 353.65669873053747,
        "roll": 251.57155288836964,
        "yaw": 158.84462786624405
    }
}