{
    "time": "2023-06-25T10:20:03.065417+02:00",
    "accelleration": {
        "x": 0.10833600163459778,
        "y": -0.9386679530143738,
        "z": -0.30158400535583496
    },
    "position": {
        "pitch": 353.73265769118404,
        "roll": 252.19277225376064,
        "yaw": 157.9022393457007
    }
}