{
    "time": "2023-06-02T16:40:02.742787+02:00",
    "accelleration": {
        "x": 0.11297199875116348,
        "y": -0.9403759837150574,
        "z": -0.3108559846878052
    },
    "position": {
        "pitch": 353.4883247490998,
        "roll": 251.71254165321704,
        "yaw": 156.49923652791006
    }
}