{
    "time": "2023-06-27T06:00:03.340310+02:00",
    "accelleration": {
        "x": 0.1088239997625351,
        "y": -0.9381799697875977,
        "z": -0.3025600016117096
    },
    "position": {
        "pitch": 353.70098354268174,
        "roll": 252.13029651342254,
        "yaw": 158.3079252616428
    }
}