{
    "time": "2023-05-01T12:50:02.541897+02:00",
    "accelleration": {
        "x": 0.11370399594306946,
        "y": -0.9401319622993469,
        "z": -0.31329599022865295
    },
    "position": {
        "pitch": 353.4619068580506,
        "roll": 251.5831095684453,
        "yaw": 191.77961244121445
    }
}