{
    "time": "2022-07-07T12:50:02.833223+02:00",
    "accelleration": {
        "x": 0.10788843780755997,
        "y": -0.9190706610679626,
        "z": -0.3398503363132477
    },
    "position": {
        "pitch": 353.72676964123264,
        "roll": 249.69291618734678,
        "yaw": 160.85148770855554
    }
}