{
    "time": "2023-05-16T11:50:03.017715+02:00",
    "accelleration": {
        "x": 0.1076039969921112,
        "y": -0.9372040033340454,
        "z": -0.3076840043067932
    },
    "position": {
        "pitch": 353.77557774615474,
        "roll": 251.83261637882586,
        "yaw": 193.79938134105726
    }
}