{
    "time": "2023-06-20T09:10:02.493939+02:00",
    "accelleration": {
        "x": 0.11028799414634705,
        "y": -0.9391559958457947,
        "z": -0.3076840043067932
    },
    "position": {
        "pitch": 353.63283959910615,
        "roll": 251.86482072076248,
        "yaw": 158.48678059524875
    }
}