{
    "time": "2023-05-20T09:50:03.122389+02:00",
    "accelleration": {
        "x": 0.11492399871349335,
        "y": -0.9423279762268066,
        "z": -0.3184199929237366
    },
    "position": {
        "pitch": 353.4192100648884,
        "roll": 251.34439445695335,
        "yaw": 124.3588388223096
    }
}