{
    "time": "2023-06-28T23:00:03.355222+02:00",
    "accelleration": {
        "x": 0.11004399508237839,
        "y": -0.9381799697875977,
        "z": -0.3030479848384857
    },
    "position": {
        "pitch": 353.63157558722287,
        "roll": 252.10249081331142,
        "yaw": 158.9949876506327
    }
}