{
    "time": "2023-05-09T08:20:03.201335+02:00",
    "accelleration": {
        "x": 0.10858000069856644,
        "y": -0.9408639669418335,
        "z": -0.3118319809436798
    },
    "position": {
        "pitch": 353.75103431514594,
        "roll": 251.6728719145176,
        "yaw": 97.98916549361536
    }
}