{
    "time": "2022-06-30T07:00:02.402176+02:00",
    "accelleration": {
        "x": 0.11322224140167236,
        "y": -0.9231715202331543,
        "z": -0.35503509640693665
    },
    "position": {
        "pitch": 353.54549172490545,
        "roll": 248.9609111536182,
        "yaw": 122.74467387613883
    }
}