{
    "time": "2023-06-30T15:40:03.162448+02:00",
    "accelleration": {
        "x": 0.10858000069856644,
        "y": -0.9391559958457947,
        "z": -0.3047559857368469
    },
    "position": {
        "pitch": 353.7260396647651,
        "roll": 252.02700356260442,
        "yaw": 158.09360758586612
    }
}