{
    "time": "2023-06-12T15:50:02.712057+02:00",
    "accelleration": {
        "x": 0.11126399785280228,
        "y": -0.9389119744300842,
        "z": -0.30914798378944397
    },
    "position": {
        "pitch": 353.5788815315499,
        "roll": 251.77953214859653,
        "yaw": 158.0935939254878
    }
}