{
    "time": "2023-05-05T19:50:03.268401+02:00",
    "accelleration": {
        "x": 0.1105320006608963,
        "y": -0.9423279762268066,
        "z": -0.3084160089492798
    },
    "position": {
        "pitch": 353.6395515406262,
        "roll": 251.88837121302066,
        "yaw": 152.07226307774462
    }
}