{
    "time": "2022-06-30T21:40:02.572393+02:00",
    "accelleration": {
        "x": 0.11467691510915756,
        "y": -0.9181057810783386,
        "z": -0.34828630089759827
    },
    "position": {
        "pitch": 353.3535634092281,
        "roll": 249.21929720991977,
        "yaw": 182.79382922952402
    }
}