{
    "time": "2023-06-30T04:40:03.229265+02:00",
    "accelleration": {
        "x": 0.10906799882650375,
        "y": -0.9391559958457947,
        "z": -0.3054879903793335
    },
    "position": {
        "pitch": 353.70038888933715,
        "roll": 251.98870669192817,
        "yaw": 158.65025434284382
    }
}