{
    "time": "2023-05-17T17:40:03.377971+02:00",
    "accelleration": {
        "x": 0.1163880005478859,
        "y": -0.9425719976425171,
        "z": -0.31744399666786194
    },
    "position": {
        "pitch": 353.33298746435344,
        "roll": 251.3996165363929,
        "yaw": 105.68719166938077
    }
}