{
    "time": "2023-06-03T01:10:03.186945+02:00",
    "accelleration": {
        "x": 0.11297199875116348,
        "y": -0.9408639669418335,
        "z": -0.3147599995136261
    },
    "position": {
        "pitch": 353.5044896724311,
        "roll": 251.5104090349197,
        "yaw": 159.53908051991593
    }
}