{
    "time": "2023-05-22T05:00:02.938806+02:00",
    "accelleration": {
        "x": 0.11858399957418442,
        "y": -0.9428159594535828,
        "z": -0.3213479816913605
    },
    "position": {
        "pitch": 353.21978732414425,
        "roll": 251.19416444615894,
        "yaw": 115.48367735441668
    }
}