{
    "time": "2022-06-30T12:20:02.852760+02:00",
    "accelleration": {
        "x": 0.10958555340766907,
        "y": -0.9188294410705566,
        "z": -0.34177854657173157
    },
    "position": {
        "pitch": 353.63028852345116,
        "roll": 249.5802112358524,
        "yaw": 161.61458376338604
    }
}