{
    "time": "2023-05-08T06:40:03.185624+02:00",
    "accelleration": {
        "x": 0.11004399508237839,
        "y": -0.9408639669418335,
        "z": -0.3101239800453186
    },
    "position": {
        "pitch": 353.6648569646143,
        "roll": 251.7701542988661,
        "yaw": 201.64500107459747
    }
}