{
    "time": "2023-05-06T20:40:02.961609+02:00",
    "accelleration": {
        "x": 0.11101999878883362,
        "y": -0.9413520097732544,
        "z": -0.3037799894809723
    },
    "position": {
        "pitch": 353.5997959976753,
        "roll": 252.12124651277225,
        "yaw": 184.12893996696477
    }
}