{
    "time": "2023-04-30T15:00:02.558336+02:00",
    "accelleration": {
        "x": 0.10979999601840973,
        "y": -0.9396439790725708,
        "z": -0.3084160089492798
    },
    "position": {
        "pitch": 353.662622638982,
        "roll": 251.8448629080077,
        "yaw": 101.92534887078035
    }
}