{
    "time": "2022-07-09T03:30:03.312827+02:00",
    "accelleration": {
        "x": 0.11176756769418716,
        "y": -0.9202768206596375,
        "z": -0.340091347694397
    },
    "position": {
        "pitch": 353.52059440472027,
        "roll": 249.70290192391337,
        "yaw": 117.7168896658224
    }
}