{
    "time": "2023-05-06T08:50:03.068969+02:00",
    "accelleration": {
        "x": 0.10809199512004852,
        "y": -0.9413520097732544,
        "z": -0.3106119930744171
    },
    "position": {
        "pitch": 353.77578307871664,
        "roll": 251.75063361821822,
        "yaw": 136.37946632753346
    }
}