{
    "time": "2023-06-12T09:10:02.447719+02:00",
    "accelleration": {
        "x": 0.11272799968719482,
        "y": -0.941107988357544,
        "z": -0.3164680004119873
    },
    "position": {
        "pitch": 353.52431002762876,
        "roll": 251.4197041227419,
        "yaw": 158.92761466465973
    }
}