{
    "time": "2023-05-04T12:40:02.925174+02:00",
    "accelleration": {
        "x": 0.1117519959807396,
        "y": -0.9406200051307678,
        "z": -0.31207600235939026
    },
    "position": {
        "pitch": 353.5678738279288,
        "roll": 251.72201512559585,
        "yaw": 110.39297344146611
    }
}