{
    "time": "2023-05-18T05:40:02.482851+02:00",
    "accelleration": {
        "x": 0.11248400062322617,
        "y": -0.944767951965332,
        "z": -0.3184199929237366
    },
    "position": {
        "pitch": 353.56739358025277,
        "roll": 251.46154586159741,
        "yaw": 200.45750438549905
    }
}