{
    "time": "2023-06-09T17:10:02.928905+02:00",
    "accelleration": {
        "x": 0.11077599972486496,
        "y": -0.9403759837150574,
        "z": -0.3101239800453186
    },
    "position": {
        "pitch": 353.6159109752483,
        "roll": 251.75294905234682,
        "yaw": 158.021890599581
    }
}