{
    "time": "2023-06-22T17:40:03.077514+02:00",
    "accelleration": {
        "x": 0.10858000069856644,
        "y": -0.9381799697875977,
        "z": -0.30109599232673645
    },
    "position": {
        "pitch": 353.71030034759644,
        "roll": 252.2060159905613,
        "yaw": 157.10010192957444
    }
}