{
    "time": "2023-06-16T02:40:03.680836+02:00",
    "accelleration": {
        "x": 0.11272799968719482,
        "y": -0.9401319622993469,
        "z": -0.3130519986152649
    },
    "position": {
        "pitch": 353.51043876719814,
        "roll": 251.5861558328151,
        "yaw": 157.611628456895
    }
}