{
    "time": "2023-06-16T23:10:02.467795+02:00",
    "accelleration": {
        "x": 0.11199599504470825,
        "y": -0.9401319622993469,
        "z": -0.3101239800453186
    },
    "position": {
        "pitch": 353.54553569424826,
        "roll": 251.74741659911913,
        "yaw": 157.22509439138565
    }
}