{
    "time": "2023-06-22T14:30:03.134932+02:00",
    "accelleration": {
        "x": 0.1088239997625351,
        "y": -0.936959981918335,
        "z": -0.30158400535583496
    },
    "position": {
        "pitch": 353.68907553475066,
        "roll": 252.1589286664232,
        "yaw": 157.8623100598128
    }
}