{
    "time": "2022-07-02T01:20:02.776120+02:00",
    "accelleration": {
        "x": 0.11007044464349747,
        "y": -0.9200355410575867,
        "z": -0.3398503363132477
    },
    "position": {
        "pitch": 353.6078500713672,
        "roll": 249.71192460380695,
        "yaw": 129.66738478864858
    }
}