{
    "time": "2022-07-05T07:40:03.198698+02:00",
    "accelleration": {
        "x": 0.10667620599269867,
        "y": -0.9200355410575867,
        "z": -0.3432247042655945
    },
    "position": {
        "pitch": 353.8104616566801,
        "roll": 249.53145734555687,
        "yaw": 109.74575154590487
    }
}