{
    "time": "2022-07-06T17:20:02.578039+02:00",
    "accelleration": {
        "x": 0.10813087970018387,
        "y": -0.9190706610679626,
        "z": -0.3335835635662079
    },
    "position": {
        "pitch": 353.6988909434748,
        "roll": 250.01891428624234,
        "yaw": 147.74196412509158
    }
}