{
    "time": "2023-06-29T16:50:02.968097+02:00",
    "accelleration": {
        "x": 0.10906799882650375,
        "y": -0.9376919865608215,
        "z": -0.3030479848384857
    },
    "position": {
        "pitch": 353.68575905102176,
        "roll": 252.09592017132985,
        "yaw": 157.98118267212772
    }
}