{
    "time": "2022-07-08T18:00:02.432140+02:00",
    "accelleration": {
        "x": 0.11249490827322006,
        "y": -0.9202768206596375,
        "z": -0.34828630089759827
    },
    "position": {
        "pitch": 353.4946904854062,
        "roll": 249.26695826994813,
        "yaw": 113.10554891939083
    }
}