{
    "time": "2023-06-17T09:10:03.350067+02:00",
    "accelleration": {
        "x": 0.11101999878883362,
        "y": -0.9391559958457947,
        "z": -0.3740519881248474
    },
    "position": {
        "pitch": 353.72935059896525,
        "roll": 248.35928760095595,
        "yaw": 161.2441552839396
    }
}