{
    "time": "2023-07-01T04:10:03.137564+02:00",
    "accelleration": {
        "x": 0.10955599695444107,
        "y": -0.9384239912033081,
        "z": -0.30866000056266785
    },
    "position": {
        "pitch": 353.6733251185246,
        "roll": 251.80078086710444,
        "yaw": 159.08123927947165
    }
}