{
    "time": "2023-05-30T21:30:02.539949+02:00",
    "accelleration": {
        "x": 0.11272799968719482,
        "y": -0.9393999576568604,
        "z": -0.3089039921760559
    },
    "position": {
        "pitch": 353.49991515323444,
        "roll": 251.79752969705953,
        "yaw": 99.97795265538299
    }
}