{
    "time": "2023-05-26T07:20:03.014402+02:00",
    "accelleration": {
        "x": 0.1134599968791008,
        "y": -0.9418399930000305,
        "z": -0.3159799873828888
    },
    "position": {
        "pitch": 353.49490051372317,
        "roll": 251.46666850347492,
        "yaw": 185.55198255978024
    }
}