{
    "time": "2022-07-22T02:50:02.954437+02:00",
    "accelleration": {
        "x": 0.10643375664949417,
        "y": -0.9243776202201843,
        "z": -0.32129111886024475
    },
    "position": {
        "pitch": 353.8676149721075,
        "roll": 250.81292377725634,
        "yaw": 147.28155473351936
    }
}