{
    "time": "2023-05-27T07:30:03.342895+02:00",
    "accelleration": {
        "x": 0.11199599504470825,
        "y": -0.9384239912033081,
        "z": -0.3172000050544739
    },
    "position": {
        "pitch": 353.55266299664714,
        "roll": 251.4090285370692,
        "yaw": 196.9908145515024
    }
}