{
    "time": "2023-05-13T23:30:02.561307+02:00",
    "accelleration": {
        "x": 0.11272799968719482,
        "y": -0.9413520097732544,
        "z": -0.3159799873828888
    },
    "position": {
        "pitch": 353.5340477429511,
        "roll": 251.39617412105122,
        "yaw": 167.6836849541843
    }
}