{
    "time": "2023-05-05T00:50:02.459203+02:00",
    "accelleration": {
        "x": 0.10858000069856644,
        "y": -0.9393999576568604,
        "z": -0.313539981842041
    },
    "position": {
        "pitch": 353.7390759345697,
        "roll": 251.55768077416536,
        "yaw": 202.78889383603453
    }
}