{
    "time": "2023-06-18T09:30:02.690254+02:00",
    "accelleration": {
        "x": 0.11028799414634705,
        "y": -0.9389119744300842,
        "z": -0.3113439977169037
    },
    "position": {
        "pitch": 353.63936669863176,
        "roll": 251.66288617795107,
        "yaw": 158.08711890615461
    }
}