{
    "time": "2023-05-05T10:20:03.038704+02:00",
    "accelleration": {
        "x": 0.11394799500703812,
        "y": -0.9401319622993469,
        "z": -0.3118319809436798
    },
    "position": {
        "pitch": 353.44465678841493,
        "roll": 251.6552431962698,
        "yaw": 189.88875653176646
    }
}