{
    "time": "2023-06-29T01:00:03.534042+02:00",
    "accelleration": {
        "x": 0.10955599695444107,
        "y": -0.9393999576568604,
        "z": -0.30402398109436035
    },
    "position": {
        "pitch": 353.6698050097811,
        "roll": 252.07239016963916,
        "yaw": 158.90493843661528
    }
}