{
    "time": "2023-06-12T01:30:03.185022+02:00",
    "accelleration": {
        "x": 0.11028799414634705,
        "y": -0.9391559958457947,
        "z": -0.3113439977169037
    },
    "position": {
        "pitch": 353.6387788754763,
        "roll": 251.66748289526248,
        "yaw": 158.30616307283694
    }
}