{
    "time": "2023-06-15T14:40:03.384254+02:00",
    "accelleration": {
        "x": 0.11101999878883362,
        "y": -0.9396439790725708,
        "z": -0.31378400325775146
    },
    "position": {
        "pitch": 353.6028636063863,
        "roll": 251.47188676800081,
        "yaw": 157.9451329336884
    }
}