{
    "time": "2023-05-25T13:40:03.300370+02:00",
    "accelleration": {
        "x": 0.10858000069856644,
        "y": -0.9393999576568604,
        "z": -0.3123199939727783
    },
    "position": {
        "pitch": 353.7370251702714,
        "roll": 251.6095014193982,
        "yaw": 157.50989961939686
    }
}