{
    "time": "2023-06-23T16:00:03.188391+02:00",
    "accelleration": {
        "x": 0.10858000069856644,
        "y": -0.9386679530143738,
        "z": -0.3003639876842499
    },
    "position": {
        "pitch": 353.7109086613194,
        "roll": 252.2551660318287,
        "yaw": 157.34419923013235
    }
}