{
    "time": "2023-05-19T15:20:03.244792+02:00",
    "accelleration": {
        "x": 0.11492399871349335,
        "y": -0.9435479640960693,
        "z": -0.3152479827404022
    },
    "position": {
        "pitch": 353.41848179596815,
        "roll": 251.5354211876603,
        "yaw": 190.74683319719517
    }
}