{
    "time": "2023-05-27T17:20:02.996929+02:00",
    "accelleration": {
        "x": 0.10735999792814255,
        "y": -0.937936007976532,
        "z": -0.30866000056266785
    },
    "position": {
        "pitch": 353.79217809404565,
        "roll": 251.79046728145772,
        "yaw": 110.51909971467957
    }
}