{
    "time": "2022-07-09T10:00:02.702138+02:00",
    "accelleration": {
        "x": 0.10861577093601227,
        "y": -0.9195531010627747,
        "z": -0.340091347694397
    },
    "position": {
        "pitch": 353.69128552783394,
        "roll": 249.69008165884125,
        "yaw": 136.54257124491338
    }
}