{
    "time": "2023-06-13T00:00:03.019335+02:00",
    "accelleration": {
        "x": 0.1105320006608963,
        "y": -0.9386679530143738,
        "z": -0.31329599022865295
    },
    "position": {
        "pitch": 353.6922699288481,
        "roll": 251.55287915117884,
        "yaw": 158.70287412020963
    }
}