{
    "time": "2023-06-21T01:20:02.507464+02:00",
    "accelleration": {
        "x": 0.1105320006608963,
        "y": -0.9384239912033081,
        "z": -0.30621999502182007
    },
    "position": {
        "pitch": 353.61431143032206,
        "roll": 251.93351876343445,
        "yaw": 157.64497344042303
    }
}