{
    "time": "2023-05-29T23:40:02.616050+02:00",
    "accelleration": {
        "x": 0.11199599504470825,
        "y": -0.9403759837150574,
        "z": -0.3108559846878052
    },
    "position": {
        "pitch": 353.55253322305293,
        "roll": 251.65143195071295,
        "yaw": 184.50763297530693
    }
}