{
    "time": "2023-05-26T15:30:02.610238+02:00",
    "accelleration": {
        "x": 0.1105320006608963,
        "y": -0.9415959715843201,
        "z": -0.3108559846878052
    },
    "position": {
        "pitch": 353.6918438957986,
        "roll": 251.66786538585598,
        "yaw": 120.56151319097097
    }
}