{
    "time": "2023-06-27T23:00:03.415234+02:00",
    "accelleration": {
        "x": 0.10858000069856644,
        "y": -0.9374479651451111,
        "z": -0.3008520007133484
    },
    "position": {
        "pitch": 353.708039981868,
        "roll": 252.2116645570049,
        "yaw": 158.19776797070884
    }
}