{
    "time": "2022-07-12T10:30:04.551509+02:00",
    "accelleration": {
        "x": 0.10813087970018387,
        "y": -0.9246188998222351,
        "z": -0.3318963646888733
    },
    "position": {
        "pitch": 353.7408910573416,
        "roll": 250.24002117005398,
        "yaw": 130.13630459592662
    }
}