{
    "time": "2023-05-05T05:10:02.535866+02:00",
    "accelleration": {
        "x": 0.11028799414634705,
        "y": -0.9437919855117798,
        "z": -0.2525399923324585
    },
    "position": {
        "pitch": 353.56529457774343,
        "roll": 254.9723996987674,
        "yaw": 117.83395910819642
    }
}