{
    "time": "2022-07-02T15:30:02.905303+02:00",
    "accelleration": {
        "x": 0.11249490827322006,
        "y": -0.9183470010757446,
        "z": -0.3429836630821228
    },
    "position": {
        "pitch": 353.46499410355545,
        "roll": 249.51032474026485,
        "yaw": 172.7541032052999
    }
}