{
    "time": "2023-06-21T08:20:02.928803+02:00",
    "accelleration": {
        "x": 0.1105320006608963,
        "y": -0.9393999576568604,
        "z": -0.3071959912776947
    },
    "position": {
        "pitch": 353.62202015257407,
        "roll": 251.90138955357872,
        "yaw": 158.65511743753288
    }
}