{
    "time": "2022-07-19T19:10:02.640893+02:00",
    "accelleration": {
        "x": 0.10716108977794647,
        "y": -0.9178645610809326,
        "z": -0.3282809257507324
    },
    "position": {
        "pitch": 353.7317471415903,
        "roll": 250.30369219349686,
        "yaw": 110.71211403043495
    }
}