{
    "time": "2023-06-24T11:00:03.271374+02:00",
    "accelleration": {
        "x": 0.10906799882650375,
        "y": -0.9396439790725708,
        "z": -0.301827996969223
    },
    "position": {
        "pitch": 353.69530381350006,
        "roll": 252.1925741782747,
        "yaw": 158.18500917733925
    }
}