{
    "time": "2023-06-14T20:40:02.526138+02:00",
    "accelleration": {
        "x": 0.1134599968791008,
        "y": -0.9396439790725708,
        "z": -0.31378400325775146
    },
    "position": {
        "pitch": 353.4660694314629,
        "roll": 251.53607005563143,
        "yaw": 158.62371222772916
    }
}