{
    "time": "2023-04-27T23:00:02.923833+02:00",
    "accelleration": {
        "x": 0.11101999878883362,
        "y": -0.9420839548110962,
        "z": -0.30353599786758423
    },
    "position": {
        "pitch": 353.60401662769556,
        "roll": 252.1482940618855,
        "yaw": 178.86617994635589
    }
}