{
    "time": "2023-07-03T02:00:02.548678+02:00",
    "accelleration": {
        "x": 0.10955599695444107,
        "y": -0.9386679530143738,
        "z": -0.30646398663520813
    },
    "position": {
        "pitch": 353.7320673067076,
        "roll": 251.92764480074825,
        "yaw": 157.4015181776471
    }
}