{
    "time": "2023-06-24T02:50:03.025237+02:00",
    "accelleration": {
        "x": 0.10906799882650375,
        "y": -0.9393999576568604,
        "z": -0.30109599232673645
    },
    "position": {
        "pitch": 353.6932940303368,
        "roll": 252.23438176618436,
        "yaw": 158.76617631343728
    }
}