{
    "time": "2023-05-08T02:50:02.675632+02:00",
    "accelleration": {
        "x": 0.11419199407100677,
        "y": -0.9418399930000305,
        "z": -0.25107598304748535
    },
    "position": {
        "pitch": 353.3270853271369,
        "roll": 255.01403653194777,
        "yaw": 194.78314714759256
    }
}