{
    "time": "2022-07-19T16:40:02.595603+02:00",
    "accelleration": {
        "x": 0.11249490827322006,
        "y": -0.9226890206336975,
        "z": -0.32008597254753113
    },
    "position": {
        "pitch": 353.44775641363765,
        "roll": 250.83956834520853,
        "yaw": 179.43018964725886
    }
}