{
    "time": "2023-06-18T03:40:03.001145+02:00",
    "accelleration": {
        "x": 0.11199599504470825,
        "y": -0.9406200051307678,
        "z": -0.3106119930744171
    },
    "position": {
        "pitch": 353.5521413409493,
        "roll": 251.7319598810274,
        "yaw": 158.76258363393387
    }
}