{
    "time": "2023-05-18T07:20:03.001068+02:00",
    "accelleration": {
        "x": 0.10809199512004852,
        "y": -0.9408639669418335,
        "z": -0.31207600235939026
    },
    "position": {
        "pitch": 353.77346081439885,
        "roll": 251.65902029088082,
        "yaw": 162.74193380665332
    }
}