{
    "time": "2023-05-21T05:00:02.842469+02:00",
    "accelleration": {
        "x": 0.10979999601840973,
        "y": -0.9403759837150574,
        "z": -0.31280800700187683
    },
    "position": {
        "pitch": 353.6761933710892,
        "roll": 251.67880734890633,
        "yaw": 114.86113293232671
    }
}