{
    "time": "2023-06-23T10:40:03.277628+02:00",
    "accelleration": {
        "x": 0.10833600163459778,
        "y": -0.9386679530143738,
        "z": -0.30402398109436035
    },
    "position": {
        "pitch": 353.7362115239865,
        "roll": 252.0580536025713,
        "yaw": 158.3276508479658
    }
}