{
    "time": "2023-06-23T17:30:02.654273+02:00",
    "accelleration": {
        "x": 0.10906799882650375,
        "y": -0.9386679530143738,
        "z": -0.30109599232673645
    },
    "position": {
        "pitch": 353.6840574801448,
        "roll": 252.215605576156,
        "yaw": 158.2964642042155
    }
}