{
    "time": "2023-06-26T17:30:03.054652+02:00",
    "accelleration": {
        "x": 0.10906799882650375,
        "y": -0.9376919865608215,
        "z": -0.2984119951725006
    },
    "position": {
        "pitch": 353.672838894433,
        "roll": 252.34563188738554,
        "yaw": 157.85046651179204
    }
}