{
    "time": "2022-07-18T08:50:03.097235+02:00",
    "accelleration": {
        "x": 0.10522152483463287,
        "y": -0.9234127402305603,
        "z": -0.33093225955963135
    },
    "position": {
        "pitch": 353.8842507516047,
        "roll": 250.27510785182034,
        "yaw": 177.79929073762153
    }
}