{
    "time": "2023-05-27T12:00:02.838409+02:00",
    "accelleration": {
        "x": 0.11370399594306946,
        "y": -0.9406200051307678,
        "z": -0.31280800700187683
    },
    "position": {
        "pitch": 353.4148955197671,
        "roll": 251.6098292684784,
        "yaw": 190.9423678527543
    }
}