{
    "time": "2023-05-22T07:40:02.977359+02:00",
    "accelleration": {
        "x": 0.11711999773979187,
        "y": -0.9403759837150574,
        "z": -0.3206160068511963
    },
    "position": {
        "pitch": 353.28342462352805,
        "roll": 251.1900253515219,
        "yaw": 110.82781743497497
    }
}