{
    "time": "2023-05-26T11:00:02.996534+02:00",
    "accelleration": {
        "x": 0.10833600163459778,
        "y": -0.9391559958457947,
        "z": -0.3113439977169037
    },
    "position": {
        "pitch": 353.7549672234474,
        "roll": 251.66099421555094,
        "yaw": 182.72213956399557
    }
}