{
    "time": "2023-06-29T11:30:02.989624+02:00",
    "accelleration": {
        "x": 0.1088239997625351,
        "y": -0.9376919865608215,
        "z": -0.30451199412345886
    },
    "position": {
        "pitch": 353.7010949601426,
        "roll": 252.01437454282907,
        "yaw": 158.98427791401414
    }
}