{
    "time": "2023-06-11T00:30:07.702772+02:00",
    "accelleration": {
        "x": 0.11150799691677094,
        "y": -0.9389119744300842,
        "z": -0.31280800700187683
    },
    "position": {
        "pitch": 353.57196297680747,
        "roll": 251.58164790796292,
        "yaw": 158.9264808532575
    }
}