{
    "time": "2023-06-24T04:00:02.882266+02:00",
    "accelleration": {
        "x": 0.11028799414634705,
        "y": -0.9398880004882812,
        "z": -0.3047559857368469
    },
    "position": {
        "pitch": 353.63621029746156,
        "roll": 252.04646277154978,
        "yaw": 157.9966052392736
    }
}