{
    "time": "2023-05-18T18:20:03.154010+02:00",
    "accelleration": {
        "x": 0.1105320006608963,
        "y": -0.9398880004882812,
        "z": -0.31500399112701416
    },
    "position": {
        "pitch": 353.64291455501876,
        "roll": 251.4851441651798,
        "yaw": 125.18693095728194
    }
}