{
    "time": "2022-07-16T21:40:02.898606+02:00",
    "accelleration": {
        "x": 0.10400930047035217,
        "y": -0.9195531010627747,
        "z": -0.33069121837615967
    },
    "position": {
        "pitch": 353.92722502120193,
        "roll": 250.20755728092894,
        "yaw": 147.15742287554355
    }
}