{
    "time": "2022-07-08T11:30:02.486828+02:00",
    "accelleration": {
        "x": 0.10764598846435547,
        "y": -0.9190706610679626,
        "z": -0.3398503363132477
    },
    "position": {
        "pitch": 353.73759207597254,
        "roll": 249.6888180738448,
        "yaw": 143.4066791343444
    }
}