{
    "time": "2023-06-10T06:10:02.985465+02:00",
    "accelleration": {
        "x": 0.11394799500703812,
        "y": -0.9398880004882812,
        "z": -0.31573599576950073
    },
    "position": {
        "pitch": 353.4451660643949,
        "roll": 251.43701865228792,
        "yaw": 158.02962237372145
    }
}