{
    "time": "2023-05-18T22:40:03.131407+02:00",
    "accelleration": {
        "x": 0.1105320006608963,
        "y": -0.9418399930000305,
        "z": -0.30914798378944397
    },
    "position": {
        "pitch": 353.644499585793,
        "roll": 251.84239037952815,
        "yaw": 191.07705918318695
    }
}