{
    "time": "2023-06-04T16:30:02.426065+02:00",
    "accelleration": {
        "x": 0.11687599867582321,
        "y": -0.9391559958457947,
        "z": -0.3147599995136261
    },
    "position": {
        "pitch": 353.32341153913706,
        "roll": 251.47595756074614,
        "yaw": 158.97776191354595
    }
}