{
    "time": "2022-07-13T15:00:02.809140+02:00",
    "accelleration": {
        "x": 0.11225245893001556,
        "y": -0.9205180406570435,
        "z": -0.33093225955963135
    },
    "position": {
        "pitch": 353.4704936864978,
        "roll": 250.2156032437712,
        "yaw": 126.51056697691706
    }
}