{
    "time": "2023-06-18T17:50:03.434092+02:00",
    "accelleration": {
        "x": 0.11004399508237839,
        "y": -0.9393999576568604,
        "z": -0.30695199966430664
    },
    "position": {
        "pitch": 353.64487140421596,
        "roll": 251.90753672383175,
        "yaw": 157.80003239496065
    }
}