{
    "time": "2022-07-13T03:00:03.119757+02:00",
    "accelleration": {
        "x": 0.10716108977794647,
        "y": -0.9219653606414795,
        "z": -0.3241834342479706
    },
    "position": {
        "pitch": 353.7551913390295,
        "roll": 250.6093909701791,
        "yaw": 144.9453568298082
    }
}