{
    "time": "2022-07-02T12:20:02.931392+02:00",
    "accelleration": {
        "x": 0.11249490827322006,
        "y": -0.9181057810783386,
        "z": -0.337922066450119
    },
    "position": {
        "pitch": 353.45485981037444,
        "roll": 249.77239226852907,
        "yaw": 183.91634349885894
    }
}