{
    "time": "2023-06-09T18:00:02.438496+02:00",
    "accelleration": {
        "x": 0.10979999601840973,
        "y": -0.9396439790725708,
        "z": -0.3113439977169037
    },
    "position": {
        "pitch": 353.66886842009114,
        "roll": 251.67295387678763,
        "yaw": 157.60112362595154
    }
}