{
    "time": "2023-05-31T23:50:02.467913+02:00",
    "accelleration": {
        "x": 0.11272799968719482,
        "y": -0.9381799697875977,
        "z": -0.3181760013103485
    },
    "position": {
        "pitch": 353.5161701496854,
        "roll": 251.27683705587276,
        "yaw": 192.54751694922066
    }
}