{
    "time": "2023-06-06T17:10:03.424704+02:00",
    "accelleration": {
        "x": 0.1117519959807396,
        "y": -0.9393999576568604,
        "z": -0.31036800146102905
    },
    "position": {
        "pitch": 353.5529353504403,
        "roll": 251.71870931403757,
        "yaw": 158.29433318519446
    }
}