{
    "time": "2023-05-11T04:30:03.363109+02:00",
    "accelleration": {
        "x": 0.10833600163459778,
        "y": -0.9428159594535828,
        "z": -0.37380799651145935
    },
    "position": {
        "pitch": 353.9024459486668,
        "roll": 248.45091458867168,
        "yaw": 184.3616171912304
    }
}