{
    "time": "2023-05-08T02:10:02.733607+02:00",
    "accelleration": {
        "x": 0.10931199789047241,
        "y": -0.9430599808692932,
        "z": -0.3111000061035156
    },
    "position": {
        "pitch": 353.71557111920157,
        "roll": 251.75934893959914,
        "yaw": 142.3194906033968
    }
}