{
    "time": "2022-07-03T16:10:03.687716+02:00",
    "accelleration": {
        "x": 0.10958555340766907,
        "y": -0.9190706610679626,
        "z": -0.3396092653274536
    },
    "position": {
        "pitch": 353.62624718589666,
        "roll": 249.67732286547167,
        "yaw": 178.4861892020714
    }
}