{
    "time": "2022-07-13T14:00:03.038175+02:00",
    "accelleration": {
        "x": 0.11225245893001556,
        "y": -0.9197943806648254,
        "z": -0.3304502069950104
    },
    "position": {
        "pitch": 353.46449678040653,
        "roll": 250.22286373485892,
        "yaw": 131.33591804061265
    }
}