{
    "time": "2023-05-10T18:30:03.226455+02:00",
    "accelleration": {
        "x": 0.10906799882650375,
        "y": -0.9396439790725708,
        "z": -0.3152479827404022
    },
    "position": {
        "pitch": 353.71939730579726,
        "roll": 251.47153842835314,
        "yaw": 174.26865667261524
    }
}