{
    "time": "2023-06-19T09:30:03.057509+02:00",
    "accelleration": {
        "x": 0.1105320006608963,
        "y": -0.937936007976532,
        "z": -0.3096359968185425
    },
    "position": {
        "pitch": 353.6144386425953,
        "roll": 251.73564135299003,
        "yaw": 158.23514276584714
    }
}