{
    "time": "2023-06-13T01:20:03.310598+02:00",
    "accelleration": {
        "x": 0.11077599972486496,
        "y": -0.9396439790725708,
        "z": -0.31158798933029175
    },
    "position": {
        "pitch": 353.61592506251344,
        "roll": 251.6599082154729,
        "yaw": 158.5553966756507
    }
}