{
    "time": "2023-07-06T12:30:03.373406+02:00",
    "accelleration": {
        "x": 0.11004399508237839,
        "y": -0.9389119744300842,
        "z": -0.3050000071525574
    },
    "position": {
        "pitch": 353.6397918779076,
        "roll": 252.00859620279124,
        "yaw": 157.66202159259137
    }
}