{
    "time": "2023-05-11T03:20:03.062203+02:00",
    "accelleration": {
        "x": 0.11272799968719482,
        "y": -0.9442799687385559,
        "z": -0.31451600790023804
    },
    "position": {
        "pitch": 353.54716213304437,
        "roll": 251.59112138034175,
        "yaw": 183.32926141893967
    }
}