{
    "time": "2023-06-30T02:50:03.256982+02:00",
    "accelleration": {
        "x": 0.11004399508237839,
        "y": -0.9391559958457947,
        "z": -0.30573198199272156
    },
    "position": {
        "pitch": 353.64638685243807,
        "roll": 251.97794231379623,
        "yaw": 158.68032083557023
    }
}