{
    "time": "2023-05-08T17:30:02.740274+02:00",
    "accelleration": {
        "x": 0.10955599695444107,
        "y": -0.9386679530143738,
        "z": -0.3111000061035156
    },
    "position": {
        "pitch": 353.6821014847212,
        "roll": 251.67188836727712,
        "yaw": 108.41473892196615
    }
}