{
    "time": "2023-05-19T13:40:03.258397+02:00",
    "accelleration": {
        "x": 0.11028799414634705,
        "y": -0.9393999576568604,
        "z": -0.3159799873828888
    },
    "position": {
        "pitch": 353.6438182744233,
        "roll": 251.41939676422925,
        "yaw": 132.08405598116082
    }
}