{
    "time": "2023-05-01T03:10:02.697599+02:00",
    "accelleration": {
        "x": 0.11467999964952469,
        "y": -0.9440360069274902,
        "z": -0.3140279948711395
    },
    "position": {
        "pitch": 353.4336977498916,
        "roll": 251.61533440094942,
        "yaw": 199.0001059411584
    }
}