{
    "time": "2023-06-16T10:10:03.036863+02:00",
    "accelleration": {
        "x": 0.1117519959807396,
        "y": -0.9384239912033081,
        "z": -0.3111000061035156
    },
    "position": {
        "pitch": 353.5515586404357,
        "roll": 251.66492840451286,
        "yaw": 158.26962156077735
    }
}