{
    "time": "2023-05-05T14:00:02.960740+02:00",
    "accelleration": {
        "x": 0.10979999601840973,
        "y": -0.9391559958457947,
        "z": -0.3101239800453186
    },
    "position": {
        "pitch": 353.6656223726881,
        "roll": 251.73231505086423,
        "yaw": 120.61245274180092
    }
}