{
    "time": "2023-07-03T20:30:02.546978+02:00",
    "accelleration": {
        "x": 0.10955599695444107,
        "y": -0.937936007976532,
        "z": -0.305976003408432
    },
    "position": {
        "pitch": 353.6621244620594,
        "roll": 251.93648306553425,
        "yaw": 158.06798071610024
    }
}