{
    "time": "2023-07-04T02:30:02.786654+02:00",
    "accelleration": {
        "x": 0.11077599972486496,
        "y": -0.9384239912033081,
        "z": -0.30743998289108276
    },
    "position": {
        "pitch": 353.60085339633616,
        "roll": 251.86906226823706,
        "yaw": 157.633362118834
    }
}