{
    "time": "2022-07-17T07:30:02.810894+02:00",
    "accelleration": {
        "x": 0.11104022711515427,
        "y": -0.9207592606544495,
        "z": -0.32635271549224854
    },
    "position": {
        "pitch": 353.48603023242543,
        "roll": 250.4682724317375,
        "yaw": 185.32325318485485
    }
}