{
    "time": "2022-07-15T01:50:02.628299+02:00",
    "accelleration": {
        "x": 0.11079778522253036,
        "y": -0.9222065806388855,
        "z": -0.3268347680568695
    },
    "position": {
        "pitch": 353.5546766217918,
        "roll": 250.4657452617446,
        "yaw": 142.902351626409
    }
}