{
    "time": "2022-07-11T04:50:02.819463+02:00",
    "accelleration": {
        "x": 0.10788843780755997,
        "y": -0.9234127402305603,
        "z": -0.3241834342479706
    },
    "position": {
        "pitch": 353.718328808079,
        "roll": 250.63699176461512,
        "yaw": 154.47423570316303
    }
}