{
    "time": "2023-05-10T17:50:02.607714+02:00",
    "accelleration": {
        "x": 0.11199599504470825,
        "y": -0.9413520097732544,
        "z": -0.3172000050544739
    },
    "position": {
        "pitch": 353.5741610170598,
        "roll": 251.39193940376583,
        "yaw": 188.91358310320706
    }
}