{
    "time": "2022-07-02T13:00:02.920122+02:00",
    "accelleration": {
        "x": 0.11370714008808136,
        "y": -0.9224478602409363,
        "z": -0.3412964642047882
    },
    "position": {
        "pitch": 353.4153433240445,
        "roll": 249.6722616952967,
        "yaw": 157.6793019711915
    }
}