{
    "time": "2023-06-12T20:10:02.940747+02:00",
    "accelleration": {
        "x": 0.11297199875116348,
        "y": -0.9406200051307678,
        "z": -0.3125639855861664
    },
    "position": {
        "pitch": 353.4984044007674,
        "roll": 251.62275881657723,
        "yaw": 158.32725469699395
    }
}