{
    "time": "2022-07-03T04:50:03.336786+02:00",
    "accelleration": {
        "x": 0.11152512580156326,
        "y": -0.9200355410575867,
        "z": -0.33912724256515503
    },
    "position": {
        "pitch": 353.5231599945273,
        "roll": 249.74316588907058,
        "yaw": 117.04175278712331
    }
}