{
    "time": "2023-05-30T16:30:03.244214+02:00",
    "accelleration": {
        "x": 0.11126399785280228,
        "y": -0.9386679530143738,
        "z": -0.30573198199272156
    },
    "position": {
        "pitch": 353.57169830697717,
        "roll": 251.9581074444465,
        "yaw": 185.25213725521667
    }
}