{
    "time": "2022-07-18T07:00:02.560272+02:00",
    "accelleration": {
        "x": 0.10643375664949417,
        "y": -0.9229303002357483,
        "z": -0.33093225955963135
    },
    "position": {
        "pitch": 353.8176995227662,
        "roll": 250.26068932248245,
        "yaw": 155.59636748190442
    }
}