{
    "time": "2023-06-04T21:00:03.561846+02:00",
    "accelleration": {
        "x": 0.11272799968719482,
        "y": -0.9396439790725708,
        "z": -0.31451600790023804
    },
    "position": {
        "pitch": 353.57660494412215,
        "roll": 251.5056210723115,
        "yaw": 158.68029351481354
    }
}