{
    "time": "2023-05-15T00:40:02.558951+02:00",
    "accelleration": {
        "x": 0.1105320006608963,
        "y": -0.9415959715843201,
        "z": -0.31866398453712463
    },
    "position": {
        "pitch": 353.66034135579923,
        "roll": 251.316137964357,
        "yaw": 201.01833121824882
    }
}