{
    "time": "2023-06-09T09:00:02.889071+02:00",
    "accelleration": {
        "x": 0.11224000155925751,
        "y": -0.9396439790725708,
        "z": -0.3123199939727783
    },
    "position": {
        "pitch": 353.59829079473695,
        "roll": 251.6224241373079,
        "yaw": 158.29486593994974
    }
}