{
    "time": "2022-07-06T05:30:03.384711+02:00",
    "accelleration": {
        "x": 0.10885821282863617,
        "y": -0.9190706610679626,
        "z": -0.3449119031429291
    },
    "position": {
        "pitch": 353.68891502530516,
        "roll": 249.42122492254202,
        "yaw": 130.37088061278155
    }
}