{
    "time": "2022-07-11T11:00:03.040972+02:00",
    "accelleration": {
        "x": 0.10691864788532257,
        "y": -0.9207592606544495,
        "z": -0.32346034049987793
    },
    "position": {
        "pitch": 353.7132398902605,
        "roll": 250.62853599042268,
        "yaw": 181.54666400783637
    }
}