{
    "time": "2022-07-05T15:00:02.636758+02:00",
    "accelleration": {
        "x": 0.11249490827322006,
        "y": -0.9185882210731506,
        "z": -0.3449119031429291
    },
    "position": {
        "pitch": 353.46960149303743,
        "roll": 249.41215443132427,
        "yaw": 190.2133407815038
    }
}