{
    "time": "2023-05-24T01:20:03.265499+02:00",
    "accelleration": {
        "x": 0.11394799500703812,
        "y": -0.941107988357544,
        "z": -0.31280800700187683
    },
    "position": {
        "pitch": 353.4522933667938,
        "roll": 251.6218708919851,
        "yaw": 173.5195761659616
    }
}