{
    "time": "2022-07-12T10:50:03.460347+02:00",
    "accelleration": {
        "x": 0.11031289398670197,
        "y": -0.9243776202201843,
        "z": -0.33117327094078064
    },
    "position": {
        "pitch": 353.61163698437514,
        "roll": 250.27124196475012,
        "yaw": 111.96516687518715
    }
}