{
    "time": "2022-07-03T00:50:03.033673+02:00",
    "accelleration": {
        "x": 0.11128267645835876,
        "y": -0.9202768206596375,
        "z": -0.3396092653274536
    },
    "position": {
        "pitch": 353.541754330769,
        "roll": 249.72445117074477,
        "yaw": 110.42209736808704
    }
}