{
    "time": "2023-05-03T23:10:02.693823+02:00",
    "accelleration": {
        "x": 0.11028799414634705,
        "y": -0.9420839548110962,
        "z": -0.30914798378944397
    },
    "position": {
        "pitch": 353.6519991335017,
        "roll": 251.84377690792968,
        "yaw": 144.13490024327282
    }
}