{
    "time": "2023-05-31T17:30:02.438172+02:00",
    "accelleration": {
        "x": 0.10931199789047241,
        "y": -0.9406200051307678,
        "z": -0.31671199202537537
    },
    "position": {
        "pitch": 353.7142191686328,
        "roll": 251.4007503477951,
        "yaw": 186.61913131570302
    }
}