{
    "time": "2023-06-17T15:10:03.377141+02:00",
    "accelleration": {
        "x": 0.11199599504470825,
        "y": -0.9389119744300842,
        "z": -0.3084160089492798
    },
    "position": {
        "pitch": 353.53572498127915,
        "roll": 251.81886720802663,
        "yaw": 158.40484564596528
    }
}