{
    "time": "2023-05-05T20:00:02.457219+02:00",
    "accelleration": {
        "x": 0.11101999878883362,
        "y": -0.9401319622993469,
        "z": -0.30695199966430664
    },
    "position": {
        "pitch": 353.5955945775621,
        "roll": 251.9202545360663,
        "yaw": 171.87829536878587
    }
}