{
    "time": "2022-07-19T23:30:03.179374+02:00",
    "accelleration": {
        "x": 0.10813087970018387,
        "y": -0.9202768206596375,
        "z": -0.3251475393772125
    },
    "position": {
        "pitch": 353.6874785511453,
        "roll": 250.5257279830356,
        "yaw": 128.91513507422005
    }
}