{
    "time": "2023-06-17T14:20:03.061317+02:00",
    "accelleration": {
        "x": 0.10979999601840973,
        "y": -0.9389119744300842,
        "z": -0.3084160089492798
    },
    "position": {
        "pitch": 353.65963827320155,
        "roll": 251.8188740382158,
        "yaw": 157.63840279844146
    }
}