{
    "time": "2023-05-23T10:20:02.751770+02:00",
    "accelleration": {
        "x": 0.11004399508237839,
        "y": -0.9381799697875977,
        "z": -0.31549200415611267
    },
    "position": {
        "pitch": 353.6549506289968,
        "roll": 251.42081061338746,
        "yaw": 202.0753439734433
    }
}