{
    "time": "2023-05-25T11:30:03.222259+02:00",
    "accelleration": {
        "x": 0.11004399508237839,
        "y": -0.941107988357544,
        "z": -0.30866000056266785
    },
    "position": {
        "pitch": 353.65919004203727,
        "roll": 251.84573717222145,
        "yaw": 158.94662991130903
    }
}