{
    "time": "2023-06-15T20:50:03.028270+02:00",
    "accelleration": {
        "x": 0.11394799500703812,
        "y": -0.9384239912033081,
        "z": -0.31158798933029175
    },
    "position": {
        "pitch": 353.4256009875174,
        "roll": 251.6377988931296,
        "yaw": 157.7439702022532
    }
}