{
    "time": "2023-05-14T14:00:02.667171+02:00",
    "accelleration": {
        "x": 0.10906799882650375,
        "y": -0.9413520097732544,
        "z": -0.3169559836387634
    },
    "position": {
        "pitch": 353.7322133020011,
        "roll": 251.41016917866057,
        "yaw": 147.4266552722471
    }
}