{
    "time": "2022-07-20T08:00:03.377872+02:00",
    "accelleration": {
        "x": 0.10619131475687027,
        "y": -0.9224478602409363,
        "z": -0.32635271549224854
    },
    "position": {
        "pitch": 353.8205703366517,
        "roll": 250.4950057921489,
        "yaw": 144.37448961897852
    }
}