{
    "time": "2022-06-29T18:20:02.814096+02:00",
    "accelleration": {
        "x": 0.10861577093601227,
        "y": -0.9185882210731506,
        "z": -0.347563236951828
    },
    "position": {
        "pitch": 353.6923113368699,
        "roll": 249.27271611941845,
        "yaw": 137.46035742406633
    }
}