{
    "time": "2023-05-08T04:20:03.388000+02:00",
    "accelleration": {
        "x": 0.10858000069856644,
        "y": -0.9425719976425171,
        "z": -0.3111000061035156
    },
    "position": {
        "pitch": 353.76102303992025,
        "roll": 251.74919244830335,
        "yaw": 97.51064244036426
    }
}