{
    "time": "2023-05-26T08:40:03.297133+02:00",
    "accelleration": {
        "x": 0.10858000069856644,
        "y": -0.9420839548110962,
        "z": -0.3172000050544739
    },
    "position": {
        "pitch": 353.76048516252314,
        "roll": 251.407334650155,
        "yaw": 128.19487796586387
    }
}