{
    "time": "2023-06-06T21:00:03.007676+02:00",
    "accelleration": {
        "x": 0.11224000155925751,
        "y": -0.9398880004882812,
        "z": -0.3113439977169037
    },
    "position": {
        "pitch": 353.5315060588062,
        "roll": 251.67630066948095,
        "yaw": 158.15038011824728
    }
}