{
    "time": "2023-05-16T07:30:03.379760+02:00",
    "accelleration": {
        "x": 0.11101999878883362,
        "y": -0.9437919855117798,
        "z": -0.3735640048980713
    },
    "position": {
        "pitch": 353.75890738882487,
        "roll": 248.4829550060682,
        "yaw": 167.7637620920135
    }
}