{
    "time": "2023-05-11T18:30:02.538597+02:00",
    "accelleration": {
        "x": 0.1117519959807396,
        "y": -0.9425719976425171,
        "z": -0.3113439977169037
    },
    "position": {
        "pitch": 353.5764376044875,
        "roll": 251.79624562149553,
        "yaw": 166.67936027824726
    }
}