{
    "time": "2023-04-29T09:50:03.284638+02:00",
    "accelleration": {
        "x": 0.10735999792814255,
        "y": -0.9430599808692932,
        "z": -0.30987998843193054
    },
    "position": {
        "pitch": 353.8122447629403,
        "roll": 251.8274595860025,
        "yaw": 182.53159094653054
    }
}