{
    "time": "2023-06-25T01:40:02.937698+02:00",
    "accelleration": {
        "x": 0.10931199789047241,
        "y": -0.9384239912033081,
        "z": -0.30280399322509766
    },
    "position": {
        "pitch": 353.6793356849942,
        "roll": 252.1246547771681,
        "yaw": 159.08893007247707
    }
}