{
    "time": "2023-05-11T16:00:02.646349+02:00",
    "accelleration": {
        "x": 0.11004399508237839,
        "y": -0.9398880004882812,
        "z": -0.31036800146102905
    },
    "position": {
        "pitch": 353.653965374209,
        "roll": 251.74057957975995,
        "yaw": 194.5346375448308
    }
}