{
    "time": "2023-06-30T23:30:03.374204+02:00",
    "accelleration": {
        "x": 0.11004399508237839,
        "y": -0.9376919865608215,
        "z": -0.30695199966430664
    },
    "position": {
        "pitch": 353.63798017023026,
        "roll": 251.88322808057566,
        "yaw": 158.8507477157404
    }
}