{
    "time": "2022-07-19T12:20:02.547970+02:00",
    "accelleration": {
        "x": 0.10934310406446457,
        "y": -0.9222065806388855,
        "z": -0.33093225955963135
    },
    "position": {
        "pitch": 353.6513383126995,
        "roll": 250.24044464178252,
        "yaw": 126.67533846045444
    }
}