{
    "time": "2023-05-06T11:20:03.001032+02:00",
    "accelleration": {
        "x": 0.1088239997625351,
        "y": -0.9403759837150574,
        "z": -0.3113439977169037
    },
    "position": {
        "pitch": 353.72996147400914,
        "roll": 251.69453044437572,
        "yaw": 179.86458967847167
    }
}