{
    "time": "2023-05-12T20:20:03.386819+02:00",
    "accelleration": {
        "x": 0.1117519959807396,
        "y": -0.944767951965332,
        "z": -0.3159799873828888
    },
    "position": {
        "pitch": 353.6008781557719,
        "roll": 251.5198551865418,
        "yaw": 165.1101106560585
    }
}