{
    "time": "2023-05-04T10:20:03.056898+02:00",
    "accelleration": {
        "x": 0.11419199407100677,
        "y": -0.9418399930000305,
        "z": -0.3723439872264862
    },
    "position": {
        "pitch": 353.57495289211664,
        "roll": 248.51014598915404,
        "yaw": 189.0396274141505
    }
}