{
    "time": "2023-06-21T02:20:03.387029+02:00",
    "accelleration": {
        "x": 0.11004399508237839,
        "y": -0.9393999576568604,
        "z": -0.3096359968185425
    },
    "position": {
        "pitch": 353.65395939779347,
        "roll": 251.76829648741187,
        "yaw": 158.549905203558
    }
}