{
    "time": "2023-05-26T05:00:03.390279+02:00",
    "accelleration": {
        "x": 0.11199599504470825,
        "y": -0.9415959715843201,
        "z": -0.31573599576950073
    },
    "position": {
        "pitch": 353.5636382568697,
        "roll": 251.4752130701266,
        "yaw": 193.23124620589562
    }
}