{
    "time": "2022-07-11T02:40:03.048342+02:00",
    "accelleration": {
        "x": 0.10764598846435547,
        "y": -0.9226890206336975,
        "z": -0.3273168206214905
    },
    "position": {
        "pitch": 353.73792419392095,
        "roll": 250.45858039330523,
        "yaw": 159.2740281989844
    }
}