{
    "time": "2023-06-01T18:20:03.295097+02:00",
    "accelleration": {
        "x": 0.11272799968719482,
        "y": -0.9384239912033081,
        "z": -0.3125639855861664
    },
    "position": {
        "pitch": 353.4963203392969,
        "roll": 251.58706424797475,
        "yaw": 159.40397937813307
    }
}