{
    "time": "2023-06-29T15:40:02.903461+02:00",
    "accelleration": {
        "x": 0.10906799882650375,
        "y": -0.9386679530143738,
        "z": -0.30353599786758423
    },
    "position": {
        "pitch": 353.693047289753,
        "roll": 252.08583198192576,
        "yaw": 158.59380965954284
    }
}