{
    "time": "2023-05-06T02:50:03.033882+02:00",
    "accelleration": {
        "x": 0.11614400148391724,
        "y": -0.9428159594535828,
        "z": -0.31378400325775146
    },
    "position": {
        "pitch": 353.34394692976355,
        "roll": 251.60573798516555,
        "yaw": 194.53172788424436
    }
}