{
    "time": "2023-06-07T00:50:03.206094+02:00",
    "accelleration": {
        "x": 0.11370399594306946,
        "y": -0.9401319622993469,
        "z": -0.31451600790023804
    },
    "position": {
        "pitch": 353.4599837329124,
        "roll": 251.51084616702656,
        "yaw": 158.4588451215434
    }
}