{
    "time": "2023-05-01T17:40:02.768969+02:00",
    "accelleration": {
        "x": 0.11004399508237839,
        "y": -0.9423279762268066,
        "z": -0.31915199756622314
    },
    "position": {
        "pitch": 353.6923493297972,
        "roll": 251.31412988874104,
        "yaw": 139.2858484231573
    }
}