{
    "time": "2023-05-15T13:20:02.906453+02:00",
    "accelleration": {
        "x": 0.11248400062322617,
        "y": -0.9418399930000305,
        "z": -0.30914798378944397
    },
    "position": {
        "pitch": 353.5325741296377,
        "roll": 251.83392094495736,
        "yaw": 124.83495764897285
    }
}