{
    "time": "2023-06-29T09:00:02.850761+02:00",
    "accelleration": {
        "x": 0.10906799882650375,
        "y": -0.9384239912033081,
        "z": -0.30158400535583496
    },
    "position": {
        "pitch": 353.68907596163746,
        "roll": 252.18782036661239,
        "yaw": 160.0779278039166
    }
}