{
    "time": "2023-04-28T00:20:03.157437+02:00",
    "accelleration": {
        "x": 0.10931199789047241,
        "y": -0.9423279762268066,
        "z": -0.3089039921760559
    },
    "position": {
        "pitch": 353.7094593805549,
        "roll": 251.85960928642575,
        "yaw": 179.15911309947938
    }
}