{
    "time": "2023-06-18T14:40:02.770915+02:00",
    "accelleration": {
        "x": 0.10858000069856644,
        "y": -0.9384239912033081,
        "z": -0.3076840043067932
    },
    "position": {
        "pitch": 353.72158253944485,
        "roll": 251.85060709709967,
        "yaw": 157.9131813087511
    }
}