{
    "time": "2023-06-09T21:50:02.711244+02:00",
    "accelleration": {
        "x": 0.11126399785280228,
        "y": -0.9408639669418335,
        "z": -0.3742959797382355
    },
    "position": {
        "pitch": 353.72423692171105,
        "roll": 248.37675922485286,
        "yaw": 161.00381458742518
    }
}