{
    "time": "2022-07-15T21:30:03.434940+02:00",
    "accelleration": {
        "x": 0.10667620599269867,
        "y": -0.9219653606414795,
        "z": -0.3352707624435425
    },
    "position": {
        "pitch": 353.80888388298183,
        "roll": 250.0066950778172,
        "yaw": 175.0183245755375
    }
}