{
    "time": "2023-07-05T02:00:02.778592+02:00",
    "accelleration": {
        "x": 0.1105320006608963,
        "y": -0.9391559958457947,
        "z": -0.3071959912776947
    },
    "position": {
        "pitch": 353.61945072078566,
        "roll": 251.89350068508736,
        "yaw": 158.18906630970625
    }
}