{
    "time": "2022-07-12T12:00:03.348008+02:00",
    "accelleration": {
        "x": 0.11055533587932587,
        "y": -0.9202768206596375,
        "z": -0.32153213024139404
    },
    "position": {
        "pitch": 353.54425802198665,
        "roll": 250.72784011076547,
        "yaw": 191.45689966330968
    }
}