{
    "time": "2022-07-08T16:40:02.584501+02:00",
    "accelleration": {
        "x": 0.11273735016584396,
        "y": -0.9205180406570435,
        "z": -0.34539395570755005
    },
    "position": {
        "pitch": 353.4817874042904,
        "roll": 249.41860896008993,
        "yaw": 184.35570224740917
    }
}