{
    "time": "2022-07-22T05:50:02.536393+02:00",
    "accelleration": {
        "x": 0.10764598846435547,
        "y": -0.9229303002357483,
        "z": -0.32466551661491394
    },
    "position": {
        "pitch": 353.73576457348275,
        "roll": 250.60262225271163,
        "yaw": 177.3934545575177
    }
}