{
    "time": "2022-07-11T05:30:02.580058+02:00",
    "accelleration": {
        "x": 0.10861577093601227,
        "y": -0.9234127402305603,
        "z": -0.3251475393772125
    },
    "position": {
        "pitch": 353.6893051998615,
        "roll": 250.58330647773883,
        "yaw": 162.28593671728495
    }
}