{
    "time": "2023-06-19T12:30:03.186525+02:00",
    "accelleration": {
        "x": 0.11004399508237839,
        "y": -0.9386679530143738,
        "z": -0.3071959912776947
    },
    "position": {
        "pitch": 353.6410708308297,
        "roll": 251.88005204261162,
        "yaw": 157.03766034018216
    }
}