{
    "time": "2023-06-13T14:00:02.645963+02:00",
    "accelleration": {
        "x": 0.11224000155925751,
        "y": -0.9413520097732544,
        "z": -0.31744399666786194
    },
    "position": {
        "pitch": 353.55260622069966,
        "roll": 251.37380525151943,
        "yaw": 158.1889160455445
    }
}