{
    "time": "2023-06-12T17:40:02.953578+02:00",
    "accelleration": {
        "x": 0.11077599972486496,
        "y": -0.9406200051307678,
        "z": -0.3089039921760559
    },
    "position": {
        "pitch": 353.61383886660883,
        "roll": 251.8235049064731,
        "yaw": 158.20687944306164
    }
}