{
    "time": "2023-05-29T03:10:03.308158+02:00",
    "accelleration": {
        "x": 0.11297199875116348,
        "y": -0.9433040022850037,
        "z": -0.31280800700187683
    },
    "position": {
        "pitch": 353.51111282149185,
        "roll": 251.66371263084062,
        "yaw": 191.4497279646812
    }
}