{
    "time": "2023-06-08T09:00:02.898314+02:00",
    "accelleration": {
        "x": 0.11248400062322617,
        "y": -0.9415959715843201,
        "z": -0.31500399112701416
    },
    "position": {
        "pitch": 353.5375345545224,
        "roll": 251.50854439327628,
        "yaw": 158.159969703842
    }
}