{
    "time": "2022-07-03T02:40:03.820690+02:00",
    "accelleration": {
        "x": 0.10982800275087357,
        "y": -0.9171409010887146,
        "z": -0.34708115458488464
    },
    "position": {
        "pitch": 353.620350171322,
        "roll": 249.2676276284868,
        "yaw": 111.40939438242322
    }
}