{
    "time": "2022-07-07T06:20:02.603265+02:00",
    "accelleration": {
        "x": 0.11055533587932587,
        "y": -0.9224478602409363,
        "z": -0.3506965935230255
    },
    "position": {
        "pitch": 353.62558038867894,
        "roll": 249.17587086717685,
        "yaw": 109.29179668309831
    }
}