{
    "time": "2023-06-10T07:40:03.322280+02:00",
    "accelleration": {
        "x": 0.11248400062322617,
        "y": -0.9406200051307678,
        "z": -0.31451600790023804
    },
    "position": {
        "pitch": 353.52983821198825,
        "roll": 251.51743046938645,
        "yaw": 158.3908983996801
    }
}