{
    "time": "2023-07-02T10:50:02.701697+02:00",
    "accelleration": {
        "x": 0.11150799691677094,
        "y": -0.9389119744300842,
        "z": -0.30646398663520813
    },
    "position": {
        "pitch": 353.560080155199,
        "roll": 251.929161102744,
        "yaw": 158.14777098598435
    }
}