{
    "time": "2023-06-12T19:20:03.397819+02:00",
    "accelleration": {
        "x": 0.11101999878883362,
        "y": -0.9415959715843201,
        "z": -0.31451600790023804
    },
    "position": {
        "pitch": 353.6154755506887,
        "roll": 251.5402433012143,
        "yaw": 158.26365197544277
    }
}