{
    "time": "2022-07-06T23:00:02.976359+02:00",
    "accelleration": {
        "x": 0.11225245893001556,
        "y": -0.9166584014892578,
        "z": -0.33382460474967957
    },
    "position": {
        "pitch": 353.45163724174665,
        "roll": 249.966793112686,
        "yaw": 119.20934064098354
    }
}