{
    "time": "2022-07-21T21:20:03.331007+02:00",
    "accelleration": {
        "x": 0.10522152483463287,
        "y": -0.9185882210731506,
        "z": -0.323701411485672
    },
    "position": {
        "pitch": 353.84718715696044,
        "roll": 250.5777398735653,
        "yaw": 110.66577119691642
    }
}