{
    "time": "2023-06-29T06:50:03.062801+02:00",
    "accelleration": {
        "x": 0.10809199512004852,
        "y": -0.9386679530143738,
        "z": -0.30402398109436035
    },
    "position": {
        "pitch": 353.74787535265483,
        "roll": 252.06028024424074,
        "yaw": 159.26072299048124
    }
}