{
    "time": "2023-06-17T13:30:02.821641+02:00",
    "accelleration": {
        "x": 0.1105320006608963,
        "y": -0.9396439790725708,
        "z": -0.3089039921760559
    },
    "position": {
        "pitch": 353.62288630593815,
        "roll": 251.80613573541373,
        "yaw": 157.87388040026684
    }
}