{
    "time": "2023-05-21T18:30:02.795573+02:00",
    "accelleration": {
        "x": 0.11004399508237839,
        "y": -0.9413520097732544,
        "z": -0.3123199939727783
    },
    "position": {
        "pitch": 353.7140911025858,
        "roll": 251.65111776201113,
        "yaw": 121.46950487885412
    }
}