{
    "time": "2023-06-23T08:10:03.281442+02:00",
    "accelleration": {
        "x": 0.10858000069856644,
        "y": -0.937936007976532,
        "z": -0.3042680025100708
    },
    "position": {
        "pitch": 353.71967990487417,
        "roll": 252.03463288390734,
        "yaw": 158.42466685493665
    }
}