{
    "time": "2023-05-13T05:10:02.730490+02:00",
    "accelleration": {
        "x": 0.1105320006608963,
        "y": -0.9452559947967529,
        "z": -0.3164680004119873
    },
    "position": {
        "pitch": 353.67031770085566,
        "roll": 251.5023699022666,
        "yaw": 153.96452600616166
    }
}