{
    "time": "2022-07-19T19:50:02.615456+02:00",
    "accelleration": {
        "x": 0.11201001703739166,
        "y": -0.9207592606544495,
        "z": -0.3239424228668213
    },
    "position": {
        "pitch": 353.4719591889616,
        "roll": 250.59047134617816,
        "yaw": 174.70046123194345
    }
}