{
    "time": "2023-05-08T08:30:02.684151+02:00",
    "accelleration": {
        "x": 0.1088239997625351,
        "y": -0.9428159594535828,
        "z": -0.3089039921760559
    },
    "position": {
        "pitch": 353.742743746154,
        "roll": 251.86973162677572,
        "yaw": 154.76932719606424
    }
}