{
    "time": "2023-05-29T04:30:03.326069+02:00",
    "accelleration": {
        "x": 0.11467999964952469,
        "y": -0.9418399930000305,
        "z": -0.3125639855861664
    },
    "position": {
        "pitch": 353.4137113357197,
        "roll": 251.65380202635492,
        "yaw": 130.5172788874516
    }
}