{
    "time": "2023-05-13T10:50:03.008739+02:00",
    "accelleration": {
        "x": 0.10809199512004852,
        "y": -0.9391559958457947,
        "z": -0.3172000050544739
    },
    "position": {
        "pitch": 353.775065481967,
        "roll": 251.35234479714725,
        "yaw": 165.24105904282598
    }
}