{
    "time": "2022-07-08T13:30:02.719187+02:00",
    "accelleration": {
        "x": 0.11249490827322006,
        "y": -0.9210004806518555,
        "z": -0.347563236951828
    },
    "position": {
        "pitch": 353.5016308113766,
        "roll": 249.31104714104055,
        "yaw": 191.25177542215587
    }
}