{
    "time": "2023-05-28T08:40:02.570241+02:00",
    "accelleration": {
        "x": 0.11150799691677094,
        "y": -0.9401319622993469,
        "z": -0.3079279959201813
    },
    "position": {
        "pitch": 353.56812483738076,
        "roll": 251.86970430601903,
        "yaw": 122.58711507236497
    }
}