{
    "time": "2022-07-18T08:30:03.033711+02:00",
    "accelleration": {
        "x": 0.10788843780755997,
        "y": -0.9236539602279663,
        "z": -0.33430665731430054
    },
    "position": {
        "pitch": 353.8110157557765,
        "roll": 250.09746829188666,
        "yaw": 163.49281748324785
    }
}