{
    "time": "2023-06-06T17:00:02.471512+02:00",
    "accelleration": {
        "x": 0.11224000155925751,
        "y": -0.9391559958457947,
        "z": -0.30987998843193054
    },
    "position": {
        "pitch": 353.5216650368727,
        "roll": 251.74003316462634,
        "yaw": 158.1478256274977
    }
}