{
    "time": "2022-07-08T18:10:02.812671+02:00",
    "accelleration": {
        "x": 0.11031289398670197,
        "y": -0.9207592606544495,
        "z": -0.3396092653274536
    },
    "position": {
        "pitch": 353.6041954932744,
        "roll": 249.73353532234086,
        "yaw": 123.07642982450469
    }
}