{
    "time": "2023-05-29T01:20:02.764287+02:00",
    "accelleration": {
        "x": 0.10979999601840973,
        "y": -0.9389119744300842,
        "z": -0.31500399112701416
    },
    "position": {
        "pitch": 353.67133369149474,
        "roll": 251.45978367279156,
        "yaw": 199.9046552136999
    }
}