{
    "time": "2023-05-18T05:00:02.667867+02:00",
    "accelleration": {
        "x": 0.10931199789047241,
        "y": -0.9425719976425171,
        "z": -0.3130519986152649
    },
    "position": {
        "pitch": 353.71899219020213,
        "roll": 251.63889855358596,
        "yaw": 98.5367144386186
    }
}