{
    "time": "2023-06-25T03:30:02.739498+02:00",
    "accelleration": {
        "x": 0.11028799414634705,
        "y": -0.9384239912033081,
        "z": -0.30158400535583496
    },
    "position": {
        "pitch": 353.6215744827307,
        "roll": 252.18978063090418,
        "yaw": 158.97755700787084
    }
}