{
    "time": "2023-04-29T04:30:03.323769+02:00",
    "accelleration": {
        "x": 0.11248400062322617,
        "y": -0.9398880004882812,
        "z": -0.30646398663520813
    },
    "position": {
        "pitch": 353.519673182956,
        "roll": 251.95993793514407,
        "yaw": 121.40390774206533
    }
}