{
    "time": "2023-06-21T09:30:02.702747+02:00",
    "accelleration": {
        "x": 0.1088239997625351,
        "y": -0.9401319622993469,
        "z": -0.305976003408432
    },
    "position": {
        "pitch": 353.7194182232516,
        "roll": 251.97826333268722,
        "yaw": 158.47008761291724
    }
}