{
    "time": "2022-07-18T16:50:02.745385+02:00",
    "accelleration": {
        "x": 0.11104022711515427,
        "y": -0.9210004806518555,
        "z": -0.3241834342479706
    },
    "position": {
        "pitch": 353.5254971998839,
        "roll": 250.60070979974404,
        "yaw": 117.64394324548667
    }
}