{
    "time": "2022-07-06T06:20:02.587867+02:00",
    "accelleration": {
        "x": 0.10958555340766907,
        "y": -0.9190706610679626,
        "z": -0.34346574544906616
    },
    "position": {
        "pitch": 353.5927071150905,
        "roll": 249.49809870165052,
        "yaw": 111.76134036997563
    }
}