{
    "time": "2023-07-02T00:40:02.832945+02:00",
    "accelleration": {
        "x": 0.10979999601840973,
        "y": -0.9381799697875977,
        "z": -0.30646398663520813
    },
    "position": {
        "pitch": 353.6503970272545,
        "roll": 251.916586724482,
        "yaw": 157.2842574899763
    }
}