{
    "time": "2023-06-01T14:30:02.741031+02:00",
    "accelleration": {
        "x": 0.1105320006608963,
        "y": -0.9396439790725708,
        "z": -0.3118319809436798
    },
    "position": {
        "pitch": 353.6271867637943,
        "roll": 251.64432172378696,
        "yaw": 185.33093031748194
    }
}