{
    "time": "2023-05-18T18:50:03.037725+02:00",
    "accelleration": {
        "x": 0.10833600163459778,
        "y": -0.9408639669418335,
        "z": -0.30573198199272156
    },
    "position": {
        "pitch": 353.7497340178827,
        "roll": 252.00141767397355,
        "yaw": 176.58907683934368
    }
}