{
    "time": "2023-06-06T22:10:02.738989+02:00",
    "accelleration": {
        "x": 0.11101999878883362,
        "y": -0.9406200051307678,
        "z": -0.3113439977169037
    },
    "position": {
        "pitch": 353.6041643305363,
        "roll": 251.69062357617048,
        "yaw": 158.06996147095956
    }
}