{
    "time": "2022-07-11T10:10:02.951517+02:00",
    "accelleration": {
        "x": 0.10788843780755997,
        "y": -0.9210004806518555,
        "z": -0.32755783200263977
    },
    "position": {
        "pitch": 353.78307814763707,
        "roll": 250.40803699344713,
        "yaw": 137.90885496572602
    }
}