{
    "time": "2023-05-12T17:30:02.610230+02:00",
    "accelleration": {
        "x": 0.1134599968791008,
        "y": -0.9430599808692932,
        "z": -0.3184199929237366
    },
    "position": {
        "pitch": 353.5034877690572,
        "roll": 251.3636077790886,
        "yaw": 182.93321973010563
    }
}