{
    "time": "2023-06-24T10:50:02.580666+02:00",
    "accelleration": {
        "x": 0.1088239997625351,
        "y": -0.9393999576568604,
        "z": -0.301827996969223
    },
    "position": {
        "pitch": 353.708841248435,
        "roll": 252.19417927272966,
        "yaw": 158.23797046416354
    }
}