{
    "time": "2023-06-21T10:10:03.412017+02:00",
    "accelleration": {
        "x": 0.10931199789047241,
        "y": -0.9398880004882812,
        "z": -0.3067080080509186
    },
    "position": {
        "pitch": 353.69121893348955,
        "roll": 251.93431789556735,
        "yaw": 158.25960850345413
    }
}