{
    "time": "2023-06-29T00:30:03.313465+02:00",
    "accelleration": {
        "x": 0.11004399508237839,
        "y": -0.9396439790725708,
        "z": -0.3042680025100708
    },
    "position": {
        "pitch": 353.6427984418029,
        "roll": 252.06189216888487,
        "yaw": 158.71154846045553
    }
}