{
    "time": "2023-06-17T18:50:02.978240+02:00",
    "accelleration": {
        "x": 0.1105320006608963,
        "y": -0.9381799697875977,
        "z": -0.3076840043067932
    },
    "position": {
        "pitch": 353.6106636824184,
        "roll": 251.84579181373482,
        "yaw": 158.33515039567448
    }
}