{
    "time": "2023-05-11T23:40:03.281262+02:00",
    "accelleration": {
        "x": 0.10833600163459778,
        "y": -0.9415959715843201,
        "z": -0.3101239800453186
    },
    "position": {
        "pitch": 353.75887238410536,
        "roll": 251.78645113022577,
        "yaw": 140.96156703412822
    }
}