{
    "time": "2022-07-04T02:30:02.737520+02:00",
    "accelleration": {
        "x": 0.10910066217184067,
        "y": -0.9210004806518555,
        "z": -0.3478042483329773
    },
    "position": {
        "pitch": 353.74953210041537,
        "roll": 249.3024957441997,
        "yaw": 148.86845356452343
    }
}