{
    "time": "2023-04-29T06:50:02.647663+02:00",
    "accelleration": {
        "x": 0.10784799605607986,
        "y": -0.9433040022850037,
        "z": -0.30621999502182007
    },
    "position": {
        "pitch": 353.78322243538327,
        "roll": 252.0304459779461,
        "yaw": 111.22054648206154
    }
}