{
    "time": "2023-05-08T22:00:02.709885+02:00",
    "accelleration": {
        "x": 0.10931199789047241,
        "y": -0.9403759837150574,
        "z": -0.3108559846878052
    },
    "position": {
        "pitch": 353.70318926689686,
        "roll": 251.7189552008477,
        "yaw": 141.65932549935837
    }
}