{
    "time": "2023-05-31T04:00:02.588632+02:00",
    "accelleration": {
        "x": 0.1088239997625351,
        "y": -0.9403759837150574,
        "z": -0.3113439977169037
    },
    "position": {
        "pitch": 353.731062415126,
        "roll": 251.62514938278673,
        "yaw": 152.71301678416188
    }
}