{
    "time": "2022-07-15T14:10:02.573073+02:00",
    "accelleration": {
        "x": 0.11007044464349747,
        "y": -0.9207592606544495,
        "z": -0.32948607206344604
    },
    "position": {
        "pitch": 353.5867755226831,
        "roll": 250.30852796742923,
        "yaw": 141.3296459285002
    }
}