{
    "time": "2022-07-01T00:10:02.808970+02:00",
    "accelleration": {
        "x": 0.11225245893001556,
        "y": -0.9200355410575867,
        "z": -0.34346574544906616
    },
    "position": {
        "pitch": 353.4948194052268,
        "roll": 249.5189649295649,
        "yaw": 171.0728248203446
    }
}