{
    "time": "2022-07-08T08:40:02.448707+02:00",
    "accelleration": {
        "x": 0.10958555340766907,
        "y": -0.9188294410705566,
        "z": -0.3478042483329773
    },
    "position": {
        "pitch": 353.69443253749404,
        "roll": 249.26831064740378,
        "yaw": 164.26867233144796
    }
}