{
    "time": "2023-06-27T13:50:03.300654+02:00",
    "accelleration": {
        "x": 0.10784799605607986,
        "y": -0.9376919865608215,
        "z": -0.2991439998149872
    },
    "position": {
        "pitch": 353.74593002940185,
        "roll": 252.30829807338222,
        "yaw": 158.1623329492948
    }
}