{
    "time": "2023-05-03T07:50:02.497499+02:00",
    "accelleration": {
        "x": 0.11224000155925751,
        "y": -0.9406200051307678,
        "z": -0.3140279948711395
    },
    "position": {
        "pitch": 353.5386145781849,
        "roll": 251.62582557151455,
        "yaw": 135.09338268795508
    }
}