{
    "time": "2022-06-29T17:30:02.437880+02:00",
    "accelleration": {
        "x": 0.11370714008808136,
        "y": -0.9188294410705566,
        "z": -0.34515294432640076
    },
    "position": {
        "pitch": 353.40376914160913,
        "roll": 249.40840465746993,
        "yaw": 180.42300226672089
    }
}