{
    "time": "2023-05-21T20:10:02.562095+02:00",
    "accelleration": {
        "x": 0.11199599504470825,
        "y": -0.9420839548110962,
        "z": -0.3169559836387634
    },
    "position": {
        "pitch": 353.5705333328368,
        "roll": 251.41124151836027,
        "yaw": 182.85325187530313
    }
}