{
    "time": "2023-05-30T02:30:02.876912+02:00",
    "accelleration": {
        "x": 0.11565599590539932,
        "y": -0.9403759837150574,
        "z": -0.31378400325775146
    },
    "position": {
        "pitch": 353.35131158123613,
        "roll": 251.54963481132307,
        "yaw": 187.46078820636703
    }
}