{
    "time": "2023-06-13T18:10:02.907470+02:00",
    "accelleration": {
        "x": 0.11272799968719482,
        "y": -0.9403759837150574,
        "z": -0.3184199929237366
    },
    "position": {
        "pitch": 353.5209683575774,
        "roll": 251.3021087558018,
        "yaw": 158.5343733533854
    }
}