{
    "time": "2023-05-24T02:20:03.139235+02:00",
    "accelleration": {
        "x": 0.1134599968791008,
        "y": -0.9389119744300842,
        "z": -0.3125639855861664
    },
    "position": {
        "pitch": 353.4632506977698,
        "roll": 251.6619641024131,
        "yaw": 106.64371868150603
    }
}