{
    "time": "2023-07-01T07:00:02.778918+02:00",
    "accelleration": {
        "x": 0.10931199789047241,
        "y": -0.9389119744300842,
        "z": -0.3084160089492798
    },
    "position": {
        "pitch": 353.69002407727163,
        "roll": 251.82195445353148,
        "yaw": 157.89945262851936
    }
}