{
    "time": "2023-05-23T10:40:02.463125+02:00",
    "accelleration": {
        "x": 0.11028799414634705,
        "y": -0.9398880004882812,
        "z": -0.3211039900779724
    },
    "position": {
        "pitch": 353.70690787801306,
        "roll": 251.1564959528863,
        "yaw": 154.4125317742011
    }
}