{
    "time": "2023-05-30T22:30:02.949051+02:00",
    "accelleration": {
        "x": 0.10979999601840973,
        "y": -0.9386679530143738,
        "z": -0.31158798933029175
    },
    "position": {
        "pitch": 353.61737007440973,
        "roll": 251.6380925912639,
        "yaw": 194.31336673647905
    }
}