{
    "time": "2022-07-21T19:40:03.270285+02:00",
    "accelleration": {
        "x": 0.11031289398670197,
        "y": -0.9210004806518555,
        "z": -0.3159884810447693
    },
    "position": {
        "pitch": 353.55004532664776,
        "roll": 251.03567673665793,
        "yaw": 182.29926889210174
    }
}