{
    "time": "2023-06-26T22:20:02.749398+02:00",
    "accelleration": {
        "x": 0.1088239997625351,
        "y": -0.9391559958457947,
        "z": -0.2991439998149872
    },
    "position": {
        "pitch": 353.70011055912846,
        "roll": 252.3343689054442,
        "yaw": 158.02941746804635
    }
}