{
    "time": "2022-07-10T06:40:03.211490+02:00",
    "accelleration": {
        "x": 0.10716108977794647,
        "y": -0.9231715202331543,
        "z": -0.33213740587234497
    },
    "position": {
        "pitch": 353.7788434303516,
        "roll": 250.21052841321787,
        "yaw": 164.87604007320215
    }
}