{
    "time": "2023-05-05T17:10:03.177808+02:00",
    "accelleration": {
        "x": 0.1105320006608963,
        "y": -0.9403759837150574,
        "z": -0.3125639855861664
    },
    "position": {
        "pitch": 353.62997006588114,
        "roll": 251.6279565905356,
        "yaw": 131.29578384904966
    }
}