{
    "time": "2023-06-07T06:10:02.840049+02:00",
    "accelleration": {
        "x": 0.11224000155925751,
        "y": -0.9413520097732544,
        "z": -0.3152479827404022
    },
    "position": {
        "pitch": 353.5515586404357,
        "roll": 251.49360676956144,
        "yaw": 158.34814141547582
    }
}