{
    "time": "2023-06-15T22:10:03.019161+02:00",
    "accelleration": {
        "x": 0.11150799691677094,
        "y": -0.9401319622993469,
        "z": -0.3113439977169037
    },
    "position": {
        "pitch": 353.5746323001125,
        "roll": 251.61147534406837,
        "yaw": 158.0365345251615
    }
}