{
    "time": "2023-04-30T11:10:03.049425+02:00",
    "accelleration": {
        "x": 0.11321599781513214,
        "y": -0.941107988357544,
        "z": -0.3111000061035156
    },
    "position": {
        "pitch": 353.49374108911155,
        "roll": 251.6557281397009,
        "yaw": 199.11579568532008
    }
}