{
    "time": "2023-05-18T03:20:02.780464+02:00",
    "accelleration": {
        "x": 0.11004399508237839,
        "y": -0.9420839548110962,
        "z": -0.31378400325775146
    },
    "position": {
        "pitch": 353.67363418458456,
        "roll": 251.65820066818043,
        "yaw": 186.28778517868736
    }
}