{
    "time": "2023-05-07T14:40:02.961773+02:00",
    "accelleration": {
        "x": 0.11297199875116348,
        "y": -0.9420839548110962,
        "z": -0.30817198753356934
    },
    "position": {
        "pitch": 353.50341391763675,
        "roll": 251.89233955292846,
        "yaw": 200.1302153808504
    }
}