{
    "time": "2023-05-27T11:30:03.033315+02:00",
    "accelleration": {
        "x": 0.11150799691677094,
        "y": -0.9396439790725708,
        "z": -0.3101239800453186
    },
    "position": {
        "pitch": 353.5691984577409,
        "roll": 251.74292233464524,
        "yaw": 195.00481410691614
    }
}