{
    "time": "2022-07-08T11:10:02.957082+02:00",
    "accelleration": {
        "x": 0.10667620599269867,
        "y": -0.9188294410705566,
        "z": -0.3362348675727844
    },
    "position": {
        "pitch": 353.79189037232686,
        "roll": 249.8736976342987,
        "yaw": 157.2144939377938
    }
}