{
    "time": "2022-07-16T15:10:02.836692+02:00",
    "accelleration": {
        "x": 0.11152512580156326,
        "y": -0.9193118810653687,
        "z": -0.3270758092403412
    },
    "position": {
        "pitch": 353.49335176832886,
        "roll": 250.38779231274722,
        "yaw": 126.11908785444861
    }
}