{
    "time": "2023-05-30T18:00:02.508928+02:00",
    "accelleration": {
        "x": 0.10955599695444107,
        "y": -0.9389119744300842,
        "z": -0.253028005361557
    },
    "position": {
        "pitch": 353.56698889154444,
        "roll": 254.85645040741724,
        "yaw": 130.47071065769046
    }
}