{
    "time": "2022-06-29T20:40:02.437693+02:00",
    "accelleration": {
        "x": 0.11007044464349747,
        "y": -0.9226890206336975,
        "z": -0.34201955795288086
    },
    "position": {
        "pitch": 353.6260038604075,
        "roll": 249.63635539082992,
        "yaw": 173.65731376076408
    }
}