{
    "time": "2023-06-16T13:50:02.667235+02:00",
    "accelleration": {
        "x": 0.11028799414634705,
        "y": -0.9401319622993469,
        "z": -0.3101239800453186
    },
    "position": {
        "pitch": 353.63915709720163,
        "roll": 251.74282671199688,
        "yaw": 157.96795942589458
    }
}