{
    "time": "2023-05-27T10:00:02.762794+02:00",
    "accelleration": {
        "x": 0.11297199875116348,
        "y": -0.9401319622993469,
        "z": -0.37161198258399963
    },
    "position": {
        "pitch": 353.62820061999923,
        "roll": 248.50435398873788,
        "yaw": 190.21784870635602
    }
}