{
    "time": "2023-06-11T08:50:02.767575+02:00",
    "accelleration": {
        "x": 0.11126399785280228,
        "y": -0.9406200051307678,
        "z": -0.31280800700187683
    },
    "position": {
        "pitch": 353.5954272379274,
        "roll": 251.611700740311,
        "yaw": 158.75762491659643
    }
}