{
    "time": "2023-05-16T05:30:02.417075+02:00",
    "accelleration": {
        "x": 0.10955599695444107,
        "y": -0.9442799687385559,
        "z": -0.30817198753356934
    },
    "position": {
        "pitch": 353.70469575049566,
        "roll": 251.9321937067355,
        "yaw": 143.84624278856975
    }
}