{
    "time": "2022-07-10T06:30:03.288752+02:00",
    "accelleration": {
        "x": 0.10716108977794647,
        "y": -0.9246188998222351,
        "z": -0.32779887318611145
    },
    "position": {
        "pitch": 353.7781313831307,
        "roll": 250.4638942804795,
        "yaw": 146.422808709552
    }
}