{
    "time": "2023-06-22T03:40:02.917717+02:00",
    "accelleration": {
        "x": 0.11077599972486496,
        "y": -0.9389119744300842,
        "z": -0.30621999502182007
    },
    "position": {
        "pitch": 353.6021827219034,
        "roll": 251.94112759416987,
        "yaw": 158.57172082776702
    }
}