{
    "time": "2023-06-21T01:30:02.580792+02:00",
    "accelleration": {
        "x": 0.11028799414634705,
        "y": -0.9396439790725708,
        "z": -0.30524399876594543
    },
    "position": {
        "pitch": 353.6323900872814,
        "roll": 252.00979148589602,
        "yaw": 157.97454372825447
    }
}