{
    "time": "2023-07-06T12:20:03.292073+02:00",
    "accelleration": {
        "x": 0.10906799882650375,
        "y": -0.9384239912033081,
        "z": -0.3037799894809723
    },
    "position": {
        "pitch": 353.6886204733972,
        "roll": 252.06468571625538,
        "yaw": 157.52705705459192
    }
}