{
    "time": "2023-05-16T03:00:02.621016+02:00",
    "accelleration": {
        "x": 0.11297199875116348,
        "y": -0.9413520097732544,
        "z": -0.3142719864845276
    },
    "position": {
        "pitch": 353.5079606891899,
        "roll": 251.62669300553915,
        "yaw": 192.21667624620358
    }
}