{
    "time": "2023-06-15T07:20:02.853700+02:00",
    "accelleration": {
        "x": 0.11565599590539932,
        "y": -0.9420839548110962,
        "z": -0.3181760013103485
    },
    "position": {
        "pitch": 353.3660865610713,
        "roll": 251.34527555135628,
        "yaw": 158.1444788348044
    }
}