{
    "time": "2023-07-02T23:30:02.655968+02:00",
    "accelleration": {
        "x": 0.1105320006608963,
        "y": -0.9381799697875977,
        "z": -0.30573198199272156
    },
    "position": {
        "pitch": 353.6091836658027,
        "roll": 251.95491774610412,
        "yaw": 158.04048237450178
    }
}