{
    "time": "2023-06-29T17:20:03.291283+02:00",
    "accelleration": {
        "x": 0.10833600163459778,
        "y": -0.9391559958457947,
        "z": -0.30353599786758423
    },
    "position": {
        "pitch": 353.73687106412825,
        "roll": 252.09420579384818,
        "yaw": 158.8698585850381
    }
}