{
    "time": "2023-06-19T12:20:02.825782+02:00",
    "accelleration": {
        "x": 0.10979999601840973,
        "y": -0.9384239912033081,
        "z": -0.30743998289108276
    },
    "position": {
        "pitch": 353.6546910818083,
        "roll": 251.86557887176036,
        "yaw": 157.37825455333402
    }
}