{
    "time": "2022-07-01T04:10:02.976020+02:00",
    "accelleration": {
        "x": 0.11273735016584396,
        "y": -0.9217241406440735,
        "z": -0.35021454095840454
    },
    "position": {
        "pitch": 353.4904933341612,
        "roll": 249.18766660387345,
        "yaw": 176.3888839947706
    }
}