{
    "time": "2023-06-03T21:20:02.432477+02:00",
    "accelleration": {
        "x": 0.11394799500703812,
        "y": -0.9401319622993469,
        "z": -0.3159799873828888
    },
    "position": {
        "pitch": 353.44574577670073,
        "roll": 251.42865167055464,
        "yaw": 159.83689042810684
    }
}