{
    "time": "2023-06-05T14:20:03.142066+02:00",
    "accelleration": {
        "x": 0.11248400062322617,
        "y": -0.9401319622993469,
        "z": -0.3140279948711395
    },
    "position": {
        "pitch": 353.5247894215311,
        "roll": 251.5363910745224,
        "yaw": 158.7341973677433
    }
}