{
    "time": "2022-07-14T03:00:02.759234+02:00",
    "accelleration": {
        "x": 0.10813087970018387,
        "y": -0.9229303002357483,
        "z": -0.33382460474967957
    },
    "position": {
        "pitch": 353.7261126624119,
        "roll": 250.10453753767763,
        "yaw": 122.3973997379787
    }
}