{
    "time": "2022-07-13T12:00:02.985580+02:00",
    "accelleration": {
        "x": 0.10885821282863617,
        "y": -0.9243776202201843,
        "z": -0.3331015110015869
    },
    "position": {
        "pitch": 353.7010693469332,
        "roll": 250.16180184367903,
        "yaw": 118.64534460045891
    }
}