{
    "time": "2023-04-30T19:20:03.261551+02:00",
    "accelleration": {
        "x": 0.11150799691677094,
        "y": -0.944767951965332,
        "z": -0.3147599995136261
    },
    "position": {
        "pitch": 353.61390674161373,
        "roll": 251.58874447451058,
        "yaw": 149.83314948289603
    }
}