{
    "time": "2022-07-13T12:20:02.382619+02:00",
    "accelleration": {
        "x": 0.11201001703739166,
        "y": -0.9193118810653687,
        "z": -0.32755783200263977
    },
    "position": {
        "pitch": 353.46792212027526,
        "roll": 250.3709422360648,
        "yaw": 129.7253184531886
    }
}