{
    "time": "2023-05-21T03:50:02.962072+02:00",
    "accelleration": {
        "x": 0.11199599504470825,
        "y": -0.9413520097732544,
        "z": -0.3169559836387634
    },
    "position": {
        "pitch": 353.57044710169856,
        "roll": 251.41664419799375,
        "yaw": 193.83029477724074
    }
}