{
    "time": "2023-05-27T15:00:03.210798+02:00",
    "accelleration": {
        "x": 0.10955599695444107,
        "y": -0.9389119744300842,
        "z": -0.3113439977169037
    },
    "position": {
        "pitch": 353.68153116392557,
        "roll": 251.66119912122605,
        "yaw": 110.0446474541738
    }
}