{
    "time": "2023-06-10T03:30:03.164670+02:00",
    "accelleration": {
        "x": 0.11297199875116348,
        "y": -0.9413520097732544,
        "z": -0.31500399112701416
    },
    "position": {
        "pitch": 353.50579509233614,
        "roll": 251.5041662420183,
        "yaw": 158.65398362613067
    }
}