{
    "time": "2023-07-06T07:50:03.107063+02:00",
    "accelleration": {
        "x": 0.11028799414634705,
        "y": -0.9389119744300842,
        "z": -0.3096359968185425
    },
    "position": {
        "pitch": 353.6369253328903,
        "roll": 251.7551483732596,
        "yaw": 157.894657835722
    }
}