{
    "time": "2023-07-01T23:30:03.081149+02:00",
    "accelleration": {
        "x": 0.11004399508237839,
        "y": -0.9381799697875977,
        "z": -0.3067080080509186
    },
    "position": {
        "pitch": 353.63756096736995,
        "roll": 251.90541253499987,
        "yaw": 156.96545158027678
    }
}