{
    "time": "2023-06-10T23:10:03.157854+02:00",
    "accelleration": {
        "x": 0.11199599504470825,
        "y": -0.9398880004882812,
        "z": -0.3125639855861664
    },
    "position": {
        "pitch": 353.548891024678,
        "roll": 251.6104917968279,
        "yaw": 158.55586112851427
    }
}