{
    "time": "2022-07-01T02:30:03.090046+02:00",
    "accelleration": {
        "x": 0.11079778522253036,
        "y": -0.9205180406570435,
        "z": -0.34997349977493286
    },
    "position": {
        "pitch": 353.59259569762963,
        "roll": 249.1662403004471,
        "yaw": 166.9495762221913
    }
}