{
    "time": "2023-07-02T06:20:02.498950+02:00",
    "accelleration": {
        "x": 0.11028799414634705,
        "y": -0.9398880004882812,
        "z": -0.3101239800453186
    },
    "position": {
        "pitch": 353.642535052633,
        "roll": 251.74387173093987,
        "yaw": 158.0989897749321
    }
}