{
    "time": "2023-05-14T00:20:02.569483+02:00",
    "accelleration": {
        "x": 0.10979999601840973,
        "y": -0.9418399930000305,
        "z": -0.3740519881248474
    },
    "position": {
        "pitch": 353.83270032573085,
        "roll": 248.4090728498162,
        "yaw": 99.49516073390065
    }
}