{
    "time": "2023-07-05T00:50:02.450305+02:00",
    "accelleration": {
        "x": 0.1105320006608963,
        "y": -0.9391559958457947,
        "z": -0.30646398663520813
    },
    "position": {
        "pitch": 353.618235800887,
        "roll": 251.93374415967708,
        "yaw": 158.0476540731303
    }
}