{
    "time": "2023-07-05T19:20:02.424953+02:00",
    "accelleration": {
        "x": 0.10979999601840973,
        "y": -0.9381799697875977,
        "z": -0.3047559857368469
    },
    "position": {
        "pitch": 353.6482199044566,
        "roll": 252.00945680662667,
        "yaw": 157.38351379899493
    }
}