{
    "time": "2023-05-07T17:10:03.431418+02:00",
    "accelleration": {
        "x": 0.11028799414634705,
        "y": -0.9403759837150574,
        "z": -0.36868399381637573
    },
    "position": {
        "pitch": 353.7674233540594,
        "roll": 248.66459022666635,
        "yaw": 121.4358457066243
    }
}