{
    "time": "2023-06-29T05:40:03.196978+02:00",
    "accelleration": {
        "x": 0.10931199789047241,
        "y": -0.9391559958457947,
        "z": -0.3025600016117096
    },
    "position": {
        "pitch": 353.68029660723306,
        "roll": 252.15015187333978,
        "yaw": 158.4123588540523
    }
}