{
    "time": "2023-07-04T03:50:03.203679+02:00",
    "accelleration": {
        "x": 0.11028799414634705,
        "y": -0.9398880004882812,
        "z": -0.30817198753356934
    },
    "position": {
        "pitch": 353.63769586360604,
        "roll": 251.85226000287884,
        "yaw": 157.8696047018464
    }
}