{
    "time": "2023-06-06T07:10:02.640601+02:00",
    "accelleration": {
        "x": 0.11467999964952469,
        "y": -0.9413520097732544,
        "z": -0.31549200415611267
    },
    "position": {
        "pitch": 353.41270174838303,
        "roll": 251.47955024024958,
        "yaw": 158.1057380018321
    }
}