{
    "time": "2022-06-29T23:00:02.652742+02:00",
    "accelleration": {
        "x": 0.11176756769418716,
        "y": -0.9197943806648254,
        "z": -0.34708115458488464
    },
    "position": {
        "pitch": 353.5284171057541,
        "roll": 249.30458578208572,
        "yaw": 138.56093312578716
    }
}