{
    "time": "2023-06-18T19:10:02.794058+02:00",
    "accelleration": {
        "x": 0.1088239997625351,
        "y": -0.9389119744300842,
        "z": -0.3054879903793335
    },
    "position": {
        "pitch": 353.70841863048014,
        "roll": 251.9806129177617,
        "yaw": 157.1736767273138
    }
}