{
    "time": "2023-06-18T03:50:03.243416+02:00",
    "accelleration": {
        "x": 0.11077599972486496,
        "y": -0.9396439790725708,
        "z": -0.3089039921760559
    },
    "position": {
        "pitch": 353.6115994183347,
        "roll": 251.80665482979066,
        "yaw": 157.58982649306435
    }
}