{
    "time": "2023-06-05T04:50:02.544409+02:00",
    "accelleration": {
        "x": 0.11394799500703812,
        "y": -0.9413520097732544,
        "z": -0.3181760013103485
    },
    "position": {
        "pitch": 353.4090505853848,
        "roll": 251.33074773899168,
        "yaw": 158.7236925367998
    }
}