{
    "time": "2023-06-24T11:40:03.034583+02:00",
    "accelleration": {
        "x": 0.10858000069856644,
        "y": -0.9391559958457947,
        "z": -0.3013399839401245
    },
    "position": {
        "pitch": 353.718908093498,
        "roll": 252.21255931178615,
        "yaw": 157.9752677283065
    }
}