{
    "time": "2023-05-25T02:10:03.130322+02:00",
    "accelleration": {
        "x": 0.11589999496936798,
        "y": -0.9423279762268066,
        "z": -0.3125639855861664
    },
    "position": {
        "pitch": 353.3485112036764,
        "roll": 251.65303021497874,
        "yaw": 128.3000082375687
    }
}