{
    "time": "2023-06-06T21:20:03.137088+02:00",
    "accelleration": {
        "x": 0.11199599504470825,
        "y": -0.9391559958457947,
        "z": -0.3123199939727783
    },
    "position": {
        "pitch": 353.54218207136574,
        "roll": 251.61059424966544,
        "yaw": 158.3706537189802
    }
}