{
    "time": "2022-07-14T00:50:02.481308+02:00",
    "accelleration": {
        "x": 0.11007044464349747,
        "y": -0.9202768206596375,
        "z": -0.3318963646888733
    },
    "position": {
        "pitch": 353.5981746815211,
        "roll": 250.15676116407155,
        "yaw": 122.66818941781302
    }
}