{
    "time": "2023-06-23T21:10:03.255056+02:00",
    "accelleration": {
        "x": 0.1088239997625351,
        "y": -0.9389119744300842,
        "z": -0.2989000082015991
    },
    "position": {
        "pitch": 353.6951595257538,
        "roll": 252.33965547186176,
        "yaw": 158.140968117571
    }
}