{
    "time": "2022-07-05T09:00:03.075634+02:00",
    "accelleration": {
        "x": 0.11079778522253036,
        "y": -0.9193118810653687,
        "z": -0.3463580906391144
    },
    "position": {
        "pitch": 353.5802270788164,
        "roll": 249.34424186040684,
        "yaw": 109.8542764216272
    }
}