{
    "time": "2023-06-30T19:20:02.574584+02:00",
    "accelleration": {
        "x": 0.11004399508237839,
        "y": -0.9393999576568604,
        "z": -0.3076840043067932
    },
    "position": {
        "pitch": 353.6477157511185,
        "roll": 251.87392536292612,
        "yaw": 158.8878493033119
    }
}