{
    "time": "2023-05-02T18:00:03.301361+02:00",
    "accelleration": {
        "x": 0.10931199789047241,
        "y": -0.9415959715843201,
        "z": -0.313539981842041
    },
    "position": {
        "pitch": 353.7132766025273,
        "roll": 251.5923098332573,
        "yaw": 117.1571693237182
    }
}