{
    "time": "2023-06-03T10:30:03.265275+02:00",
    "accelleration": {
        "x": 0.1134599968791008,
        "y": -0.9401319622993469,
        "z": -0.31500399112701416
    },
    "position": {
        "pitch": 353.47056497659725,
        "roll": 251.48610039166363,
        "yaw": 159.24195363064203
    }
}