{
    "time": "2023-05-09T08:30:02.694625+02:00",
    "accelleration": {
        "x": 0.11272799968719482,
        "y": -0.9403759837150574,
        "z": -0.2500999867916107
    },
    "position": {
        "pitch": 353.39858844312363,
        "roll": 254.98827988858767,
        "yaw": 113.00860804450083
    }
}