{
    "time": "2022-07-09T17:20:02.535549+02:00",
    "accelleration": {
        "x": 0.10861577093601227,
        "y": -0.9226890206336975,
        "z": -0.3268347680568695
    },
    "position": {
        "pitch": 353.6769856730329,
        "roll": 250.48050530054098,
        "yaw": 161.5921124410167
    }
}