{
    "time": "2023-07-05T17:40:02.504579+02:00",
    "accelleration": {
        "x": 0.1088239997625351,
        "y": -0.9372040033340454,
        "z": -0.3042680025100708
    },
    "position": {
        "pitch": 353.6880843035473,
        "roll": 251.99104944681346,
        "yaw": 157.29192096222505
    }
}