{
    "time": "2023-07-02T20:30:03.018227+02:00",
    "accelleration": {
        "x": 0.11126399785280228,
        "y": -0.9372040033340454,
        "z": -0.30621999502182007
    },
    "position": {
        "pitch": 353.56043959390405,
        "roll": 251.91022781836472,
        "yaw": 157.45775795527297
    }
}