{
    "time": "2023-05-31T10:50:02.648152+02:00",
    "accelleration": {
        "x": 0.11297199875116348,
        "y": -0.9398880004882812,
        "z": -0.3113439977169037
    },
    "position": {
        "pitch": 353.49886330410226,
        "roll": 251.67586353737408,
        "yaw": 181.87322901243303
    }
}