{
    "time": "2022-07-18T21:10:03.108796+02:00",
    "accelleration": {
        "x": 0.10885821282863617,
        "y": -0.9212417006492615,
        "z": -0.3367169499397278
    },
    "position": {
        "pitch": 353.6882277375199,
        "roll": 249.9101845048449,
        "yaw": 110.98463174812929
    }
}