{
    "time": "2023-05-31T04:40:02.907211+02:00",
    "accelleration": {
        "x": 0.11297199875116348,
        "y": -0.9391559958457947,
        "z": -0.3084160089492798
    },
    "position": {
        "pitch": 353.4887576123384,
        "roll": 251.82599792552014,
        "yaw": 107.96660338033244
    }
}