{
    "time": "2023-05-17T11:50:03.030797+02:00",
    "accelleration": {
        "x": 0.1117519959807396,
        "y": -0.9413520097732544,
        "z": -0.31549200415611267
    },
    "position": {
        "pitch": 353.582844321929,
        "roll": 251.4879445427395,
        "yaw": 120.80830158606187
    }
}