{
    "time": "2023-04-30T17:40:03.448037+02:00",
    "accelleration": {
        "x": 0.11101999878883362,
        "y": -0.9408639669418335,
        "z": -0.30573198199272156
    },
    "position": {
        "pitch": 353.6011782572086,
        "roll": 252.0043478251275,
        "yaw": 116.34078413298325
    }
}