{
    "time": "2023-05-29T04:10:02.471012+02:00",
    "accelleration": {
        "x": 0.11321599781513214,
        "y": -0.9415959715843201,
        "z": -0.31280800700187683
    },
    "position": {
        "pitch": 353.49978068388515,
        "roll": 251.569237454241,
        "yaw": 196.71072215401853
    }
}