{
    "time": "2022-07-06T07:00:03.153604+02:00",
    "accelleration": {
        "x": 0.10934310406446457,
        "y": -0.9193118810653687,
        "z": -0.3444298505783081
    },
    "position": {
        "pitch": 353.6585629452941,
        "roll": 249.44005575408374,
        "yaw": 140.73005094202145
    }
}