{
    "time": "2023-05-28T09:00:02.606085+02:00",
    "accelleration": {
        "x": 0.10979999601840973,
        "y": -0.9396439790725708,
        "z": -0.3050000071525574
    },
    "position": {
        "pitch": 353.65581550170043,
        "roll": 252.0141628069648,
        "yaw": 104.15427865357645
    }
}