{
    "time": "2023-05-01T10:10:02.614689+02:00",
    "accelleration": {
        "x": 0.11419199407100677,
        "y": -0.9425719976425171,
        "z": -0.31549200415611267
    },
    "position": {
        "pitch": 353.44919672977886,
        "roll": 251.5012702418102,
        "yaw": 128.75489883629155
    }
}