{
    "time": "2022-07-11T16:00:02.782496+02:00",
    "accelleration": {
        "x": 0.10837332904338837,
        "y": -0.9231715202331543,
        "z": -0.32803991436958313
    },
    "position": {
        "pitch": 353.70320634236975,
        "roll": 250.4331652594036,
        "yaw": 123.94371358493457
    }
}