{
    "time": "2023-06-25T20:10:03.649124+02:00",
    "accelleration": {
        "x": 0.1088239997625351,
        "y": -0.937936007976532,
        "z": -0.29865598678588867
    },
    "position": {
        "pitch": 353.69043773060326,
        "roll": 252.33591252819662,
        "yaw": 157.73142997493704
    }
}