{
    "time": "2023-05-13T19:30:03.358193+02:00",
    "accelleration": {
        "x": 0.10955599695444107,
        "y": -0.9418399930000305,
        "z": -0.3089039921760559
    },
    "position": {
        "pitch": 353.69608629704686,
        "roll": 251.8507163801264,
        "yaw": 167.1281446878521
    }
}