{
    "time": "2023-06-23T06:20:05.044503+02:00",
    "accelleration": {
        "x": 0.10906799882650375,
        "y": -0.9386679530143738,
        "z": -0.30524399876594543
    },
    "position": {
        "pitch": 353.69839703542044,
        "roll": 251.9947582395328,
        "yaw": 158.14936925025012
    }
}