{
    "time": "2023-05-18T12:20:03.098448+02:00",
    "accelleration": {
        "x": 0.10687199980020523,
        "y": -0.9408639669418335,
        "z": -0.31744399666786194
    },
    "position": {
        "pitch": 353.85090875628447,
        "roll": 251.37266460992805,
        "yaw": 105.0548049446968
    }
}