{
    "time": "2022-07-10T23:20:03.339051+02:00",
    "accelleration": {
        "x": 0.11007044464349747,
        "y": -0.9243776202201843,
        "z": -0.32321932911872864
    },
    "position": {
        "pitch": 353.6673764506443,
        "roll": 250.70313531653755,
        "yaw": 169.16916913639201
    }
}