{
    "time": "2023-05-06T00:40:03.141257+02:00",
    "accelleration": {
        "x": 0.11394799500703812,
        "y": -0.9384239912033081,
        "z": -0.30695199966430664
    },
    "position": {
        "pitch": 353.4222768198257,
        "roll": 251.8978856665345,
        "yaw": 198.85251921357278
    }
}