{
    "time": "2023-05-11T15:20:02.496618+02:00",
    "accelleration": {
        "x": 0.11004399508237839,
        "y": -0.9415959715843201,
        "z": -0.30817198753356934
    },
    "position": {
        "pitch": 353.65877254672426,
        "roll": 251.8824904201453,
        "yaw": 142.96880936703323
    }
}