{
    "time": "2023-05-09T09:10:02.689061+02:00",
    "accelleration": {
        "x": 0.10858000069856644,
        "y": -0.941107988357544,
        "z": -0.31158798933029175
    },
    "position": {
        "pitch": 353.751297277429,
        "roll": 251.68789150050247,
        "yaw": 118.05264810504188
    }
}