{
    "time": "2023-06-21T17:10:02.844346+02:00",
    "accelleration": {
        "x": 0.10979999601840973,
        "y": -0.9391559958457947,
        "z": -0.3042680025100708
    },
    "position": {
        "pitch": 353.65014089516063,
        "roll": 252.0486757528409,
        "yaw": 158.193355668505
    }
}