{
    "time": "2023-06-29T14:30:03.422798+02:00",
    "accelleration": {
        "x": 0.10735999792814255,
        "y": -0.9389119744300842,
        "z": -0.3020719885826111
    },
    "position": {
        "pitch": 353.7844710793409,
        "roll": 252.17233632776396,
        "yaw": 157.8895351938445
    }
}