{
    "time": "2022-07-17T17:30:03.576383+02:00",
    "accelleration": {
        "x": 0.10982800275087357,
        "y": -0.9200355410575867,
        "z": -0.3268347680568695
    },
    "position": {
        "pitch": 353.59419097368766,
        "roll": 250.4088156350125,
        "yaw": 182.6320220480864
    }
}