{
    "time": "2022-07-20T09:30:03.414173+02:00",
    "accelleration": {
        "x": 0.10716108977794647,
        "y": -0.9193118810653687,
        "z": -0.32635271549224854
    },
    "position": {
        "pitch": 353.74705701061487,
        "roll": 250.4327622782426,
        "yaw": 187.1806548277481
    }
}