{
    "time": "2023-05-27T08:40:03.005825+02:00",
    "accelleration": {
        "x": 0.11004399508237839,
        "y": -0.9396439790725708,
        "z": -0.31378400325775146
    },
    "position": {
        "pitch": 353.6671271487396,
        "roll": 251.48263748575442,
        "yaw": 96.50111999046888
    }
}