{
    "time": "2023-04-28T17:50:02.660071+02:00",
    "accelleration": {
        "x": 0.10955599695444107,
        "y": -0.9389119744300842,
        "z": -0.30695199966430664
    },
    "position": {
        "pitch": 353.6779197014019,
        "roll": 251.9094560069885,
        "yaw": 119.13994591901621
    }
}