{
    "time": "2022-07-12T02:30:02.817772+02:00",
    "accelleration": {
        "x": 0.11031289398670197,
        "y": -0.9214829206466675,
        "z": -0.3241834342479706
    },
    "position": {
        "pitch": 353.5718707692537,
        "roll": 250.60251979987407,
        "yaw": 129.67472041181716
    }
}