{
    "time": "2023-05-12T22:00:02.569734+02:00",
    "accelleration": {
        "x": 0.1134599968791008,
        "y": -0.9415959715843201,
        "z": -0.3164680004119873
    },
    "position": {
        "pitch": 353.4870577490087,
        "roll": 251.437865595745,
        "yaw": 170.34875646643155
    }
}