{
    "time": "2023-06-24T02:10:02.572472+02:00",
    "accelleration": {
        "x": 0.11004399508237839,
        "y": -0.9398880004882812,
        "z": -0.30329200625419617
    },
    "position": {
        "pitch": 353.64595655052034,
        "roll": 252.12286526760556,
        "yaw": 158.64756324831086
    }
}