{
    "time": "2023-05-22T09:00:02.576728+02:00",
    "accelleration": {
        "x": 0.1163880005478859,
        "y": -0.9437919855117798,
        "z": -0.313539981842041
    },
    "position": {
        "pitch": 353.32957663863664,
        "roll": 251.62372870343938,
        "yaw": 185.87446311125322
    }
}