{
    "time": "2023-05-11T03:40:03.431428+02:00",
    "accelleration": {
        "x": 0.11004399508237839,
        "y": -0.9440360069274902,
        "z": -0.3130519986152649
    },
    "position": {
        "pitch": 353.68859699462195,
        "roll": 251.66502402716128,
        "yaw": 135.80059413499654
    }
}