{
    "time": "2023-06-05T19:50:02.653221+02:00",
    "accelleration": {
        "x": 0.11224000155925751,
        "y": -0.9396439790725708,
        "z": -0.3130519986152649
    },
    "position": {
        "pitch": 353.5331282287341,
        "roll": 251.5788748511599,
        "yaw": 158.32873001785467
    }
}