{
    "time": "2022-07-19T08:30:02.855561+02:00",
    "accelleration": {
        "x": 0.10764598846435547,
        "y": -0.9212417006492615,
        "z": -0.33213740587234497
    },
    "position": {
        "pitch": 353.73448775499475,
        "roll": 250.16940384422523,
        "yaw": 152.185972067047
    }
}