{
    "time": "2023-05-18T00:00:03.186187+02:00",
    "accelleration": {
        "x": 0.11370399594306946,
        "y": -0.9425719976425171,
        "z": -0.31280800700187683
    },
    "position": {
        "pitch": 353.47815545119926,
        "roll": 251.65682780015726,
        "yaw": 116.8465596410227
    }
}