{
    "time": "2023-06-03T00:20:03.077125+02:00",
    "accelleration": {
        "x": 0.1134599968791008,
        "y": -0.941107988357544,
        "z": -0.3140279948711395
    },
    "position": {
        "pitch": 353.47659261853977,
        "roll": 251.55607567971037,
        "yaw": 159.93976673738555
    }
}