{
    "time": "2023-04-29T07:50:03.279018+02:00",
    "accelleration": {
        "x": 0.10735999792814255,
        "y": -0.9440360069274902,
        "z": -0.3089039921760559
    },
    "position": {
        "pitch": 353.83496922919574,
        "roll": 251.89601419470193,
        "yaw": 117.8482888450751
    }
}