{
    "time": "2023-06-04T23:30:02.938625+02:00",
    "accelleration": {
        "x": 0.1117519959807396,
        "y": -0.9393999576568604,
        "z": -0.3147599995136261
    },
    "position": {
        "pitch": 353.5647716413851,
        "roll": 251.48177005172982,
        "yaw": 159.31267340930836
    }
}