{
    "time": "2023-05-04T20:20:03.150094+02:00",
    "accelleration": {
        "x": 0.10955599695444107,
        "y": -0.9408639669418335,
        "z": -0.31378400325775146
    },
    "position": {
        "pitch": 353.6923775043275,
        "roll": 251.5662799823304,
        "yaw": 154.84772410735766
    }
}