{
    "time": "2023-05-21T17:50:03.139576+02:00",
    "accelleration": {
        "x": 0.115167997777462,
        "y": -0.9425719976425171,
        "z": -0.31622397899627686
    },
    "position": {
        "pitch": 353.39713062462266,
        "roll": 251.4635744277809,
        "yaw": 104.64023295264452
    }
}