{
    "time": "2023-06-17T14:30:03.341984+02:00",
    "accelleration": {
        "x": 0.11101999878883362,
        "y": -0.9386679530143738,
        "z": -0.3079279959201813
    },
    "position": {
        "pitch": 353.58696975618767,
        "roll": 251.8424040399065,
        "yaw": 158.3317489614678
    }
}