{
    "time": "2022-07-10T22:00:02.788428+02:00",
    "accelleration": {
        "x": 0.11346468329429626,
        "y": -0.9236539602279663,
        "z": -0.32105007767677307
    },
    "position": {
        "pitch": 353.4008564928149,
        "roll": 250.8143854377387,
        "yaw": 185.04336569304607
    }
}