{
    "time": "2023-06-02T07:10:02.641483+02:00",
    "accelleration": {
        "x": 0.11297199875116348,
        "y": -0.9420839548110962,
        "z": -0.31744399666786194
    },
    "position": {
        "pitch": 353.5186302984471,
        "roll": 251.39134517730804,
        "yaw": 157.10742389236466
    }
}