{
    "time": "2022-07-08T14:10:02.624852+02:00",
    "accelleration": {
        "x": 0.10546397417783737,
        "y": -0.9214829206466675,
        "z": -0.34659910202026367
    },
    "position": {
        "pitch": 353.8870878414312,
        "roll": 249.38275729713652,
        "yaw": 143.00264612418147
    }
}