{
    "time": "2022-07-08T15:30:03.077226+02:00",
    "accelleration": {
        "x": 0.11055533587932587,
        "y": -0.9219653606414795,
        "z": -0.34539395570755005
    },
    "position": {
        "pitch": 353.61047585221627,
        "roll": 249.455532962743,
        "yaw": 185.14775830432055
    }
}