{
    "time": "2023-05-24T22:20:03.054539+02:00",
    "accelleration": {
        "x": 0.11126399785280228,
        "y": -0.9415959715843201,
        "z": -0.3147599995136261
    },
    "position": {
        "pitch": 353.60258143419617,
        "roll": 251.53326967807172,
        "yaw": 187.094034368694
    }
}