{
    "time": "2023-06-22T06:00:03.025064+02:00",
    "accelleration": {
        "x": 0.11028799414634705,
        "y": -0.9403759837150574,
        "z": -0.3050000071525574
    },
    "position": {
        "pitch": 353.63750419142247,
        "roll": 252.03608088401137,
        "yaw": 158.29069952455603
    }
}