{
    "time": "2023-05-06T19:10:03.096352+02:00",
    "accelleration": {
        "x": 0.1088239997625351,
        "y": -0.9401319622993469,
        "z": -0.30987998843193054
    },
    "position": {
        "pitch": 353.72342156787886,
        "roll": 251.77048214794627,
        "yaw": 157.38232534607934
    }
}