{
    "time": "2023-05-03T12:20:02.731366+02:00",
    "accelleration": {
        "x": 0.11297199875116348,
        "y": -0.9408639669418335,
        "z": -0.3142719864845276
    },
    "position": {
        "pitch": 353.50636498624505,
        "roll": 251.54630167900808,
        "yaw": 142.9811856698093
    }
}