{
    "time": "2023-06-16T08:00:02.820024+02:00",
    "accelleration": {
        "x": 0.11297199875116348,
        "y": -0.9403759837150574,
        "z": -0.3152479827404022
    },
    "position": {
        "pitch": 353.5025917336154,
        "roll": 251.47446857950706,
        "yaw": 158.35016315147016
    }
}