{
    "time": "2022-07-06T23:30:03.130508+02:00",
    "accelleration": {
        "x": 0.11176756769418716,
        "y": -0.9205180406570435,
        "z": -0.34973248839378357
    },
    "position": {
        "pitch": 353.54399676725086,
        "roll": 249.1790195843842,
        "yaw": 109.1388072758792
    }
}