{
    "time": "2023-06-08T16:40:03.467718+02:00",
    "accelleration": {
        "x": 0.10979999601840973,
        "y": -0.9401319622993469,
        "z": -0.30914798378944397
    },
    "position": {
        "pitch": 353.6657922736437,
        "roll": 251.79585630071284,
        "yaw": 158.40494126861367
    }
}