{
    "time": "2023-05-06T19:30:02.981905+02:00",
    "accelleration": {
        "x": 0.11297199875116348,
        "y": -0.9389119744300842,
        "z": -0.3047559857368469
    },
    "position": {
        "pitch": 353.47345585416343,
        "roll": 252.0247291096108,
        "yaw": 142.8131766766053
    }
}