{
    "time": "2023-06-30T09:20:02.913648+02:00",
    "accelleration": {
        "x": 0.10809199512004852,
        "y": -0.9398880004882812,
        "z": -0.30695199966430664
    },
    "position": {
        "pitch": 353.7626695423971,
        "roll": 251.92653147991354,
        "yaw": 158.6357060399117
    }
}