{
    "time": "2022-07-02T06:50:02.655510+02:00",
    "accelleration": {
        "x": 0.11516180634498596,
        "y": -0.9207592606544495,
        "z": -0.3463580906391144
    },
    "position": {
        "pitch": 353.3392776416922,
        "roll": 249.3712620887634,
        "yaw": 137.791102504435
    }
}