{
    "time": "2023-05-17T10:00:03.423996+02:00",
    "accelleration": {
        "x": 0.11224000155925751,
        "y": -0.9423279762268066,
        "z": -0.3181760013103485
    },
    "position": {
        "pitch": 353.56442330173746,
        "roll": 251.36156555252677,
        "yaw": 151.5502863609939
    }
}