{
    "time": "2022-07-08T04:20:02.983100+02:00",
    "accelleration": {
        "x": 0.11346468329429626,
        "y": -0.9207592606544495,
        "z": -0.34828630089759827
    },
    "position": {
        "pitch": 353.3830267108734,
        "roll": 249.26672604351634,
        "yaw": 112.48355091243444
    }
}