{
    "time": "2023-06-10T01:50:02.869578+02:00",
    "accelleration": {
        "x": 0.1134599968791008,
        "y": -0.941107988357544,
        "z": -0.3164680004119873
    },
    "position": {
        "pitch": 353.4175592935434,
        "roll": 251.42022321711883,
        "yaw": 158.16506502496281
    }
}