{
    "time": "2023-05-03T10:00:03.018579+02:00",
    "accelleration": {
        "x": 0.1134599968791008,
        "y": -0.9425719976425171,
        "z": -0.3159799873828888
    },
    "position": {
        "pitch": 353.49273619752995,
        "roll": 251.48714541060662,
        "yaw": 119.85087298896616
    }
}