{
    "time": "2022-07-09T03:40:03.329996+02:00",
    "accelleration": {
        "x": 0.11201001703739166,
        "y": -0.9214829206466675,
        "z": -0.33888617157936096
    },
    "position": {
        "pitch": 353.5200390249634,
        "roll": 249.79344291155104,
        "yaw": 161.09159617863818
    }
}