{
    "time": "2023-06-23T23:20:03.041410+02:00",
    "accelleration": {
        "x": 0.1105320006608963,
        "y": -0.9406200051307678,
        "z": -0.30280399322509766
    },
    "position": {
        "pitch": 353.6190071853764,
        "roll": 252.1602332325547,
        "yaw": 158.636279775802
    }
}