{
    "time": "2022-07-08T03:30:03.282419+02:00",
    "accelleration": {
        "x": 0.11540426313877106,
        "y": -0.9210004806518555,
        "z": -0.3381631076335907
    },
    "position": {
        "pitch": 353.3126010572282,
        "roll": 249.8219726117142,
        "yaw": 109.68803644741826
    }
}