{
    "time": "2023-06-09T08:00:03.145482+02:00",
    "accelleration": {
        "x": 0.1117519959807396,
        "y": -0.9389119744300842,
        "z": -0.3152479827404022
    },
    "position": {
        "pitch": 353.62610417881086,
        "roll": 251.45401899313208,
        "yaw": 158.89168786962546
    }
}