{
    "time": "2023-05-23T15:10:03.224503+02:00",
    "accelleration": {
        "x": 0.11297199875116348,
        "y": -0.9391559958457947,
        "z": -0.3152479827404022
    },
    "position": {
        "pitch": 353.49626057514166,
        "roll": 251.44602084161397,
        "yaw": 181.28682995143075
    }
}