{
    "time": "2023-05-08T09:00:02.576762+02:00",
    "accelleration": {
        "x": 0.10906799882650375,
        "y": -0.9406200051307678,
        "z": -0.25058799982070923
    },
    "position": {
        "pitch": 353.6139601024666,
        "roll": 255.02663823096646,
        "yaw": 193.77624066014926
    }
}