{
    "time": "2022-07-21T10:40:02.441897+02:00",
    "accelleration": {
        "x": 0.10813087970018387,
        "y": -0.9195531010627747,
        "z": -0.3203270137310028
    },
    "position": {
        "pitch": 353.68135742098855,
        "roll": 250.76589109463163,
        "yaw": 187.7441590946525
    }
}