{
    "time": "2023-06-28T07:40:02.875768+02:00",
    "accelleration": {
        "x": 0.1088239997625351,
        "y": -0.9398880004882812,
        "z": -0.30280399322509766
    },
    "position": {
        "pitch": 353.7118853783707,
        "roll": 252.1505275337441,
        "yaw": 158.32449530056925
    }
}