{
    "time": "2023-05-20T07:20:02.919842+02:00",
    "accelleration": {
        "x": 0.11272799968719482,
        "y": -0.9442799687385559,
        "z": -0.3201279938220978
    },
    "position": {
        "pitch": 353.556522480415,
        "roll": 251.29131022672402,
        "yaw": 131.5886623606598
    }
}