{
    "time": "2023-06-25T21:10:02.861577+02:00",
    "accelleration": {
        "x": 0.10955599695444107,
        "y": -0.9389119744300842,
        "z": -0.30158400535583496
    },
    "position": {
        "pitch": 353.6615823157941,
        "roll": 252.19666546158754,
        "yaw": 157.8287874913664
    }
}