{
    "time": "2023-05-22T08:00:02.523485+02:00",
    "accelleration": {
        "x": 0.11565599590539932,
        "y": -0.9418399930000305,
        "z": -0.32622799277305603
    },
    "position": {
        "pitch": 353.38612590920934,
        "roll": 250.9186209546623,
        "yaw": 137.6750302696798
    }
}