{
    "time": "2023-05-25T22:40:02.908735+02:00",
    "accelleration": {
        "x": 0.11370399594306946,
        "y": -0.9430599808692932,
        "z": -0.3164680004119873
    },
    "position": {
        "pitch": 353.48570195645846,
        "roll": 251.45390971010534,
        "yaw": 125.71872948605913
    }
}