{
    "time": "2023-05-21T10:20:02.660629+02:00",
    "accelleration": {
        "x": 0.11224000155925751,
        "y": -0.9413520097732544,
        "z": -0.313539981842041
    },
    "position": {
        "pitch": 353.5555893058197,
        "roll": 251.5868251913538,
        "yaw": 115.42478746339285
    }
}