{
    "time": "2023-05-30T16:10:03.074347+02:00",
    "accelleration": {
        "x": 0.1117519959807396,
        "y": -0.936959981918335,
        "z": -0.3096359968185425
    },
    "position": {
        "pitch": 353.53914989426113,
        "roll": 251.71553327607353,
        "yaw": 197.8052053269997
    }
}