{
    "time": "2023-05-10T12:20:03.182641+02:00",
    "accelleration": {
        "x": 0.10858000069856644,
        "y": -0.9398880004882812,
        "z": -0.31573599576950073
    },
    "position": {
        "pitch": 353.7493476853078,
        "roll": 251.4519631061919,
        "yaw": 176.0657477451373
    }
}