{
    "time": "2023-06-20T15:40:02.789019+02:00",
    "accelleration": {
        "x": 0.10979999601840973,
        "y": -0.9391559958457947,
        "z": -0.3047559857368469
    },
    "position": {
        "pitch": 353.6513839895896,
        "roll": 252.02180578864605,
        "yaw": 158.11954864433383
    }
}