{
    "time": "2023-06-03T11:00:03.348932+02:00",
    "accelleration": {
        "x": 0.11248400062322617,
        "y": -0.9396439790725708,
        "z": -0.31451600790023804
    },
    "position": {
        "pitch": 353.5216116760198,
        "roll": 251.50131122294522,
        "yaw": 159.26564072668364
    }
}