{
    "time": "2022-07-08T05:20:03.197979+02:00",
    "accelleration": {
        "x": 0.11079778522253036,
        "y": -0.9224478602409363,
        "z": -0.3369579613208771
    },
    "position": {
        "pitch": 353.5825864822878,
        "roll": 249.91553254296502,
        "yaw": 139.22265551295632
    }
}