{
    "time": "2023-05-20T11:50:02.750924+02:00",
    "accelleration": {
        "x": 0.11272799968719482,
        "y": -0.9423279762268066,
        "z": -0.31768798828125
    },
    "position": {
        "pitch": 353.5426682954573,
        "roll": 251.38716510153597,
        "yaw": 118.13711022431826
    }
}