{
    "time": "2023-05-21T14:20:03.243723+02:00",
    "accelleration": {
        "x": 0.11419199407100677,
        "y": -0.9393999576568604,
        "z": -0.31378400325775146
    },
    "position": {
        "pitch": 353.363611044384,
        "roll": 251.5322929610204,
        "yaw": 191.4789475139505
    }
}