{
    "time": "2023-05-01T15:30:02.822079+02:00",
    "accelleration": {
        "x": 0.1076039969921112,
        "y": -0.9403759837150574,
        "z": -0.31500399112701416
    },
    "position": {
        "pitch": 353.80566131435404,
        "roll": 251.49543043006986,
        "yaw": 96.91507726549584
    }
}