{
    "time": "2023-06-19T08:00:02.812010+02:00",
    "accelleration": {
        "x": 0.11150799691677094,
        "y": -0.9393999576568604,
        "z": -0.3123199939727783
    },
    "position": {
        "pitch": 353.56989556392307,
        "roll": 251.68334259451524,
        "yaw": 158.25706767308287
    }
}