{
    "time": "2022-07-11T14:00:03.071886+02:00",
    "accelleration": {
        "x": 0.10837332904338837,
        "y": -0.9229303002357483,
        "z": -0.33237841725349426
    },
    "position": {
        "pitch": 353.7163672631267,
        "roll": 250.18593973220584,
        "yaw": 122.95095924945156
    }
}