{
    "time": "2022-07-07T06:00:02.989036+02:00",
    "accelleration": {
        "x": 0.11031289398670197,
        "y": -0.9210004806518555,
        "z": -0.34684014320373535
    },
    "position": {
        "pitch": 353.6227522634757,
        "roll": 249.33988419971635,
        "yaw": 162.36423800592996
    }
}