{
    "time": "2022-07-02T03:30:02.754853+02:00",
    "accelleration": {
        "x": 0.11176756769418716,
        "y": -0.9207592606544495,
        "z": -0.3425016403198242
    },
    "position": {
        "pitch": 353.5244500465068,
        "roll": 249.58092840571527,
        "yaw": 147.64284441985635
    }
}