{
    "time": "2023-05-28T07:20:02.895258+02:00",
    "accelleration": {
        "x": 0.11224000155925751,
        "y": -0.9393999576568604,
        "z": -0.31451600790023804
    },
    "position": {
        "pitch": 353.53957678108424,
        "roll": 251.4996309964094,
        "yaw": 100.87929173901456
    }
}