{
    "time": "2023-06-06T05:00:03.106503+02:00",
    "accelleration": {
        "x": 0.115167997777462,
        "y": -0.9418399930000305,
        "z": -0.3198840022087097
    },
    "position": {
        "pitch": 353.3965918934519,
        "roll": 251.25075939362165,
        "yaw": 159.0764444866743
    }
}