{
    "time": "2022-07-20T12:40:02.494386+02:00",
    "accelleration": {
        "x": 0.10594886541366577,
        "y": -0.9185882210731506,
        "z": -0.3352707624435425
    },
    "position": {
        "pitch": 353.8204405630575,
        "roll": 249.95365865891205,
        "yaw": 115.9388958022197
    }
}