{
    "time": "2022-07-18T22:20:03.076468+02:00",
    "accelleration": {
        "x": 0.10546397417783737,
        "y": -0.9188294410705566,
        "z": -0.32346034049987793
    },
    "position": {
        "pitch": 353.83017315573795,
        "roll": 250.59553934654232,
        "yaw": 186.09162214572459
    }
}