{
    "time": "2023-05-24T17:50:03.011427+02:00",
    "accelleration": {
        "x": 0.11492399871349335,
        "y": -0.9401319622993469,
        "z": -0.37258797883987427
    },
    "position": {
        "pitch": 353.52167357460917,
        "roll": 248.3857955651248,
        "yaw": 121.01569345002014
    }
}