{
    "time": "2023-05-23T07:20:02.494838+02:00",
    "accelleration": {
        "x": 0.11443600058555603,
        "y": -0.941107988357544,
        "z": -0.31622397899627686
    },
    "position": {
        "pitch": 353.4310523322487,
        "roll": 251.43280442557,
        "yaw": 198.1023731974086
    }
}