{
    "time": "2022-07-12T03:00:03.034250+02:00",
    "accelleration": {
        "x": 0.11419202387332916,
        "y": -0.9212417006492615,
        "z": -0.3285219669342041
    },
    "position": {
        "pitch": 353.3141929181917,
        "roll": 250.35484348019108,
        "yaw": 128.00300429169985
    }
}