{
    "time": "2022-07-14T02:50:02.378175+02:00",
    "accelleration": {
        "x": 0.10861577093601227,
        "y": -0.9222065806388855,
        "z": -0.3256296217441559
    },
    "position": {
        "pitch": 353.6743995926584,
        "roll": 250.53599375735814,
        "yaw": 145.29909232692316
    }
}