{
    "time": "2023-07-01T10:00:03.131722+02:00",
    "accelleration": {
        "x": 0.1117519959807396,
        "y": -0.9396439790725708,
        "z": -0.3123199939727783
    },
    "position": {
        "pitch": 353.55972711979626,
        "roll": 251.62616708097306,
        "yaw": 157.7672201661879
    }
}