{
    "time": "2022-07-15T09:00:02.713845+02:00",
    "accelleration": {
        "x": 0.10934310406446457,
        "y": -0.9217241406440735,
        "z": -0.3287630081176758
    },
    "position": {
        "pitch": 353.6422101917606,
        "roll": 250.34946129112512,
        "yaw": 108.2944866114389
    }
}