{
    "time": "2022-07-03T18:50:03.240165+02:00",
    "accelleration": {
        "x": 0.11394958198070526,
        "y": -0.9195531010627747,
        "z": -0.35141968727111816
    },
    "position": {
        "pitch": 353.41422018481285,
        "roll": 249.0790051243677,
        "yaw": 126.86207583236259
    }
}