{
    "time": "2022-07-21T14:00:04.860666+02:00",
    "accelleration": {
        "x": 0.10813087970018387,
        "y": -0.9212417006492615,
        "z": -0.3222552239894867
    },
    "position": {
        "pitch": 353.6995043798396,
        "roll": 250.6915991270294,
        "yaw": 154.8135731615076
    }
}