{
    "time": "2023-05-12T01:20:02.702113+02:00",
    "accelleration": {
        "x": 0.11589999496936798,
        "y": -0.9415959715843201,
        "z": -0.31549200415611267
    },
    "position": {
        "pitch": 353.3546229423231,
        "roll": 251.4960109961493,
        "yaw": 116.5484082233733
    }
}