{
    "time": "2023-06-10T12:10:03.413233+02:00",
    "accelleration": {
        "x": 0.1105320006608963,
        "y": -0.9391559958457947,
        "z": -0.3108559846878052
    },
    "position": {
        "pitch": 353.62327007719216,
        "roll": 251.69164810454598,
        "yaw": 158.92876213644027
    }
}