{
    "time": "2023-06-25T23:30:03.153288+02:00",
    "accelleration": {
        "x": 0.10858000069856644,
        "y": -0.9376919865608215,
        "z": -0.29987600445747375
    },
    "position": {
        "pitch": 353.77143993217817,
        "roll": 252.27260350477974,
        "yaw": 157.36100149549057
    }
}