{
    "time": "2023-07-02T21:50:03.224027+02:00",
    "accelleration": {
        "x": 0.10906799882650375,
        "y": -0.9372040033340454,
        "z": -0.3050000071525574
    },
    "position": {
        "pitch": 353.68268290457434,
        "roll": 251.97677435144817,
        "yaw": 158.14206094783822
    }
}