{
    "time": "2022-07-06T05:50:02.453059+02:00",
    "accelleration": {
        "x": 0.11225245893001556,
        "y": -0.9217241406440735,
        "z": -0.3504555821418762
    },
    "position": {
        "pitch": 353.5163925577203,
        "roll": 249.17099411210944,
        "yaw": 126.86643349305307
    }
}