{
    "time": "2023-06-21T04:10:03.233468+02:00",
    "accelleration": {
        "x": 0.11077599972486496,
        "y": -0.9384239912033081,
        "z": -0.30621999502182007
    },
    "position": {
        "pitch": 353.6005366463134,
        "roll": 251.9378422731791,
        "yaw": 158.69889895011266
    }
}