{
    "time": "2023-07-04T22:30:03.050609+02:00",
    "accelleration": {
        "x": 0.1105320006608963,
        "y": -0.9386679530143738,
        "z": -0.3047559857368469
    },
    "position": {
        "pitch": 353.60921525542756,
        "roll": 252.01629382598585,
        "yaw": 158.44391432801774
    }
}