{
    "time": "2023-06-25T14:00:03.139649+02:00",
    "accelleration": {
        "x": 0.1088239997625351,
        "y": -0.9389119744300842,
        "z": -0.3013399839401245
    },
    "position": {
        "pitch": 353.7037331207095,
        "roll": 252.20846802847333,
        "yaw": 158.16629445901341
    }
}