{
    "time": "2023-06-11T15:50:02.991066+02:00",
    "accelleration": {
        "x": 0.1105320006608963,
        "y": -0.9398880004882812,
        "z": -0.30914798378944397
    },
    "position": {
        "pitch": 353.6237046479781,
        "roll": 251.79528939501176,
        "yaw": 157.94182712213012
    }
}