{
    "time": "2022-07-07T00:30:02.813083+02:00",
    "accelleration": {
        "x": 0.11394958198070526,
        "y": -0.9193118810653687,
        "z": -0.34201955795288086
    },
    "position": {
        "pitch": 353.38642515687235,
        "roll": 249.5778889715346,
        "yaw": 139.48839085280486
    }
}