{
    "time": "2023-06-23T01:40:03.368131+02:00",
    "accelleration": {
        "x": 0.10931199789047241,
        "y": -0.9398880004882812,
        "z": -0.3047559857368469
    },
    "position": {
        "pitch": 353.6898093531996,
        "roll": 252.04000824278415,
        "yaw": 158.24254669090743
    }
}