{
    "time": "2023-06-12T08:30:03.313431+02:00",
    "accelleration": {
        "x": 0.11321599781513214,
        "y": -0.9408639669418335,
        "z": -0.3159799873828888
    },
    "position": {
        "pitch": 353.49364888155776,
        "roll": 251.44300872819,
        "yaw": 158.16182751529624
    }
}