{
    "time": "2023-06-19T10:30:03.106078+02:00",
    "accelleration": {
        "x": 0.11028799414634705,
        "y": -0.9393999576568604,
        "z": -0.3101239800453186
    },
    "position": {
        "pitch": 353.63944396514677,
        "roll": 251.73599652282687,
        "yaw": 157.6317911753249
    }
}