{
    "time": "2022-07-06T06:10:02.547899+02:00",
    "accelleration": {
        "x": 0.11370714008808136,
        "y": -0.9200355410575867,
        "z": -0.34515294432640076
    },
    "position": {
        "pitch": 353.4179639822517,
        "roll": 249.42749503620013,
        "yaw": 120.48117650595329
    }
}