{
    "time": "2022-07-01T11:30:02.927213+02:00",
    "accelleration": {
        "x": 0.11176756769418716,
        "y": -0.9207592606544495,
        "z": -0.3521427810192108
    },
    "position": {
        "pitch": 353.53907518906703,
        "roll": 249.0591907455855,
        "yaw": 123.28022900895952
    }
}