{
    "time": "2022-07-11T08:50:02.657212+02:00",
    "accelleration": {
        "x": 0.10619131475687027,
        "y": -0.9226890206336975,
        "z": -0.33261945843696594
    },
    "position": {
        "pitch": 353.8368547882935,
        "roll": 250.16727282520418,
        "yaw": 155.11880065513714
    }
}