{
    "time": "2023-05-07T18:00:02.966420+02:00",
    "accelleration": {
        "x": 0.10955599695444107,
        "y": -0.9403759837150574,
        "z": -0.3037799894809723
    },
    "position": {
        "pitch": 353.67503522713804,
        "roll": 252.16373028940973,
        "yaw": 175.7409449293465
    }
}