{
    "time": "2023-05-01T02:00:03.433268+02:00",
    "accelleration": {
        "x": 0.11394799500703812,
        "y": -0.9437919855117798,
        "z": -0.31768798828125
    },
    "position": {
        "pitch": 353.48157396087885,
        "roll": 251.41363208456977,
        "yaw": 113.60475378544871
    }
}