{
    "time": "2022-07-04T18:30:03.162337+02:00",
    "accelleration": {
        "x": 0.11346468329429626,
        "y": -0.9195531010627747,
        "z": -0.3521427810192108
    },
    "position": {
        "pitch": 353.4468761730083,
        "roll": 249.04414383884398,
        "yaw": 118.4948618726652
    }
}