{
    "time": "2023-07-05T18:50:02.526063+02:00",
    "accelleration": {
        "x": 0.10979999601840973,
        "y": -0.9389119744300842,
        "z": -0.3042680025100708
    },
    "position": {
        "pitch": 353.6502834753596,
        "roll": 252.0468042810083,
        "yaw": 157.84020756765867
    }
}