{
    "time": "2022-07-02T12:40:03.044290+02:00",
    "accelleration": {
        "x": 0.11152512580156326,
        "y": -0.9190706610679626,
        "z": -0.337922066450119
    },
    "position": {
        "pitch": 353.5198861994807,
        "roll": 249.78364842028125,
        "yaw": 120.86628989211528
    }
}