{
    "time": "2023-04-28T10:30:03.020643+02:00",
    "accelleration": {
        "x": 0.1105320006608963,
        "y": -0.9393999576568604,
        "z": -0.30573198199272156
    },
    "position": {
        "pitch": 353.6224581384546,
        "roll": 251.980865634761,
        "yaw": 189.08450175699747
    }
}