{
    "time": "2023-05-17T20:40:02.515440+02:00",
    "accelleration": {
        "x": 0.11028799414634705,
        "y": -0.9413520097732544,
        "z": -0.3140279948711395
    },
    "position": {
        "pitch": 353.65531049458866,
        "roll": 251.56089779326442,
        "yaw": 140.7582869440503
    }
}