{
    "time": "2023-05-18T21:00:03.444726+02:00",
    "accelleration": {
        "x": 0.10735999792814255,
        "y": -0.9401319622993469,
        "z": -0.31207600235939026
    },
    "position": {
        "pitch": 353.81181189970164,
        "roll": 251.6492121392327,
        "yaw": 188.56103605900768
    }
}