{
    "time": "2023-05-31T06:40:02.507519+02:00",
    "accelleration": {
        "x": 0.11321599781513214,
        "y": -0.9391559958457947,
        "z": -0.3152479827404022
    },
    "position": {
        "pitch": 353.4819150434505,
        "roll": 251.51929511102986,
        "yaw": 202.3348365203904
    }
}