{
    "time": "2022-07-07T11:20:03.362606+02:00",
    "accelleration": {
        "x": 0.10982800275087357,
        "y": -0.9176233410835266,
        "z": -0.3393682539463043
    },
    "position": {
        "pitch": 353.6101403191733,
        "roll": 249.67612758236692,
        "yaw": 189.37292698526878
    }
}