{
    "time": "2023-05-13T03:00:03.187438+02:00",
    "accelleration": {
        "x": 0.1134599968791008,
        "y": -0.9440360069274902,
        "z": -0.32037198543548584
    },
    "position": {
        "pitch": 353.51094292053625,
        "roll": 251.26889354586802,
        "yaw": 173.93910004516212
    }
}