{
    "time": "2023-04-28T17:00:02.536294+02:00",
    "accelleration": {
        "x": 0.10833600163459778,
        "y": -0.9413520097732544,
        "z": -0.30695199966430664
    },
    "position": {
        "pitch": 353.75339627993833,
        "roll": 251.95286868935312,
        "yaw": 125.47834780840971
    }
}