{
    "time": "2023-07-05T19:50:02.474851+02:00",
    "accelleration": {
        "x": 0.11028799414634705,
        "y": -0.9374479651451111,
        "z": -0.30353599786758423
    },
    "position": {
        "pitch": 353.61376757650936,
        "roll": 252.0616531122639,
        "yaw": 157.83412869929737
    }
}