{
    "time": "2022-07-12T19:40:02.467526+02:00",
    "accelleration": {
        "x": 0.10449419170618057,
        "y": -0.9236539602279663,
        "z": -0.31839877367019653
    },
    "position": {
        "pitch": 353.8967623775037,
        "roll": 250.94500597542603,
        "yaw": 158.86576047153608
    }
}