{
    "time": "2023-06-29T10:20:02.521808+02:00",
    "accelleration": {
        "x": 0.10858000069856644,
        "y": -0.937936007976532,
        "z": -0.30329200625419617
    },
    "position": {
        "pitch": 353.71434510024557,
        "roll": 252.08662428386947,
        "yaw": 158.3870325126099
    }
}