{
    "time": "2023-06-03T21:50:02.563821+02:00",
    "accelleration": {
        "x": 0.115167997777462,
        "y": -0.9398880004882812,
        "z": -0.31573599576950073
    },
    "position": {
        "pitch": 353.3768424014668,
        "roll": 251.43626050129,
        "yaw": 159.52533817930586
    }
}