{
    "time": "2023-07-06T06:30:03.636643+02:00",
    "accelleration": {
        "x": 0.11126399785280228,
        "y": -0.9384239912033081,
        "z": -0.3084160089492798
    },
    "position": {
        "pitch": 353.5742724345206,
        "roll": 251.81374456614913,
        "yaw": 158.29773461940113
    }
}