{
    "time": "2023-04-28T16:20:03.350037+02:00",
    "accelleration": {
        "x": 0.11004399508237839,
        "y": -0.941107988357544,
        "z": -0.30621999502182007
    },
    "position": {
        "pitch": 353.65932664582067,
        "roll": 251.9840075217792,
        "yaw": 196.88636729871456
    }
}