{
    "time": "2023-05-23T20:10:02.911541+02:00",
    "accelleration": {
        "x": 0.11004399508237839,
        "y": -0.941107988357544,
        "z": -0.31451600790023804
    },
    "position": {
        "pitch": 353.6634162215862,
        "roll": 251.5918522105829,
        "yaw": 181.78528349667994
    }
}