{
    "time": "2023-05-01T14:20:03.390584+02:00",
    "accelleration": {
        "x": 0.10906799882650375,
        "y": -0.941107988357544,
        "z": -0.31158798933029175
    },
    "position": {
        "pitch": 353.7276144502556,
        "roll": 251.62871474153349,
        "yaw": 174.51470740727578
    }
}