{
    "time": "2022-07-13T08:30:03.295977+02:00",
    "accelleration": {
        "x": 0.10740353912115097,
        "y": -0.9234127402305603,
        "z": -0.3241834342479706
    },
    "position": {
        "pitch": 353.74817929607286,
        "roll": 250.63814606658485,
        "yaw": 158.2731459383891
    }
}