{
    "time": "2023-05-29T22:40:02.775080+02:00",
    "accelleration": {
        "x": 0.1117519959807396,
        "y": -0.9403759837150574,
        "z": -0.3093920052051544
    },
    "position": {
        "pitch": 353.56565913909037,
        "roll": 251.79012577199921,
        "yaw": 97.9321470744241
    }
}