{
    "time": "2023-06-18T06:50:02.690231+02:00",
    "accelleration": {
        "x": 0.11150799691677094,
        "y": -0.9393999576568604,
        "z": -0.3093920052051544
    },
    "position": {
        "pitch": 353.5689798916875,
        "roll": 251.78029712978355,
        "yaw": 157.64968627095033
    }
}