{
    "time": "2022-07-08T04:10:02.476678+02:00",
    "accelleration": {
        "x": 0.11346468329429626,
        "y": -0.9210004806518555,
        "z": -0.3458760380744934
    },
    "position": {
        "pitch": 353.44007159704773,
        "roll": 249.40315224199819,
        "yaw": 125.62224623384354
    }
}