{
    "time": "2023-06-30T21:20:02.646540+02:00",
    "accelleration": {
        "x": 0.1105320006608963,
        "y": -0.9391559958457947,
        "z": -0.30866000056266785
    },
    "position": {
        "pitch": 353.6237789262853,
        "roll": 251.81537015117158,
        "yaw": 158.6194911708221
    }
}