{
    "time": "2023-07-01T19:50:02.697153+02:00",
    "accelleration": {
        "x": 0.10906799882650375,
        "y": -0.9384239912033081,
        "z": -0.30573198199272156
    },
    "position": {
        "pitch": 353.6906302565605,
        "roll": 251.96032725592676,
        "yaw": 157.6714199328893
    }
}