{
    "time": "2023-05-30T21:40:03.145146+02:00",
    "accelleration": {
        "x": 0.11394799500703812,
        "y": -0.9384239912033081,
        "z": -0.3076840043067932
    },
    "position": {
        "pitch": 353.3581003623843,
        "roll": 251.91543242251225,
        "yaw": 119.15713067496797
    }
}