{
    "time": "2022-07-20T21:40:02.460051+02:00",
    "accelleration": {
        "x": 0.11297979205846786,
        "y": -0.9214829206466675,
        "z": -0.3314143121242523
    },
    "position": {
        "pitch": 353.4379627761415,
        "roll": 250.20315863910344,
        "yaw": 115.60750868406902
    }
}