{
    "time": "2023-06-16T15:10:02.670550+02:00",
    "accelleration": {
        "x": 0.11199599504470825,
        "y": -0.9396439790725708,
        "z": -0.3096359968185425
    },
    "position": {
        "pitch": 353.5404326891646,
        "roll": 251.76622010990417,
        "yaw": 158.26309189993083
    }
}