{
    "time": "2023-05-07T19:50:03.274494+02:00",
    "accelleration": {
        "x": 0.10906799882650375,
        "y": -0.9391559958457947,
        "z": -0.31768798828125
    },
    "position": {
        "pitch": 353.7207304733459,
        "roll": 251.32837766334967,
        "yaw": 106.74473034914135
    }
}