{
    "time": "2022-07-05T12:50:02.808242+02:00",
    "accelleration": {
        "x": 0.11007044464349747,
        "y": -0.9176233410835266,
        "z": -0.33864516019821167
    },
    "position": {
        "pitch": 353.59651878753414,
        "roll": 249.72094045351136,
        "yaw": 184.7143418203482
    }
}