{
    "time": "2022-07-19T12:30:03.173495+02:00",
    "accelleration": {
        "x": 0.11249490827322006,
        "y": -0.9200355410575867,
        "z": -0.32924503087997437
    },
    "position": {
        "pitch": 353.453979996632,
        "roll": 250.30233981604118,
        "yaw": 117.91960968038838
    }
}