{
    "time": "2023-05-23T09:20:02.427088+02:00",
    "accelleration": {
        "x": 0.11004399508237839,
        "y": -0.9423279762268066,
        "z": -0.31793197989463806
    },
    "position": {
        "pitch": 353.68357808624245,
        "roll": 251.36582076037968,
        "yaw": 154.4813664206565
    }
}