{
    "time": "2023-06-17T05:30:02.813046+02:00",
    "accelleration": {
        "x": 0.11199599504470825,
        "y": -0.941107988357544,
        "z": -0.3142719864845276
    },
    "position": {
        "pitch": 353.56228331809314,
        "roll": 251.54578941482035,
        "yaw": 158.1263515127472
    }
}