{
    "time": "2022-07-08T00:10:02.773734+02:00",
    "accelleration": {
        "x": 0.11128267645835876,
        "y": -0.9207592606544495,
        "z": -0.3398503363132477
    },
    "position": {
        "pitch": 353.5471053570969,
        "roll": 249.7194104911373,
        "yaw": 109.7264289407429
    }
}