{
    "time": "2022-06-30T12:50:03.226647+02:00",
    "accelleration": {
        "x": 0.10934310406446457,
        "y": -0.9193118810653687,
        "z": -0.3478042483329773
    },
    "position": {
        "pitch": 353.6625317120887,
        "roll": 249.2620883450699,
        "yaw": 121.36012622948554
    }
}