{
    "time": "2022-07-04T03:20:02.902686+02:00",
    "accelleration": {
        "x": 0.10958555340766907,
        "y": -0.9195531010627747,
        "z": -0.34997349977493286
    },
    "position": {
        "pitch": 353.65616085314036,
        "roll": 249.14987516719577,
        "yaw": 165.19164945437012
    }
}