{
    "time": "2023-06-08T19:00:02.790667+02:00",
    "accelleration": {
        "x": 0.11150799691677094,
        "y": -0.9398880004882812,
        "z": -0.30987998843193054
    },
    "position": {
        "pitch": 353.5715313942293,
        "roll": 251.75655539222862,
        "yaw": 157.99682380532707
    }
}