{
    "time": "2022-07-20T18:20:03.109496+02:00",
    "accelleration": {
        "x": 0.10716108977794647,
        "y": -0.9205180406570435,
        "z": -0.31815773248672485
    },
    "position": {
        "pitch": 353.72677903274274,
        "roll": 250.9079521991787,
        "yaw": 129.94695809175553
    }
}