{
    "time": "2023-06-12T08:40:02.607768+02:00",
    "accelleration": {
        "x": 0.11321599781513214,
        "y": -0.9413520097732544,
        "z": -0.3152479827404022
    },
    "position": {
        "pitch": 353.496134216642,
        "roll": 251.49262322232096,
        "yaw": 158.09620305775076
    }
}