{
    "time": "2023-06-10T09:20:03.333332+02:00",
    "accelleration": {
        "x": 0.11394799500703812,
        "y": -0.9403759837150574,
        "z": -0.31451600790023804
    },
    "position": {
        "pitch": 353.446005750776,
        "roll": 251.5134826200462,
        "yaw": 158.1802553656769
    }
}