{
    "time": "2023-04-29T23:10:03.343843+02:00",
    "accelleration": {
        "x": 0.10613999515771866,
        "y": -0.9420839548110962,
        "z": -0.3084160089492798
    },
    "position": {
        "pitch": 353.88448425869694,
        "roll": 251.88026377847586,
        "yaw": 159.90724137655798
    }
}