{
    "time": "2022-07-01T14:00:02.909218+02:00",
    "accelleration": {
        "x": 0.11443447321653366,
        "y": -0.9197943806648254,
        "z": -0.3492504358291626
    },
    "position": {
        "pitch": 353.37984683092793,
        "roll": 249.1937796231806,
        "yaw": 189.65773221327996
    }
}