{
    "time": "2023-04-28T21:20:02.642203+02:00",
    "accelleration": {
        "x": 0.10979999601840973,
        "y": -0.9389119744300842,
        "z": -0.30524399876594543
    },
    "position": {
        "pitch": 353.6593053014795,
        "roll": 252.00130839094686,
        "yaw": 109.13173119989906
    }
}