{
    "time": "2022-06-30T07:40:03.037922+02:00",
    "accelleration": {
        "x": 0.11249490827322006,
        "y": -0.9188294410705566,
        "z": -0.34684014320373535
    },
    "position": {
        "pitch": 353.4814014986023,
        "roll": 249.30703781999776,
        "yaw": 183.88021179814956
    }
}