{
    "time": "2023-05-19T14:50:02.835607+02:00",
    "accelleration": {
        "x": 0.1088239997625351,
        "y": -0.9408639669418335,
        "z": -0.31549200415611267
    },
    "position": {
        "pitch": 353.7397363284851,
        "roll": 251.47179797554162,
        "yaw": 170.20939328660663
    }
}