{
    "time": "2023-05-22T01:20:02.562583+02:00",
    "accelleration": {
        "x": 0.1163880005478859,
        "y": -0.9445239901542664,
        "z": -0.31768798828125
    },
    "position": {
        "pitch": 353.34420178119694,
        "roll": 251.4222995946265,
        "yaw": 194.1041307214449
    }
}