{
    "time": "2023-06-09T07:50:02.797092+02:00",
    "accelleration": {
        "x": 0.11297199875116348,
        "y": -0.9418399930000305,
        "z": -0.3147599995136261
    },
    "position": {
        "pitch": 353.5138747792375,
        "roll": 251.5280377531675,
        "yaw": 158.42244021326724
    }
}