{
    "time": "2022-07-06T19:10:03.373306+02:00",
    "accelleration": {
        "x": 0.11176756769418716,
        "y": -0.9181057810783386,
        "z": -0.34057337045669556
    },
    "position": {
        "pitch": 353.5025964293705,
        "roll": 249.62195052187036,
        "yaw": 184.79362665623373
    }
}