{
    "time": "2023-05-28T09:10:02.744875+02:00",
    "accelleration": {
        "x": 0.10955599695444107,
        "y": -0.9396439790725708,
        "z": -0.3113439977169037
    },
    "position": {
        "pitch": 353.6866883836357,
        "roll": 251.60952190996574,
        "yaw": 191.51785227146289
    }
}