{
    "time": "2023-06-05T01:30:03.464598+02:00",
    "accelleration": {
        "x": 0.11101999878883362,
        "y": -0.9401319622993469,
        "z": -0.31549200415611267
    },
    "position": {
        "pitch": 353.6131327958034,
        "roll": 251.4581990689041,
        "yaw": 158.82711526121216
    }
}