{
    "time": "2023-06-26T00:50:03.034450+02:00",
    "accelleration": {
        "x": 0.10833600163459778,
        "y": -0.9381799697875977,
        "z": -0.3013399839401245
    },
    "position": {
        "pitch": 353.7280716460432,
        "roll": 252.19909700893209,
        "yaw": 157.78471911084148
    }
}