{
    "time": "2023-05-26T19:00:02.813169+02:00",
    "accelleration": {
        "x": 0.11004399508237839,
        "y": -0.9401319622993469,
        "z": -0.30743998289108276
    },
    "position": {
        "pitch": 353.6470156567285,
        "roll": 251.8898465338814,
        "yaw": 104.23732692369465
    }
}