{
    "time": "2022-07-17T01:30:03.327077+02:00",
    "accelleration": {
        "x": 0.10982800275087357,
        "y": -0.9197943806648254,
        "z": -0.32635271549224854
    },
    "position": {
        "pitch": 353.59636553516464,
        "roll": 250.44408673188647,
        "yaw": 172.58202341935063
    }
}