{
    "time": "2023-06-22T00:20:02.831296+02:00",
    "accelleration": {
        "x": 0.11028799414634705,
        "y": -0.9391559958457947,
        "z": -0.305976003408432
    },
    "position": {
        "pitch": 353.6304716578983,
        "roll": 251.9600881993058,
        "yaw": 157.57519622786216
    }
}