{
    "time": "2023-06-17T08:30:03.328728+02:00",
    "accelleration": {
        "x": 0.11101999878883362,
        "y": -0.9403759837150574,
        "z": -0.31451600790023804
    },
    "position": {
        "pitch": 353.6142738642816,
        "roll": 251.51484865788018,
        "yaw": 158.49863780364788
    }
}