{
    "time": "2023-06-28T09:30:02.611859+02:00",
    "accelleration": {
        "x": 0.10809199512004852,
        "y": -0.9403759837150574,
        "z": -0.3030479848384857
    },
    "position": {
        "pitch": 353.7567733815961,
        "roll": 252.14139557082382,
        "yaw": 158.31041145050068
    }
}