{
    "time": "2023-06-08T14:30:02.909835+02:00",
    "accelleration": {
        "x": 0.11150799691677094,
        "y": -0.9391559958457947,
        "z": -0.3111000061035156
    },
    "position": {
        "pitch": 353.57190107821816,
        "roll": 251.6750644052412,
        "yaw": 158.29401899649264
    }
}