{
    "time": "2022-07-18T15:50:03.349706+02:00",
    "accelleration": {
        "x": 0.11055533587932587,
        "y": -0.9195531010627747,
        "z": -0.3176756799221039
    },
    "position": {
        "pitch": 353.5311905894439,
        "roll": 250.9109848031702,
        "yaw": 137.40456843892565
    }
}