{
    "time": "2023-06-03T00:50:02.614634+02:00",
    "accelleration": {
        "x": 0.11321599781513214,
        "y": -0.9403759837150574,
        "z": -0.3169559836387634
    },
    "position": {
        "pitch": 353.49074263606593,
        "roll": 251.38056030860858,
        "yaw": 159.22479619544697
    }
}