{
    "time": "2023-06-21T00:20:03.066828+02:00",
    "accelleration": {
        "x": 0.1105320006608963,
        "y": -0.9406200051307678,
        "z": -0.3076840043067932
    },
    "position": {
        "pitch": 353.63058777111416,
        "roll": 251.89268106238694,
        "yaw": 158.50361018136365
    }
}