{
    "time": "2022-07-21T10:10:03.463107+02:00",
    "accelleration": {
        "x": 0.10546397417783737,
        "y": -0.9222065806388855,
        "z": -0.32177314162254333
    },
    "position": {
        "pitch": 353.85069232466515,
        "roll": 250.74615184793026,
        "yaw": 147.3867259863592
    }
}