{
    "time": "2022-07-18T17:40:02.657636+02:00",
    "accelleration": {
        "x": 0.10910066217184067,
        "y": -0.9200355410575867,
        "z": -0.32273727655410767
    },
    "position": {
        "pitch": 353.62804651385613,
        "roll": 250.63507248145837,
        "yaw": 159.47902949673318
    }
}