{
    "time": "2023-06-10T18:20:02.956621+02:00",
    "accelleration": {
        "x": 0.1105320006608963,
        "y": -0.9391559958457947,
        "z": -0.30987998843193054
    },
    "position": {
        "pitch": 353.619973657144,
        "roll": 251.74162459870297,
        "yaw": 158.872426736166
    }
}