{
    "time": "2023-06-21T21:20:03.213385+02:00",
    "accelleration": {
        "x": 0.11101999878883362,
        "y": -0.9398880004882812,
        "z": -0.30451199412345886
    },
    "position": {
        "pitch": 353.5869338976945,
        "roll": 252.0500827718099,
        "yaw": 157.57616611472432
    }
}