{
    "time": "2022-07-21T20:10:02.808795+02:00",
    "accelleration": {
        "x": 0.10594886541366577,
        "y": -0.9185882210731506,
        "z": -0.33286046981811523
    },
    "position": {
        "pitch": 353.8152846240078,
        "roll": 250.08840463085807,
        "yaw": 114.15752099497784
    }
}