{
    "time": "2023-05-30T02:00:02.862630+02:00",
    "accelleration": {
        "x": 0.11224000155925751,
        "y": -0.9415959715843201,
        "z": -0.3206160068511963
    },
    "position": {
        "pitch": 353.56574921221005,
        "roll": 251.22011916500497,
        "yaw": 185.32203741118258
    }
}