{
    "time": "2022-07-19T11:00:03.025314+02:00",
    "accelleration": {
        "x": 0.10691864788532257,
        "y": -0.9224478602409363,
        "z": -0.32346034049987793
    },
    "position": {
        "pitch": 353.7694096584474,
        "roll": 250.6625298419218,
        "yaw": 152.28872543292067
    }
}