{
    "time": "2023-05-15T18:20:02.776283+02:00",
    "accelleration": {
        "x": 0.10931199789047241,
        "y": -0.9415959715843201,
        "z": -0.3130519986152649
    },
    "position": {
        "pitch": 353.7716414227587,
        "roll": 251.61692583502605,
        "yaw": 177.62189706449797
    }
}