{
    "time": "2023-06-25T20:20:03.056485+02:00",
    "accelleration": {
        "x": 0.11028799414634705,
        "y": -0.9374479651451111,
        "z": -0.2991439998149872
    },
    "position": {
        "pitch": 353.6061937504935,
        "roll": 252.3037969787192,
        "yaw": 157.95453127398633
    }
}