{
    "time": "2023-06-24T04:30:03.434314+02:00",
    "accelleration": {
        "x": 0.1105320006608963,
        "y": -0.941107988357544,
        "z": -0.3020719885826111
    },
    "position": {
        "pitch": 353.6238579003476,
        "roll": 252.20885734925602,
        "yaw": 159.10675686621082
    }
}