{
    "time": "2023-05-23T15:30:03.110223+02:00",
    "accelleration": {
        "x": 0.115167997777462,
        "y": -0.9393999576568604,
        "z": -0.31329599022865295
    },
    "position": {
        "pitch": 353.3690730612859,
        "roll": 251.5562327740613,
        "yaw": 122.92835132329881
    }
}