{
    "time": "2022-07-07T16:10:02.667614+02:00",
    "accelleration": {
        "x": 0.11225245893001556,
        "y": -0.9176233410835266,
        "z": -0.34563499689102173
    },
    "position": {
        "pitch": 353.4847431686537,
        "roll": 249.34280069049197,
        "yaw": 124.58919378225745
    }
}