{
    "time": "2023-06-20T01:30:03.060263+02:00",
    "accelleration": {
        "x": 0.11028799414634705,
        "y": -0.9403759837150574,
        "z": -0.30743998289108276
    },
    "position": {
        "pitch": 353.63997757367565,
        "roll": 251.90131442149786,
        "yaw": 157.62601283528707
    }
}