{
    "time": "2023-06-26T09:10:03.426600+02:00",
    "accelleration": {
        "x": 0.10906799882650375,
        "y": -0.9386679530143738,
        "z": -0.3013399839401245
    },
    "position": {
        "pitch": 353.6917858391907,
        "roll": 252.21079029279113,
        "yaw": 157.399988215273
    }
}