{
    "time": "2022-07-06T08:20:03.356494+02:00",
    "accelleration": {
        "x": 0.11128267645835876,
        "y": -0.9207592606544495,
        "z": -0.3376810550689697
    },
    "position": {
        "pitch": 353.5466639561218,
        "roll": 249.83015517833985,
        "yaw": 109.82089045696418
    }
}