{
    "time": "2023-05-31T17:10:02.521158+02:00",
    "accelleration": {
        "x": 0.11394799500703812,
        "y": -0.9406200051307678,
        "z": -0.30817198753356934
    },
    "position": {
        "pitch": 353.43560465333053,
        "roll": 251.86411038108878,
        "yaw": 131.18058587850823
    }
}