{
    "time": "2023-06-03T22:50:02.417779+02:00",
    "accelleration": {
        "x": 0.11443600058555603,
        "y": -0.9413520097732544,
        "z": -0.31744399666786194
    },
    "position": {
        "pitch": 353.42786476834044,
        "roll": 251.37181766647097,
        "yaw": 159.04258040876937
    }
}