{
    "time": "2023-04-30T21:00:03.218376+02:00",
    "accelleration": {
        "x": 0.1117519959807396,
        "y": -0.9420839548110962,
        "z": -0.3152479827404022
    },
    "position": {
        "pitch": 353.58747903216766,
        "roll": 251.5129088841559,
        "yaw": 194.72134759598228
    }
}