{
    "time": "2023-05-15T16:40:02.540767+02:00",
    "accelleration": {
        "x": 0.1134599968791008,
        "y": -0.9420839548110962,
        "z": -0.31622397899627686
    },
    "position": {
        "pitch": 353.4422858589993,
        "roll": 251.3891868375303,
        "yaw": 192.50577083301354
    }
}