{
    "time": "2023-05-19T01:20:03.081193+02:00",
    "accelleration": {
        "x": 0.10931199789047241,
        "y": -0.9406200051307678,
        "z": -0.313539981842041
    },
    "position": {
        "pitch": 353.7093155196955,
        "roll": 251.57865628510643,
        "yaw": 157.45835901191992
    }
}