{
    "time": "2023-04-30T05:40:03.031578+02:00",
    "accelleration": {
        "x": 0.10711599886417389,
        "y": -0.9403759837150574,
        "z": -0.3108559846878052
    },
    "position": {
        "pitch": 353.8309313067358,
        "roll": 251.7250067484523,
        "yaw": 133.96657905982138
    }
}