{
    "time": "2022-07-12T15:10:03.297215+02:00",
    "accelleration": {
        "x": 0.10522152483463287,
        "y": -0.9236539602279663,
        "z": -0.3285219669342041
    },
    "position": {
        "pitch": 353.87675718031153,
        "roll": 250.40566691780515,
        "yaw": 140.34581182007324
    }
}