{
    "time": "2023-05-24T10:40:02.735355+02:00",
    "accelleration": {
        "x": 0.10979999601840973,
        "y": -0.941107988357544,
        "z": -0.3096359968185425
    },
    "position": {
        "pitch": 353.6801121921255,
        "roll": 251.7939096967994,
        "yaw": 149.6516440358921
    }
}