{
    "time": "2023-05-09T17:00:02.810304+02:00",
    "accelleration": {
        "x": 0.11004399508237839,
        "y": -0.9415959715843201,
        "z": -0.3130519986152649
    },
    "position": {
        "pitch": 353.7330482926272,
        "roll": 251.56259168017857,
        "yaw": 151.47449858196347
    }
}