{
    "time": "2023-05-24T19:40:02.661414+02:00",
    "accelleration": {
        "x": 0.11028799414634705,
        "y": -0.9386679530143738,
        "z": -0.31573599576950073
    },
    "position": {
        "pitch": 353.64470662590224,
        "roll": 251.41937627366175,
        "yaw": 96.78563152034576
    }
}