{
    "time": "2022-07-19T15:10:02.663152+02:00",
    "accelleration": {
        "x": 0.11152512580156326,
        "y": -0.9212417006492615,
        "z": -0.32129111886024475
    },
    "position": {
        "pitch": 353.4952112873304,
        "roll": 250.74611086679528,
        "yaw": 111.6314506625295
    }
}