{
    "time": "2023-07-05T10:00:02.536423+02:00",
    "accelleration": {
        "x": 0.11004399508237839,
        "y": -0.9391559958457947,
        "z": -0.3079279959201813
    },
    "position": {
        "pitch": 353.64810592567477,
        "roll": 251.85274494630988,
        "yaw": 157.3526140231898
    }
}