{
    "time": "2023-05-10T15:10:03.309689+02:00",
    "accelleration": {
        "x": 0.11272799968719482,
        "y": -0.9403759837150574,
        "z": -0.3050000071525574
    },
    "position": {
        "pitch": 353.50075868159695,
        "roll": 252.03560960095865,
        "yaw": 129.5820074240234
    }
}