{
    "time": "2023-05-07T05:40:03.056999+02:00",
    "accelleration": {
        "x": 0.11248400062322617,
        "y": -0.9403759837150574,
        "z": -0.3123199939727783
    },
    "position": {
        "pitch": 353.5336772051886,
        "roll": 251.6420541009825,
        "yaw": 99.15759912474027
    }
}