{
    "time": "2022-07-18T19:00:03.540199+02:00",
    "accelleration": {
        "x": 0.11055533587932587,
        "y": -0.9195531010627747,
        "z": -0.33744004368782043
    },
    "position": {
        "pitch": 353.5789592249517,
        "roll": 249.84721699088658,
        "yaw": 117.33138012868854
    }
}