{
    "time": "2023-06-08T03:50:02.563783+02:00",
    "accelleration": {
        "x": 0.11297199875116348,
        "y": -0.941107988357544,
        "z": -0.31451600790023804
    },
    "position": {
        "pitch": 353.503683710109,
        "roll": 251.52954722497407,
        "yaw": 158.1403807213024
    }
}