{
    "time": "2023-06-10T14:30:03.200650+02:00",
    "accelleration": {
        "x": 0.10979999601840973,
        "y": -0.9408639669418335,
        "z": -0.3101239800453186
    },
    "position": {
        "pitch": 353.6728794486813,
        "roll": 251.75834490179113,
        "yaw": 157.9617849348849
    }
}