{
    "time": "2023-05-19T19:20:02.629614+02:00",
    "accelleration": {
        "x": 0.11589999496936798,
        "y": -0.9433040022850037,
        "z": -0.31573599576950073
    },
    "position": {
        "pitch": 353.3636942873145,
        "roll": 251.50679586484875,
        "yaw": 104.59587087398529
    }
}