{
    "time": "2023-05-10T15:30:03.307133+02:00",
    "accelleration": {
        "x": 0.10979999601840973,
        "y": -0.9393999576568604,
        "z": -0.370635986328125
    },
    "position": {
        "pitch": 353.79523332303876,
        "roll": 248.54924882215238,
        "yaw": 189.3107859242
    }
}