{
    "time": "2023-05-01T03:30:02.903597+02:00",
    "accelleration": {
        "x": 0.11663199961185455,
        "y": -0.9445239901542664,
        "z": -0.3140279948711395
    },
    "position": {
        "pitch": 353.32520275624694,
        "roll": 251.62312081660323,
        "yaw": 125.13346423645909
    }
}