{
    "time": "2022-07-08T06:00:02.564864+02:00",
    "accelleration": {
        "x": 0.10982800275087357,
        "y": -0.9207592606544495,
        "z": -0.3473221957683563
    },
    "position": {
        "pitch": 353.64583147268115,
        "roll": 249.32933155744868,
        "yaw": 164.67852466278373
    }
}