{
    "time": "2023-05-05T04:30:02.703997+02:00",
    "accelleration": {
        "x": 0.11126399785280228,
        "y": -0.9403759837150574,
        "z": -0.31671199202537537
    },
    "position": {
        "pitch": 353.6068046255374,
        "roll": 251.40631012177954,
        "yaw": 194.60162804021027
    }
}