{
    "time": "2022-07-19T16:20:02.985511+02:00",
    "accelleration": {
        "x": 0.10667620599269867,
        "y": -0.9212417006492615,
        "z": -0.3285219669342041
    },
    "position": {
        "pitch": 353.7824672725932,
        "roll": 250.34498751721875,
        "yaw": 162.16374463303342
    }
}