{
    "time": "2023-05-28T03:20:02.394422+02:00",
    "accelleration": {
        "x": 0.115167997777462,
        "y": -0.9403759837150574,
        "z": -0.2508319914340973
    },
    "position": {
        "pitch": 353.2595992161558,
        "roll": 254.99720694583286,
        "yaw": 116.39235206121685
    }
}