{
    "time": "2023-05-17T10:20:03.257239+02:00",
    "accelleration": {
        "x": 0.115167997777462,
        "y": -0.944767951965332,
        "z": -0.313539981842041
    },
    "position": {
        "pitch": 353.4110108496766,
        "roll": 251.64925995055688,
        "yaw": 101.88218207522587
    }
}