{
    "time": "2023-05-03T20:50:02.775178+02:00",
    "accelleration": {
        "x": 0.11297199875116348,
        "y": -0.9406200051307678,
        "z": -0.3101239800453186
    },
    "position": {
        "pitch": 353.43410926878914,
        "roll": 251.76137750578263,
        "yaw": 190.98015245924282
    }
}