{
    "time": "2023-04-29T13:10:03.245910+02:00",
    "accelleration": {
        "x": 0.10613999515771866,
        "y": -0.9423279762268066,
        "z": -0.3030479848384857
    },
    "position": {
        "pitch": 353.8776835247177,
        "roll": 252.17756142247902,
        "yaw": 160.98022311403196
    }
}