{
    "time": "2023-07-02T16:20:03.382247+02:00",
    "accelleration": {
        "x": 0.10955599695444107,
        "y": -0.9372040033340454,
        "z": -0.3054879903793335
    },
    "position": {
        "pitch": 353.64852598230874,
        "roll": 251.9252405741604,
        "yaw": 158.08684569858784
    }
}