{
    "time": "2023-06-29T22:30:02.694922+02:00",
    "accelleration": {
        "x": 0.10955599695444107,
        "y": -0.9386679530143738,
        "z": -0.3050000071525574
    },
    "position": {
        "pitch": 353.6693546441827,
        "roll": 252.006779372472,
        "yaw": 158.610448000361
    }
}