{
    "time": "2023-06-12T23:00:03.354013+02:00",
    "accelleration": {
        "x": 0.11077599972486496,
        "y": -0.9396439790725708,
        "z": -0.3113439977169037
    },
    "position": {
        "pitch": 353.6145863454361,
        "roll": 251.6731519522736,
        "yaw": 158.03090644928542
    }
}