{
    "time": "2023-06-18T09:40:02.850115+02:00",
    "accelleration": {
        "x": 0.10906799882650375,
        "y": -0.9396439790725708,
        "z": -0.31158798933029175
    },
    "position": {
        "pitch": 353.7144475530831,
        "roll": 251.66302278173447,
        "yaw": 158.768976690997
    }
}