{
    "time": "2022-07-05T18:50:03.036735+02:00",
    "accelleration": {
        "x": 0.11370714008808136,
        "y": -0.9205180406570435,
        "z": -0.3463580906391144
    },
    "position": {
        "pitch": 353.42464390725996,
        "roll": 249.3555185027265,
        "yaw": 174.86370275310674
    }
}