{
    "time": "2023-07-05T14:00:03.243025+02:00",
    "accelleration": {
        "x": 0.1088239997625351,
        "y": -0.9391559958457947,
        "z": -0.305976003408432
    },
    "position": {
        "pitch": 353.7105206211972,
        "roll": 251.95868801052598,
        "yaw": 157.15503031087965
    }
}