{
    "time": "2023-06-07T04:20:03.354964+02:00",
    "accelleration": {
        "x": 0.11199599504470825,
        "y": -0.9413520097732544,
        "z": -0.31622397899627686
    },
    "position": {
        "pitch": 353.56444507296544,
        "roll": 251.43973706757757,
        "yaw": 158.94120674110803
    }
}