{
    "time": "2022-07-12T13:30:02.839784+02:00",
    "accelleration": {
        "x": 0.10740353912115097,
        "y": -0.9231715202331543,
        "z": -0.32105007767677307
    },
    "position": {
        "pitch": 353.7403531799445,
        "roll": 250.79622396473565,
        "yaw": 159.09599248807888
    }
}