{
    "time": "2023-06-09T10:10:03.240223+02:00",
    "accelleration": {
        "x": 0.11101999878883362,
        "y": -0.9396439790725708,
        "z": -0.3140279948711395
    },
    "position": {
        "pitch": 353.60341172906715,
        "roll": 251.59411983338737,
        "yaw": 159.14042969881896
    }
}