{
    "time": "2023-05-07T12:30:02.630527+02:00",
    "accelleration": {
        "x": 0.10955599695444107,
        "y": -0.9386679530143738,
        "z": -0.3079279959201813
    },
    "position": {
        "pitch": 353.67192535663156,
        "roll": 251.85305913501173,
        "yaw": 193.74012261981824
    }
}