{
    "time": "2023-05-22T04:40:02.767126+02:00",
    "accelleration": {
        "x": 0.1117519959807396,
        "y": -0.9418399930000305,
        "z": -0.3235439956188202
    },
    "position": {
        "pitch": 353.5953568016016,
        "roll": 251.06198662534084,
        "yaw": 175.81058553812395
    }
}