{
    "time": "2023-05-23T12:40:03.175127+02:00",
    "accelleration": {
        "x": 0.11321599781513214,
        "y": -0.9376919865608215,
        "z": -0.313539981842041
    },
    "position": {
        "pitch": 353.46689374991837,
        "roll": 251.51953416765082,
        "yaw": 194.79317386529414
    }
}