{
    "time": "2022-07-07T12:40:03.158757+02:00",
    "accelleration": {
        "x": 0.10352440178394318,
        "y": -0.9185882210731506,
        "z": -0.34684014320373535
    },
    "position": {
        "pitch": 353.9850626362068,
        "roll": 249.30296019706327,
        "yaw": 131.94484306549762
    }
}