{
    "time": "2023-07-02T13:40:02.717366+02:00",
    "accelleration": {
        "x": 0.10979999601840973,
        "y": -0.9374479651451111,
        "z": -0.30743998289108276
    },
    "position": {
        "pitch": 353.64644618970647,
        "roll": 251.85081200277477,
        "yaw": 157.84254349235482
    }
}