{
    "time": "2022-07-06T01:00:02.401331+02:00",
    "accelleration": {
        "x": 0.11128267645835876,
        "y": -0.9210004806518555,
        "z": -0.3393682539463043
    },
    "position": {
        "pitch": 353.54370221534293,
        "roll": 249.760336984644,
        "yaw": 152.2435095806152
    }
}