{
    "time": "2023-04-27T16:00:02.924325+02:00",
    "accelleration": {
        "x": 0.10711599886417389,
        "y": -0.9418399930000305,
        "z": -0.30231598019599915
    },
    "position": {
        "pitch": 353.81719110055985,
        "roll": 252.20752546236787,
        "yaw": 135.58086694939723
    }
}