{
    "time": "2022-07-02T05:40:03.380687+02:00",
    "accelleration": {
        "x": 0.11031289398670197,
        "y": -0.9197943806648254,
        "z": -0.3458760380744934
    },
    "position": {
        "pitch": 353.6126747462422,
        "roll": 249.37646669291092,
        "yaw": 173.8208421498725
    }
}