{
    "time": "2023-07-05T12:20:03.233191+02:00",
    "accelleration": {
        "x": 0.10833600163459778,
        "y": -0.9389119744300842,
        "z": -0.30646398663520813
    },
    "position": {
        "pitch": 353.7397854204698,
        "roll": 251.92564355532144,
        "yaw": 157.48737365551415
    }
}