{
    "time": "2022-07-05T18:00:03.028943+02:00",
    "accelleration": {
        "x": 0.10570641607046127,
        "y": -0.9185882210731506,
        "z": -0.347563236951828
    },
    "position": {
        "pitch": 353.8609807239893,
        "roll": 249.25131030655962,
        "yaw": 151.06531560916633
    }
}