{
    "time": "2023-05-07T15:10:02.931297+02:00",
    "accelleration": {
        "x": 0.10955599695444107,
        "y": -0.9408639669418335,
        "z": -0.3093920052051544
    },
    "position": {
        "pitch": 353.68458767357913,
        "roll": 251.80310996161143,
        "yaw": 162.86412589090486
    }
}