{
    "time": "2023-06-13T18:40:03.203341+02:00",
    "accelleration": {
        "x": 0.11370399594306946,
        "y": -0.9406200051307678,
        "z": -0.3147599995136261
    },
    "position": {
        "pitch": 353.46058777776716,
        "roll": 251.5017961663763,
        "yaw": 158.18532336604108
    }
}