{
    "time": "2023-05-10T09:30:02.785220+02:00",
    "accelleration": {
        "x": 0.11394799500703812,
        "y": -0.9430599808692932,
        "z": -0.3152479827404022
    },
    "position": {
        "pitch": 353.4689176203468,
        "roll": 251.52885054567872,
        "yaw": 150.53970523177716
    }
}