{
    "time": "2023-05-18T15:10:02.754988+02:00",
    "accelleration": {
        "x": 0.11248400062322617,
        "y": -0.9418399930000305,
        "z": -0.30695199966430664
    },
    "position": {
        "pitch": 353.5270980254706,
        "roll": 252.02412805296387,
        "yaw": 189.92884974219444
    }
}