{
    "time": "2023-05-20T14:10:02.781926+02:00",
    "accelleration": {
        "x": 0.11541199684143066,
        "y": -0.9406200051307678,
        "z": -0.3123199939727783
    },
    "position": {
        "pitch": 353.36468978738606,
        "roll": 251.64403485584182,
        "yaw": 165.65261892145426
    }
}