{
    "time": "2023-07-06T02:00:02.716037+02:00",
    "accelleration": {
        "x": 0.10906799882650375,
        "y": -0.9381799697875977,
        "z": -0.30646398663520813
    },
    "position": {
        "pitch": 353.6958425446708,
        "roll": 251.91791178118098,
        "yaw": 158.24174072858537
    }
}