{
    "time": "2023-05-31T14:10:02.956340+02:00",
    "accelleration": {
        "x": 0.11443600058555603,
        "y": -0.9391559958457947,
        "z": -0.3079279959201813
    },
    "position": {
        "pitch": 353.40248506604513,
        "roll": 251.92038430966053,
        "yaw": 103.38696154183889
    }
}