{
    "time": "2023-06-14T01:20:03.060053+02:00",
    "accelleration": {
        "x": 0.1134599968791008,
        "y": -0.9420839548110962,
        "z": -0.3172000050544739
    },
    "position": {
        "pitch": 353.4883738410844,
        "roll": 251.39734891358847,
        "yaw": 158.6494210597651
    }
}