{
    "time": "2023-05-16T13:50:02.765011+02:00",
    "accelleration": {
        "x": 0.10931199789047241,
        "y": -0.9406200051307678,
        "z": -0.30695199966430664
    },
    "position": {
        "pitch": 353.6991590283997,
        "roll": 251.92739891393813,
        "yaw": 181.52532649686924
    }
}