{
    "time": "2023-06-04T09:40:03.325464+02:00",
    "accelleration": {
        "x": 0.115167997777462,
        "y": -0.9418399930000305,
        "z": -0.31793197989463806
    },
    "position": {
        "pitch": 353.40879189197,
        "roll": 251.34878626858966,
        "yaw": 158.93691738230928
    }
}