{
    "time": "2023-05-20T02:20:02.861915+02:00",
    "accelleration": {
        "x": 0.11028799414634705,
        "y": -0.9418399930000305,
        "z": -0.3172000050544739
    },
    "position": {
        "pitch": 353.66534575002675,
        "roll": 251.39481491340638,
        "yaw": 146.29828070060432
    }
}