{
    "time": "2023-05-03T19:10:03.331155+02:00",
    "accelleration": {
        "x": 0.1105320006608963,
        "y": -0.9408639669418335,
        "z": -0.3113439977169037
    },
    "position": {
        "pitch": 353.69532985359626,
        "roll": 251.70547923761524,
        "yaw": 137.50200791762506
    }
}