{
    "time": "2023-05-24T06:30:02.860241+02:00",
    "accelleration": {
        "x": 0.11443600058555603,
        "y": -0.9418399930000305,
        "z": -0.31866398453712463
    },
    "position": {
        "pitch": 353.4446789865297,
        "roll": 251.32189581382733,
        "yaw": 168.64448766472998
    }
}