{
    "time": "2023-05-02T23:40:03.187366+02:00",
    "accelleration": {
        "x": 0.11443600058555603,
        "y": -0.9442799687385559,
        "z": -0.31500399112701416
    },
    "position": {
        "pitch": 353.44815982168546,
        "roll": 251.5717441336664,
        "yaw": 187.36299355783078
    }
}