{
    "time": "2023-06-21T23:40:02.878299+02:00",
    "accelleration": {
        "x": 0.11028799414634705,
        "y": -0.9398880004882812,
        "z": -0.3050000071525574
    },
    "position": {
        "pitch": 353.63247589153286,
        "roll": 252.02512526058268,
        "yaw": 158.49613795441167
    }
}