{
    "time": "2022-07-17T01:00:02.772083+02:00",
    "accelleration": {
        "x": 0.11007044464349747,
        "y": -0.9231715202331543,
        "z": -0.3304502069950104
    },
    "position": {
        "pitch": 353.61680359559546,
        "roll": 250.2853941167104,
        "yaw": 127.2464105769592
    }
}