{
    "time": "2023-04-29T19:20:02.727596+02:00",
    "accelleration": {
        "x": 0.1088239997625351,
        "y": -0.9415959715843201,
        "z": -0.3084160089492798
    },
    "position": {
        "pitch": 353.73248565579433,
        "roll": 251.88403404289772,
        "yaw": 139.1493675831621
    }
}