{
    "time": "2023-06-22T06:10:03.402826+02:00",
    "accelleration": {
        "x": 0.11028799414634705,
        "y": -0.9396439790725708,
        "z": -0.30573198199272156
    },
    "position": {
        "pitch": 353.6352395568258,
        "roll": 251.9817330687856,
        "yaw": 157.87699496652834
    }
}