{
    "time": "2023-06-17T15:20:03.002414+02:00",
    "accelleration": {
        "x": 0.1105320006608963,
        "y": -0.9389119744300842,
        "z": -0.30914798378944397
    },
    "position": {
        "pitch": 353.6173786121462,
        "roll": 251.7797165637041,
        "yaw": 157.96101995369784
    }
}