{
    "time": "2023-06-14T03:40:03.404501+02:00",
    "accelleration": {
        "x": 0.1134599968791008,
        "y": -0.9406200051307678,
        "z": -0.31671199202537537
    },
    "position": {
        "pitch": 353.4792141305206,
        "roll": 251.3998487628247,
        "yaw": 157.59959366357745
    }
}