{
    "time": "2022-07-19T21:20:03.367500+02:00",
    "accelleration": {
        "x": 0.11225245893001556,
        "y": -0.9219653606414795,
        "z": -0.3220142126083374
    },
    "position": {
        "pitch": 353.4625557260218,
        "roll": 250.72459577090973,
        "yaw": 183.53581999981918
    }
}