{
    "time": "2023-04-29T04:40:03.262919+02:00",
    "accelleration": {
        "x": 0.10662800073623657,
        "y": -0.9420839548110962,
        "z": -0.3093920052051544
    },
    "position": {
        "pitch": 353.86296958969825,
        "roll": 251.8332037750945,
        "yaw": 191.15562001902043
    }
}