{
    "time": "2023-05-02T21:30:03.207989+02:00",
    "accelleration": {
        "x": 0.1088239997625351,
        "y": -0.9396439790725708,
        "z": -0.31158798933029175
    },
    "position": {
        "pitch": 353.7278944880116,
        "roll": 251.6051096077619,
        "yaw": 177.71482861834517
    }
}