{
    "time": "2023-06-15T05:20:03.018927+02:00",
    "accelleration": {
        "x": 0.11419199407100677,
        "y": -0.941107988357544,
        "z": -0.3198840022087097
    },
    "position": {
        "pitch": 353.4477666589214,
        "roll": 251.23870410973657,
        "yaw": 158.47172685831805
    }
}