{
    "time": "2023-06-04T22:00:02.553135+02:00",
    "accelleration": {
        "x": 0.11321599781513214,
        "y": -0.9389119744300842,
        "z": -0.3147599995136261
    },
    "position": {
        "pitch": 353.47956545837604,
        "roll": 251.47404510777852,
        "yaw": 158.69997812000153
    }
}