{
    "time": "2023-07-01T01:00:03.110462+02:00",
    "accelleration": {
        "x": 0.10906799882650375,
        "y": -0.9398880004882812,
        "z": -0.3096359968185425
    },
    "position": {
        "pitch": 353.7117854868541,
        "roll": 251.77671128046933,
        "yaw": 159.08158078893015
    }
}