{
    "time": "2023-07-01T08:00:03.338070+02:00",
    "accelleration": {
        "x": 0.10931199789047241,
        "y": -0.9389119744300842,
        "z": -0.3101239800453186
    },
    "position": {
        "pitch": 353.6939279572691,
        "roll": 251.73424116421018,
        "yaw": 158.12855083365992
    }
}