{
    "time": "2022-07-03T06:40:03.722366+02:00",
    "accelleration": {
        "x": 0.10982800275087357,
        "y": -0.9205180406570435,
        "z": -0.3490093946456909
    },
    "position": {
        "pitch": 353.6492768762306,
        "roll": 249.21789019095075,
        "yaw": 133.31680950369974
    }
}