{
    "time": "2023-05-14T01:20:03.390274+02:00",
    "accelleration": {
        "x": 0.1134599968791008,
        "y": -0.9445239901542664,
        "z": -0.3142719864845276
    },
    "position": {
        "pitch": 353.50595944376306,
        "roll": 251.61267062717312,
        "yaw": 193.64336616003584
    }
}