{
    "time": "2023-06-18T02:50:03.274577+02:00",
    "accelleration": {
        "x": 0.11028799414634705,
        "y": -0.9398880004882812,
        "z": -0.3076840043067932
    },
    "position": {
        "pitch": 353.63812018910824,
        "roll": 251.8793485331271,
        "yaw": 157.20307386150154
    }
}