{
    "time": "2022-07-09T08:10:02.562299+02:00",
    "accelleration": {
        "x": 0.11079778522253036,
        "y": -0.9210004806518555,
        "z": -0.3362348675727844
    },
    "position": {
        "pitch": 353.5742626161237,
        "roll": 249.9247191473987,
        "yaw": 128.0388901055991
    }
}