{
    "time": "2023-06-28T06:00:02.888256+02:00",
    "accelleration": {
        "x": 0.10833600163459778,
        "y": -0.9391559958457947,
        "z": -0.30353599786758423
    },
    "position": {
        "pitch": 353.7370507834808,
        "roll": 252.09977922821093,
        "yaw": 158.25082488018148
    }
}