{
    "time": "2023-05-09T09:00:02.803830+02:00",
    "accelleration": {
        "x": 0.11126399785280228,
        "y": -0.9408639669418335,
        "z": -0.31207600235939026
    },
    "position": {
        "pitch": 353.5995509646388,
        "roll": 251.72908437138682,
        "yaw": 187.63677486052157
    }
}