{
    "time": "2023-06-11T13:00:03.320017+02:00",
    "accelleration": {
        "x": 0.11077599972486496,
        "y": -0.9401319622993469,
        "z": -0.3101239800453186
    },
    "position": {
        "pitch": 353.6148185718679,
        "roll": 251.74331848561712,
        "yaw": 157.6582103470345
    }
}