{
    "time": "2023-04-27T12:00:03.051883+02:00",
    "accelleration": {
        "x": 0.11370399594306946,
        "y": -0.941107988357544,
        "z": -0.3042680025100708
    },
    "position": {
        "pitch": 353.4515360695696,
        "roll": 252.09576307697895,
        "yaw": 118.14544305510569
    }
}