{
    "time": "2023-05-03T01:30:03.218521+02:00",
    "accelleration": {
        "x": 0.10735999792814255,
        "y": -0.9396439790725708,
        "z": -0.30743998289108276
    },
    "position": {
        "pitch": 353.8001117856534,
        "roll": 251.88836438283153,
        "yaw": 108.73022535972903
    }
}