{
    "time": "2023-06-04T13:30:02.700523+02:00",
    "accelleration": {
        "x": 0.1117519959807396,
        "y": -0.9401319622993469,
        "z": -0.31329599022865295
    },
    "position": {
        "pitch": 353.56406514369286,
        "roll": 251.57316481301376,
        "yaw": 159.67052068030367
    }
}