{
    "time": "2023-05-27T09:20:03.366869+02:00",
    "accelleration": {
        "x": 0.11199599504470825,
        "y": -0.9396439790725708,
        "z": -0.3113439977169037
    },
    "position": {
        "pitch": 353.54564284284083,
        "roll": 251.6748321788094,
        "yaw": 185.845448467659
    }
}