{
    "time": "2023-06-19T03:30:03.029306+02:00",
    "accelleration": {
        "x": 0.11028799414634705,
        "y": -0.9403759837150574,
        "z": -0.3111000061035156
    },
    "position": {
        "pitch": 353.64654736188356,
        "roll": 251.70176361470675,
        "yaw": 158.2315500863437
    }
}