{
    "time": "2022-07-14T14:00:03.012046+02:00",
    "accelleration": {
        "x": 0.10352440178394318,
        "y": -0.9219653606414795,
        "z": -0.31478333473205566
    },
    "position": {
        "pitch": 353.93391263017304,
        "roll": 251.1158904782706,
        "yaw": 120.10516093176574
    }
}