{
    "time": "2023-05-23T13:40:02.968698+02:00",
    "accelleration": {
        "x": 0.11443600058555603,
        "y": -0.9401319622993469,
        "z": -0.3101239800453186
    },
    "position": {
        "pitch": 353.4085720452561,
        "roll": 251.80784328270624,
        "yaw": 184.33775251027038
    }
}