{
    "time": "2023-05-30T02:10:02.925698+02:00",
    "accelleration": {
        "x": 0.11150799691677094,
        "y": -0.9398880004882812,
        "z": -0.31280800700187683
    },
    "position": {
        "pitch": 353.58212757895296,
        "roll": 251.53672575379176,
        "yaw": 100.74786523900516
    }
}