{
    "time": "2023-04-30T18:40:03.146607+02:00",
    "accelleration": {
        "x": 0.11248400062322617,
        "y": -0.9415959715843201,
        "z": -0.3142719864845276
    },
    "position": {
        "pitch": 353.54322324832737,
        "roll": 251.48825190125217,
        "yaw": 126.06362671838811
    }
}