{
    "time": "2023-06-30T23:20:02.835557+02:00",
    "accelleration": {
        "x": 0.10906799882650375,
        "y": -0.9381799697875977,
        "z": -0.3076840043067932
    },
    "position": {
        "pitch": 353.6953563205793,
        "roll": 251.85264249347233,
        "yaw": 158.42827319481842
    }
}