{
    "time": "2022-07-12T21:00:02.756552+02:00",
    "accelleration": {
        "x": 0.11055533587932587,
        "y": -0.9224478602409363,
        "z": -0.3347887098789215
    },
    "position": {
        "pitch": 353.59503023318194,
        "roll": 250.04437723146816,
        "yaw": 108.81262476187607
    }
}