{
    "time": "2023-05-07T10:50:02.862212+02:00",
    "accelleration": {
        "x": 0.11028799414634705,
        "y": -0.9413520097732544,
        "z": -0.31378400325775146
    },
    "position": {
        "pitch": 353.6555047280932,
        "roll": 251.58649051208445,
        "yaw": 188.5900780233586
    }
}