{
    "time": "2023-05-18T05:50:03.081743+02:00",
    "accelleration": {
        "x": 0.1076039969921112,
        "y": -0.9442799687385559,
        "z": -0.3111000061035156
    },
    "position": {
        "pitch": 353.82178739098447,
        "roll": 251.7761443747682,
        "yaw": 155.4885187949099
    }
}