{
    "time": "2023-05-14T18:00:03.379915+02:00",
    "accelleration": {
        "x": 0.11199599504470825,
        "y": -0.9391559958457947,
        "z": -0.30743998289108276
    },
    "position": {
        "pitch": 353.5375076606525,
        "roll": 251.88047551434016,
        "yaw": 130.3710718580783
    }
}