{
    "time": "2022-07-06T12:40:03.459460+02:00",
    "accelleration": {
        "x": 0.11007044464349747,
        "y": -0.9207592606544495,
        "z": -0.34394779801368713
    },
    "position": {
        "pitch": 353.62349931541615,
        "roll": 249.49598134300783,
        "yaw": 161.32600827095303
    }
}