{
    "time": "2022-07-02T01:30:02.803055+02:00",
    "accelleration": {
        "x": 0.11007044464349747,
        "y": -0.9200355410575867,
        "z": -0.34177854657173157
    },
    "position": {
        "pitch": 353.610201363989,
        "roll": 249.60165802984625,
        "yaw": 144.78305787475034
    }
}