{
    "time": "2023-06-15T23:00:03.208076+02:00",
    "accelleration": {
        "x": 0.1134599968791008,
        "y": -0.9406200051307678,
        "z": -0.3111000061035156
    },
    "position": {
        "pitch": 353.46742308957903,
        "roll": 251.7034370110534,
        "yaw": 157.79378960205926
    }
}