{
    "time": "2023-05-09T07:20:03.110601+02:00",
    "accelleration": {
        "x": 0.11272799968719482,
        "y": -0.9408639669418335,
        "z": -0.3106119930744171
    },
    "position": {
        "pitch": 353.51456377457,
        "roll": 251.74193878740476,
        "yaw": 187.00714070207312
    }
}