{
    "time": "2023-05-05T06:00:02.734147+02:00",
    "accelleration": {
        "x": 0.11565599590539932,
        "y": -0.9415959715843201,
        "z": -0.313539981842041
    },
    "position": {
        "pitch": 353.3551270956612,
        "roll": 251.66270176284345,
        "yaw": 142.14183738308475
    }
}