{
    "time": "2022-07-19T06:40:02.674097+02:00",
    "accelleration": {
        "x": 0.10570641607046127,
        "y": -0.9229303002357483,
        "z": -0.32490652799606323
    },
    "position": {
        "pitch": 353.9091668548101,
        "roll": 250.58464519481618,
        "yaw": 144.25470176131483
    }
}