{
    "time": "2023-06-20T00:50:03.416216+02:00",
    "accelleration": {
        "x": 0.11028799414634705,
        "y": -0.9413520097732544,
        "z": -0.3089039921760559
    },
    "position": {
        "pitch": 353.6487949210073,
        "roll": 251.83877720945722,
        "yaw": 157.40080783797342
    }
}