{
    "time": "2023-06-13T21:50:02.896529+02:00",
    "accelleration": {
        "x": 0.11394799500703812,
        "y": -0.9398880004882812,
        "z": -0.3152479827404022
    },
    "position": {
        "pitch": 353.44448048415694,
        "roll": 251.4647355599398,
        "yaw": 158.29003016601737
    }
}