{
    "time": "2022-07-13T14:40:03.161807+02:00",
    "accelleration": {
        "x": 0.10619131475687027,
        "y": -0.9238952398300171,
        "z": -0.33213740587234497
    },
    "position": {
        "pitch": 353.83902593467593,
        "roll": 250.2079944130358,
        "yaw": 132.35450415153664
    }
}