{
    "time": "2023-05-29T12:20:03.311566+02:00",
    "accelleration": {
        "x": 0.11126399785280228,
        "y": -0.9406200051307678,
        "z": -0.3130519986152649
    },
    "position": {
        "pitch": 353.5975219715685,
        "roll": 251.5933343616328,
        "yaw": 117.81415155960339
    }
}