{
    "time": "2022-07-09T22:30:03.425848+02:00",
    "accelleration": {
        "x": 0.11104022711515427,
        "y": -0.9212417006492615,
        "z": -0.32273727655410767
    },
    "position": {
        "pitch": 353.52707113160074,
        "roll": 250.67254972943422,
        "yaw": 193.1829567684636
    }
}