{
    "time": "2023-06-28T18:10:03.450317+02:00",
    "accelleration": {
        "x": 0.1076039969921112,
        "y": -0.9389119744300842,
        "z": -0.3020719885826111
    },
    "position": {
        "pitch": 353.7704602269191,
        "roll": 252.1665238367803,
        "yaw": 158.2215780101555
    }
}