{
    "time": "2023-05-06T16:10:02.949730+02:00",
    "accelleration": {
        "x": 0.10662800073623657,
        "y": -0.9393999576568604,
        "z": -0.2518079876899719
    },
    "position": {
        "pitch": 353.73955788979305,
        "roll": 254.93413697903696,
        "yaw": 130.49219843281932
    }
}