{
    "time": "2022-07-09T22:20:02.996441+02:00",
    "accelleration": {
        "x": 0.10643375664949417,
        "y": -0.9238952398300171,
        "z": -0.33261945843696594
    },
    "position": {
        "pitch": 353.82579073561175,
        "roll": 250.18728527947232,
        "yaw": 139.77241743925066
    }
}