{
    "time": "2022-07-09T06:40:03.440546+02:00",
    "accelleration": {
        "x": 0.10934310406446457,
        "y": -0.9207592606544495,
        "z": -0.34684014320373535
    },
    "position": {
        "pitch": 353.67130124809614,
        "roll": 249.35290937046358,
        "yaw": 150.45998326378478
    }
}