{
    "time": "2023-05-31T20:00:03.101702+02:00",
    "accelleration": {
        "x": 0.11077599972486496,
        "y": -0.9396439790725708,
        "z": -0.31280800700187683
    },
    "position": {
        "pitch": 353.6161901592306,
        "roll": 251.58898353113153,
        "yaw": 104.1942899017344
    }
}