{
    "time": "2022-07-21T17:10:02.751385+02:00",
    "accelleration": {
        "x": 0.11007044464349747,
        "y": -0.9212417006492615,
        "z": -0.32177314162254333
    },
    "position": {
        "pitch": 353.5731689320828,
        "roll": 250.7316855072682,
        "yaw": 184.3304168871018
    }
}