{
    "time": "2023-05-01T13:20:02.621863+02:00",
    "accelleration": {
        "x": 0.11492399871349335,
        "y": -0.9401319622993469,
        "z": -0.31671199202537537
    },
    "position": {
        "pitch": 353.40142809427107,
        "roll": 251.4050192160264,
        "yaw": 97.29050544341476
    }
}