{
    "time": "2022-07-18T00:40:03.496327+02:00",
    "accelleration": {
        "x": 0.10910066217184067,
        "y": -0.9207592606544495,
        "z": -0.32346034049987793
    },
    "position": {
        "pitch": 353.63531511579345,
        "roll": 250.61516248002778,
        "yaw": 175.82027074636704
    }
}