{
    "time": "2022-07-01T08:00:02.581636+02:00",
    "accelleration": {
        "x": 0.11152512580156326,
        "y": -0.9207592606544495,
        "z": -0.34876835346221924
    },
    "position": {
        "pitch": 353.5482609397271,
        "roll": 249.24794302329883,
        "yaw": 147.05140467924662
    }
}