{
    "time": "2023-06-18T02:00:02.734580+02:00",
    "accelleration": {
        "x": 0.1105320006608963,
        "y": -0.9389119744300842,
        "z": -0.3079279959201813
    },
    "position": {
        "pitch": 353.6207582751249,
        "roll": 251.84710321005548,
        "yaw": 157.24686903445965
    }
}