{
    "time": "2023-06-29T07:20:02.836210+02:00",
    "accelleration": {
        "x": 0.10833600163459778,
        "y": -0.9384239912033081,
        "z": -0.30402398109436035
    },
    "position": {
        "pitch": 353.73502221729734,
        "roll": 252.05647582887303,
        "yaw": 158.8237821288972
    }
}