{
    "time": "2023-05-21T23:30:03.421527+02:00",
    "accelleration": {
        "x": 0.11224000155925751,
        "y": -0.9403759837150574,
        "z": -0.31622397899627686
    },
    "position": {
        "pitch": 353.5440872672574,
        "roll": 251.42806427428602,
        "yaw": 200.9339920423775
    }
}