{
    "time": "2023-07-01T06:00:03.243641+02:00",
    "accelleration": {
        "x": 0.1088239997625351,
        "y": -0.9381799697875977,
        "z": -0.30743998289108276
    },
    "position": {
        "pitch": 353.70943035225093,
        "roll": 251.86309951309164,
        "yaw": 158.66622332512333
    }
}