{
    "time": "2022-07-13T21:10:03.144270+02:00",
    "accelleration": {
        "x": 0.10570641607046127,
        "y": -0.9185882210731506,
        "z": -0.3220142126083374
    },
    "position": {
        "pitch": 353.8152368126836,
        "roll": 250.66686701204478,
        "yaw": 109.9838109592365
    }
}