{
    "time": "2022-07-08T06:50:03.122070+02:00",
    "accelleration": {
        "x": 0.11031289398670197,
        "y": -0.9178645610809326,
        "z": -0.347563236951828
    },
    "position": {
        "pitch": 353.6001268349632,
        "roll": 249.2554835521425,
        "yaw": 163.82281124280786
    }
}