{
    "time": "2023-06-16T22:50:02.403706+02:00",
    "accelleration": {
        "x": 0.11199599504470825,
        "y": -0.9396439790725708,
        "z": -0.3096359968185425
    },
    "position": {
        "pitch": 353.54167962557494,
        "roll": 251.7655029400413,
        "yaw": 157.07319098424458
    }
}