{
    "time": "2022-07-08T03:50:03.294563+02:00",
    "accelleration": {
        "x": 0.11128267645835876,
        "y": -0.9205180406570435,
        "z": -0.3473221957683563
    },
    "position": {
        "pitch": 353.56000374245764,
        "roll": 249.32589597229617,
        "yaw": 111.58217084766785
    }
}