{
    "time": "2023-05-14T06:10:02.553153+02:00",
    "accelleration": {
        "x": 0.11394799500703812,
        "y": -0.9437919855117798,
        "z": -0.3169559836387634
    },
    "position": {
        "pitch": 353.479210715426,
        "roll": 251.45757069150045,
        "yaw": 110.70854184149904
    }
}