{
    "time": "2022-07-21T01:00:03.105841+02:00",
    "accelleration": {
        "x": 0.10691864788532257,
        "y": -0.9229303002357483,
        "z": -0.32177314162254333
    },
    "position": {
        "pitch": 353.76751513472635,
        "roll": 250.76940864205417,
        "yaw": 156.16653801343875
    }
}