{
    "time": "2023-07-06T12:10:02.670121+02:00",
    "accelleration": {
        "x": 0.10955599695444107,
        "y": -0.9376919865608215,
        "z": -0.30573198199272156
    },
    "position": {
        "pitch": 353.65975609396475,
        "roll": 251.94365476416277,
        "yaw": 158.25956752231912
    }
}