{
    "time": "2023-06-12T19:10:03.146448+02:00",
    "accelleration": {
        "x": 0.11321599781513214,
        "y": -0.9403759837150574,
        "z": -0.3130519986152649
    },
    "position": {
        "pitch": 353.4840195954885,
        "roll": 251.59146288980023,
        "yaw": 158.72509955576885
    }
}