{
    "time": "2022-07-03T04:30:02.775416+02:00",
    "accelleration": {
        "x": 0.11273735016584396,
        "y": -0.9195531010627747,
        "z": -0.3432247042655945
    },
    "position": {
        "pitch": 353.46900342459827,
        "roll": 249.51233281588082,
        "yaw": 127.67760041926212
    }
}