{
    "time": "2023-05-21T17:40:02.440450+02:00",
    "accelleration": {
        "x": 0.11101999878883362,
        "y": -0.9398880004882812,
        "z": -0.3215920031070709
    },
    "position": {
        "pitch": 353.62247564081434,
        "roll": 251.12463995059738,
        "yaw": 140.31958389366036
    }
}