{
    "time": "2023-04-27T21:00:02.985982+02:00",
    "accelleration": {
        "x": 0.1134599968791008,
        "y": -0.944767951965332,
        "z": -0.30280399322509766
    },
    "position": {
        "pitch": 353.48388726057334,
        "roll": 252.2322985584875,
        "yaw": 100.88695521126331
    }
}