{
    "time": "2022-07-21T08:50:04.981413+02:00",
    "accelleration": {
        "x": 0.10594886541366577,
        "y": -0.9217241406440735,
        "z": -0.3157474398612976
    },
    "position": {
        "pitch": 353.810440312339,
        "roll": 251.04670066197835,
        "yaw": 181.64840650571287
    }
}