{
    "time": "2023-05-22T03:40:04.254542+02:00",
    "accelleration": {
        "x": 0.11272799968719482,
        "y": -0.9425719976425171,
        "z": -0.3245199918746948
    },
    "position": {
        "pitch": 353.5476466495886,
        "roll": 251.01269998029002,
        "yaw": 96.08250452642797
    }
}