{
    "time": "2022-07-02T18:40:03.070619+02:00",
    "accelleration": {
        "x": 0.11249490827322006,
        "y": -0.9197943806648254,
        "z": -0.3347887098789215
    },
    "position": {
        "pitch": 353.4566309638036,
        "roll": 249.96098062170228,
        "yaw": 181.29887840512666
    }
}