{
    "time": "2023-06-26T22:10:02.976719+02:00",
    "accelleration": {
        "x": 0.10809199512004852,
        "y": -0.9386679530143738,
        "z": -0.2996319830417633
    },
    "position": {
        "pitch": 353.7376915406023,
        "roll": 252.30077120491688,
        "yaw": 157.4758579565735
    }
}