{
    "time": "2023-06-05T17:00:03.285335+02:00",
    "accelleration": {
        "x": 0.11248400062322617,
        "y": -0.9396439790725708,
        "z": -0.3130519986152649
    },
    "position": {
        "pitch": 353.51811632671206,
        "roll": 251.58259047406838,
        "yaw": 158.7494560103491
    }
}