{
    "time": "2023-06-05T09:30:02.788549+02:00",
    "accelleration": {
        "x": 0.11370399594306946,
        "y": -0.9398880004882812,
        "z": -0.31744399666786194
    },
    "position": {
        "pitch": 353.46018735792705,
        "roll": 251.34199706055466,
        "yaw": 158.61626732153385
    }
}