{
    "time": "2023-04-28T22:00:03.101596+02:00",
    "accelleration": {
        "x": 0.1088239997625351,
        "y": -0.9430599808692932,
        "z": -0.30573198199272156
    },
    "position": {
        "pitch": 353.7422114182856,
        "roll": 252.051933753075,
        "yaw": 178.43869206658312
    }
}