{
    "time": "2023-06-17T22:50:03.115691+02:00",
    "accelleration": {
        "x": 0.11077599972486496,
        "y": -0.9391559958457947,
        "z": -0.3076840043067932
    },
    "position": {
        "pitch": 353.6064272575857,
        "roll": 251.86309951309164,
        "yaw": 157.830016925417
    }
}