{
    "time": "2023-06-01T16:50:03.327160+02:00",
    "accelleration": {
        "x": 0.1117519959807396,
        "y": -0.9384239912033081,
        "z": -0.3093920052051544
    },
    "position": {
        "pitch": 353.54935547754155,
        "roll": 251.75589286387913,
        "yaw": 158.84087126220055
    }
}