{
    "time": "2023-07-04T15:00:02.920192+02:00",
    "accelleration": {
        "x": 0.11004399508237839,
        "y": -0.9376919865608215,
        "z": -0.3054879903793335
    },
    "position": {
        "pitch": 353.63240289388614,
        "roll": 251.95932321811875,
        "yaw": 157.53369599846516
    }
}