{
    "time": "2023-05-21T14:50:03.405759+02:00",
    "accelleration": {
        "x": 0.1105320006608963,
        "y": -0.9396439790725708,
        "z": -0.3113439977169037
    },
    "position": {
        "pitch": 353.6240260937559,
        "roll": 251.669272404825,
        "yaw": 151.42594959734302
    }
}