{
    "time": "2023-07-01T15:20:03.353916+02:00",
    "accelleration": {
        "x": 0.10858000069856644,
        "y": -0.9381799697875977,
        "z": -0.30524399876594543
    },
    "position": {
        "pitch": 353.7183352113813,
        "roll": 251.98159646500218,
        "yaw": 157.93461444236658
    }
}