{
    "time": "2023-06-23T11:00:02.615479+02:00",
    "accelleration": {
        "x": 0.10784799605607986,
        "y": -0.9374479651451111,
        "z": -0.3042680025100708
    },
    "position": {
        "pitch": 353.7561859853274,
        "roll": 252.02426465674725,
        "yaw": 158.04523618616412
    }
}