{
    "time": "2022-07-21T23:40:02.845213+02:00",
    "accelleration": {
        "x": 0.11079778522253036,
        "y": -0.9222065806388855,
        "z": -0.323701411485672
    },
    "position": {
        "pitch": 353.54726159767415,
        "roll": 250.6470253125059,
        "yaw": 140.55879077877256
    }
}