{
    "time": "2023-05-31T04:50:02.496335+02:00",
    "accelleration": {
        "x": 0.1117519959807396,
        "y": -0.9406200051307678,
        "z": -0.31329599022865295
    },
    "position": {
        "pitch": 353.5769827389606,
        "roll": 251.5911487010984,
        "yaw": 125.79182617055662
    }
}