{
    "time": "2023-05-11T09:30:02.923058+02:00",
    "accelleration": {
        "x": 0.10858000069856644,
        "y": -0.9413520097732544,
        "z": -0.31378400325775146
    },
    "position": {
        "pitch": 353.75487416211996,
        "roll": 251.5798310776437,
        "yaw": 190.79886557829232
    }
}