{
    "time": "2022-07-20T06:50:03.205726+02:00",
    "accelleration": {
        "x": 0.10497908294200897,
        "y": -0.9222065806388855,
        "z": -0.33069121837615967
    },
    "position": {
        "pitch": 353.936581953478,
        "roll": 250.25894079405492,
        "yaw": 151.33237600571383
    }
}