{
    "time": "2023-06-03T16:40:03.007461+02:00",
    "accelleration": {
        "x": 0.11272799968719482,
        "y": -0.9398880004882812,
        "z": -0.31207600235939026
    },
    "position": {
        "pitch": 353.5056610498737,
        "roll": 251.63745055348193,
        "yaw": 159.37428171562186
    }
}