{
    "time": "2023-07-05T20:10:02.897972+02:00",
    "accelleration": {
        "x": 0.11004399508237839,
        "y": -0.9386679530143738,
        "z": -0.3050000071525574
    },
    "position": {
        "pitch": 353.6375524296335,
        "roll": 252.003323296752,
        "yaw": 158.40248240051247
    }
}