{
    "time": "2023-05-05T06:30:03.056186+02:00",
    "accelleration": {
        "x": 0.11224000155925751,
        "y": -0.9396439790725708,
        "z": -0.3130519986152649
    },
    "position": {
        "pitch": 353.54209114447247,
        "roll": 251.58838930467374,
        "yaw": 105.16546766962934
    }
}