{
    "time": "2023-06-16T19:50:02.768282+02:00",
    "accelleration": {
        "x": 0.11101999878883362,
        "y": -0.9403759837150574,
        "z": -0.3079279959201813
    },
    "position": {
        "pitch": 353.5956172025637,
        "roll": 251.86712249451278,
        "yaw": 157.92477896996175
    }
}