{
    "time": "2023-05-01T08:30:02.907920+02:00",
    "accelleration": {
        "x": 0.11199599504470825,
        "y": -0.9420839548110962,
        "z": -0.31573599576950073
    },
    "position": {
        "pitch": 353.57532940629466,
        "roll": 251.48683805209396,
        "yaw": 199.64229398730134
    }
}