{
    "time": "2022-07-08T11:40:02.960836+02:00",
    "accelleration": {
        "x": 0.10667620599269867,
        "y": -0.9202768206596375,
        "z": -0.34346574544906616
    },
    "position": {
        "pitch": 353.8549577778018,
        "roll": 249.5217038354221,
        "yaw": 149.09327607124357
    }
}