{
    "time": "2023-05-08T10:00:02.635469+02:00",
    "accelleration": {
        "x": 0.1134599968791008,
        "y": -0.9406200051307678,
        "z": -0.3140279948711395
    },
    "position": {
        "pitch": 353.4818228358967,
        "roll": 251.55617813254793,
        "yaw": 108.91890250536147
    }
}