{
    "time": "2022-07-13T02:50:02.660655+02:00",
    "accelleration": {
        "x": 0.10691864788532257,
        "y": -0.9226890206336975,
        "z": -0.3265937268733978
    },
    "position": {
        "pitch": 353.77779542320087,
        "roll": 250.4915428862397,
        "yaw": 145.53499340047705
    }
}