{
    "time": "2022-07-21T15:50:02.799233+02:00",
    "accelleration": {
        "x": 0.11031289398670197,
        "y": -0.9224478602409363,
        "z": -0.3287630081176758
    },
    "position": {
        "pitch": 353.59266613395545,
        "roll": 250.35844298988366,
        "yaw": 125.24438650858009
    }
}