{
    "time": "2022-07-14T17:00:02.907681+02:00",
    "accelleration": {
        "x": 0.11176756769418716,
        "y": -0.9212417006492615,
        "z": -0.3282809257507324
    },
    "position": {
        "pitch": 353.49156439320046,
        "roll": 250.38111238773894,
        "yaw": 185.59154301545294
    }
}