{
    "time": "2023-06-13T10:40:02.832769+02:00",
    "accelleration": {
        "x": 0.11004399508237839,
        "y": -0.9401319622993469,
        "z": -0.31280800700187683
    },
    "position": {
        "pitch": 353.6634354314932,
        "roll": 251.6011207772866,
        "yaw": 158.54143576898718
    }
}