{
    "time": "2023-05-06T13:10:03.048150+02:00",
    "accelleration": {
        "x": 0.11004399508237839,
        "y": -0.9391559958457947,
        "z": -0.30987998843193054
    },
    "position": {
        "pitch": 353.69922348831,
        "roll": 251.74993010873368,
        "yaw": 160.05343474555292
    }
}