{
    "time": "2022-07-13T09:10:02.513644+02:00",
    "accelleration": {
        "x": 0.10885821282863617,
        "y": -0.9214829206466675,
        "z": -0.32321932911872864
    },
    "position": {
        "pitch": 353.5958327804094,
        "roll": 250.65133516187217,
        "yaw": 109.65999169068618
    }
}