{
    "time": "2023-05-29T05:40:02.729302+02:00",
    "accelleration": {
        "x": 0.10979999601840973,
        "y": -0.9403759837150574,
        "z": -0.31378400325775146
    },
    "position": {
        "pitch": 353.67755770137586,
        "roll": 251.55576149100858,
        "yaw": 166.1341609183185
    }
}