{
    "time": "2023-06-11T05:50:02.892983+02:00",
    "accelleration": {
        "x": 0.11248400062322617,
        "y": -0.9408639669418335,
        "z": -0.31573599576950073
    },
    "position": {
        "pitch": 353.5363102431137,
        "roll": 251.4587045029027,
        "yaw": 158.61192332122172
    }
}