{
    "time": "2023-05-30T09:50:03.146157+02:00",
    "accelleration": {
        "x": 0.11028799414634705,
        "y": -0.9393999576568604,
        "z": -0.3106119930744171
    },
    "position": {
        "pitch": 353.64136324830355,
        "roll": 251.70411319978126,
        "yaw": 98.54265670319651
    }
}