{
    "time": "2023-06-04T11:30:02.577117+02:00",
    "accelleration": {
        "x": 0.11541199684143066,
        "y": -0.9406200051307678,
        "z": -0.3172000050544739
    },
    "position": {
        "pitch": 353.3705231958241,
        "roll": 251.3729924590082,
        "yaw": 158.96179293126644
    }
}