{
    "time": "2023-05-13T03:50:02.955097+02:00",
    "accelleration": {
        "x": 0.11272799968719482,
        "y": -0.9435479640960693,
        "z": -0.3152479827404022
    },
    "position": {
        "pitch": 353.53502915575746,
        "roll": 251.53663696133253,
        "yaw": 170.19492694594453
    }
}