{
    "time": "2023-06-22T12:30:02.920453+02:00",
    "accelleration": {
        "x": 0.10931199789047241,
        "y": -0.9386679530143738,
        "z": -0.301827996969223
    },
    "position": {
        "pitch": 353.6724077387417,
        "roll": 252.1747678751085,
        "yaw": 157.73678484324634
    }
}