{
    "time": "2023-05-15T11:50:02.869963+02:00",
    "accelleration": {
        "x": 0.11394799500703812,
        "y": -0.9413520097732544,
        "z": -0.31500399112701416
    },
    "position": {
        "pitch": 353.46124091460655,
        "roll": 251.5109554500533,
        "yaw": 184.3062926589533
    }
}