{
    "time": "2023-06-27T01:20:02.453877+02:00",
    "accelleration": {
        "x": 0.10955599695444107,
        "y": -0.9376919865608215,
        "z": -0.3013399839401245
    },
    "position": {
        "pitch": 353.6557736667918,
        "roll": 252.18814821569254,
        "yaw": 158.80688424089058
    }
}