{
    "time": "2023-05-23T22:30:02.853602+02:00",
    "accelleration": {
        "x": 0.1105320006608963,
        "y": -0.9396439790725708,
        "z": -0.31280800700187683
    },
    "position": {
        "pitch": 353.62940401395366,
        "roll": 251.5929723616068,
        "yaw": 195.43608591148907
    }
}