{
    "time": "2023-05-25T15:00:03.079078+02:00",
    "accelleration": {
        "x": 0.1117519959807396,
        "y": -0.9413520097732544,
        "z": -0.3140279948711395
    },
    "position": {
        "pitch": 353.57664677903085,
        "roll": 251.5579403213538,
        "yaw": 174.9281250973583
    }
}