{
    "time": "2023-05-14T09:20:03.341960+02:00",
    "accelleration": {
        "x": 0.11663199961185455,
        "y": -0.9413520097732544,
        "z": -0.3213479816913605
    },
    "position": {
        "pitch": 353.32098383377394,
        "roll": 251.17381731262145,
        "yaw": 105.65082774223961
    }
}