{
    "time": "2022-07-21T05:00:03.388342+02:00",
    "accelleration": {
        "x": 0.11152512580156326,
        "y": -0.9205180406570435,
        "z": -0.3282809257507324
    },
    "position": {
        "pitch": 353.5089818024708,
        "roll": 250.35676276334783,
        "yaw": 187.18248531844569
    }
}