{
    "time": "2023-05-10T06:10:02.740689+02:00",
    "accelleration": {
        "x": 0.11101999878883362,
        "y": -0.9418399930000305,
        "z": -0.31671199202537537
    },
    "position": {
        "pitch": 353.6273617873918,
        "roll": 251.42914344417488,
        "yaw": 138.45387674073638
    }
}