{
    "time": "2023-05-27T14:00:02.472139+02:00",
    "accelleration": {
        "x": 0.10833600163459778,
        "y": -0.9391559958457947,
        "z": -0.30866000056266785
    },
    "position": {
        "pitch": 353.74597741383917,
        "roll": 251.80951667905288,
        "yaw": 105.15906095218787
    }
}