{
    "time": "2023-04-27T23:20:03.011559+02:00",
    "accelleration": {
        "x": 0.11077599972486496,
        "y": -0.9450119733810425,
        "z": -0.3123199939727783
    },
    "position": {
        "pitch": 353.6538193789155,
        "roll": 251.72759539014777,
        "yaw": 155.03402434715892
    }
}