{
    "time": "2023-05-03T05:40:03.294640+02:00",
    "accelleration": {
        "x": 0.11565599590539932,
        "y": -0.9430599808692932,
        "z": -0.3142719864845276
    },
    "position": {
        "pitch": 353.3721039577301,
        "roll": 251.59321141822775,
        "yaw": 98.52328628671036
    }
}