{
    "time": "2023-07-01T06:50:02.934516+02:00",
    "accelleration": {
        "x": 0.10979999601840973,
        "y": -0.9381799697875977,
        "z": -0.3123199939727783
    },
    "position": {
        "pitch": 353.7281877592591,
        "roll": 251.60097051312488,
        "yaw": 158.16914947808647
    }
}