{
    "time": "2022-07-21T22:30:03.251542+02:00",
    "accelleration": {
        "x": 0.10764598846435547,
        "y": -0.9246188998222351,
        "z": -0.3256296217441559
    },
    "position": {
        "pitch": 353.7387651609625,
        "roll": 250.58344308152223,
        "yaw": 155.77732651377474
    }
}