{
    "time": "2023-06-24T06:20:02.783582+02:00",
    "accelleration": {
        "x": 0.10906799882650375,
        "y": -0.9415959715843201,
        "z": -0.3037799894809723
    },
    "position": {
        "pitch": 353.71384777709665,
        "roll": 252.12678579618915,
        "yaw": 159.04902810734586
    }
}