{
    "time": "2022-07-18T14:30:02.951427+02:00",
    "accelleration": {
        "x": 0.10934310406446457,
        "y": -0.9195531010627747,
        "z": -0.3290040194988251
    },
    "position": {
        "pitch": 353.62661302790406,
        "roll": 250.29173936244933,
        "yaw": 138.04140161675932
    }
}