{
    "time": "2022-07-05T19:30:02.569712+02:00",
    "accelleration": {
        "x": 0.10643375664949417,
        "y": -0.9188294410705566,
        "z": -0.3463580906391144
    },
    "position": {
        "pitch": 353.8141367253404,
        "roll": 249.32560910435103,
        "yaw": 147.76444910783925
    }
}