{
    "time": "2023-06-23T08:00:03.086441+02:00",
    "accelleration": {
        "x": 0.1088239997625351,
        "y": -0.9391559958457947,
        "z": -0.30402398109436035
    },
    "position": {
        "pitch": 353.71324415912875,
        "roll": 252.07210330169403,
        "yaw": 158.54213244828253
    }
}