{
    "time": "2023-07-04T10:30:02.825876+02:00",
    "accelleration": {
        "x": 0.11004399508237839,
        "y": -0.937936007976532,
        "z": -0.3079279959201813
    },
    "position": {
        "pitch": 353.639614719876,
        "roll": 251.8307380768041,
        "yaw": 157.49543327873477
    }
}