{
    "time": "2023-07-01T13:50:02.547962+02:00",
    "accelleration": {
        "x": 0.10858000069856644,
        "y": -0.937936007976532,
        "z": -0.30695199966430664
    },
    "position": {
        "pitch": 353.72011148745236,
        "roll": 251.88399989195187,
        "yaw": 157.89938432662765
    }
}