{
    "time": "2023-05-18T16:00:03.334263+02:00",
    "accelleration": {
        "x": 0.115167997777462,
        "y": -0.9401319622993469,
        "z": -0.3106119930744171
    },
    "position": {
        "pitch": 353.37559375750914,
        "roll": 251.79340426280083,
        "yaw": 112.29411561580413
    }
}