{
    "time": "2023-06-01T09:20:02.750018+02:00",
    "accelleration": {
        "x": 0.11248400062322617,
        "y": -0.9396439790725708,
        "z": -0.31963998079299927
    },
    "position": {
        "pitch": 353.5351700284091,
        "roll": 251.2258496937186,
        "yaw": 155.31867931100837
    }
}