{
    "time": "2023-07-06T05:50:03.067830+02:00",
    "accelleration": {
        "x": 0.11028799414634705,
        "y": -0.9386679530143738,
        "z": -0.30817198753356934
    },
    "position": {
        "pitch": 353.630426407895,
        "roll": 251.83243196371828,
        "yaw": 158.08934554782405
    }
}