{
    "time": "2023-06-15T06:50:02.557427+02:00",
    "accelleration": {
        "x": 0.11272799968719482,
        "y": -0.9425719976425171,
        "z": -0.3184199929237366
    },
    "position": {
        "pitch": 353.5358082242097,
        "roll": 251.34025536231633,
        "yaw": 157.78959586590886
    }
}