{
    "time": "2022-07-09T21:10:02.573926+02:00",
    "accelleration": {
        "x": 0.10910066217184067,
        "y": -0.9234127402305603,
        "z": -0.32153213024139404
    },
    "position": {
        "pitch": 353.6481025105802,
        "roll": 250.76669705695366,
        "yaw": 177.62416468730243
    }
}