{
    "time": "2022-07-19T14:30:02.471188+02:00",
    "accelleration": {
        "x": 0.10934310406446457,
        "y": -0.9214829206466675,
        "z": -0.33406561613082886
    },
    "position": {
        "pitch": 353.6529310274366,
        "roll": 250.06197862895925,
        "yaw": 111.49495616215596
    }
}