{
    "time": "2023-05-23T02:20:02.516484+02:00",
    "accelleration": {
        "x": 0.11589999496936798,
        "y": -0.9403759837150574,
        "z": -0.3184199929237366
    },
    "position": {
        "pitch": 353.34855090415095,
        "roll": 251.29201373620853,
        "yaw": 125.96158369218811
    }
}