{
    "time": "2023-06-07T06:40:02.729381+02:00",
    "accelleration": {
        "x": 0.1105320006608963,
        "y": -0.9420839548110962,
        "z": -0.31378400325775146
    },
    "position": {
        "pitch": 353.6450071542257,
        "roll": 251.58557526673567,
        "yaw": 158.81165171293125
    }
}