{
    "time": "2023-04-28T03:50:02.840268+02:00",
    "accelleration": {
        "x": 0.11248400062322617,
        "y": -0.9415959715843201,
        "z": -0.305976003408432
    },
    "position": {
        "pitch": 353.52350619974084,
        "roll": 252.00947729719417,
        "yaw": 196.7073753613252
    }
}