{
    "time": "2023-05-27T20:40:03.132463+02:00",
    "accelleration": {
        "x": 0.11663199961185455,
        "y": -0.9401319622993469,
        "z": -0.37161198258399963
    },
    "position": {
        "pitch": 353.42395576570107,
        "roll": 248.50334995092987,
        "yaw": 104.95851976796712
    }
}