{
    "time": "2023-05-17T01:40:03.078584+02:00",
    "accelleration": {
        "x": 0.11663199961185455,
        "y": -0.9418399930000305,
        "z": -0.31036800146102905
    },
    "position": {
        "pitch": 353.3035480683702,
        "roll": 251.7703660347304,
        "yaw": 176.716965301363
    }
}