{
    "time": "2023-05-06T23:00:03.328921+02:00",
    "accelleration": {
        "x": 0.11199599504470825,
        "y": -0.9401319622993469,
        "z": -0.3054879903793335
    },
    "position": {
        "pitch": 353.54666054102717,
        "roll": 252.00829567446777,
        "yaw": 123.23859217577913
    }
}