{
    "time": "2023-05-07T04:40:03.270140+02:00",
    "accelleration": {
        "x": 0.11467999964952469,
        "y": -0.9415959715843201,
        "z": -0.3076840043067932
    },
    "position": {
        "pitch": 353.4028013891811,
        "roll": 251.91279596949266,
        "yaw": 191.17948469998046
    }
}