{
    "time": "2023-05-21T19:00:03.099111+02:00",
    "accelleration": {
        "x": 0.11248400062322617,
        "y": -0.9418399930000305,
        "z": -0.32256799936294556
    },
    "position": {
        "pitch": 353.55198211216424,
        "roll": 251.10899198720887,
        "yaw": 140.94454620271654
    }
}