{
    "time": "2023-05-24T13:50:02.825153+02:00",
    "accelleration": {
        "x": 0.11394799500703812,
        "y": -0.9406200051307678,
        "z": -0.3079279959201813
    },
    "position": {
        "pitch": 353.4374603303507,
        "roll": 251.876370570649,
        "yaw": 180.08593243118077
    }
}