{
    "time": "2023-04-29T23:30:02.667173+02:00",
    "accelleration": {
        "x": 0.10979999601840973,
        "y": -0.9401319622993469,
        "z": -0.30621999502182007
    },
    "position": {
        "pitch": 353.6693764154107,
        "roll": 251.96846201122827,
        "yaw": 99.8726994402731
    }
}