{
    "time": "2023-06-11T10:20:02.727235+02:00",
    "accelleration": {
        "x": 0.1117519959807396,
        "y": -0.9406200051307678,
        "z": -0.31280800700187683
    },
    "position": {
        "pitch": 353.56899013697125,
        "roll": 251.61081281571887,
        "yaw": 159.14735551063737
    }
}