{
    "time": "2023-07-05T13:20:03.450108+02:00",
    "accelleration": {
        "x": 0.10955599695444107,
        "y": -0.9391559958457947,
        "z": -0.30329200625419617
    },
    "position": {
        "pitch": 353.6647365825301,
        "roll": 252.1043349643873,
        "yaw": 156.50793818891265
    }
}