{
    "time": "2023-06-29T10:10:02.902024+02:00",
    "accelleration": {
        "x": 0.10858000069856644,
        "y": -0.9391559958457947,
        "z": -0.30402398109436035
    },
    "position": {
        "pitch": 353.7250518486564,
        "roll": 252.06626348995366,
        "yaw": 158.6487790219831
    }
}