{
    "time": "2023-05-18T09:50:03.176634+02:00",
    "accelleration": {
        "x": 0.10931199789047241,
        "y": -0.9418399930000305,
        "z": -0.3142719864845276
    },
    "position": {
        "pitch": 353.7215274710447,
        "roll": 251.56556964265673,
        "yaw": 116.88534145513003
    }
}