{
    "time": "2023-04-29T12:10:03.398134+02:00",
    "accelleration": {
        "x": 0.1076039969921112,
        "y": -0.9415959715843201,
        "z": -0.30743998289108276
    },
    "position": {
        "pitch": 353.804548847293,
        "roll": 251.92664076294028,
        "yaw": 190.7427487440715
    }
}