{
    "time": "2023-06-09T19:40:03.168602+02:00",
    "accelleration": {
        "x": 0.11077599972486496,
        "y": -0.9391559958457947,
        "z": -0.3108559846878052
    },
    "position": {
        "pitch": 353.6112506518002,
        "roll": 251.68958538741663,
        "yaw": 157.34590677742483
    }
}