{
    "time": "2022-06-30T16:50:02.914976+02:00",
    "accelleration": {
        "x": 0.11297979205846786,
        "y": -0.9197943806648254,
        "z": -0.34394779801368713
    },
    "position": {
        "pitch": 353.4477862957153,
        "roll": 249.48436319122965,
        "yaw": 174.99462381911755
    }
}