{
    "time": "2023-06-24T06:40:03.144018+02:00",
    "accelleration": {
        "x": 0.11028799414634705,
        "y": -0.9398880004882812,
        "z": -0.305976003408432
    },
    "position": {
        "pitch": 353.6402772482255,
        "roll": 251.97986842714218,
        "yaw": 159.0066262929784
    }
}