{
    "time": "2023-05-22T05:10:03.394979+02:00",
    "accelleration": {
        "x": 0.11736399680376053,
        "y": -0.9445239901542664,
        "z": -0.31744399666786194
    },
    "position": {
        "pitch": 353.286627555362,
        "roll": 251.43104223676414,
        "yaw": 190.6048062435939
    }
}