{
    "time": "2023-05-19T18:10:02.626726+02:00",
    "accelleration": {
        "x": 0.11004399508237839,
        "y": -0.9430599808692932,
        "z": -0.31622397899627686
    },
    "position": {
        "pitch": 353.673126189265,
        "roll": 251.47994639122143,
        "yaw": 176.38947139103922
    }
}