{
    "time": "2023-05-18T15:40:02.733280+02:00",
    "accelleration": {
        "x": 0.10638399422168732,
        "y": -0.941107988357544,
        "z": -0.3111000061035156
    },
    "position": {
        "pitch": 353.868325738668,
        "roll": 251.725396069235,
        "yaw": 192.5037081158842
    }
}