{
    "time": "2023-06-12T09:00:02.822014+02:00",
    "accelleration": {
        "x": 0.11394799500703812,
        "y": -0.9406200051307678,
        "z": -0.3152479827404022
    },
    "position": {
        "pitch": 353.45114931010784,
        "roll": 251.47900382511597,
        "yaw": 158.18580147928296
    }
}