{
    "time": "2022-07-09T23:10:03.355809+02:00",
    "accelleration": {
        "x": 0.10716108977794647,
        "y": -0.9241364002227783,
        "z": -0.33093225955963135
    },
    "position": {
        "pitch": 353.82259634151427,
        "roll": 250.29526374006105,
        "yaw": 154.87718954343708
    }
}