{
    "time": "2023-06-12T20:40:03.073515+02:00",
    "accelleration": {
        "x": 0.11321599781513214,
        "y": -0.9403759837150574,
        "z": -0.3130519986152649
    },
    "position": {
        "pitch": 353.4849809446142,
        "roll": 251.5929928521743,
        "yaw": 158.47044278275408
    }
}