{
    "time": "2023-06-07T04:50:03.322454+02:00",
    "accelleration": {
        "x": 0.1134599968791008,
        "y": -0.9406200051307678,
        "z": -0.3147599995136261
    },
    "position": {
        "pitch": 353.47577000763164,
        "roll": 251.5073969214957,
        "yaw": 159.05905482504744
    }
}