{
    "time": "2023-06-02T18:50:02.424072+02:00",
    "accelleration": {
        "x": 0.11248400062322617,
        "y": -0.9391559958457947,
        "z": -0.3123199939727783
    },
    "position": {
        "pitch": 353.51418469907105,
        "roll": 251.61099723082646,
        "yaw": 159.72491630685363
    }
}