{
    "time": "2023-06-06T17:50:03.060922+02:00",
    "accelleration": {
        "x": 0.11199599504470825,
        "y": -0.9386679530143738,
        "z": -0.3118319809436798
    },
    "position": {
        "pitch": 353.53566308268984,
        "roll": 251.62532696770515,
        "yaw": 157.7461558627876
    }
}