{
    "time": "2023-06-19T23:00:03.068975+02:00",
    "accelleration": {
        "x": 0.11028799414634705,
        "y": -0.9401319622993469,
        "z": -0.30817198753356934
    },
    "position": {
        "pitch": 353.6383985193169,
        "roll": 251.85430905962983,
        "yaw": 157.81266824492516
    }
}