{
    "time": "2023-05-11T16:50:02.743153+02:00",
    "accelleration": {
        "x": 0.10955599695444107,
        "y": -0.9398880004882812,
        "z": -0.30451199412345886
    },
    "position": {
        "pitch": 353.66866308752924,
        "roll": 252.0515171115356,
        "yaw": 103.20227322668174
    }
}