{
    "time": "2022-07-08T16:50:02.562979+02:00",
    "accelleration": {
        "x": 0.11225245893001556,
        "y": -0.9185882210731506,
        "z": -0.3384041488170624
    },
    "position": {
        "pitch": 353.4771031751802,
        "roll": 249.7424077380727,
        "yaw": 188.09460244058752
    }
}