{
    "time": "2023-05-24T17:20:02.645508+02:00",
    "accelleration": {
        "x": 0.11004399508237839,
        "y": -0.9430599808692932,
        "z": -0.3079279959201813
    },
    "position": {
        "pitch": 353.66703366052536,
        "roll": 251.9779218232287,
        "yaw": 187.30418562907695
    }
}