{
    "time": "2023-05-15T15:00:03.320584+02:00",
    "accelleration": {
        "x": 0.10858000069856644,
        "y": -0.9428159594535828,
        "z": -0.3050000071525574
    },
    "position": {
        "pitch": 353.79642433727525,
        "roll": 252.07815484929864,
        "yaw": 170.56147587794243
    }
}