{
    "time": "2023-05-14T11:50:02.684733+02:00",
    "accelleration": {
        "x": 0.11565599590539932,
        "y": -0.9408639669418335,
        "z": -0.32037198543548584
    },
    "position": {
        "pitch": 353.3723771652969,
        "roll": 251.21686799496007,
        "yaw": 188.4489936358628
    }
}