{
    "time": "2023-06-27T20:00:02.709563+02:00",
    "accelleration": {
        "x": 0.1088239997625351,
        "y": -0.9367159605026245,
        "z": -0.29938799142837524
    },
    "position": {
        "pitch": 353.68415609100094,
        "roll": 252.27608690125646,
        "yaw": 157.77712394048442
    }
}