{
    "time": "2023-06-30T18:40:02.682635+02:00",
    "accelleration": {
        "x": 0.10906799882650375,
        "y": -0.9389119744300842,
        "z": -0.30646398663520813
    },
    "position": {
        "pitch": 353.6969772098467,
        "roll": 251.932938197355,
        "yaw": 158.4336280631277
    }
}