{
    "time": "2023-06-25T14:10:03.396943+02:00",
    "accelleration": {
        "x": 0.10809199512004852,
        "y": -0.9391559958457947,
        "z": -0.3008520007133484
    },
    "position": {
        "pitch": 353.7457618359935,
        "roll": 252.2412939176244,
        "yaw": 157.15243483899505
    }
}