{
    "time": "2023-06-18T13:20:02.888469+02:00",
    "accelleration": {
        "x": 0.11028799414634705,
        "y": -0.9389119744300842,
        "z": -0.3071959912776947
    },
    "position": {
        "pitch": 353.62904414836174,
        "roll": 251.88509955240824,
        "yaw": 158.04300954449468
    }
}