{
    "time": "2022-07-05T11:00:02.930702+02:00",
    "accelleration": {
        "x": 0.10982800275087357,
        "y": -0.9193118810653687,
        "z": -0.34876835346221924
    },
    "position": {
        "pitch": 353.63710121026145,
        "roll": 249.20806837892428,
        "yaw": 192.7204709993837
    }
}