{
    "time": "2023-04-27T16:10:02.962614+02:00",
    "accelleration": {
        "x": 0.10687199980020523,
        "y": -0.9413520097732544,
        "z": -0.30573198199272156
    },
    "position": {
        "pitch": 353.8379642671468,
        "roll": 252.01186786340367,
        "yaw": 133.82315874762946
    }
}