{
    "time": "2023-06-17T07:10:03.281121+02:00",
    "accelleration": {
        "x": 0.11224000155925751,
        "y": -0.9403759837150574,
        "z": -0.3125639855861664
    },
    "position": {
        "pitch": 353.54113534487544,
        "roll": 251.62235583541622,
        "yaw": 157.73035080504818
    }
}