{
    "time": "2023-05-06T15:30:02.799847+02:00",
    "accelleration": {
        "x": 0.11126399785280228,
        "y": -0.9393999576568604,
        "z": -0.31036800146102905
    },
    "position": {
        "pitch": 353.5863494896337,
        "roll": 251.72322406907892,
        "yaw": 118.75979125019165
    }
}