{
    "time": "2023-05-28T13:40:02.954453+02:00",
    "accelleration": {
        "x": 0.10955599695444107,
        "y": -0.9415959715843201,
        "z": -0.31280800700187683
    },
    "position": {
        "pitch": 353.69775371697796,
        "roll": 251.63061353412274,
        "yaw": 122.16656666478895
    }
}