{
    "time": "2022-07-10T11:10:02.687302+02:00",
    "accelleration": {
        "x": 0.10691864788532257,
        "y": -0.9246188998222351,
        "z": -0.33599385619163513
    },
    "position": {
        "pitch": 353.8079507083865,
        "roll": 250.03131790977508,
        "yaw": 136.40648655589004
    }
}