{
    "time": "2022-07-06T18:10:03.102354+02:00",
    "accelleration": {
        "x": 0.11128267645835876,
        "y": -0.9197943806648254,
        "z": -0.337922066450119
    },
    "position": {
        "pitch": 353.5314040328555,
        "roll": 249.80105174228646,
        "yaw": 109.73925603600419
    }
}