{
    "time": "2022-07-20T05:40:03.234732+02:00",
    "accelleration": {
        "x": 0.10837332904338837,
        "y": -0.9236539602279663,
        "z": -0.3208090364933014
    },
    "position": {
        "pitch": 353.7537271172262,
        "roll": 250.8150069849532,
        "yaw": 157.82682039688544
    }
}