{
    "time": "2023-07-01T07:10:03.384084+02:00",
    "accelleration": {
        "x": 0.1088239997625351,
        "y": -0.9393999576568604,
        "z": -0.30987998843193054
    },
    "position": {
        "pitch": 353.72177848049665,
        "roll": 251.75444486377506,
        "yaw": 157.9838737666607
    }
}