{
    "time": "2023-06-26T23:30:02.849177+02:00",
    "accelleration": {
        "x": 0.10735999792814255,
        "y": -0.9384239912033081,
        "z": -0.2996319830417633
    },
    "position": {
        "pitch": 353.78077978898136,
        "roll": 252.29210369486015,
        "yaw": 158.0642787535701
    }
}