{
    "time": "2022-07-22T01:20:02.824423+02:00",
    "accelleration": {
        "x": 0.10667620599269867,
        "y": -0.9205180406570435,
        "z": -0.329968124628067
    },
    "position": {
        "pitch": 353.79036595948145,
        "roll": 250.27027890807716,
        "yaw": 181.54804370604873
    }
}