{
    "time": "2022-07-07T11:10:03.326115+02:00",
    "accelleration": {
        "x": 0.10861577093601227,
        "y": -0.9176233410835266,
        "z": -0.33912724256515503
    },
    "position": {
        "pitch": 353.6758377743655,
        "roll": 249.69463739501765,
        "yaw": 136.44769991734188
    }
}