{
    "time": "2023-06-20T11:40:02.590717+02:00",
    "accelleration": {
        "x": 0.11004399508237839,
        "y": -0.937936007976532,
        "z": -0.3084160089492798
    },
    "position": {
        "pitch": 353.64095343695334,
        "roll": 251.8049541126873,
        "yaw": 157.7738727704395
    }
}