{
    "time": "2023-06-04T01:10:02.489862+02:00",
    "accelleration": {
        "x": 0.115167997777462,
        "y": -0.9408639669418335,
        "z": -0.31744399666786194
    },
    "position": {
        "pitch": 353.33474068853604,
        "roll": 251.3607117788805,
        "yaw": 159.85157533482237
    }
}