{
    "time": "2023-07-01T07:50:02.846043+02:00",
    "accelleration": {
        "x": 0.10979999601840973,
        "y": -0.9393999576568604,
        "z": -0.30695199966430664
    },
    "position": {
        "pitch": 353.66357971923946,
        "roll": 251.9107810636875,
        "yaw": 157.81891103782655
    }
}