{
    "time": "2023-05-06T14:10:03.199626+02:00",
    "accelleration": {
        "x": 0.11297199875116348,
        "y": -0.9413520097732544,
        "z": -0.30817198753356934
    },
    "position": {
        "pitch": 353.5010442688816,
        "roll": 251.8766369480266,
        "yaw": 111.56652288427937
    }
}