{
    "time": "2023-05-24T16:10:02.790217+02:00",
    "accelleration": {
        "x": 0.11126399785280228,
        "y": -0.9396439790725708,
        "z": -0.3071959912776947
    },
    "position": {
        "pitch": 353.57370339438535,
        "roll": 251.8926674020086,
        "yaw": 146.69771016326666
    }
}