{
    "time": "2023-06-08T22:20:02.998582+02:00",
    "accelleration": {
        "x": 0.11077599972486496,
        "y": -0.9408639669418335,
        "z": -0.3106119930744171
    },
    "position": {
        "pitch": 353.61965946844214,
        "roll": 251.73286146599781,
        "yaw": 158.13786721168782
    }
}