{
    "time": "2022-07-04T13:30:03.287423+02:00",
    "accelleration": {
        "x": 0.10740353912115097,
        "y": -0.9171409010887146,
        "z": -0.3478042483329773
    },
    "position": {
        "pitch": 353.7547695748483,
        "roll": 249.23378404114936,
        "yaw": 158.81665141140368
    }
}