{
    "time": "2023-06-17T10:50:02.973940+02:00",
    "accelleration": {
        "x": 0.11004399508237839,
        "y": -0.941107988357544,
        "z": -0.3108559846878052
    },
    "position": {
        "pitch": 353.6638717098265,
        "roll": 251.72632497496213,
        "yaw": 157.9920290125297
    }
}