{
    "time": "2023-05-15T09:20:03.326351+02:00",
    "accelleration": {
        "x": 0.11614400148391724,
        "y": -0.941107988357544,
        "z": -0.31671199202537537
    },
    "position": {
        "pitch": 353.33971263936496,
        "roll": 251.41859080190721,
        "yaw": 132.54665103326744
    }
}