{
    "time": "2023-05-04T01:30:03.033060+02:00",
    "accelleration": {
        "x": 0.10858000069856644,
        "y": -0.9415959715843201,
        "z": -0.3125639855861664
    },
    "position": {
        "pitch": 353.75106718543134,
        "roll": 251.72111354062542,
        "yaw": 129.05885591473546
    }
}