{
    "time": "2022-07-14T22:50:03.089726+02:00",
    "accelleration": {
        "x": 0.11079778522253036,
        "y": -0.9236539602279663,
        "z": -0.322496235370636
    },
    "position": {
        "pitch": 353.55346170189324,
        "roll": 250.7361524509854,
        "yaw": 122.86233071478146
    }
}