{
    "time": "2022-07-02T10:00:02.510209+02:00",
    "accelleration": {
        "x": 0.11128267645835876,
        "y": -0.9195531010627747,
        "z": -0.3415375351905823
    },
    "position": {
        "pitch": 353.5419502718208,
        "roll": 249.61344010616455,
        "yaw": 126.08275124806414
    }
}