{
    "time": "2023-06-22T04:50:03.084229+02:00",
    "accelleration": {
        "x": 0.10955599695444107,
        "y": -0.9396439790725708,
        "z": -0.30524399876594543
    },
    "position": {
        "pitch": 353.67612464231064,
        "roll": 252.00987344816605,
        "yaw": 158.54020633493658
    }
}