{
    "time": "2023-05-13T03:30:03.224368+02:00",
    "accelleration": {
        "x": 0.11028799414634705,
        "y": -0.9428159594535828,
        "z": -0.31744399666786194
    },
    "position": {
        "pitch": 353.67091406174757,
        "roll": 251.40227347998004,
        "yaw": 175.18800013489894
    }
}