{
    "time": "2023-06-19T10:00:03.050560+02:00",
    "accelleration": {
        "x": 0.10931199789047241,
        "y": -0.9398880004882812,
        "z": -0.30817198753356934
    },
    "position": {
        "pitch": 353.68999974472274,
        "roll": 251.8494391347516,
        "yaw": 157.7180291437855
    }
}