{
    "time": "2023-05-21T01:10:03.336648+02:00",
    "accelleration": {
        "x": 0.10687199980020523,
        "y": -0.937936007976532,
        "z": -0.3140279948711395
    },
    "position": {
        "pitch": 353.83126043647644,
        "roll": 251.442045671517,
        "yaw": 178.84984213386122
    }
}