{
    "time": "2023-06-03T08:50:03.331239+02:00",
    "accelleration": {
        "x": 0.11419199407100677,
        "y": -0.941107988357544,
        "z": -0.31744399666786194
    },
    "position": {
        "pitch": 353.4426299297787,
        "roll": 251.36985057199,
        "yaw": 159.2718288780717
    }
}