{
    "time": "2023-05-03T21:30:02.962616+02:00",
    "accelleration": {
        "x": 0.11150799691677094,
        "y": -0.9425719976425171,
        "z": -0.3169559836387634
    },
    "position": {
        "pitch": 353.6058415688644,
        "roll": 251.42616548169673,
        "yaw": 124.41681346798467
    }
}