{
    "time": "2023-05-30T20:40:03.296141+02:00",
    "accelleration": {
        "x": 0.11077599972486496,
        "y": -0.9408639669418335,
        "z": -0.3125639855861664
    },
    "position": {
        "pitch": 353.688753662086,
        "roll": 251.63540149673094,
        "yaw": 109.716750562689
    }
}