{
    "time": "2023-05-19T04:20:02.746609+02:00",
    "accelleration": {
        "x": 0.11248400062322617,
        "y": -0.9440360069274902,
        "z": -0.31451600790023804
    },
    "position": {
        "pitch": 353.55085769227213,
        "roll": 251.5825699835009,
        "yaw": 149.6600315081929
    }
}