{
    "time": "2022-07-21T18:10:02.744409+02:00",
    "accelleration": {
        "x": 0.10788843780755997,
        "y": -0.9210004806518555,
        "z": -0.323701411485672
    },
    "position": {
        "pitch": 353.70087255210774,
        "roll": 250.60987591361018,
        "yaw": 169.05249584498986
    }
}