{
    "time": "2023-06-12T02:50:02.957843+02:00",
    "accelleration": {
        "x": 0.11224000155925751,
        "y": -0.9396439790725708,
        "z": -0.31207600235939026
    },
    "position": {
        "pitch": 353.53302961787796,
        "roll": 251.63392617587022,
        "yaw": 158.062707810061
    }
}