{
    "time": "2023-06-02T03:50:02.483133+02:00",
    "accelleration": {
        "x": 0.11321599781513214,
        "y": -0.9418399930000305,
        "z": -0.3172000050544739
    },
    "position": {
        "pitch": 353.50252215106326,
        "roll": 251.39519740399993,
        "yaw": 156.73602552605607
    }
}