{
    "time": "2022-07-07T20:40:03.526372+02:00",
    "accelleration": {
        "x": 0.10764598846435547,
        "y": -0.9217241406440735,
        "z": -0.34515294432640076
    },
    "position": {
        "pitch": 353.7619651791389,
        "roll": 249.46224020850798,
        "yaw": 152.4932759381842
    }
}