{
    "time": "2023-05-06T12:40:02.913058+02:00",
    "accelleration": {
        "x": 0.10931199789047241,
        "y": -0.9413520097732544,
        "z": -0.3108559846878052
    },
    "position": {
        "pitch": 353.7110909419929,
        "roll": 251.67065893322652,
        "yaw": 142.88878687071735
    }
}