{
    "time": "2022-07-04T12:30:03.038354+02:00",
    "accelleration": {
        "x": 0.11346468329429626,
        "y": -0.9224478602409363,
        "z": -0.3429836630821228
    },
    "position": {
        "pitch": 353.43660314160985,
        "roll": 249.58424104746274,
        "yaw": 116.3871474570693
    }
}