{
    "time": "2023-06-17T03:30:02.493512+02:00",
    "accelleration": {
        "x": 0.11126399785280228,
        "y": -0.9398880004882812,
        "z": -0.3106119930744171
    },
    "position": {
        "pitch": 353.59089113854486,
        "roll": 251.71991825752065,
        "yaw": 158.01839354272596
    }
}