{
    "time": "2023-06-06T13:10:02.454927+02:00",
    "accelleration": {
        "x": 0.11077599972486496,
        "y": -0.9401319622993469,
        "z": -0.3118319809436798
    },
    "position": {
        "pitch": 353.6149479185753,
        "roll": 251.65662972467132,
        "yaw": 158.0641421497867
    }
}