{
    "time": "2023-06-28T10:40:02.704289+02:00",
    "accelleration": {
        "x": 0.10955599695444107,
        "y": -0.9374479651451111,
        "z": -0.301827996969223
    },
    "position": {
        "pitch": 353.65379974212163,
        "roll": 252.15987806271784,
        "yaw": 158.61241509484196
    }
}