{
    "time": "2022-07-22T11:30:02.942055+02:00",
    "accelleration": {
        "x": 0.11079778522253036,
        "y": -0.9224478602409363,
        "z": -0.323701411485672
    },
    "position": {
        "pitch": 353.5493358407477,
        "roll": 250.65126002979127,
        "yaw": 139.90223201461592
    }
}