{
    "time": "2023-05-22T17:10:03.078131+02:00",
    "accelleration": {
        "x": 0.11150799691677094,
        "y": -0.9403759837150574,
        "z": -0.25522398948669434
    },
    "position": {
        "pitch": 353.4657996389907,
        "roll": 254.7478367392357,
        "yaw": 101.79984414478136
    }
}