{
    "time": "2022-07-03T09:30:02.618445+02:00",
    "accelleration": {
        "x": 0.11322224140167236,
        "y": -0.9188294410705566,
        "z": -0.3461170494556427
    },
    "position": {
        "pitch": 353.43892369838034,
        "roll": 249.34904348339336,
        "yaw": 128.3738972240099
    }
}