{
    "time": "2023-05-28T12:40:02.592452+02:00",
    "accelleration": {
        "x": 0.11150799691677094,
        "y": -0.9403759837150574,
        "z": -0.2549799978733063
    },
    "position": {
        "pitch": 353.4764363779625,
        "roll": 254.7730947787864,
        "yaw": 168.49328093688422
    }
}