{
    "time": "2023-06-04T22:50:02.814580+02:00",
    "accelleration": {
        "x": 0.11321599781513214,
        "y": -0.9406200051307678,
        "z": -0.31500399112701416
    },
    "position": {
        "pitch": 353.49020048980054,
        "roll": 251.49189239207976,
        "yaw": 157.964721916228
    }
}