{
    "time": "2022-07-05T10:50:02.725516+02:00",
    "accelleration": {
        "x": 0.11152512580156326,
        "y": -0.9188294410705566,
        "z": -0.3429836630821228
    },
    "position": {
        "pitch": 353.53143818380136,
        "roll": 249.5119981366115,
        "yaw": 120.11524229098067
    }
}