{
    "time": "2023-07-04T00:20:02.594615+02:00",
    "accelleration": {
        "x": 0.10979999601840973,
        "y": -0.9372040033340454,
        "z": -0.305976003408432
    },
    "position": {
        "pitch": 353.645462642466,
        "roll": 251.92841661212447,
        "yaw": 158.05063203560843
    }
}