{
    "time": "2023-05-17T14:00:03.102795+02:00",
    "accelleration": {
        "x": 0.10784799605607986,
        "y": -0.9435479640960693,
        "z": -0.3125639855861664
    },
    "position": {
        "pitch": 353.8099758594754,
        "roll": 251.68019387730786,
        "yaw": 97.6844229434169
    }
}