{
    "time": "2022-07-12T23:10:03.305981+02:00",
    "accelleration": {
        "x": 0.10570641607046127,
        "y": -0.9238952398300171,
        "z": -0.329968124628067
    },
    "position": {
        "pitch": 353.85103938365233,
        "roll": 250.33899744131665,
        "yaw": 155.4592582645056
    }
}