{
    "time": "2023-06-06T11:50:02.771790+02:00",
    "accelleration": {
        "x": 0.11199599504470825,
        "y": -0.9393999576568604,
        "z": -0.31451600790023804
    },
    "position": {
        "pitch": 353.54970893983113,
        "roll": 251.49170797697218,
        "yaw": 158.14667815571713
    }
}