{
    "time": "2023-05-08T11:40:03.169341+02:00",
    "accelleration": {
        "x": 0.1105320006608963,
        "y": -0.9406200051307678,
        "z": -0.31207600235939026
    },
    "position": {
        "pitch": 353.6348865214231,
        "roll": 251.65450553583946,
        "yaw": 159.33952971312485
    }
}