{
    "time": "2022-07-20T04:40:02.481526+02:00",
    "accelleration": {
        "x": 0.10788843780755997,
        "y": -0.9202768206596375,
        "z": -0.33093225955963135
    },
    "position": {
        "pitch": 353.7180129118299,
        "roll": 250.21382056439782,
        "yaw": 124.6683556747379
    }
}