{
    "time": "2023-06-06T22:00:02.803003+02:00",
    "accelleration": {
        "x": 0.11248400062322617,
        "y": -0.9401319622993469,
        "z": -0.31329599022865295
    },
    "position": {
        "pitch": 353.52357877050076,
        "roll": 251.57476307727956,
        "yaw": 158.45425523442114
    }
}