{
    "time": "2023-05-17T11:10:03.199617+02:00",
    "accelleration": {
        "x": 0.11492399871349335,
        "y": -0.9428159594535828,
        "z": -0.3169559836387634
    },
    "position": {
        "pitch": 353.4161142816471,
        "roll": 251.43731918061138,
        "yaw": 137.98339965032756
    }
}