{
    "time": "2023-05-06T05:00:03.096570+02:00",
    "accelleration": {
        "x": 0.11077599972486496,
        "y": -0.9415959715843201,
        "z": -0.31378400325775146
    },
    "position": {
        "pitch": 353.63796907117285,
        "roll": 251.58649734227362,
        "yaw": 168.55467067714432
    }
}