{
    "time": "2023-06-13T03:50:03.686701+02:00",
    "accelleration": {
        "x": 0.11101999878883362,
        "y": -0.9396439790725708,
        "z": -0.31329599022865295
    },
    "position": {
        "pitch": 353.6061963118144,
        "roll": 251.56865688816157,
        "yaw": 158.7484314819736
    }
}