{
    "time": "2023-05-23T10:10:03.353480+02:00",
    "accelleration": {
        "x": 0.1134599968791008,
        "y": -0.9403759837150574,
        "z": -0.32207998633384705
    },
    "position": {
        "pitch": 353.4887503552624,
        "roll": 251.1090739494789,
        "yaw": 181.21776307854358
    }
}