{
    "time": "2023-07-04T23:10:02.738106+02:00",
    "accelleration": {
        "x": 0.10955599695444107,
        "y": -0.9381799697875977,
        "z": -0.3054879903793335
    },
    "position": {
        "pitch": 353.66441044099724,
        "roll": 251.96997148303484,
        "yaw": 158.63510498326474
    }
}