{
    "time": "2022-07-01T14:20:02.550032+02:00",
    "accelleration": {
        "x": 0.10691864788532257,
        "y": -0.9190706610679626,
        "z": -0.347563236951828
    },
    "position": {
        "pitch": 353.79358297858056,
        "roll": 249.2667397038947,
        "yaw": 135.772289831076
    }
}