{
    "time": "2023-04-29T13:50:03.451577+02:00",
    "accelleration": {
        "x": 0.10638399422168732,
        "y": -0.9391559958457947,
        "z": -0.3042680025100708
    },
    "position": {
        "pitch": 353.8485766735697,
        "roll": 252.05624360244127,
        "yaw": 150.1103732009285
    }
}