{
    "time": "2023-07-01T16:50:02.563374+02:00",
    "accelleration": {
        "x": 0.10906799882650375,
        "y": -0.937936007976532,
        "z": -0.305976003408432
    },
    "position": {
        "pitch": 353.68796989787876,
        "roll": 251.93928344309396,
        "yaw": 157.93296153658744
    }
}