{
    "time": "2023-05-31T20:40:03.015537+02:00",
    "accelleration": {
        "x": 0.10784799605607986,
        "y": -0.9989359974861145,
        "z": -0.3076840043067932
    },
    "position": {
        "pitch": 354.1039057933309,
        "roll": 252.86443939636135,
        "yaw": 146.34327798685635
    }
}