{
    "time": "2023-06-07T02:30:03.416639+02:00",
    "accelleration": {
        "x": 0.11248400062322617,
        "y": -0.9401319622993469,
        "z": -0.31329599022865295
    },
    "position": {
        "pitch": 353.5225311902368,
        "roll": 251.57660039816628,
        "yaw": 158.9587739876533
    }
}