{
    "time": "2022-07-09T07:40:03.150309+02:00",
    "accelleration": {
        "x": 0.11152512580156326,
        "y": -0.9212417006492615,
        "z": -0.34515294432640076
    },
    "position": {
        "pitch": 353.55213707208105,
        "roll": 249.4520700568338,
        "yaw": 110.10047742044948
    }
}