{
    "time": "2022-06-30T18:20:02.953329+02:00",
    "accelleration": {
        "x": 0.11322224140167236,
        "y": -0.9210004806518555,
        "z": -0.34177854657173157
    },
    "position": {
        "pitch": 353.43757430913246,
        "roll": 249.62856214498694,
        "yaw": 126.8555598318944
    }
}