{
    "time": "2022-06-30T07:20:02.707869+02:00",
    "accelleration": {
        "x": 0.11637403815984726,
        "y": -0.9207592606544495,
        "z": -0.34973248839378357
    },
    "position": {
        "pitch": 353.28072968701366,
        "roll": 249.18610249055354,
        "yaw": 190.28239399401264
    }
}