{
    "time": "2023-06-07T07:50:03.278160+02:00",
    "accelleration": {
        "x": 0.11150799691677094,
        "y": -0.9418399930000305,
        "z": -0.313539981842041
    },
    "position": {
        "pitch": 353.5911220843162,
        "roll": 251.59539024857298,
        "yaw": 158.83828945069428
    }
}