{
    "time": "2023-05-19T16:20:03.015119+02:00",
    "accelleration": {
        "x": 0.11126399785280228,
        "y": -0.9403759837150574,
        "z": -0.31622397899627686
    },
    "position": {
        "pitch": 353.6001451910966,
        "roll": 251.4280847648535,
        "yaw": 161.4707126587089
    }
}