{
    "time": "2023-06-09T09:20:02.941239+02:00",
    "accelleration": {
        "x": 0.1117519959807396,
        "y": -0.9408639669418335,
        "z": -0.3111000061035156
    },
    "position": {
        "pitch": 353.51735945637466,
        "roll": 251.70689308677345,
        "yaw": 157.97437980371438
    }
}