{
    "time": "2023-06-19T03:10:02.944931+02:00",
    "accelleration": {
        "x": 0.11126399785280228,
        "y": -0.9401319622993469,
        "z": -0.30817198753356934
    },
    "position": {
        "pitch": 353.5846150484713,
        "roll": 251.85505355024935,
        "yaw": 157.71852091740573
    }
}