{
    "time": "2023-04-29T09:40:02.501321+02:00",
    "accelleration": {
        "x": 0.11297199875116348,
        "y": -0.9440360069274902,
        "z": -0.3089039921760559
    },
    "position": {
        "pitch": 353.5221213788866,
        "roll": 251.89224393028007,
        "yaw": 142.80786278943103
    }
}