{
    "time": "2023-05-19T22:00:03.137356+02:00",
    "accelleration": {
        "x": 0.115167997777462,
        "y": -0.9425719976425171,
        "z": -0.3169559836387634
    },
    "position": {
        "pitch": 353.403124969393,
        "roll": 251.42736759499067,
        "yaw": 191.3476849384812
    }
}