{
    "time": "2022-07-11T04:10:02.527136+02:00",
    "accelleration": {
        "x": 0.10788843780755997,
        "y": -0.9226890206336975,
        "z": -0.3297271132469177
    },
    "position": {
        "pitch": 353.7366704273214,
        "roll": 250.32095208152947,
        "yaw": 184.05461384841666
    }
}