{
    "time": "2023-07-06T01:10:03.177839+02:00",
    "accelleration": {
        "x": 0.11101999878883362,
        "y": -0.9386679530143738,
        "z": -0.30621999502182007
    },
    "position": {
        "pitch": 353.5853544164489,
        "roll": 251.93804034866503,
        "yaw": 158.41015953313953
    }
}