{
    "time": "2023-05-07T05:50:02.773575+02:00",
    "accelleration": {
        "x": 0.10833600163459778,
        "y": -0.9391559958457947,
        "z": -0.30743998289108276
    },
    "position": {
        "pitch": 353.7442071141837,
        "roll": 251.88492196748984,
        "yaw": 171.9495342418291
    }
}