{
    "time": "2022-07-11T05:40:02.503482+02:00",
    "accelleration": {
        "x": 0.10837332904338837,
        "y": -0.9219653606414795,
        "z": -0.3265937268733978
    },
    "position": {
        "pitch": 353.6904851150406,
        "roll": 250.47941930046295,
        "yaw": 169.0174979556827
    }
}