{
    "time": "2022-07-21T00:50:03.366152+02:00",
    "accelleration": {
        "x": 0.10522152483463287,
        "y": -0.9214829206466675,
        "z": -0.32346034049987793
    },
    "position": {
        "pitch": 353.8586951719383,
        "roll": 250.63277070770806,
        "yaw": 167.65349551805284
    }
}