{
    "time": "2023-05-17T13:20:03.227755+02:00",
    "accelleration": {
        "x": 0.1088239997625351,
        "y": -0.9406200051307678,
        "z": -0.31573599576950073
    },
    "position": {
        "pitch": 353.7325078539091,
        "roll": 251.52638484738833,
        "yaw": 167.15661291631272
    }
}