{
    "time": "2023-05-21T12:20:03.455861+02:00",
    "accelleration": {
        "x": 0.10906799882650375,
        "y": -0.9391559958457947,
        "z": -0.3159799873828888
    },
    "position": {
        "pitch": 353.71682573957474,
        "roll": 251.41271000903183,
        "yaw": 104.14578189824897
    }
}