{
    "time": "2023-07-01T16:10:03.280935+02:00",
    "accelleration": {
        "x": 0.10906799882650375,
        "y": -0.9386679530143738,
        "z": -0.3076840043067932
    },
    "position": {
        "pitch": 353.6974839245058,
        "roll": 251.8553882295187,
        "yaw": 158.26449891889985
    }
}