{
    "time": "2023-05-27T14:10:02.530444+02:00",
    "accelleration": {
        "x": 0.11150799691677094,
        "y": -0.9384239912033081,
        "z": -0.3084160089492798
    },
    "position": {
        "pitch": 353.56206176383193,
        "roll": 251.8120643396133,
        "yaw": 198.61241074349016
    }
}