{
    "time": "2022-07-14T16:50:02.967454+02:00",
    "accelleration": {
        "x": 0.10691864788532257,
        "y": -0.9219653606414795,
        "z": -0.3159884810447693
    },
    "position": {
        "pitch": 353.7416709795675,
        "roll": 251.043592925906,
        "yaw": 143.36414071619356
    }
}