{
    "time": "2022-07-22T09:00:02.672753+02:00",
    "accelleration": {
        "x": 0.10449419170618057,
        "y": -0.9210004806518555,
        "z": -0.3203270137310028
    },
    "position": {
        "pitch": 353.89319701875695,
        "roll": 250.8096999279681,
        "yaw": 146.12031329159046
    }
}