{
    "time": "2023-06-29T16:20:02.946155+02:00",
    "accelleration": {
        "x": 0.10979999601840973,
        "y": -0.9396439790725708,
        "z": -0.30329200625419617
    },
    "position": {
        "pitch": 353.6549719733379,
        "roll": 252.1195526258581,
        "yaw": 158.44743870562948
    }
}