{
    "time": "2023-05-27T08:10:02.868797+02:00",
    "accelleration": {
        "x": 0.11199599504470825,
        "y": -0.9425719976425171,
        "z": -0.3089039921760559
    },
    "position": {
        "pitch": 353.5660616933646,
        "roll": 251.86888468331864,
        "yaw": 174.8902448682214
    }
}