{
    "time": "2022-07-20T17:30:03.363930+02:00",
    "accelleration": {
        "x": 0.10109994560480118,
        "y": -0.9197943806648254,
        "z": -0.32948607206344604
    },
    "position": {
        "pitch": 354.0911636485474,
        "roll": 250.2719113232888,
        "yaw": 150.448863715816
    }
}