{
    "time": "2023-06-09T08:40:02.815239+02:00",
    "accelleration": {
        "x": 0.11248400062322617,
        "y": -0.941107988357544,
        "z": -0.3118319809436798
    },
    "position": {
        "pitch": 353.5295065209267,
        "roll": 251.67143757479192,
        "yaw": 158.06705181037313
    }
}