{
    "time": "2023-06-06T22:30:03.438804+02:00",
    "accelleration": {
        "x": 0.11224000155925751,
        "y": -0.9401319622993469,
        "z": -0.31378400325775146
    },
    "position": {
        "pitch": 353.5389223635844,
        "roll": 251.55264692474705,
        "yaw": 158.44982927183898
    }
}