{
    "time": "2023-07-02T09:40:03.049424+02:00",
    "accelleration": {
        "x": 0.10979999601840973,
        "y": -0.9372040033340454,
        "z": -0.30914798378944397
    },
    "position": {
        "pitch": 353.6502429211114,
        "roll": 251.7513166371352,
        "yaw": 158.3663506998031
    }
}