{
    "time": "2023-04-28T09:00:03.422916+02:00",
    "accelleration": {
        "x": 0.11248400062322617,
        "y": -0.9437919855117798,
        "z": -0.3111000061035156
    },
    "position": {
        "pitch": 353.55139685032975,
        "roll": 251.77697082765778,
        "yaw": 197.909912126976
    }
}