{
    "time": "2023-06-07T11:10:03.164999+02:00",
    "accelleration": {
        "x": 0.11370399594306946,
        "y": -0.9428159594535828,
        "z": -0.31866398453712463
    },
    "position": {
        "pitch": 353.4834428713905,
        "roll": 251.33392377695571,
        "yaw": 159.29540669108655
    }
}