{
    "time": "2022-07-03T03:10:02.652333+02:00",
    "accelleration": {
        "x": 0.11128267645835876,
        "y": -0.9195531010627747,
        "z": -0.3384041488170624
    },
    "position": {
        "pitch": 353.53122474038975,
        "roll": 249.77602592916753,
        "yaw": 170.51773534649766
    }
}