{
    "time": "2022-07-07T02:50:02.764216+02:00",
    "accelleration": {
        "x": 0.11249490827322006,
        "y": -0.9207592606544495,
        "z": -0.34997349977493286
    },
    "position": {
        "pitch": 353.50131320758015,
        "roll": 249.17447750858616,
        "yaw": 188.03945549322884
    }
}