{
    "time": "2022-07-15T16:00:02.826315+02:00",
    "accelleration": {
        "x": 0.10885821282863617,
        "y": -0.9210004806518555,
        "z": -0.31960391998291016
    },
    "position": {
        "pitch": 353.6420979205261,
        "roll": 250.81646864543558,
        "yaw": 189.75760323932388
    }
}