{
    "time": "2022-07-07T21:10:03.039492+02:00",
    "accelleration": {
        "x": 0.10473663359880447,
        "y": -0.9207592606544495,
        "z": -0.3396092653274536
    },
    "position": {
        "pitch": 353.9060181376027,
        "roll": 249.7332279638282,
        "yaw": 134.54188589361158
    }
}