{
    "time": "2023-05-27T15:20:02.858487+02:00",
    "accelleration": {
        "x": 0.10833600163459778,
        "y": -0.937936007976532,
        "z": -0.30866000056266785
    },
    "position": {
        "pitch": 353.73831778357186,
        "roll": 251.7904467908902,
        "yaw": 145.8307405915386
    }
}