{
    "time": "2022-07-17T11:30:02.395217+02:00",
    "accelleration": {
        "x": 0.10667620599269867,
        "y": -0.9222065806388855,
        "z": -0.3203270137310028
    },
    "position": {
        "pitch": 353.7683505522392,
        "roll": 250.81433079622536,
        "yaw": 150.84689981988768
    }
}