{
    "time": "2023-06-20T03:00:02.733805+02:00",
    "accelleration": {
        "x": 0.11126399785280228,
        "y": -0.9403759837150574,
        "z": -0.3076840043067932
    },
    "position": {
        "pitch": 353.58533392588146,
        "roll": 251.88775649599538,
        "yaw": 157.74846446672706
    }
}