{
    "time": "2023-06-07T22:30:02.984335+02:00",
    "accelleration": {
        "x": 0.1117519959807396,
        "y": -0.9403759837150574,
        "z": -0.31207600235939026
    },
    "position": {
        "pitch": 353.5644501956073,
        "roll": 251.64272345952116,
        "yaw": 158.19224917785945
    }
}