{
    "time": "2023-06-02T22:40:02.940205+02:00",
    "accelleration": {
        "x": 0.1134599968791008,
        "y": -0.9384239912033081,
        "z": -0.31329599022865295
    },
    "position": {
        "pitch": 353.4555603316512,
        "roll": 251.54471707512067,
        "yaw": 159.92439881175304
    }
}