{
    "time": "2022-07-06T02:50:02.452286+02:00",
    "accelleration": {
        "x": 0.11249490827322006,
        "y": -0.9202768206596375,
        "z": -0.3473221957683563
    },
    "position": {
        "pitch": 353.55908124003287,
        "roll": 249.31030948061021,
        "yaw": 126.38679028877809
    }
}