{
    "time": "2022-07-16T08:10:02.567114+02:00",
    "accelleration": {
        "x": 0.10837332904338837,
        "y": -0.9226890206336975,
        "z": -0.32948607206344604
    },
    "position": {
        "pitch": 353.7002552737615,
        "roll": 250.33332838430553,
        "yaw": 139.61118399370332
    }
}