{
    "time": "2023-05-31T03:10:02.560104+02:00",
    "accelleration": {
        "x": 0.10906799882650375,
        "y": -0.9393999576568604,
        "z": -0.3118319809436798
    },
    "position": {
        "pitch": 353.71304394920867,
        "roll": 251.58194160609725,
        "yaw": 165.03689102815596
    }
}