{
    "time": "2023-05-06T11:00:03.343987+02:00",
    "accelleration": {
        "x": 0.10979999601840973,
        "y": -0.9401319622993469,
        "z": -0.30451199412345886
    },
    "position": {
        "pitch": 353.6633590187519,
        "roll": 252.05731594214095,
        "yaw": 155.20509326511106
    }
}