{
    "time": "2023-05-16T15:40:02.781206+02:00",
    "accelleration": {
        "x": 0.11321599781513214,
        "y": -0.9401319622993469,
        "z": -0.31036800146102905
    },
    "position": {
        "pitch": 353.4800563782226,
        "roll": 251.8004666784026,
        "yaw": 124.60771725528653
    }
}