{
    "time": "2023-06-05T20:30:02.802450+02:00",
    "accelleration": {
        "x": 0.11248400062322617,
        "y": -0.9396439790725708,
        "z": -0.3130519986152649
    },
    "position": {
        "pitch": 353.51944650605293,
        "roll": 251.5767165113822,
        "yaw": 159.2022838919426
    }
}