{
    "time": "2023-05-13T01:40:02.901155+02:00",
    "accelleration": {
        "x": 0.10979999601840973,
        "y": -0.9418399930000305,
        "z": -0.31378400325775146
    },
    "position": {
        "pitch": 353.686243567566,
        "roll": 251.58170937966545,
        "yaw": 186.61088044718565
    }
}