{
    "time": "2023-06-29T20:20:02.657360+02:00",
    "accelleration": {
        "x": 0.10906799882650375,
        "y": -0.9389119744300842,
        "z": -0.30280399322509766
    },
    "position": {
        "pitch": 353.69300801616527,
        "roll": 252.12978424923477,
        "yaw": 158.78704937154086
    }
}