{
    "time": "2023-05-18T13:50:02.898085+02:00",
    "accelleration": {
        "x": 0.10906799882650375,
        "y": -0.9440360069274902,
        "z": -0.3130519986152649
    },
    "position": {
        "pitch": 353.73933889685276,
        "roll": 251.66811810285526,
        "yaw": 155.84023255603054
    }
}