{
    "time": "2023-06-27T08:00:02.959937+02:00",
    "accelleration": {
        "x": 0.11028799414634705,
        "y": -0.937936007976532,
        "z": -0.301827996969223
    },
    "position": {
        "pitch": 353.61854102496557,
        "roll": 252.16948813888007,
        "yaw": 158.34351054721856
    }
}