{
    "time": "2022-07-21T20:40:03.385331+02:00",
    "accelleration": {
        "x": 0.11225245893001556,
        "y": -0.9214829206466675,
        "z": -0.31839877367019653
    },
    "position": {
        "pitch": 353.4489956660852,
        "roll": 250.92295129459606,
        "yaw": 126.87789455048035
    }
}