{
    "time": "2023-04-29T17:40:03.540457+02:00",
    "accelleration": {
        "x": 0.10833600163459778,
        "y": -0.9408639669418335,
        "z": -0.3076840043067932
    },
    "position": {
        "pitch": 353.7561667754204,
        "roll": 251.89986642139382,
        "yaw": 142.03718522462182
    }
}