{
    "time": "2023-07-03T08:40:03.081992+02:00",
    "accelleration": {
        "x": 0.11004399508237839,
        "y": -0.9386679530143738,
        "z": -0.3084160089492798
    },
    "position": {
        "pitch": 353.6449273263898,
        "roll": 251.81854618913565,
        "yaw": 158.2270694822482
    }
}