{
    "time": "2023-06-04T19:30:02.749262+02:00",
    "accelleration": {
        "x": 0.11370399594306946,
        "y": -0.9396439790725708,
        "z": -0.31378400325775146
    },
    "position": {
        "pitch": 353.45362183858737,
        "roll": 251.53876115016442,
        "yaw": 158.3480321324491
    }
}