{
    "time": "2022-07-17T22:00:03.003988+02:00",
    "accelleration": {
        "x": 0.11176756769418716,
        "y": -0.9207592606544495,
        "z": -0.3285219669342041
    },
    "position": {
        "pitch": 353.4914457186636,
        "roll": 250.34762397023837,
        "yaw": 129.71854290553196
    }
}