{
    "time": "2022-07-19T04:10:02.596085+02:00",
    "accelleration": {
        "x": 0.10740353912115097,
        "y": -0.9229303002357483,
        "z": -0.3282809257507324
    },
    "position": {
        "pitch": 353.7526001360132,
        "roll": 250.41026363511656,
        "yaw": 158.24419959668657
    }
}