{
    "time": "2023-05-21T20:50:03.400497+02:00",
    "accelleration": {
        "x": 0.11077599972486496,
        "y": -0.941107988357544,
        "z": -0.3201279938220978
    },
    "position": {
        "pitch": 353.6356459530814,
        "roll": 251.22695618436416,
        "yaw": 193.53105052932415
    }
}