{
    "time": "2023-06-22T08:50:03.016873+02:00",
    "accelleration": {
        "x": 0.1088239997625351,
        "y": -0.9391559958457947,
        "z": -0.3054879903793335
    },
    "position": {
        "pitch": 353.7148057111277,
        "roll": 251.986650804988,
        "yaw": 158.15786600557763
    }
}