{
    "time": "2023-06-14T01:10:02.468571+02:00",
    "accelleration": {
        "x": 0.11370399594306946,
        "y": -0.9408639669418335,
        "z": -0.3169559836387634
    },
    "position": {
        "pitch": 353.46710164380124,
        "roll": 251.38949419604296,
        "yaw": 158.00853074956447
    }
}