{
    "time": "2023-05-06T23:40:02.468509+02:00",
    "accelleration": {
        "x": 0.11297199875116348,
        "y": -0.9413520097732544,
        "z": -0.30987998843193054
    },
    "position": {
        "pitch": 353.5006348844182,
        "roll": 251.78217543180534,
        "yaw": 122.00510099280984
    }
}