{
    "time": "2023-05-27T05:40:02.522874+02:00",
    "accelleration": {
        "x": 0.10931199789047241,
        "y": -0.9381799697875977,
        "z": -0.3184199929237366
    },
    "position": {
        "pitch": 353.70536767035526,
        "roll": 251.2762633199825,
        "yaw": 96.38581956708988
    }
}