{
    "time": "2023-04-28T12:40:03.341145+02:00",
    "accelleration": {
        "x": 0.11224000155925751,
        "y": -0.9425719976425171,
        "z": -0.3042680025100708
    },
    "position": {
        "pitch": 353.5444757342664,
        "roll": 252.11370598392858,
        "yaw": 198.40006016219445
    }
}