{
    "time": "2023-05-08T16:50:03.240928+02:00",
    "accelleration": {
        "x": 0.11224000155925751,
        "y": -0.9384239912033081,
        "z": -0.31207600235939026
    },
    "position": {
        "pitch": 353.46676226877685,
        "roll": 251.61345609892766,
        "yaw": 196.45575119230196
    }
}