{
    "time": "2022-07-03T10:20:02.415862+02:00",
    "accelleration": {
        "x": 0.10764598846435547,
        "y": -0.9197943806648254,
        "z": -0.3412964642047882
    },
    "position": {
        "pitch": 353.7443804302339,
        "roll": 249.6170669366138,
        "yaw": 150.0371262522693
    }
}