{
    "time": "2022-07-18T12:30:05.177737+02:00",
    "accelleration": {
        "x": 0.11225245893001556,
        "y": -0.9202768206596375,
        "z": -0.3290040194988251
    },
    "position": {
        "pitch": 353.47199547434155,
        "roll": 250.29968287245407,
        "yaw": 112.00978850103485
    }
}