{
    "time": "2022-07-03T17:10:03.101245+02:00",
    "accelleration": {
        "x": 0.10861577093601227,
        "y": -0.9176233410835266,
        "z": -0.34659910202026367
    },
    "position": {
        "pitch": 353.6865261666429,
        "roll": 249.2960275550557,
        "yaw": 160.16876931987775
    }
}