{
    "time": "2022-07-09T07:00:02.901560+02:00",
    "accelleration": {
        "x": 0.11007044464349747,
        "y": -0.9219653606414795,
        "z": -0.33575281500816345
    },
    "position": {
        "pitch": 353.6148501614928,
        "roll": 249.97039262237857,
        "yaw": 169.6648223040815
    }
}