{
    "time": "2023-05-24T03:30:03.330569+02:00",
    "accelleration": {
        "x": 0.1134599968791008,
        "y": -0.9435479640960693,
        "z": -0.30817198753356934
    },
    "position": {
        "pitch": 353.48206872270686,
        "roll": 251.91453083754183,
        "yaw": 191.826317274759
    }
}