{
    "time": "2023-06-02T21:20:02.781510+02:00",
    "accelleration": {
        "x": 0.11321599781513214,
        "y": -0.9406200051307678,
        "z": -0.31378400325775146
    },
    "position": {
        "pitch": 353.4848737960216,
        "roll": 251.55834330251486,
        "yaw": 159.39384337740478
    }
}