{
    "time": "2023-05-21T06:10:02.510689+02:00",
    "accelleration": {
        "x": 0.10955599695444107,
        "y": -0.9403759837150574,
        "z": -0.32330000400543213
    },
    "position": {
        "pitch": 353.7123681873677,
        "roll": 251.05286832279887,
        "yaw": 162.44327695500536
    }
}