{
    "time": "2023-05-01T02:10:03.186317+02:00",
    "accelleration": {
        "x": 0.10906799882650375,
        "y": -0.9428159594535828,
        "z": -0.31329599022865295
    },
    "position": {
        "pitch": 353.73833485904476,
        "roll": 251.6295958359364,
        "yaw": 178.95859240582615
    }
}