{
    "time": "2023-05-25T13:00:03.149703+02:00",
    "accelleration": {
        "x": 0.11101999878883362,
        "y": -0.9381799697875977,
        "z": -0.3079279959201813
    },
    "position": {
        "pitch": 353.589652739871,
        "roll": 251.83570362433073,
        "yaw": 181.40572988450234
    }
}