{
    "time": "2023-07-04T11:40:02.804969+02:00",
    "accelleration": {
        "x": 0.10955599695444107,
        "y": -0.9381799697875977,
        "z": -0.3054879903793335
    },
    "position": {
        "pitch": 353.66310886307355,
        "roll": 251.97080476611356,
        "yaw": 158.10704939815272
    }
}