{
    "time": "2023-06-05T05:30:02.662857+02:00",
    "accelleration": {
        "x": 0.11419199407100677,
        "y": -0.9418399930000305,
        "z": -0.31573599576950073
    },
    "position": {
        "pitch": 353.44275628827836,
        "roll": 251.473580654915,
        "yaw": 157.5863294362093
    }
}