{
    "time": "2023-07-05T12:50:02.752867+02:00",
    "accelleration": {
        "x": 0.1088239997625351,
        "y": -0.937936007976532,
        "z": -0.30695199966430664
    },
    "position": {
        "pitch": 353.70490108305756,
        "roll": 251.88372668438507,
        "yaw": 158.09972743536247
    }
}