{
    "time": "2022-07-20T02:50:03.077854+02:00",
    "accelleration": {
        "x": 0.10716108977794647,
        "y": -0.9224478602409363,
        "z": -0.3239424228668213
    },
    "position": {
        "pitch": 353.69614349988115,
        "roll": 250.62251859376386,
        "yaw": 168.2505496741603
    }
}