{
    "time": "2023-06-10T02:50:02.540354+02:00",
    "accelleration": {
        "x": 0.11394799500703812,
        "y": -0.9423279762268066,
        "z": -0.3147599995136261
    },
    "position": {
        "pitch": 353.46002642159476,
        "roll": 251.53304428182912,
        "yaw": 158.9599351198122
    }
}