{
    "time": "2023-05-25T19:10:02.967888+02:00",
    "accelleration": {
        "x": 0.11467999964952469,
        "y": -0.9408639669418335,
        "z": -0.31280800700187683
    },
    "position": {
        "pitch": 353.41372883807946,
        "roll": 251.60954240053326,
        "yaw": 183.03509883176557
    }
}