{
    "time": "2022-07-12T07:50:03.653940+02:00",
    "accelleration": {
        "x": 0.10958555340766907,
        "y": -0.9214829206466675,
        "z": -0.3251475393772125
    },
    "position": {
        "pitch": 353.61911134576127,
        "roll": 250.5488071922411,
        "yaw": 123.21965889139986
    }
}