{
    "time": "2023-05-04T05:40:03.045067+02:00",
    "accelleration": {
        "x": 0.11028799414634705,
        "y": -0.9413520097732544,
        "z": -0.31036800146102905
    },
    "position": {
        "pitch": 353.65244821843964,
        "roll": 251.76112478878335,
        "yaw": 196.06535123972236
    }
}