{
    "time": "2023-04-30T03:40:03.310127+02:00",
    "accelleration": {
        "x": 0.11126399785280228,
        "y": -0.9389119744300842,
        "z": -0.3071959912776947
    },
    "position": {
        "pitch": 353.5757716610434,
        "roll": 251.89238053406348,
        "yaw": 140.9083188793588
    }
}