{
    "time": "2023-05-01T02:20:02.870405+02:00",
    "accelleration": {
        "x": 0.11126399785280228,
        "y": -0.9406200051307678,
        "z": -0.3111000061035156
    },
    "position": {
        "pitch": 353.59687096916326,
        "roll": 251.70864161520097,
        "yaw": 189.59742164290876
    }
}