{
    "time": "2023-05-11T16:20:03.201657+02:00",
    "accelleration": {
        "x": 0.11004399508237839,
        "y": -0.9425719976425171,
        "z": -0.3113439977169037
    },
    "position": {
        "pitch": 353.6715539650954,
        "roll": 251.66457323467603,
        "yaw": 159.36963718698627
    }
}