{
    "time": "2023-05-15T10:10:03.443367+02:00",
    "accelleration": {
        "x": 0.10955599695444107,
        "y": -0.9398880004882812,
        "z": -0.31451600790023804
    },
    "position": {
        "pitch": 353.69384898320686,
        "roll": 251.5084487706279,
        "yaw": 112.54127967129939
    }
}