{
    "time": "2023-06-03T23:00:03.190385+02:00",
    "accelleration": {
        "x": 0.11492399871349335,
        "y": -0.9408639669418335,
        "z": -0.3169559836387634
    },
    "position": {
        "pitch": 353.3967498415764,
        "roll": 251.3881827997223,
        "yaw": 159.52498300946903
    }
}