{
    "time": "2022-07-16T08:40:03.146180+02:00",
    "accelleration": {
        "x": 0.10740353912115097,
        "y": -0.9224478602409363,
        "z": -0.32611170411109924
    },
    "position": {
        "pitch": 353.7464119846251,
        "roll": 250.52018186942956,
        "yaw": 168.5656946024647
    }
}