{
    "time": "2023-06-02T11:20:03.381510+02:00",
    "accelleration": {
        "x": 0.11370399594306946,
        "y": -0.9398880004882812,
        "z": -0.31451600790023804
    },
    "position": {
        "pitch": 353.45418020655205,
        "roll": 251.5017688456196,
        "yaw": 156.75147541395864
    }
}