{
    "time": "2023-05-25T11:00:03.362442+02:00",
    "accelleration": {
        "x": 0.10931199789047241,
        "y": -0.9386679530143738,
        "z": -0.31451600790023804
    },
    "position": {
        "pitch": 353.7007961393664,
        "roll": 251.48976137305874,
        "yaw": 100.98037170854158
    }
}