{
    "time": "2022-07-11T21:00:03.247520+02:00",
    "accelleration": {
        "x": 0.10667620599269867,
        "y": -0.9226890206336975,
        "z": -0.3222552239894867
    },
    "position": {
        "pitch": 353.7783862345641,
        "roll": 250.71839395914333,
        "yaw": 143.67317945537997
    }
}