{
    "time": "2022-07-13T02:30:03.312359+02:00",
    "accelleration": {
        "x": 0.10861577093601227,
        "y": -0.9202768206596375,
        "z": -0.329968124628067
    },
    "position": {
        "pitch": 353.6776674112894,
        "roll": 250.26053905832072,
        "yaw": 110.5879480215133
    }
}