{
    "time": "2023-06-11T07:50:03.126753+02:00",
    "accelleration": {
        "x": 0.11150799691677094,
        "y": -0.9423279762268066,
        "z": -0.3142719864845276
    },
    "position": {
        "pitch": 353.5945000397476,
        "roll": 251.5654808501975,
        "yaw": 158.3697657943881
    }
}