{
    "time": "2022-07-22T00:20:03.263887+02:00",
    "accelleration": {
        "x": 0.11128267645835876,
        "y": -0.9207592606544495,
        "z": -0.3302091658115387
    },
    "position": {
        "pitch": 353.5245392658528,
        "roll": 250.25713762411405,
        "yaw": 185.81132484256563
    }
}