{
    "time": "2022-07-10T14:20:02.895924+02:00",
    "accelleration": {
        "x": 0.10473663359880447,
        "y": -0.9226890206336975,
        "z": -0.32153213024139404
    },
    "position": {
        "pitch": 353.88604026116724,
        "roll": 250.76278335855926,
        "yaw": 156.21381658287356
    }
}