{
    "time": "2023-06-10T07:10:02.869575+02:00",
    "accelleration": {
        "x": 0.1134599968791008,
        "y": -0.9418399930000305,
        "z": -0.3169559836387634
    },
    "position": {
        "pitch": 353.48958022324655,
        "roll": 251.41005989563388,
        "yaw": 158.3162171112952
    }
}