{
    "time": "2023-06-23T07:20:03.407506+02:00",
    "accelleration": {
        "x": 0.10858000069856644,
        "y": -0.9389119744300842,
        "z": -0.30451199412345886
    },
    "position": {
        "pitch": 353.72502538167333,
        "roll": 252.0385807332476,
        "yaw": 158.43564979912205
    }
}