{
    "time": "2023-06-08T02:40:03.271035+02:00",
    "accelleration": {
        "x": 0.11224000155925751,
        "y": -0.9401319622993469,
        "z": -0.31378400325775146
    },
    "position": {
        "pitch": 353.540694797674,
        "roll": 251.54874005654182,
        "yaw": 158.48769584059752
    }
}