{
    "time": "2023-05-05T19:10:02.905327+02:00",
    "accelleration": {
        "x": 0.11224000155925751,
        "y": -0.9393999576568604,
        "z": -0.3106119930744171
    },
    "position": {
        "pitch": 353.52904249495,
        "roll": 251.7176369743379,
        "yaw": 123.70259424685477
    }
}