{
    "time": "2023-05-20T04:20:03.296680+02:00",
    "accelleration": {
        "x": 0.11028799414634705,
        "y": -0.9423279762268066,
        "z": -0.3201279938220978
    },
    "position": {
        "pitch": 353.6726497835704,
        "roll": 251.2529792051019,
        "yaw": 182.5430383435795
    }
}