{
    "time": "2023-06-09T19:20:03.127094+02:00",
    "accelleration": {
        "x": 0.1105320006608963,
        "y": -0.9406200051307678,
        "z": -0.30987998843193054
    },
    "position": {
        "pitch": 353.63109448577325,
        "roll": 251.77027041208197,
        "yaw": 157.4389339539204
    }
}