{
    "time": "2023-05-18T07:00:02.851354+02:00",
    "accelleration": {
        "x": 0.10662800073623657,
        "y": -0.9403759837150574,
        "z": -0.3140279948711395
    },
    "position": {
        "pitch": 353.85965993615855,
        "roll": 251.5415410371566,
        "yaw": 166.26897519215623
    }
}