{
    "time": "2023-05-28T11:00:02.584455+02:00",
    "accelleration": {
        "x": 0.11077599972486496,
        "y": -0.9420839548110962,
        "z": -0.31744399666786194
    },
    "position": {
        "pitch": 353.6437205173408,
        "roll": 251.38864725258588,
        "yaw": 130.4669403932686
    }
}