{
    "time": "2023-05-07T05:00:02.982391+02:00",
    "accelleration": {
        "x": 0.11467999964952469,
        "y": -0.9413520097732544,
        "z": -0.3130519986152649
    },
    "position": {
        "pitch": 353.4120972766415,
        "roll": 251.68580146261644,
        "yaw": 172.68770010618906
    }
}