{
    "time": "2023-05-28T08:00:02.552594+02:00",
    "accelleration": {
        "x": 0.11321599781513214,
        "y": -0.9415959715843201,
        "z": -0.3142719864845276
    },
    "position": {
        "pitch": 353.49831688896865,
        "roll": 251.5533162832857,
        "yaw": 117.70413087245282
    }
}