{
    "time": "2023-05-26T02:20:03.409100+02:00",
    "accelleration": {
        "x": 0.11101999878883362,
        "y": -0.9420839548110962,
        "z": -0.32256799936294556
    },
    "position": {
        "pitch": 353.63698381638505,
        "roll": 251.11231828933467,
        "yaw": 102.36634003454222
    }
}