{
    "time": "2023-06-24T13:50:03.375524+02:00",
    "accelleration": {
        "x": 0.1088239997625351,
        "y": -0.9389119744300842,
        "z": -0.2989000082015991
    },
    "position": {
        "pitch": 353.6981110212489,
        "roll": 252.34416339671395,
        "yaw": 157.90217104380903
    }
}