{
    "time": "2022-07-03T23:20:02.627114+02:00",
    "accelleration": {
        "x": 0.11297979205846786,
        "y": -0.9190706610679626,
        "z": -0.33864516019821167
    },
    "position": {
        "pitch": 353.44196057124003,
        "roll": 249.75278279542198,
        "yaw": 120.85881766516329
    }
}