{
    "time": "2023-06-28T19:20:03.094687+02:00",
    "accelleration": {
        "x": 0.10833600163459778,
        "y": -0.936959981918335,
        "z": -0.3003639876842499
    },
    "position": {
        "pitch": 353.71530474182396,
        "roll": 252.22626067126123,
        "yaw": 157.9157767806357
    }
}