{
    "time": "2023-06-12T02:10:02.615617+02:00",
    "accelleration": {
        "x": 0.11224000155925751,
        "y": -0.9408639669418335,
        "z": -0.31158798933029175
    },
    "position": {
        "pitch": 353.59119252064204,
        "roll": 251.6837592360546,
        "yaw": 158.7007157804319
    }
}