{
    "time": "2023-06-10T01:20:02.876672+02:00",
    "accelleration": {
        "x": 0.11394799500703812,
        "y": -0.9413520097732544,
        "z": -0.3159799873828888
    },
    "position": {
        "pitch": 353.45448457685694,
        "roll": 251.45101370989727,
        "yaw": 158.09190003857364
    }
}