{
    "time": "2023-07-01T22:00:02.605482+02:00",
    "accelleration": {
        "x": 0.11028799414634705,
        "y": -0.9374479651451111,
        "z": -0.305976003408432
    },
    "position": {
        "pitch": 353.6180022937948,
        "roll": 251.9257255175915,
        "yaw": 156.90396621736835
    }
}