{
    "time": "2023-05-22T03:50:03.232934+02:00",
    "accelleration": {
        "x": 0.11419199407100677,
        "y": -0.9430599808692932,
        "z": -0.32720398902893066
    },
    "position": {
        "pitch": 353.47394122448134,
        "roll": 250.89174416027828,
        "yaw": 109.09986153723179
    }
}