{
    "time": "2023-05-01T07:50:02.527479+02:00",
    "accelleration": {
        "x": 0.11199599504470825,
        "y": -0.941107988357544,
        "z": -0.3152479827404022
    },
    "position": {
        "pitch": 353.56568304475246,
        "roll": 251.50088092102752,
        "yaw": 138.77335200897454
    }
}