{
    "time": "2023-06-17T02:20:02.561552+02:00",
    "accelleration": {
        "x": 0.11004399508237839,
        "y": -0.9401319622993469,
        "z": -0.3125639855861664
    },
    "position": {
        "pitch": 353.66199810355977,
        "roll": 251.61801866529322,
        "yaw": 158.36819485087898
    }
}