{
    "time": "2023-07-01T11:10:03.359474+02:00",
    "accelleration": {
        "x": 0.11101999878883362,
        "y": -0.9398880004882812,
        "z": -0.31207600235939026
    },
    "position": {
        "pitch": 353.6036085238926,
        "roll": 251.63813357239894,
        "yaw": 158.14555800469324
    }
}