{
    "time": "2023-06-25T20:40:03.798730+02:00",
    "accelleration": {
        "x": 0.1076039969921112,
        "y": -0.9398880004882812,
        "z": -0.29816800355911255
    },
    "position": {
        "pitch": 353.7702489179417,
        "roll": 252.39891419310078,
        "yaw": 157.51697569537697
    }
}