{
    "time": "2023-07-05T09:20:02.774981+02:00",
    "accelleration": {
        "x": 0.11150799691677094,
        "y": -0.9389119744300842,
        "z": -0.3093920052051544
    },
    "position": {
        "pitch": 353.5662431202644,
        "roll": 251.77121297818746,
        "yaw": 157.98125097401942
    }
}