{
    "time": "2023-06-03T12:10:03.085827+02:00",
    "accelleration": {
        "x": 0.11199599504470825,
        "y": -0.9389119744300842,
        "z": -0.313539981842041
    },
    "position": {
        "pitch": 353.54365653845286,
        "roll": 251.53913681056878,
        "yaw": 159.0059296136831
    }
}