{
    "time": "2023-05-22T01:10:03.381362+02:00",
    "accelleration": {
        "x": 0.11224000155925751,
        "y": -0.9408639669418335,
        "z": -0.32598400115966797
    },
    "position": {
        "pitch": 353.563048726167,
        "roll": 250.91104627487272,
        "yaw": 137.24993295611657
    }
}