{
    "time": "2023-06-29T09:30:03.064876+02:00",
    "accelleration": {
        "x": 0.10858000069856644,
        "y": -0.9389119744300842,
        "z": -0.3042680025100708
    },
    "position": {
        "pitch": 353.7229370513346,
        "roll": 252.05072480959188,
        "yaw": 159.50839931016424
    }
}