{
    "time": "2022-07-08T10:10:03.347889+02:00",
    "accelleration": {
        "x": 0.10813087970018387,
        "y": -0.9197943806648254,
        "z": -0.34539395570755005
    },
    "position": {
        "pitch": 353.73522029278325,
        "roll": 249.4060414120171,
        "yaw": 132.7313120276679
    }
}