{
    "time": "2023-05-26T23:50:03.016568+02:00",
    "accelleration": {
        "x": 0.11126399785280228,
        "y": -0.9420839548110962,
        "z": -0.2549799978733063
    },
    "position": {
        "pitch": 353.497459273341,
        "roll": 254.8667981440098,
        "yaw": 130.6207562533773
    }
}