{
    "time": "2023-05-16T18:00:02.867995+02:00",
    "accelleration": {
        "x": 0.1117519959807396,
        "y": -0.9423279762268066,
        "z": -0.30914798378944397
    },
    "position": {
        "pitch": 353.5753686798824,
        "roll": 251.84219230404221,
        "yaw": 178.94912576363652
    }
}