{
    "time": "2022-07-02T19:20:03.328093+02:00",
    "accelleration": {
        "x": 0.11516180634498596,
        "y": -0.9183470010757446,
        "z": -0.34539395570755005
    },
    "position": {
        "pitch": 353.3167717414902,
        "roll": 249.36744401301735,
        "yaw": 191.92770460279868
    }
}