{
    "time": "2023-06-25T00:00:02.698427+02:00",
    "accelleration": {
        "x": 0.10906799882650375,
        "y": -0.9393999576568604,
        "z": -0.3013399839401245
    },
    "position": {
        "pitch": 353.69384983698046,
        "roll": 252.21634323658634,
        "yaw": 158.75613593535738
    }
}