{
    "time": "2023-07-05T04:20:03.097177+02:00",
    "accelleration": {
        "x": 0.11101999878883362,
        "y": -0.9391559958457947,
        "z": -0.3071959912776947
    },
    "position": {
        "pitch": 353.5908988225077,
        "roll": 251.89451155308453,
        "yaw": 158.1271847958259
    }
}