{
    "time": "2023-05-29T05:30:02.596977+02:00",
    "accelleration": {
        "x": 0.11467999964952469,
        "y": -0.9386679530143738,
        "z": -0.30987998843193054
    },
    "position": {
        "pitch": 353.3871453149429,
        "roll": 251.80517267874075,
        "yaw": 176.14266933556996
    }
}