{
    "time": "2023-06-10T14:10:03.063700+02:00",
    "accelleration": {
        "x": 0.11077599972486496,
        "y": -0.9391559958457947,
        "z": -0.3106119930744171
    },
    "position": {
        "pitch": 353.6108493781865,
        "roll": 251.70371021862022,
        "yaw": 157.84750220969224
    }
}