{
    "time": "2023-05-04T10:00:02.677333+02:00",
    "accelleration": {
        "x": 0.11565599590539932,
        "y": -0.9423279762268066,
        "z": -0.313539981842041
    },
    "position": {
        "pitch": 353.36796913196133,
        "roll": 251.60669421164937,
        "yaw": 198.26006860496588
    }
}