{
    "time": "2023-06-03T21:40:02.755783+02:00",
    "accelleration": {
        "x": 0.11467999964952469,
        "y": -0.941107988357544,
        "z": -0.31622397899627686
    },
    "position": {
        "pitch": 353.4101212175372,
        "roll": 251.43170476511364,
        "yaw": 160.0983090883999
    }
}