{
    "time": "2023-06-03T19:10:02.991216+02:00",
    "accelleration": {
        "x": 0.11467999964952469,
        "y": -0.9386679530143738,
        "z": -0.31500399112701416
    },
    "position": {
        "pitch": 353.39519554665344,
        "roll": 251.456949144286,
        "yaw": 159.60426784535454
    }
}