{
    "time": "2022-07-14T03:20:02.755462+02:00",
    "accelleration": {
        "x": 0.10764598846435547,
        "y": -0.9236539602279663,
        "z": -0.33069121837615967
    },
    "position": {
        "pitch": 353.74443891372863,
        "roll": 250.29515445703436,
        "yaw": 152.65655844048254
    }
}