{
    "time": "2023-05-10T02:50:02.665814+02:00",
    "accelleration": {
        "x": 0.11004399508237839,
        "y": -0.9413520097732544,
        "z": -0.3228119909763336
    },
    "position": {
        "pitch": 353.6877257186159,
        "roll": 251.09070074061157,
        "yaw": 162.57247681334533
    }
}