{
    "time": "2023-06-14T12:10:02.694311+02:00",
    "accelleration": {
        "x": 0.11077599972486496,
        "y": -0.9389119744300842,
        "z": -0.31207600235939026
    },
    "position": {
        "pitch": 353.6099798097278,
        "roll": 251.6190500238579,
        "yaw": 157.70268853890963
    }
}