{
    "time": "2022-07-12T00:10:03.254409+02:00",
    "accelleration": {
        "x": 0.11079778522253036,
        "y": -0.9214829206466675,
        "z": -0.3302091658115387
    },
    "position": {
        "pitch": 353.55605247802276,
        "roll": 250.27840000300029,
        "yaw": 185.97030432568684
    }
}