{
    "time": "2022-06-30T08:30:02.537910+02:00",
    "accelleration": {
        "x": 0.11007044464349747,
        "y": -0.9217241406440735,
        "z": -0.3569633662700653
    },
    "position": {
        "pitch": 353.6505780272675,
        "roll": 248.8269574836159,
        "yaw": 152.4430603874063
    }
}