{
    "time": "2023-06-16T16:20:03.058386+02:00",
    "accelleration": {
        "x": 0.1105320006608963,
        "y": -0.9386679530143738,
        "z": -0.3118319809436798
    },
    "position": {
        "pitch": 353.62059904633986,
        "roll": 251.62728723199695,
        "yaw": 158.4218528169986
    }
}