{
    "time": "2022-07-16T10:00:02.877436+02:00",
    "accelleration": {
        "x": 0.10522152483463287,
        "y": -0.9231715202331543,
        "z": -0.33069121837615967
    },
    "position": {
        "pitch": 353.88380337421404,
        "roll": 250.286985550787,
        "yaw": 179.76204121827308
    }
}