{
    "time": "2023-05-24T21:10:03.149090+02:00",
    "accelleration": {
        "x": 0.11443600058555603,
        "y": -0.9391559958457947,
        "z": -0.3084160089492798
    },
    "position": {
        "pitch": 353.40176320042724,
        "roll": 251.82521928395474,
        "yaw": 186.17019664193643
    }
}