{
    "time": "2023-04-28T19:20:03.346034+02:00",
    "accelleration": {
        "x": 0.11077599972486496,
        "y": -0.9423279762268066,
        "z": -0.30646398663520813
    },
    "position": {
        "pitch": 353.623034008779,
        "roll": 251.99085820151674,
        "yaw": 110.54855832056982
    }
}