{
    "time": "2023-05-27T16:20:03.269409+02:00",
    "accelleration": {
        "x": 0.11199599504470825,
        "y": -0.9415959715843201,
        "z": -0.3096359968185425
    },
    "position": {
        "pitch": 353.5478993665879,
        "roll": 251.8648617018975,
        "yaw": 129.28908793127823
    }
}