{
    "time": "2023-05-22T07:00:02.839760+02:00",
    "accelleration": {
        "x": 0.11663199961185455,
        "y": -0.9418399930000305,
        "z": -0.32378798723220825
    },
    "position": {
        "pitch": 353.32750154178945,
        "roll": 251.0385863972444,
        "yaw": 143.7714522171581
    }
}