{
    "time": "2023-06-26T16:40:02.921261+02:00",
    "accelleration": {
        "x": 0.10711599886417389,
        "y": -0.9384239912033081,
        "z": -0.2991439998149872
    },
    "position": {
        "pitch": 353.7904107825979,
        "roll": 252.32064022521246,
        "yaw": 158.00279339066165
    }
}