{
    "time": "2023-05-09T22:20:03.402258+02:00",
    "accelleration": {
        "x": 0.10979999601840973,
        "y": -0.9401319622993469,
        "z": -0.3123199939727783
    },
    "position": {
        "pitch": 353.67023616547243,
        "roll": 251.69970089757743,
        "yaw": 145.11357072868728
    }
}