{
    "time": "2022-07-04T09:50:03.383526+02:00",
    "accelleration": {
        "x": 0.10837332904338837,
        "y": -0.9183470010757446,
        "z": -0.33888617157936096
    },
    "position": {
        "pitch": 353.63576035875,
        "roll": 249.721206830889,
        "yaw": 182.91827527620165
    }
}