{
    "time": "2023-05-28T09:20:02.864721+02:00",
    "accelleration": {
        "x": 0.11248400062322617,
        "y": -0.9420839548110962,
        "z": -0.31451600790023804
    },
    "position": {
        "pitch": 353.5436245219411,
        "roll": 251.54723741492438,
        "yaw": 172.9609896352596
    }
}