{
    "time": "2022-07-01T00:20:02.640055+02:00",
    "accelleration": {
        "x": 0.10740353912115097,
        "y": -0.9207592606544495,
        "z": -0.3509376347064972
    },
    "position": {
        "pitch": 353.78396777977645,
        "roll": 249.13683633607022,
        "yaw": 148.6169796596619
    }
}