{
    "time": "2023-05-06T07:20:03.470288+02:00",
    "accelleration": {
        "x": 0.11004399508237839,
        "y": -0.9425719976425171,
        "z": -0.25351598858833313
    },
    "position": {
        "pitch": 353.57541222233834,
        "roll": 254.895088787552,
        "yaw": 116.92613134485335
    }
}