{
    "time": "2023-07-01T09:30:02.525572+02:00",
    "accelleration": {
        "x": 0.11101999878883362,
        "y": -0.9396439790725708,
        "z": -0.3111000061035156
    },
    "position": {
        "pitch": 353.59957316275364,
        "roll": 251.69076701014305,
        "yaw": 157.64220038362
    }
}