{
    "time": "2023-06-24T21:00:03.469193+02:00",
    "accelleration": {
        "x": 0.11004399508237839,
        "y": -0.9389119744300842,
        "z": -0.29987600445747375
    },
    "position": {
        "pitch": 353.62933613894876,
        "roll": 252.28993852489324,
        "yaw": 158.4995940301317
    }
}