{
    "time": "2022-07-14T21:30:02.597157+02:00",
    "accelleration": {
        "x": 0.11297979205846786,
        "y": -0.9236539602279663,
        "z": -0.33069121837615967
    },
    "position": {
        "pitch": 353.45143959314754,
        "roll": 250.29195792850277,
        "yaw": 111.83241531847878
    }
}