{
    "time": "2023-06-15T22:20:02.869714+02:00",
    "accelleration": {
        "x": 0.11321599781513214,
        "y": -0.9391559958457947,
        "z": -0.3130519986152649
    },
    "position": {
        "pitch": 353.4764876043813,
        "roll": 251.50282752494098,
        "yaw": 157.65713117714563
    }
}