{
    "time": "2023-05-16T14:30:02.587654+02:00",
    "accelleration": {
        "x": 0.11248400062322617,
        "y": -0.9401319622993469,
        "z": -0.3096359968185425
    },
    "position": {
        "pitch": 353.5205269566022,
        "roll": 251.7785349409777,
        "yaw": 199.87605038145588
    }
}