{
    "time": "2023-05-17T09:00:03.142720+02:00",
    "accelleration": {
        "x": 0.11467999964952469,
        "y": -0.9425719976425171,
        "z": -0.3159799873828888
    },
    "position": {
        "pitch": 353.4260389733979,
        "roll": 251.47665424004148,
        "yaw": 155.45301547160417
    }
}