{
    "time": "2023-05-30T06:10:02.589818+02:00",
    "accelleration": {
        "x": 0.11321599781513214,
        "y": -0.9408639669418335,
        "z": -0.3198840022087097
    },
    "position": {
        "pitch": 353.5074514132099,
        "roll": 251.2397218079229,
        "yaw": 191.36921369474507
    }
}