{
    "time": "2023-06-30T19:00:03.114586+02:00",
    "accelleration": {
        "x": 0.10979999601840973,
        "y": -0.9384239912033081,
        "z": -0.30621999502182007
    },
    "position": {
        "pitch": 353.65561913376183,
        "roll": 251.93863457512282,
        "yaw": 158.1471426085807
    }
}