{
    "time": "2023-05-17T00:20:03.199920+02:00",
    "accelleration": {
        "x": 0.11492399871349335,
        "y": -0.9415959715843201,
        "z": -0.3147599995136261
    },
    "position": {
        "pitch": 353.408381653733,
        "roll": 251.5299706967026,
        "yaw": 199.6306416845773
    }
}