{
    "time": "2023-06-18T12:30:03.135768+02:00",
    "accelleration": {
        "x": 0.10955599695444107,
        "y": -0.9386679530143738,
        "z": -0.3067080080509186
    },
    "position": {
        "pitch": 353.6683057832583,
        "roll": 251.91077423349833,
        "yaw": 158.0541017717068
    }
}