{
    "time": "2023-05-28T02:00:03.523820+02:00",
    "accelleration": {
        "x": 0.11248400062322617,
        "y": -0.9406200051307678,
        "z": -0.3042680025100708
    },
    "position": {
        "pitch": 353.5109655455379,
        "roll": 252.06812813159706,
        "yaw": 99.55038281334019
    }
}