{
    "time": "2023-06-02T17:50:02.611996+02:00",
    "accelleration": {
        "x": 0.11297199875116348,
        "y": -0.9398880004882812,
        "z": -0.37331998348236084
    },
    "position": {
        "pitch": 353.61563648702105,
        "roll": 248.47738157170548,
        "yaw": 162.124757913251
    }
}