{
    "time": "2023-05-01T06:50:02.699823+02:00",
    "accelleration": {
        "x": 0.1117519959807396,
        "y": -0.9423279762268066,
        "z": -0.31329599022865295
    },
    "position": {
        "pitch": 353.58450192346316,
        "roll": 251.61766349545638,
        "yaw": 189.0213088467965
    }
}