{
    "time": "2022-07-07T07:10:02.999031+02:00",
    "accelleration": {
        "x": 0.11249490827322006,
        "y": -0.9202768206596375,
        "z": -0.34708115458488464
    },
    "position": {
        "pitch": 353.50265619352575,
        "roll": 249.31530917908265,
        "yaw": 134.45373547218338
    }
}