{
    "time": "2023-06-30T06:10:03.433552+02:00",
    "accelleration": {
        "x": 0.10955599695444107,
        "y": -0.9401319622993469,
        "z": -0.30743998289108276
    },
    "position": {
        "pitch": 353.6819290224447,
        "roll": 251.90045381766242,
        "yaw": 158.9348136840449
    }
}