{
    "time": "2022-07-22T04:10:02.697975+02:00",
    "accelleration": {
        "x": 0.10813087970018387,
        "y": -0.9222065806388855,
        "z": -0.3193628787994385
    },
    "position": {
        "pitch": 353.6928697048346,
        "roll": 250.88160815954996,
        "yaw": 183.04998864415617
    }
}