{
    "time": "2023-04-28T02:50:03.056636+02:00",
    "accelleration": {
        "x": 0.10687199980020523,
        "y": -0.9423279762268066,
        "z": -0.30914798378944397
    },
    "position": {
        "pitch": 353.8501185887749,
        "roll": 251.8547461917367,
        "yaw": 171.9511325060949
    }
}