{
    "time": "2022-07-15T23:10:03.273564+02:00",
    "accelleration": {
        "x": 0.10643375664949417,
        "y": -0.9224478602409363,
        "z": -0.32635271549224854
    },
    "position": {
        "pitch": 353.8011243611979,
        "roll": 250.5029766229103,
        "yaw": 160.0716167091235
    }
}