{
    "time": "2022-07-20T01:30:03.051309+02:00",
    "accelleration": {
        "x": 0.10643375664949417,
        "y": -0.9212417006492615,
        "z": -0.33406561613082886
    },
    "position": {
        "pitch": 353.8153456688235,
        "roll": 250.04863926951023,
        "yaw": 143.66409530378385
    }
}