{
    "time": "2023-05-03T22:50:02.565834+02:00",
    "accelleration": {
        "x": 0.11370399594306946,
        "y": -0.9396439790725708,
        "z": -0.3113439977169037
    },
    "position": {
        "pitch": 353.45450207921664,
        "roll": 251.6784521790695,
        "yaw": 190.27255852160783
    }
}