{
    "time": "2022-07-06T23:10:03.179231+02:00",
    "accelleration": {
        "x": 0.11273735016584396,
        "y": -0.9190706610679626,
        "z": -0.347563236951828
    },
    "position": {
        "pitch": 353.47114468890305,
        "roll": 249.26948543994104,
        "yaw": 126.44940946308876
    }
}