{
    "time": "2023-05-17T15:40:03.388413+02:00",
    "accelleration": {
        "x": 0.115167997777462,
        "y": -0.9428159594535828,
        "z": -0.31793197989463806
    },
    "position": {
        "pitch": 353.4062271559367,
        "roll": 251.45659397444916,
        "yaw": 187.58128640370438
    }
}