{
    "time": "2022-07-08T16:20:02.480464+02:00",
    "accelleration": {
        "x": 0.10619131475687027,
        "y": -0.9193118810653687,
        "z": -0.3432247042655945
    },
    "position": {
        "pitch": 353.8250641742388,
        "roll": 249.51919032580753,
        "yaw": 140.8747689901557
    }
}