{
    "time": "2023-06-19T13:50:02.702488+02:00",
    "accelleration": {
        "x": 0.10979999601840973,
        "y": -0.9389119744300842,
        "z": -0.30695199966430664
    },
    "position": {
        "pitch": 353.6561817705947,
        "roll": 251.89961370439454,
        "yaw": 157.76477495846504
    }
}