{
    "time": "2023-05-11T19:30:02.704994+02:00",
    "accelleration": {
        "x": 0.1105320006608963,
        "y": -0.9406200051307678,
        "z": -0.3130519986152649
    },
    "position": {
        "pitch": 353.640143205763,
        "roll": 251.60834028723934,
        "yaw": 99.62221591284123
    }
}