{
    "time": "2023-05-22T12:40:03.062547+02:00",
    "accelleration": {
        "x": 0.11370399594306946,
        "y": -0.9396439790725708,
        "z": -0.31793197989463806
    },
    "position": {
        "pitch": 353.4645381884284,
        "roll": 251.31385668117423,
        "yaw": 117.00758818089491
    }
}