{
    "time": "2022-07-03T05:20:03.206757+02:00",
    "accelleration": {
        "x": 0.11249490827322006,
        "y": -0.9222065806388855,
        "z": -0.34876835346221924
    },
    "position": {
        "pitch": 353.5133953853351,
        "roll": 249.26430815655016,
        "yaw": 111.31310237550437
    }
}