{
    "time": "2023-06-08T21:00:03.174752+02:00",
    "accelleration": {
        "x": 0.1105320006608963,
        "y": -0.9381799697875977,
        "z": -0.3108559846878052
    },
    "position": {
        "pitch": 353.61574278183997,
        "roll": 251.67357542400214,
        "yaw": 157.90859142162884
    }
}