{
    "time": "2023-05-04T07:00:03.076391+02:00",
    "accelleration": {
        "x": 0.11126399785280228,
        "y": -0.9406200051307678,
        "z": -0.31378400325775146
    },
    "position": {
        "pitch": 353.60155605204704,
        "roll": 251.56606141627697,
        "yaw": 117.43958398551989
    }
}