{
    "time": "2023-06-19T16:20:03.213376+02:00",
    "accelleration": {
        "x": 0.1105320006608963,
        "y": -0.9391559958457947,
        "z": -0.3047559857368469
    },
    "position": {
        "pitch": 353.610932621117,
        "roll": 252.021723826376,
        "yaw": 157.2501338648829
    }
}