{
    "time": "2022-07-15T02:10:02.541013+02:00",
    "accelleration": {
        "x": 0.10982800275087357,
        "y": -0.9212417006492615,
        "z": -0.329968124628067
    },
    "position": {
        "pitch": 353.6146764185558,
        "roll": 250.27598211603413,
        "yaw": 194.6403005712909
    }
}