{
    "time": "2023-06-12T08:50:02.778317+02:00",
    "accelleration": {
        "x": 0.11370399594306946,
        "y": -0.9401319622993469,
        "z": -0.31451600790023804
    },
    "position": {
        "pitch": 353.45767171387837,
        "roll": 251.51176141237534,
        "yaw": 158.38186888959734
    }
}