{
    "time": "2022-07-22T01:50:03.547698+02:00",
    "accelleration": {
        "x": 0.10667620599269867,
        "y": -0.9214829206466675,
        "z": -0.3314143121242523
    },
    "position": {
        "pitch": 353.84163293250475,
        "roll": 250.2244415085572,
        "yaw": 114.97272456298637
    }
}