{
    "time": "2022-07-07T13:30:03.206052+02:00",
    "accelleration": {
        "x": 0.11055533587932587,
        "y": -0.9202768206596375,
        "z": -0.3427426517009735
    },
    "position": {
        "pitch": 353.5909201668489,
        "roll": 249.5554176491653,
        "yaw": 135.6192526125327
    }
}