{
    "time": "2023-05-23T22:20:03.080272+02:00",
    "accelleration": {
        "x": 0.11150799691677094,
        "y": -0.9420839548110962,
        "z": -0.31378400325775146
    },
    "position": {
        "pitch": 353.5929167165206,
        "roll": 251.58635390830108,
        "yaw": 168.7865419390879
    }
}