{
    "time": "2023-05-21T08:00:03.120937+02:00",
    "accelleration": {
        "x": 0.10711599886417389,
        "y": -0.937936007976532,
        "z": -0.3152479827404022
    },
    "position": {
        "pitch": 353.81845681999044,
        "roll": 251.4362400107225,
        "yaw": 169.25715563328012
    }
}