{
    "time": "2023-04-29T17:30:03.244437+02:00",
    "accelleration": {
        "x": 0.10784799605607986,
        "y": -0.9437919855117798,
        "z": -0.30987998843193054
    },
    "position": {
        "pitch": 353.8040562198991,
        "roll": 251.8346790959552,
        "yaw": 152.44148944389718
    }
}