{
    "time": "2023-07-02T00:10:05.327045+02:00",
    "accelleration": {
        "x": 0.11077599972486496,
        "y": -0.9374479651451111,
        "z": -0.3071959912776947
    },
    "position": {
        "pitch": 353.59332140522895,
        "roll": 251.86411038108878,
        "yaw": 157.3061960575904
    }
}