{
    "time": "2023-06-19T09:00:03.106277+02:00",
    "accelleration": {
        "x": 0.10931199789047241,
        "y": -0.9398880004882812,
        "z": -0.3108559846878052
    },
    "position": {
        "pitch": 353.6974719716747,
        "roll": 251.70315697329744,
        "yaw": 158.0573119606167
    }
}