{
    "time": "2023-06-07T18:40:02.525931+02:00",
    "accelleration": {
        "x": 0.11248400062322617,
        "y": -0.9393999576568604,
        "z": -0.31207600235939026
    },
    "position": {
        "pitch": 353.5159234091017,
        "roll": 251.62812734526486,
        "yaw": 158.31125839395776
    }
}