{
    "time": "2023-06-12T11:20:03.342321+02:00",
    "accelleration": {
        "x": 0.11272799968719482,
        "y": -0.9403759837150574,
        "z": -0.31329599022865295
    },
    "position": {
        "pitch": 353.5118240149392,
        "roll": 251.5815659456929,
        "yaw": 158.1338374000775
    }
}