{
    "time": "2023-05-29T11:20:03.077147+02:00",
    "accelleration": {
        "x": 0.11077599972486496,
        "y": -0.9398880004882812,
        "z": -0.3125639855861664
    },
    "position": {
        "pitch": 353.62097214542325,
        "roll": 251.61038934399033,
        "yaw": 187.24362917189563
    }
}