{
    "time": "2023-05-29T12:30:02.755179+02:00",
    "accelleration": {
        "x": 0.1105320006608963,
        "y": -0.9413520097732544,
        "z": -0.3147599995136261
    },
    "position": {
        "pitch": 353.6487432677017,
        "roll": 251.52248480937226,
        "yaw": 145.26510530561316
    }
}