{
    "time": "2023-06-20T16:20:03.298368+02:00",
    "accelleration": {
        "x": 0.10979999601840973,
        "y": -0.9401319622993469,
        "z": -0.3050000071525574
    },
    "position": {
        "pitch": 353.65805879195597,
        "roll": 252.0266005814434,
        "yaw": 158.04982607328637
    }
}