{
    "time": "2023-04-29T16:10:02.783120+02:00",
    "accelleration": {
        "x": 0.10687199980020523,
        "y": -0.9396439790725708,
        "z": -0.30817198753356934
    },
    "position": {
        "pitch": 353.82781375226654,
        "roll": 251.8530386444442,
        "yaw": 162.56314677493907
    }
}