{
    "time": "2022-07-09T11:10:02.714550+02:00",
    "accelleration": {
        "x": 0.10570641607046127,
        "y": -0.9251013398170471,
        "z": -0.33406561613082886
    },
    "position": {
        "pitch": 353.8690582764565,
        "roll": 250.14344912537916,
        "yaw": 144.05614816214256
    }
}