{
    "time": "2023-06-16T01:20:03.034991+02:00",
    "accelleration": {
        "x": 0.11321599781513214,
        "y": -0.9403759837150574,
        "z": -0.3123199939727783
    },
    "position": {
        "pitch": 353.48138570378984,
        "roll": 251.63311338335896,
        "yaw": 157.67960249951497
    }
}