{
    "time": "2023-06-27T02:00:02.859627+02:00",
    "accelleration": {
        "x": 0.10955599695444107,
        "y": -0.9389119744300842,
        "z": -0.30280399322509766
    },
    "position": {
        "pitch": 353.66537392455706,
        "roll": 252.13382772122344,
        "yaw": 158.4293660250856
    }
}