{
    "time": "2023-05-27T21:20:02.588432+02:00",
    "accelleration": {
        "x": 0.11150799691677094,
        "y": -0.9398880004882812,
        "z": -0.31280800700187683
    },
    "position": {
        "pitch": 353.5778792012892,
        "roll": 251.60097051312488,
        "yaw": 142.29201958255499
    }
}