{
    "time": "2023-06-13T17:30:02.626883+02:00",
    "accelleration": {
        "x": 0.11321599781513214,
        "y": -0.9413520097732544,
        "z": -0.31500399112701416
    },
    "position": {
        "pitch": 353.49247793100193,
        "roll": 251.50115412859432,
        "yaw": 158.16660864771524
    }
}