{
    "time": "2023-04-30T11:00:02.791817+02:00",
    "accelleration": {
        "x": 0.10858000069856644,
        "y": -0.941107988357544,
        "z": -0.3093920052051544
    },
    "position": {
        "pitch": 353.74511681000376,
        "roll": 251.81690011354567,
        "yaw": 148.04653592056079
    }
}