{
    "time": "2023-07-03T00:50:02.800978+02:00",
    "accelleration": {
        "x": 0.10955599695444107,
        "y": -0.9393999576568604,
        "z": -0.3071959912776947
    },
    "position": {
        "pitch": 353.6749110030725,
        "roll": 251.89749634575182,
        "yaw": 157.64631215750035
    }
}