{
    "time": "2023-05-29T14:30:03.441421+02:00",
    "accelleration": {
        "x": 0.1076039969921112,
        "y": -0.9406200051307678,
        "z": -0.3096359968185425
    },
    "position": {
        "pitch": 353.8417375197764,
        "roll": 251.77729867673793,
        "yaw": 147.3025643954063
    }
}