{
    "time": "2023-06-22T09:00:02.963361+02:00",
    "accelleration": {
        "x": 0.11077599972486496,
        "y": -0.9386679530143738,
        "z": -0.30524399876594543
    },
    "position": {
        "pitch": 353.5993878938724,
        "roll": 251.99421865458837,
        "yaw": 158.70206815788757
    }
}