{
    "time": "2023-06-23T23:40:03.283564+02:00",
    "accelleration": {
        "x": 0.10931199789047241,
        "y": -0.9396439790725708,
        "z": -0.30231598019599915
    },
    "position": {
        "pitch": 353.6816374587445,
        "roll": 252.16862070485547,
        "yaw": 159.03605074792284
    }
}