{
    "time": "2022-07-04T00:30:02.588484+02:00",
    "accelleration": {
        "x": 0.10982800275087357,
        "y": -0.9195531010627747,
        "z": -0.33744004368782043
    },
    "position": {
        "pitch": 353.62279665970533,
        "roll": 249.82323619671064,
        "yaw": 157.95209972664182
    }
}