{
    "time": "2023-05-15T04:00:03.188589+02:00",
    "accelleration": {
        "x": 0.11443600058555603,
        "y": -0.9440360069274902,
        "z": -0.3164680004119873
    },
    "position": {
        "pitch": 353.4514020271071,
        "roll": 251.4883338635222,
        "yaw": 96.88881518813714
    }
}