{
    "time": "2023-05-31T02:20:03.209908+02:00",
    "accelleration": {
        "x": 0.11150799691677094,
        "y": -0.9406200051307678,
        "z": -0.3125639855861664
    },
    "position": {
        "pitch": 353.5851422536979,
        "roll": 251.63163123230908,
        "yaw": 187.3993848057286
    }
}