{
    "time": "2023-04-29T03:20:02.572982+02:00",
    "accelleration": {
        "x": 0.11028799414634705,
        "y": -0.9440360069274902,
        "z": -0.30743998289108276
    },
    "position": {
        "pitch": 353.6664176628396,
        "roll": 251.9765831061514,
        "yaw": 98.71958592345652
    }
}