{
    "time": "2023-06-11T00:40:03.438381+02:00",
    "accelleration": {
        "x": 0.11199599504470825,
        "y": -0.9408639669418335,
        "z": -0.31036800146102905
    },
    "position": {
        "pitch": 353.5496581402992,
        "roll": 251.74759418403755,
        "yaw": 158.42608753428402
    }
}