{
    "time": "2023-06-19T05:00:02.953037+02:00",
    "accelleration": {
        "x": 0.11248400062322617,
        "y": -0.9393999576568604,
        "z": -0.30987998843193054
    },
    "position": {
        "pitch": 353.515874317117,
        "roll": 251.74720486325486,
        "yaw": 158.69538823287928
    }
}