{
    "time": "2023-07-04T00:40:03.313880+02:00",
    "accelleration": {
        "x": 0.11028799414634705,
        "y": -0.9398880004882812,
        "z": -0.3089039921760559
    },
    "position": {
        "pitch": 353.59086082958044,
        "roll": 251.81020652815906,
        "yaw": 158.6452273236147
    }
}