{
    "time": "2023-06-27T08:20:02.513410+02:00",
    "accelleration": {
        "x": 0.1088239997625351,
        "y": -0.9374479651451111,
        "z": -0.30353599786758423
    },
    "position": {
        "pitch": 353.69934643171507,
        "roll": 252.06501356533556,
        "yaw": 158.900990587275
    }
}