{
    "time": "2023-06-08T06:30:08.502560+02:00",
    "accelleration": {
        "x": 0.11394799500703812,
        "y": -0.9403759837150574,
        "z": -0.3172000050544739
    },
    "position": {
        "pitch": 353.4508914704667,
        "roll": 251.36772638315813,
        "yaw": 158.18996789467667
    }
}