{
    "time": "2023-06-03T03:00:02.987600+02:00",
    "accelleration": {
        "x": 0.11467999964952469,
        "y": -0.9408639669418335,
        "z": -0.31451600790023804
    },
    "position": {
        "pitch": 353.3426671230678,
        "roll": 251.52348884718026,
        "yaw": 159.47280036421014
    }
}