{
    "time": "2022-07-16T08:20:03.156955+02:00",
    "accelleration": {
        "x": 0.10667620599269867,
        "y": -0.9212417006492615,
        "z": -0.3287630081176758
    },
    "position": {
        "pitch": 353.78916043109297,
        "roll": 250.34832747972288,
        "yaw": 131.24458475103123
    }
}