{
    "time": "2022-07-09T15:10:02.981662+02:00",
    "accelleration": {
        "x": 0.11055533587932587,
        "y": -0.9217241406440735,
        "z": -0.32924503087997437
    },
    "position": {
        "pitch": 353.56420046681575,
        "roll": 250.33405921454673,
        "yaw": 177.52546845379572
    }
}