{
    "time": "2023-05-11T01:30:03.444789+02:00",
    "accelleration": {
        "x": 0.10955599695444107,
        "y": -0.9398880004882812,
        "z": -0.3728320002555847
    },
    "position": {
        "pitch": 353.8105581331021,
        "roll": 248.4393237576502,
        "yaw": 170.94105681087672
    }
}