{
    "time": "2022-07-18T03:40:02.512271+02:00",
    "accelleration": {
        "x": 0.10594886541366577,
        "y": -0.9229303002357483,
        "z": -0.32321932911872864
    },
    "position": {
        "pitch": 353.8896905703918,
        "roll": 250.68666773044862,
        "yaw": 152.80680894184448
    }
}