{
    "time": "2023-04-28T05:10:02.531570+02:00",
    "accelleration": {
        "x": 0.11126399785280228,
        "y": -0.9425719976425171,
        "z": -0.30914798378944397
    },
    "position": {
        "pitch": 353.6076532765417,
        "roll": 251.8556136257613,
        "yaw": 185.15880955039762
    }
}