{
    "time": "2022-07-07T17:30:02.615705+02:00",
    "accelleration": {
        "x": 0.10667620599269867,
        "y": -0.9171409010887146,
        "z": -0.34539395570755005
    },
    "position": {
        "pitch": 353.7946215942212,
        "roll": 249.33588170886273,
        "yaw": 148.42910847635153
    }
}