{
    "time": "2023-04-27T19:20:02.519535+02:00",
    "accelleration": {
        "x": 0.1117519959807396,
        "y": -0.9435479640960693,
        "z": -0.30573198199272156
    },
    "position": {
        "pitch": 353.57458747699604,
        "roll": 252.05063601713266,
        "yaw": 127.42884492969026
    }
}