{
    "time": "2023-06-05T20:00:02.871628+02:00",
    "accelleration": {
        "x": 0.11321599781513214,
        "y": -0.9401319622993469,
        "z": -0.3113439977169037
    },
    "position": {
        "pitch": 353.4776474558797,
        "roll": 251.67933327347242,
        "yaw": 158.62647162415385
    }
}