{
    "time": "2023-05-18T02:30:03.005019+02:00",
    "accelleration": {
        "x": 0.10687199980020523,
        "y": -0.941107988357544,
        "z": -0.3101239800453186
    },
    "position": {
        "pitch": 353.8450010695392,
        "roll": 251.77290003491242,
        "yaw": 193.46046735444122
    }
}