{
    "time": "2023-06-24T17:00:02.989122+02:00",
    "accelleration": {
        "x": 0.11028799414634705,
        "y": -0.9396439790725708,
        "z": -0.3008520007133484
    },
    "position": {
        "pitch": 353.6203817609469,
        "roll": 252.24612969155677,
        "yaw": 158.04835075242562
    }
}