{
    "time": "2022-07-04T17:40:02.813074+02:00",
    "accelleration": {
        "x": 0.10764598846435547,
        "y": -0.9195531010627747,
        "z": -0.34177854657173157
    },
    "position": {
        "pitch": 353.74670568275945,
        "roll": 249.59599580302432,
        "yaw": 150.58496206521767
    }
}