{
    "time": "2023-06-04T19:50:03.402776+02:00",
    "accelleration": {
        "x": 0.11028799414634705,
        "y": -0.9393999576568604,
        "z": -0.3123199939727783
    },
    "position": {
        "pitch": 353.6395263543036,
        "roll": 251.61592862740721,
        "yaw": 158.27822759913158
    }
}