{
    "time": "2022-07-01T05:10:02.533991+02:00",
    "accelleration": {
        "x": 0.11225245893001556,
        "y": -0.9200355410575867,
        "z": -0.35286587476730347
    },
    "position": {
        "pitch": 353.51358278865047,
        "roll": 249.00955576088703,
        "yaw": 143.82217320193462
    }
}