{
    "time": "2023-06-11T16:20:03.378327+02:00",
    "accelleration": {
        "x": 0.10979999601840973,
        "y": -0.9384239912033081,
        "z": -0.3111000061035156
    },
    "position": {
        "pitch": 353.6559273460481,
        "roll": 251.6647644799728,
        "yaw": 156.86840825254924
    }
}