{
    "time": "2023-06-06T10:10:02.528500+02:00",
    "accelleration": {
        "x": 0.11394799500703812,
        "y": -0.9401319622993469,
        "z": -0.31622397899627686
    },
    "position": {
        "pitch": 353.4488142391853,
        "roll": 251.41696521688476,
        "yaw": 157.9647492369847
    }
}