{
    "time": "2023-06-19T07:50:02.653602+02:00",
    "accelleration": {
        "x": 0.1117519959807396,
        "y": -0.941107988357544,
        "z": -0.3108559846878052
    },
    "position": {
        "pitch": 353.56886804733983,
        "roll": 251.72648889950221,
        "yaw": 157.61237977770372
    }
}