{
    "time": "2023-06-24T05:20:03.089167+02:00",
    "accelleration": {
        "x": 0.10979999601840973,
        "y": -0.9396439790725708,
        "z": -0.3020719885826111
    },
    "position": {
        "pitch": 353.65564047810295,
        "roll": 252.18456919656745,
        "yaw": 158.8082229579679
    }
}