{
    "time": "2023-05-02T12:10:02.454335+02:00",
    "accelleration": {
        "x": 0.11272799968719482,
        "y": -0.941107988357544,
        "z": -0.31207600235939026
    },
    "position": {
        "pitch": 353.5228867869605,
        "roll": 251.6602292343639,
        "yaw": 197.26327079749422
    }
}