{
    "time": "2023-05-19T02:00:02.655673+02:00",
    "accelleration": {
        "x": 0.11224000155925751,
        "y": -0.9430599808692932,
        "z": -0.31378400325775146
    },
    "position": {
        "pitch": 353.55734637198367,
        "roll": 251.60869545707618,
        "yaw": 187.58329447932036
    }
}