{
    "time": "2023-05-28T16:40:03.132803+02:00",
    "accelleration": {
        "x": 0.11150799691677094,
        "y": -0.9401319622993469,
        "z": -0.30621999502182007
    },
    "position": {
        "pitch": 353.5663737476323,
        "roll": 251.95463087815898,
        "yaw": 130.83033377786995
    }
}