{
    "time": "2022-07-04T11:30:03.055205+02:00",
    "accelleration": {
        "x": 0.10885821282863617,
        "y": -0.9217241406440735,
        "z": -0.340091347694397
    },
    "position": {
        "pitch": 353.6889406385145,
        "roll": 249.72372034050358,
        "yaw": 171.94146095823015
    }
}