{
    "time": "2023-06-05T05:50:02.625940+02:00",
    "accelleration": {
        "x": 0.11297199875116348,
        "y": -0.9408639669418335,
        "z": -0.3189080059528351
    },
    "position": {
        "pitch": 353.51189530503865,
        "roll": 251.28603732068478,
        "yaw": 158.62827479409472
    }
}