{
    "time": "2023-07-06T01:00:03.160308+02:00",
    "accelleration": {
        "x": 0.10955599695444107,
        "y": -0.937936007976532,
        "z": -0.30695199966430664
    },
    "position": {
        "pitch": 353.66382774048367,
        "roll": 251.88449849576128,
        "yaw": 158.45398202685436
    }
}