{
    "time": "2023-05-23T17:50:02.817144+02:00",
    "accelleration": {
        "x": 0.11419199407100677,
        "y": -0.9396439790725708,
        "z": -0.3159799873828888
    },
    "position": {
        "pitch": 353.4260479380212,
        "roll": 251.41521668845724,
        "yaw": 102.76763413884798
    }
}