{
    "time": "2023-06-22T20:00:02.737164+02:00",
    "accelleration": {
        "x": 0.10979999601840973,
        "y": -0.9398880004882812,
        "z": -0.301827996969223
    },
    "position": {
        "pitch": 353.65360977748537,
        "roll": 252.19675425404677,
        "yaw": 157.35462209880578
    }
}