{
    "time": "2023-05-04T06:30:04.832089+02:00",
    "accelleration": {
        "x": 0.1134599968791008,
        "y": -0.9428159594535828,
        "z": -0.3108559846878052
    },
    "position": {
        "pitch": 353.49030208886444,
        "roll": 251.7653048645554,
        "yaw": 183.57655524802914
    }
}