{
    "time": "2023-06-30T22:40:03.381601+02:00",
    "accelleration": {
        "x": 0.11028799414634705,
        "y": -0.9381799697875977,
        "z": -0.30817198753356934
    },
    "position": {
        "pitch": 353.6329458939251,
        "roll": 251.8266194727346,
        "yaw": 158.47143999037291
    }
}