{
    "time": "2022-07-05T18:20:02.654607+02:00",
    "accelleration": {
        "x": 0.11370714008808136,
        "y": -0.9185882210731506,
        "z": -0.3384041488170624
    },
    "position": {
        "pitch": 353.38948806982825,
        "roll": 249.7450032099573,
        "yaw": 164.69126979577499
    }
}