{
    "time": "2023-05-13T09:40:03.180264+02:00",
    "accelleration": {
        "x": 0.11028799414634705,
        "y": -0.9413520097732544,
        "z": -0.31622397899627686
    },
    "position": {
        "pitch": 353.6621176318703,
        "roll": 251.44895782295708,
        "yaw": 157.70674567127662
    }
}