{
    "time": "2022-06-29T19:10:02.463882+02:00",
    "accelleration": {
        "x": 0.11007044464349747,
        "y": -0.9193118810653687,
        "z": -0.33744004368782043
    },
    "position": {
        "pitch": 353.60063184207496,
        "roll": 249.82205457398425,
        "yaw": 185.44565017478146
    }
}