{
    "time": "2023-05-05T05:40:02.709787+02:00",
    "accelleration": {
        "x": 0.10833600163459778,
        "y": -0.9401319622993469,
        "z": -0.31329599022865295
    },
    "position": {
        "pitch": 353.7577010066627,
        "roll": 251.5796466625361,
        "yaw": 141.1462690096637
    }
}