{
    "time": "2023-05-24T13:40:02.794513+02:00",
    "accelleration": {
        "x": 0.11419199407100677,
        "y": -0.9389119744300842,
        "z": -0.3089039921760559
    },
    "position": {
        "pitch": 353.4103718001024,
        "roll": 251.79149180983322,
        "yaw": 140.17422380774417
    }
}