{
    "time": "2023-05-03T15:20:03.069795+02:00",
    "accelleration": {
        "x": 0.1088239997625351,
        "y": -0.941107988357544,
        "z": -0.3123199939727783
    },
    "position": {
        "pitch": 353.73927272939517,
        "roll": 251.64977904493378,
        "yaw": 193.1793367682035
    }
}