{
    "time": "2023-05-05T02:00:02.771732+02:00",
    "accelleration": {
        "x": 0.11248400062322617,
        "y": -0.9440360069274902,
        "z": -0.3147599995136261
    },
    "position": {
        "pitch": 353.5566338978759,
        "roll": 251.58285002125683,
        "yaw": 138.6068183366313
    }
}