{
    "time": "2022-06-29T15:00:02.983444+02:00",
    "accelleration": {
        "x": 0.10885821282863617,
        "y": -0.9188294410705566,
        "z": -0.3449119031429291
    },
    "position": {
        "pitch": 353.6772422320136,
        "roll": 249.41666918636565,
        "yaw": 155.33105561378443
    }
}