{
    "time": "2023-07-05T09:30:03.219739+02:00",
    "accelleration": {
        "x": 0.11077599972486496,
        "y": -0.9381799697875977,
        "z": -0.30817198753356934
    },
    "position": {
        "pitch": 353.60035863450815,
        "roll": 251.8224257365842,
        "yaw": 158.25310616336427
    }
}