{
    "time": "2023-06-06T00:20:03.346327+02:00",
    "accelleration": {
        "x": 0.115167997777462,
        "y": -0.9415959715843201,
        "z": -0.3159799873828888
    },
    "position": {
        "pitch": 353.3875653715769,
        "roll": 251.45592461591048,
        "yaw": 158.58409713054309
    }
}