{
    "time": "2022-07-15T13:40:02.891887+02:00",
    "accelleration": {
        "x": 0.10619131475687027,
        "y": -0.9222065806388855,
        "z": -0.3253886103630066
    },
    "position": {
        "pitch": 353.8098230339927,
        "roll": 250.55215398493442,
        "yaw": 171.26952060806263
    }
}