{
    "time": "2022-07-03T08:10:05.221157+02:00",
    "accelleration": {
        "x": 0.10837332904338837,
        "y": -0.9197943806648254,
        "z": -0.3506965935230255
    },
    "position": {
        "pitch": 353.65786285090417,
        "roll": 249.1164277308302,
        "yaw": 171.64986652218397
    }
}