{
    "time": "2023-06-20T14:30:03.280864+02:00",
    "accelleration": {
        "x": 0.10858000069856644,
        "y": -0.9389119744300842,
        "z": -0.30524399876594543
    },
    "position": {
        "pitch": 353.71871129867253,
        "roll": 251.99212861670236,
        "yaw": 157.5723685295458
    }
}