{
    "time": "2023-05-31T01:50:02.551368+02:00",
    "accelleration": {
        "x": 0.11370399594306946,
        "y": -0.9393999576568604,
        "z": -0.3123199939727783
    },
    "position": {
        "pitch": 353.45595605573624,
        "roll": 251.61922077858716,
        "yaw": 197.33904491614635
    }
}