{
    "time": "2023-06-23T09:00:03.281567+02:00",
    "accelleration": {
        "x": 0.10735999792814255,
        "y": -0.9396439790725708,
        "z": -0.30280399322509766
    },
    "position": {
        "pitch": 353.7949571272642,
        "roll": 252.1423108161726,
        "yaw": 158.52584927730123
    }
}