{
    "time": "2023-05-28T21:10:03.094046+02:00",
    "accelleration": {
        "x": 0.10931199789047241,
        "y": -0.9425719976425171,
        "z": -0.30743998289108276
    },
    "position": {
        "pitch": 353.70741160446437,
        "roll": 251.9394541978232,
        "yaw": 165.2833515741667
    }
}