{
    "time": "2023-06-03T15:20:03.001488+02:00",
    "accelleration": {
        "x": 0.1117519959807396,
        "y": -0.9386679530143738,
        "z": -0.3096359968185425
    },
    "position": {
        "pitch": 353.5491744775286,
        "roll": 251.75076339181243,
        "yaw": 159.17587838061135
    }
}