{
    "time": "2022-07-05T10:00:03.155171+02:00",
    "accelleration": {
        "x": 0.10982800275087357,
        "y": -0.9212417006492615,
        "z": -0.3478042483329773
    },
    "position": {
        "pitch": 353.64263024839454,
        "roll": 249.30598597086558,
        "yaw": 168.9140479105137
    }
}