{
    "time": "2023-06-29T15:00:03.394890+02:00",
    "accelleration": {
        "x": 0.1088239997625351,
        "y": -0.9396439790725708,
        "z": -0.3037799894809723
    },
    "position": {
        "pitch": 353.71104441132917,
        "roll": 252.09237530315062,
        "yaw": 158.36483439780736
    }
}