{
    "time": "2023-05-05T10:00:03.053380+02:00",
    "accelleration": {
        "x": 0.11004399508237839,
        "y": -0.9398880004882812,
        "z": -0.3125639855861664
    },
    "position": {
        "pitch": 353.657834249487,
        "roll": 251.61690534445853,
        "yaw": 114.7709607749042
    }
}