{
    "time": "2023-06-20T09:50:02.530092+02:00",
    "accelleration": {
        "x": 0.11004399508237839,
        "y": -0.9389119744300842,
        "z": -0.3079279959201813
    },
    "position": {
        "pitch": 353.64611620619223,
        "roll": 251.84795698370172,
        "yaw": 158.53534324024756
    }
}