{
    "time": "2023-06-14T19:30:02.662230+02:00",
    "accelleration": {
        "x": 0.11199599504470825,
        "y": -0.9403759837150574,
        "z": -0.31378400325775146
    },
    "position": {
        "pitch": 353.5527039777822,
        "roll": 251.55160190580403,
        "yaw": 157.84203805835622
    }
}