{
    "time": "2023-05-16T21:40:02.906215+02:00",
    "accelleration": {
        "x": 0.11492399871349335,
        "y": -0.9442799687385559,
        "z": -0.3118319809436798
    },
    "position": {
        "pitch": 353.41656037837726,
        "roll": 251.80040520670008,
        "yaw": 201.6246061297358
    }
}