{
    "time": "2023-06-29T10:50:03.093437+02:00",
    "accelleration": {
        "x": 0.10833600163459778,
        "y": -0.9389119744300842,
        "z": -0.30353599786758423
    },
    "position": {
        "pitch": 353.7346956488776,
        "roll": 252.08806545378434,
        "yaw": 158.1958145366062
    }
}