{
    "time": "2023-06-30T11:10:03.483412+02:00",
    "accelleration": {
        "x": 0.11004399508237839,
        "y": -0.9393999576568604,
        "z": -0.30573198199272156
    },
    "position": {
        "pitch": 353.64834882427715,
        "roll": 251.98089978570684,
        "yaw": 158.98280259315342
    }
}