{
    "time": "2023-05-05T02:40:02.447109+02:00",
    "accelleration": {
        "x": 0.1134599968791008,
        "y": -0.9415959715843201,
        "z": -0.31671199202537537
    },
    "position": {
        "pitch": 353.4961359241893,
        "roll": 251.3587378542104,
        "yaw": 122.49952472644873
    }
}