{
    "time": "2023-06-18T12:20:02.832897+02:00",
    "accelleration": {
        "x": 0.1088239997625351,
        "y": -0.9391559958457947,
        "z": -0.30866000056266785
    },
    "position": {
        "pitch": 353.7155788031644,
        "roll": 251.8102679998616,
        "yaw": 158.03109769458217
    }
}