{
    "time": "2023-06-12T19:00:02.611474+02:00",
    "accelleration": {
        "x": 0.10979999601840973,
        "y": -0.9393999576568604,
        "z": -0.3096359968185425
    },
    "position": {
        "pitch": 353.6600826623844,
        "roll": 251.7601275811645,
        "yaw": 157.67079155548566
    }
}