{
    "time": "2023-06-04T16:20:03.359660+02:00",
    "accelleration": {
        "x": 0.11443600058555603,
        "y": -0.9415959715843201,
        "z": -0.31793197989463806
    },
    "position": {
        "pitch": 353.4315722803993,
        "roll": 251.34916875918321,
        "yaw": 158.81779888318425
    }
}