{
    "time": "2022-07-10T12:50:03.029265+02:00",
    "accelleration": {
        "x": 0.11031289398670197,
        "y": -0.9251013398170471,
        "z": -0.3333425521850586
    },
    "position": {
        "pitch": 353.60772285909394,
        "roll": 250.17206078781237,
        "yaw": 134.91586607142645
    }
}