{
    "time": "2023-06-04T01:30:02.744016+02:00",
    "accelleration": {
        "x": 0.11565599590539932,
        "y": -0.9408639669418335,
        "z": -0.3189080059528351
    },
    "position": {
        "pitch": 353.361395501772,
        "roll": 251.28194603737194,
        "yaw": 159.85586469362113
    }
}