{
    "time": "2023-06-02T15:00:03.019694+02:00",
    "accelleration": {
        "x": 0.11248400062322617,
        "y": -0.9391559958457947,
        "z": -0.30987998843193054
    },
    "position": {
        "pitch": 353.5090940737053,
        "roll": 251.7425944855651,
        "yaw": 157.39974232846288
    }
}