{
    "time": "2023-06-01T08:40:03.167198+02:00",
    "accelleration": {
        "x": 0.11101999878883362,
        "y": -0.9391559958457947,
        "z": -0.3101239800453186
    },
    "position": {
        "pitch": 353.6000623750529,
        "roll": 251.73666588136552,
        "yaw": 186.55750934901116
    }
}