{
    "time": "2023-05-28T13:00:02.830354+02:00",
    "accelleration": {
        "x": 0.11297199875116348,
        "y": -0.9391559958457947,
        "z": -0.31036800146102905
    },
    "position": {
        "pitch": 353.48678667587603,
        "roll": 251.7158064836403,
        "yaw": 182.77810613405464
    }
}