{
    "time": "2023-05-07T14:00:02.495037+02:00",
    "accelleration": {
        "x": 0.10931199789047241,
        "y": -0.9401319622993469,
        "z": -0.3076840043067932
    },
    "position": {
        "pitch": 353.6946809856251,
        "roll": 251.88592600529782,
        "yaw": 185.29223046564465
    }
}