{
    "time": "2023-06-18T05:40:02.853843+02:00",
    "accelleration": {
        "x": 0.10955599695444107,
        "y": -0.9418399930000305,
        "z": -0.3089039921760559
    },
    "position": {
        "pitch": 353.6916018509699,
        "roll": 251.8484146063761,
        "yaw": 157.9811416909927
    }
}