{
    "time": "2023-04-28T23:10:02.808785+02:00",
    "accelleration": {
        "x": 0.10955599695444107,
        "y": -0.9398880004882812,
        "z": -0.30621999502182007
    },
    "position": {
        "pitch": 353.68078027000365,
        "roll": 251.96971193584636,
        "yaw": 190.42216698518777
    }
}