{
    "time": "2023-05-18T17:20:02.494480+02:00",
    "accelleration": {
        "x": 0.11394799500703812,
        "y": -0.9425719976425171,
        "z": -0.3111000061035156
    },
    "position": {
        "pitch": 353.45966143336096,
        "roll": 251.7310719564353,
        "yaw": 197.07789946342007
    }
}