{
    "time": "2023-05-30T09:10:03.391270+02:00",
    "accelleration": {
        "x": 0.11101999878883362,
        "y": -0.9425719976425171,
        "z": -0.3740519881248474
    },
    "position": {
        "pitch": 353.7478565696346,
        "roll": 248.43056062494503,
        "yaw": 135.38800972799274
    }
}