{
    "time": "2022-07-03T04:00:03.008226+02:00",
    "accelleration": {
        "x": 0.11176756769418716,
        "y": -0.9193118810653687,
        "z": -0.3381631076335907
    },
    "position": {
        "pitch": 353.5091832930513,
        "roll": 249.77718023113727,
        "yaw": 169.9270742474533
    }
}