{
    "time": "2023-06-06T23:20:03.437470+02:00",
    "accelleration": {
        "x": 0.11101999878883362,
        "y": -0.9396439790725708,
        "z": -0.3152479827404022
    },
    "position": {
        "pitch": 353.60938729081727,
        "roll": 251.46356759759175,
        "yaw": 159.18356917361677
    }
}