{
    "time": "2022-07-11T06:50:02.850617+02:00",
    "accelleration": {
        "x": 0.10716108977794647,
        "y": -0.9243776202201843,
        "z": -0.3297271132469177
    },
    "position": {
        "pitch": 353.7836783505104,
        "roll": 250.35759604642658,
        "yaw": 148.9571777218419
    }
}