{
    "time": "2023-06-29T08:30:03.253785+02:00",
    "accelleration": {
        "x": 0.10906799882650375,
        "y": -0.9384239912033081,
        "z": -0.3030479848384857
    },
    "position": {
        "pitch": 353.6925580774537,
        "roll": 252.1113290780974,
        "yaw": 158.92083911700306
    }
}