{
    "time": "2023-05-19T23:50:02.459754+02:00",
    "accelleration": {
        "x": 0.1105320006608963,
        "y": -0.9428159594535828,
        "z": -0.3184199929237366
    },
    "position": {
        "pitch": 353.65883914106865,
        "roll": 251.35030257058543,
        "yaw": 189.56231447057488
    }
}