{
    "time": "2023-04-29T05:40:02.460804+02:00",
    "accelleration": {
        "x": 0.11004399508237839,
        "y": -0.9437919855117798,
        "z": -0.3113439977169037
    },
    "position": {
        "pitch": 353.6865406807949,
        "roll": 251.76167803410613,
        "yaw": 122.31830614738995
    }
}