{
    "time": "2022-07-15T06:30:03.364333+02:00",
    "accelleration": {
        "x": 0.10958555340766907,
        "y": -0.9224478602409363,
        "z": -0.3297271132469177
    },
    "position": {
        "pitch": 353.5735151372964,
        "roll": 250.31576796794945,
        "yaw": 119.63942399264091
    }
}