{
    "time": "2023-06-11T08:30:02.780506+02:00",
    "accelleration": {
        "x": 0.11224000155925751,
        "y": -0.9403759837150574,
        "z": -0.3123199939727783
    },
    "position": {
        "pitch": 353.5877637656787,
        "roll": 251.63680851569995,
        "yaw": 158.45201493237337
    }
}