{
    "time": "2023-05-17T19:00:03.395295+02:00",
    "accelleration": {
        "x": 0.115167997777462,
        "y": -0.9437919855117798,
        "z": -0.3130519986152649
    },
    "position": {
        "pitch": 353.4035019104578,
        "roll": 251.66068002684915,
        "yaw": 194.04851932122264
    }
}