{
    "time": "2022-07-12T02:10:03.229151+02:00",
    "accelleration": {
        "x": 0.10837332904338837,
        "y": -0.9222065806388855,
        "z": -0.3333425521850586
    },
    "position": {
        "pitch": 353.77051572220614,
        "roll": 250.1250690863227,
        "yaw": 149.62226056208272
    }
}