{
    "time": "2023-06-27T07:40:02.857132+02:00",
    "accelleration": {
        "x": 0.10809199512004852,
        "y": -0.937936007976532,
        "z": -0.30329200625419617
    },
    "position": {
        "pitch": 353.74480134064146,
        "roll": 252.0860505479792,
        "yaw": 158.5092519176181
    }
}