{
    "time": "2023-06-06T20:10:03.171854+02:00",
    "accelleration": {
        "x": 0.1117519959807396,
        "y": -0.9398880004882812,
        "z": -0.31158798933029175
    },
    "position": {
        "pitch": 353.55967205139603,
        "roll": 251.66256515906008,
        "yaw": 157.8234326230571
    }
}