{
    "time": "2022-07-04T04:30:02.809486+02:00",
    "accelleration": {
        "x": 0.11419202387332916,
        "y": -0.9197943806648254,
        "z": -0.34708115458488464
    },
    "position": {
        "pitch": 353.3913813128888,
        "roll": 249.31509744321838,
        "yaw": 180.70984289110476
    }
}