{
    "time": "2023-06-23T15:10:02.781152+02:00",
    "accelleration": {
        "x": 0.10809199512004852,
        "y": -0.937936007976532,
        "z": -0.30109599232673645
    },
    "position": {
        "pitch": 353.7354128187405,
        "roll": 252.20367323567598,
        "yaw": 157.80176726300982
    }
}