{
    "time": "2023-07-03T10:10:03.363186+02:00",
    "accelleration": {
        "x": 0.11077599972486496,
        "y": -0.9389119744300842,
        "z": -0.3071959912776947
    },
    "position": {
        "pitch": 353.6038535569291,
        "roll": 251.88869906210084,
        "yaw": 158.01571610857133
    }
}