{
    "time": "2023-06-21T15:50:03.290786+02:00",
    "accelleration": {
        "x": 0.1088239997625351,
        "y": -0.9391559958457947,
        "z": -0.30231598019599915
    },
    "position": {
        "pitch": 353.7034897952203,
        "roll": 252.15405191135585,
        "yaw": 157.86517873926422
    }
}