{
    "time": "2023-05-29T13:00:03.384288+02:00",
    "accelleration": {
        "x": 0.10906799882650375,
        "y": -0.941107988357544,
        "z": -0.31573599576950073
    },
    "position": {
        "pitch": 353.72882766260693,
        "roll": 251.46804820168728,
        "yaw": 158.1507899295975
    }
}