{
    "time": "2023-05-17T23:50:02.871737+02:00",
    "accelleration": {
        "x": 0.10784799605607986,
        "y": -0.9391559958457947,
        "z": -0.3142719864845276
    },
    "position": {
        "pitch": 353.7896645844311,
        "roll": 251.44694291715194,
        "yaw": 184.16358268643506
    }
}