{
    "time": "2023-05-09T01:40:03.137583+02:00",
    "accelleration": {
        "x": 0.1134599968791008,
        "y": -0.9428159594535828,
        "z": -0.3037799894809723
    },
    "position": {
        "pitch": 353.474234068842,
        "roll": 252.15401776041,
        "yaw": 200.8022513536663
    }
}