{
    "time": "2022-07-06T02:10:03.000906+02:00",
    "accelleration": {
        "x": 0.11201001703739166,
        "y": -0.9183470010757446,
        "z": -0.3376810550689697
    },
    "position": {
        "pitch": 353.4899230133655,
        "roll": 249.78920136407646,
        "yaw": 121.00236092076027
    }
}