{
    "time": "2023-05-10T22:00:03.435784+02:00",
    "accelleration": {
        "x": 0.10979999601840973,
        "y": -0.9408639669418335,
        "z": -0.3096359968185425
    },
    "position": {
        "pitch": 353.68058432895185,
        "roll": 251.786300866064,
        "yaw": 98.24843947450904
    }
}