{
    "time": "2023-06-28T17:00:03.001156+02:00",
    "accelleration": {
        "x": 0.10955599695444107,
        "y": -0.9381799697875977,
        "z": -0.30109599232673645
    },
    "position": {
        "pitch": 353.65549619035676,
        "roll": 252.20798991523142,
        "yaw": 157.87838832511903
    }
}