{
    "time": "2023-06-21T18:00:02.932195+02:00",
    "accelleration": {
        "x": 0.11101999878883362,
        "y": -0.9389119744300842,
        "z": -0.30329200625419617
    },
    "position": {
        "pitch": 353.57923840893403,
        "roll": 252.09966311499502,
        "yaw": 157.65512310152965
    }
}