{
    "time": "2022-07-14T05:20:03.265416+02:00",
    "accelleration": {
        "x": 0.10619131475687027,
        "y": -0.9231715202331543,
        "z": -0.3297271132469177
    },
    "position": {
        "pitch": 353.8932315965896,
        "roll": 250.32938053496525,
        "yaw": 141.02950009561317
    }
}