{
    "time": "2022-07-02T09:30:03.143135+02:00",
    "accelleration": {
        "x": 0.10934310406446457,
        "y": -0.9197943806648254,
        "z": -0.34201955795288086
    },
    "position": {
        "pitch": 353.65119914759515,
        "roll": 249.58285451906121,
        "yaw": 132.26314354119856
    }
}