{
    "time": "2022-06-30T07:30:02.883331+02:00",
    "accelleration": {
        "x": 0.11467691510915756,
        "y": -0.9219653606414795,
        "z": -0.35021454095840454
    },
    "position": {
        "pitch": 353.37966412336766,
        "roll": 249.19153932113284,
        "yaw": 181.5468415927548
    }
}