{
    "time": "2023-05-06T01:30:03.925656+02:00",
    "accelleration": {
        "x": 0.1088239997625351,
        "y": -0.9398880004882812,
        "z": -0.3101239800453186
    },
    "position": {
        "pitch": 353.7252546198974,
        "roll": 251.751268825811,
        "yaw": 155.52144030670937
    }
}