{
    "time": "2023-05-21T02:40:03.334423+02:00",
    "accelleration": {
        "x": 0.10955599695444107,
        "y": -0.9398880004882812,
        "z": -0.31573599576950073
    },
    "position": {
        "pitch": 353.696175089506,
        "roll": 251.45277589870312,
        "yaw": 119.11654569091975
    }
}