{
    "time": "2023-05-04T22:30:02.656762+02:00",
    "accelleration": {
        "x": 0.1134599968791008,
        "y": -0.9413520097732544,
        "z": -0.30866000056266785
    },
    "position": {
        "pitch": 353.40581136817093,
        "roll": 251.91864944161136,
        "yaw": 103.03731732803676
    }
}