{
    "time": "2023-07-06T00:50:03.287673+02:00",
    "accelleration": {
        "x": 0.10809199512004852,
        "y": -0.937936007976532,
        "z": -0.3071959912776947
    },
    "position": {
        "pitch": 353.74794408143333,
        "roll": 251.8706878532595,
        "yaw": 158.06097294201183
    }
}