{
    "time": "2023-07-04T05:40:02.891243+02:00",
    "accelleration": {
        "x": 0.11028799414634705,
        "y": -0.9398880004882812,
        "z": -0.30646398663520813
    },
    "position": {
        "pitch": 353.63414459212447,
        "roll": 251.94605216056144,
        "yaw": 158.20121038605052
    }
}