{
    "time": "2023-05-20T05:40:02.843778+02:00",
    "accelleration": {
        "x": 0.10955599695444107,
        "y": -0.9415959715843201,
        "z": -0.31866398453712463
    },
    "position": {
        "pitch": 353.7108715221658,
        "roll": 251.31464898311793,
        "yaw": 100.73827565341047
    }
}