{
    "time": "2023-06-09T04:50:02.796528+02:00",
    "accelleration": {
        "x": 0.11248400062322617,
        "y": -0.941107988357544,
        "z": -0.31622397899627686
    },
    "position": {
        "pitch": 353.53770701679895,
        "roll": 251.43623318053335,
        "yaw": 158.27453929697978
    }
}