{
    "time": "2023-05-17T07:50:03.194312+02:00",
    "accelleration": {
        "x": 0.10955599695444107,
        "y": -0.9398880004882812,
        "z": -0.374783992767334
    },
    "position": {
        "pitch": 353.81862672094604,
        "roll": 248.33988986371313,
        "yaw": 174.59549488477867
    }
}