{
    "time": "2023-06-01T17:10:02.695351+02:00",
    "accelleration": {
        "x": 0.11150799691677094,
        "y": -0.9401319622993469,
        "z": -0.31036800146102905
    },
    "position": {
        "pitch": 353.57216147918024,
        "roll": 251.73486271142463,
        "yaw": 159.443949645156
    }
}