{
    "time": "2023-04-30T16:30:02.551163+02:00",
    "accelleration": {
        "x": 0.10638399422168732,
        "y": -0.9403759837150574,
        "z": -0.30914798378944397
    },
    "position": {
        "pitch": 353.8644385072566,
        "roll": 251.81963218921368,
        "yaw": 115.2650839802196
    }
}