{
    "time": "2022-07-21T10:20:02.501188+02:00",
    "accelleration": {
        "x": 0.10910066217184067,
        "y": -0.9195531010627747,
        "z": -0.3270758092403412
    },
    "position": {
        "pitch": 353.6379310782456,
        "roll": 250.40728567263844,
        "yaw": 186.948442056346
    }
}