{
    "time": "2022-07-09T19:50:02.436907+02:00",
    "accelleration": {
        "x": 0.10982800275087357,
        "y": -0.9224478602409363,
        "z": -0.3316553235054016
    },
    "position": {
        "pitch": 353.6248598037215,
        "roll": 250.21154611140423,
        "yaw": 179.04991203502922
    }
}