{
    "time": "2023-05-12T02:10:03.120466+02:00",
    "accelleration": {
        "x": 0.11077599972486496,
        "y": -0.9408639669418335,
        "z": -0.31280800700187683
    },
    "position": {
        "pitch": 353.6256969287816,
        "roll": 251.63023104352922,
        "yaw": 121.85653071798373
    }
}