{
    "time": "2023-07-06T07:40:02.745356+02:00",
    "accelleration": {
        "x": 0.10931199789047241,
        "y": -0.9386679530143738,
        "z": -0.3101239800453186
    },
    "position": {
        "pitch": 353.69139395708703,
        "roll": 251.7256487862343,
        "yaw": 158.42731696833462
    }
}