{
    "time": "2022-07-17T06:00:02.745951+02:00",
    "accelleration": {
        "x": 0.10958555340766907,
        "y": -0.9214829206466675,
        "z": -0.32755783200263977
    },
    "position": {
        "pitch": 353.62236721156125,
        "roll": 250.42477095691368,
        "yaw": 174.6585375308179
    }
}