{
    "time": "2023-05-28T19:40:02.740944+02:00",
    "accelleration": {
        "x": 0.10809199512004852,
        "y": -0.9415959715843201,
        "z": -0.3140279948711395
    },
    "position": {
        "pitch": 353.7783576331469,
        "roll": 251.5691691523493,
        "yaw": 161.4952876793426
    }
}