{
    "time": "2023-05-29T12:50:02.623128+02:00",
    "accelleration": {
        "x": 0.11077599972486496,
        "y": -0.9393999576568604,
        "z": -0.31207600235939026
    },
    "position": {
        "pitch": 353.6177546994374,
        "roll": 251.62856447737175,
        "yaw": 186.46767870104716
    }
}