{
    "time": "2023-05-30T06:50:03.333951+02:00",
    "accelleration": {
        "x": 0.11443600058555603,
        "y": -0.9415959715843201,
        "z": -0.3169559836387634
    },
    "position": {
        "pitch": 353.4374415473304,
        "roll": 251.47362163604998,
        "yaw": 190.93342030494156
    }
}