{
    "time": "2023-04-27T21:30:02.849651+02:00",
    "accelleration": {
        "x": 0.11150799691677094,
        "y": -0.9408639669418335,
        "z": -0.30646398663520813
    },
    "position": {
        "pitch": 353.5725755593987,
        "roll": 251.9636262372959,
        "yaw": 153.76172402932562
    }
}