{
    "time": "2023-06-14T11:30:03.433008+02:00",
    "accelleration": {
        "x": 0.11150799691677094,
        "y": -0.9396439790725708,
        "z": -0.3130519986152649
    },
    "position": {
        "pitch": 353.5767991776267,
        "roll": 251.57994719085957,
        "yaw": 157.02162305601098
    }
}