{
    "time": "2023-06-24T14:40:02.496329+02:00",
    "accelleration": {
        "x": 0.1105320006608963,
        "y": -0.9384239912033081,
        "z": -0.301827996969223
    },
    "position": {
        "pitch": 353.60318249084315,
        "roll": 252.17591534688904,
        "yaw": 158.38785213531028
    }
}