{
    "time": "2023-06-14T09:00:03.048862+02:00",
    "accelleration": {
        "x": 0.11370399594306946,
        "y": -0.9418399930000305,
        "z": -0.3189080059528351
    },
    "position": {
        "pitch": 353.4762254958719,
        "roll": 251.3026141898004,
        "yaw": 157.8301125480654
    }
}