{
    "time": "2023-05-08T08:40:03.201042+02:00",
    "accelleration": {
        "x": 0.11492399871349335,
        "y": -0.9430599808692932,
        "z": -0.3140279948711395
    },
    "position": {
        "pitch": 353.4177432817641,
        "roll": 251.59776032421496,
        "yaw": 191.70135213370446
    }
}