{
    "time": "2023-05-15T09:10:02.971703+02:00",
    "accelleration": {
        "x": 0.11492399871349335,
        "y": -0.9425719976425171,
        "z": -0.3184199929237366
    },
    "position": {
        "pitch": 353.41690018028845,
        "roll": 251.34957174034423,
        "yaw": 181.9281710541166
    }
}