{
    "time": "2023-05-10T08:50:03.188936+02:00",
    "accelleration": {
        "x": 0.11077599972486496,
        "y": -0.9413520097732544,
        "z": -0.3181760013103485
    },
    "position": {
        "pitch": 353.63939572693573,
        "roll": 251.33750962627,
        "yaw": 99.3786650274169
    }
}