{
    "time": "2022-07-01T18:20:03.260985+02:00",
    "accelleration": {
        "x": 0.10958555340766907,
        "y": -0.9178645610809326,
        "z": -0.3444298505783081
    },
    "position": {
        "pitch": 353.6264354429856,
        "roll": 249.41994767716724,
        "yaw": 164.78993870852497
    }
}