{
    "time": "2023-05-24T11:00:02.624503+02:00",
    "accelleration": {
        "x": 0.11321599781513214,
        "y": -0.9403759837150574,
        "z": -0.31744399666786194
    },
    "position": {
        "pitch": 353.4895588789054,
        "roll": 251.35220819336385,
        "yaw": 165.9237501107471
    }
}