{
    "time": "2023-06-23T12:40:03.302844+02:00",
    "accelleration": {
        "x": 0.10784799605607986,
        "y": -0.9391559958457947,
        "z": -0.3047559857368469
    },
    "position": {
        "pitch": 353.7661943468956,
        "roll": 252.02601318517478,
        "yaw": 157.9895291632935
    }
}