{
    "time": "2023-05-02T04:50:03.147820+02:00",
    "accelleration": {
        "x": 0.10931199789047241,
        "y": -0.9423279762268066,
        "z": -0.31451600790023804
    },
    "position": {
        "pitch": 353.719417369478,
        "roll": 251.5576466232195,
        "yaw": 151.78046373602336
    }
}