{
    "time": "2023-06-25T02:50:02.806424+02:00",
    "accelleration": {
        "x": 0.10784799605607986,
        "y": -0.9398880004882812,
        "z": -0.30280399322509766
    },
    "position": {
        "pitch": 353.76918383531796,
        "roll": 252.1511217602019,
        "yaw": 158.17562449741965
    }
}