{
    "time": "2023-05-01T02:50:03.199901+02:00",
    "accelleration": {
        "x": 0.1088239997625351,
        "y": -0.9440360069274902,
        "z": -0.31622397899627686
    },
    "position": {
        "pitch": 353.76328340564874,
        "roll": 251.49426929791093,
        "yaw": 133.29507584176076
    }
}