{
    "time": "2022-06-30T23:10:03.027927+02:00",
    "accelleration": {
        "x": 0.11201001703739166,
        "y": -0.9212417006492615,
        "z": -0.3415375351905823
    },
    "position": {
        "pitch": 353.5054318116497,
        "roll": 249.63621878704652,
        "yaw": 162.0476997190349
    }
}