{
    "time": "2023-06-19T22:30:02.645450+02:00",
    "accelleration": {
        "x": 0.10931199789047241,
        "y": -0.9401319622993469,
        "z": -0.3071959912776947
    },
    "position": {
        "pitch": 353.6936214525301,
        "roll": 251.9089505729899,
        "yaw": 157.82505820807958
    }
}