{
    "time": "2023-06-30T08:40:03.166371+02:00",
    "accelleration": {
        "x": 0.1088239997625351,
        "y": -0.9401319622993469,
        "z": -0.30695199966430664
    },
    "position": {
        "pitch": 353.72194582013134,
        "roll": 251.92629925348177,
        "yaw": 158.08474200032347
    }
}