{
    "time": "2022-07-21T14:10:03.884864+02:00",
    "accelleration": {
        "x": 0.11104022711515427,
        "y": -0.9234127402305603,
        "z": -0.31960391998291016
    },
    "position": {
        "pitch": 353.5282501930062,
        "roll": 250.8816423104958,
        "yaw": 132.58582899834664
    }
}