{
    "time": "2023-06-14T19:40:03.065157+02:00",
    "accelleration": {
        "x": 0.11467999964952469,
        "y": -0.9398880004882812,
        "z": -0.3142719864845276
    },
    "position": {
        "pitch": 353.39963004697205,
        "roll": 251.51781295997998,
        "yaw": 158.49322829382524
    }
}