{
    "time": "2023-05-01T16:40:02.696624+02:00",
    "accelleration": {
        "x": 0.11394799500703812,
        "y": -0.9406200051307678,
        "z": -0.3189080059528351
    },
    "position": {
        "pitch": 353.4630581718126,
        "roll": 251.29172686826337,
        "yaw": 184.37642504135098
    }
}