{
    "time": "2023-06-19T20:10:02.974873+02:00",
    "accelleration": {
        "x": 0.10955599695444107,
        "y": -0.9391559958457947,
        "z": -0.3084160089492798
    },
    "position": {
        "pitch": 353.67411272471327,
        "roll": 251.82504169903632,
        "yaw": 157.70894499218937
    }
}