{
    "time": "2023-06-08T18:40:03.192345+02:00",
    "accelleration": {
        "x": 0.11126399785280228,
        "y": -0.9398880004882812,
        "z": -0.3111000061035156
    },
    "position": {
        "pitch": 353.5870145793041,
        "roll": 251.68921655720146,
        "yaw": 158.25158986136853
    }
}