{
    "time": "2022-07-22T02:30:02.949805+02:00",
    "accelleration": {
        "x": 0.10570641607046127,
        "y": -0.9207592606544495,
        "z": -0.31960391998291016
    },
    "position": {
        "pitch": 353.81978827999177,
        "roll": 250.84753917596993,
        "yaw": 154.64575541360037
    }
}