{
    "time": "2023-06-20T16:00:03.341235+02:00",
    "accelleration": {
        "x": 0.1117519959807396,
        "y": -0.9401319622993469,
        "z": -0.30646398663520813
    },
    "position": {
        "pitch": 353.5487360647612,
        "roll": 251.94885253812114,
        "yaw": 157.85072605898048
    }
}