{
    "time": "2023-04-28T08:40:03.429018+02:00",
    "accelleration": {
        "x": 0.1105320006608963,
        "y": -0.9420839548110962,
        "z": -0.3089039921760559
    },
    "position": {
        "pitch": 353.6438498640482,
        "roll": 251.86600917367807,
        "yaw": 144.03706461360156
    }
}