{
    "time": "2023-06-28T00:40:03.419189+02:00",
    "accelleration": {
        "x": 0.10931199789047241,
        "y": -0.9386679530143738,
        "z": -0.30060797929763794
    },
    "position": {
        "pitch": 353.6710600570411,
        "roll": 252.24442214426426,
        "yaw": 158.8866608503963
    }
}