{
    "time": "2023-05-07T10:30:02.989170+02:00",
    "accelleration": {
        "x": 0.10809199512004852,
        "y": -0.9415959715843201,
        "z": -0.3106119930744171
    },
    "position": {
        "pitch": 353.775504748508,
        "roll": 251.75299686367103,
        "yaw": 147.94837244180937
    }
}