{
    "time": "2023-07-02T16:00:03.125891+02:00",
    "accelleration": {
        "x": 0.10979999601840973,
        "y": -0.9376919865608215,
        "z": -0.305976003408432
    },
    "position": {
        "pitch": 353.6447616943024,
        "roll": 251.93290404640916,
        "yaw": 157.7861944317022
    }
}