{
    "time": "2023-05-05T13:00:03.016062+02:00",
    "accelleration": {
        "x": 0.11004399508237839,
        "y": -0.941107988357544,
        "z": -0.2513200044631958
    },
    "position": {
        "pitch": 353.5531214730952,
        "roll": 254.9892224546931,
        "yaw": 132.27427674954566
    }
}