{
    "time": "2023-06-08T09:50:02.563332+02:00",
    "accelleration": {
        "x": 0.11199599504470825,
        "y": -0.9428159594535828,
        "z": -0.3147599995136261
    },
    "position": {
        "pitch": 353.5686738138353,
        "roll": 251.5413634522382,
        "yaw": 157.69598129314468
    }
}