{
    "time": "2023-05-20T16:20:02.566069+02:00",
    "accelleration": {
        "x": 0.11028799414634705,
        "y": -0.9396439790725708,
        "z": -0.3130519986152649
    },
    "position": {
        "pitch": 353.64657895150845,
        "roll": 251.58696862532636,
        "yaw": 181.02199619655266
    }
}