{
    "time": "2022-07-18T06:10:02.583047+02:00",
    "accelleration": {
        "x": 0.10788843780755997,
        "y": -0.9217241406440735,
        "z": -0.3239424228668213
    },
    "position": {
        "pitch": 353.7127715954155,
        "roll": 250.61067504574308,
        "yaw": 109.93800771066239
    }
}