{
    "time": "2022-07-09T16:20:02.657417+02:00",
    "accelleration": {
        "x": 0.11273735016584396,
        "y": -0.9226890206336975,
        "z": -0.32948607206344604
    },
    "position": {
        "pitch": 353.45164407193585,
        "roll": 250.3288204594533,
        "yaw": 126.13746106331594
    }
}