{
    "time": "2022-07-06T22:30:02.586140+02:00",
    "accelleration": {
        "x": 0.11297979205846786,
        "y": -0.9195531010627747,
        "z": -0.3350297510623932
    },
    "position": {
        "pitch": 353.4303449807828,
        "roll": 249.96582322582384,
        "yaw": 190.19593745949862
    }
}