{
    "time": "2022-07-10T08:20:02.956542+02:00",
    "accelleration": {
        "x": 0.10691864788532257,
        "y": -0.9229303002357483,
        "z": -0.33213740587234497
    },
    "position": {
        "pitch": 353.7877414592929,
        "roll": 250.20298105418502,
        "yaw": 133.05978948523216
    }
}