{
    "time": "2023-06-25T23:50:02.704968+02:00",
    "accelleration": {
        "x": 0.10858000069856644,
        "y": -0.9376919865608215,
        "z": -0.30060797929763794
    },
    "position": {
        "pitch": 353.7086325007785,
        "roll": 252.2306115017625,
        "yaw": 158.12852351290323
    }
}