{
    "time": "2022-07-11T06:00:03.386882+02:00",
    "accelleration": {
        "x": 0.10667620599269867,
        "y": -0.9222065806388855,
        "z": -0.3265937268733978
    },
    "position": {
        "pitch": 353.78909042165395,
        "roll": 250.48627681038965,
        "yaw": 163.26247618367836
    }
}