{
    "time": "2023-05-07T07:50:03.287319+02:00",
    "accelleration": {
        "x": 0.10979999601840973,
        "y": -0.9389119744300842,
        "z": -0.31036800146102905
    },
    "position": {
        "pitch": 353.6664530944459,
        "roll": 251.65491534718964,
        "yaw": 160.8874145035898
    }
}