{
    "time": "2023-05-05T16:00:02.702401+02:00",
    "accelleration": {
        "x": 0.11126399785280228,
        "y": -0.9408639669418335,
        "z": -0.3037799894809723
    },
    "position": {
        "pitch": 353.57820790414297,
        "roll": 252.1029484359858,
        "yaw": 126.64840019436791
    }
}