{
    "time": "2023-05-06T21:40:03.207850+02:00",
    "accelleration": {
        "x": 0.11077599972486496,
        "y": -0.9415959715843201,
        "z": -0.3096359968185425
    },
    "position": {
        "pitch": 353.6232320842649,
        "roll": 251.87109766460972,
        "yaw": 190.0777751868574
    }
}