{
    "time": "2023-05-07T02:00:03.277783+02:00",
    "accelleration": {
        "x": 0.1088239997625351,
        "y": -0.9398880004882812,
        "z": -0.3093920052051544
    },
    "position": {
        "pitch": 353.7238279641345,
        "roll": 251.79449709306803,
        "yaw": 140.21101120661385
    }
}