{
    "time": "2023-06-03T15:00:03.252786+02:00",
    "accelleration": {
        "x": 0.11224000155925751,
        "y": -0.9386679530143738,
        "z": -0.3123199939727783
    },
    "position": {
        "pitch": 353.527724695327,
        "roll": 251.6027463623091,
        "yaw": 158.6366212852605
    }
}