{
    "time": "2023-05-29T13:20:03.264728+02:00",
    "accelleration": {
        "x": 0.11028799414634705,
        "y": -0.9384239912033081,
        "z": -0.3106119930744171
    },
    "position": {
        "pitch": 353.63542696014116,
        "roll": 251.68709236836958,
        "yaw": 98.99144111280137
    }
}