{
    "time": "2023-06-20T15:00:03.138485+02:00",
    "accelleration": {
        "x": 0.11004399508237839,
        "y": -0.9396439790725708,
        "z": -0.3079279959201813
    },
    "position": {
        "pitch": 353.6487620507219,
        "roll": 251.8588238146712,
        "yaw": 157.25712797859302
    }
}