{
    "time": "2023-05-25T12:10:02.933867+02:00",
    "accelleration": {
        "x": 0.10833600163459778,
        "y": -0.9408639669418335,
        "z": -0.31378400325775146
    },
    "position": {
        "pitch": 353.7650852949291,
        "roll": 251.56177205747818,
        "yaw": 135.03879581610835
    }
}