{
    "time": "2022-07-11T03:20:03.005557+02:00",
    "accelleration": {
        "x": 0.10837332904338837,
        "y": -0.9207592606544495,
        "z": -0.33069121837615967
    },
    "position": {
        "pitch": 353.6967146744505,
        "roll": 250.2326650563179,
        "yaw": 175.11305929932558
    }
}