{
    "time": "2022-06-30T16:00:02.750459+02:00",
    "accelleration": {
        "x": 0.10837332904338837,
        "y": -0.9200355410575867,
        "z": -0.34346574544906616
    },
    "position": {
        "pitch": 353.7069962435855,
        "roll": 249.51205960831402,
        "yaw": 139.93736650770646
    }
}