{
    "time": "2022-06-30T01:00:03.371158+02:00",
    "accelleration": {
        "x": 0.11491936445236206,
        "y": -0.9202768206596375,
        "z": -0.3415375351905823
    },
    "position": {
        "pitch": 353.33359065543453,
        "roll": 249.62027029533454,
        "yaw": 171.69937173328822
    }
}