{
    "time": "2023-06-27T09:10:03.330171+02:00",
    "accelleration": {
        "x": 0.10858000069856644,
        "y": -0.937936007976532,
        "z": -0.3008520007133484
    },
    "position": {
        "pitch": 353.71056245610583,
        "roll": 252.2194509726587,
        "yaw": 158.6598985699519
    }
}