{
    "time": "2023-05-12T15:30:03.105614+02:00",
    "accelleration": {
        "x": 0.11614400148391724,
        "y": -0.9420839548110962,
        "z": -0.31378400325775146
    },
    "position": {
        "pitch": 353.33555348104727,
        "roll": 251.58815024805278,
        "yaw": 158.10501400178006
    }
}