{
    "time": "2023-06-19T07:40:02.986234+02:00",
    "accelleration": {
        "x": 0.11150799691677094,
        "y": -0.9393999576568604,
        "z": -0.3111000061035156
    },
    "position": {
        "pitch": 353.56997795307996,
        "roll": 251.68233172651807,
        "yaw": 158.11674826677415
    }
}