{
    "time": "2023-06-23T11:10:02.753069+02:00",
    "accelleration": {
        "x": 0.10735999792814255,
        "y": -0.9386679530143738,
        "z": -0.3025600016117096
    },
    "position": {
        "pitch": 353.78862084614855,
        "roll": 252.13860885364244,
        "yaw": 158.69359872331674
    }
}