{
    "time": "2023-06-21T22:40:03.236676+02:00",
    "accelleration": {
        "x": 0.10979999601840973,
        "y": -0.9403759837150574,
        "z": -0.30451199412345886
    },
    "position": {
        "pitch": 353.66195328044336,
        "roll": 252.05963137626958,
        "yaw": 158.05613716807946
    }
}