{
    "time": "2023-05-21T16:00:03.024161+02:00",
    "accelleration": {
        "x": 0.11199599504470825,
        "y": -0.9401319622993469,
        "z": -0.32207998633384705
    },
    "position": {
        "pitch": 353.56618079478824,
        "roll": 251.1047026284101,
        "yaw": 162.9809631068471
    }
}