{
    "time": "2023-06-28T23:50:02.765904+02:00",
    "accelleration": {
        "x": 0.10931199789047241,
        "y": -0.937936007976532,
        "z": -0.3037799894809723
    },
    "position": {
        "pitch": 353.67249354299315,
        "roll": 252.06264348969356,
        "yaw": 158.69814762930397
    }
}