{
    "time": "2022-07-21T15:10:03.187802+02:00",
    "accelleration": {
        "x": 0.10643375664949417,
        "y": -0.9222065806388855,
        "z": -0.32442450523376465
    },
    "position": {
        "pitch": 353.7939351602096,
        "roll": 250.59259553501005,
        "yaw": 144.78253878037341
    }
}