{
    "time": "2023-06-22T03:50:02.637263+02:00",
    "accelleration": {
        "x": 0.11028799414634705,
        "y": -0.9393999576568604,
        "z": -0.30646398663520813
    },
    "position": {
        "pitch": 353.6344647572418,
        "roll": 251.94283514146235,
        "yaw": 158.51605478603142
    }
}