{
    "time": "2022-07-19T22:30:02.488199+02:00",
    "accelleration": {
        "x": 0.10546397417783737,
        "y": -0.9229303002357483,
        "z": -0.33093225955963135
    },
    "position": {
        "pitch": 353.8655496936572,
        "roll": 250.25834656759713,
        "yaw": 140.19005618624024
    }
}