{
    "time": "2023-06-11T11:40:03.361275+02:00",
    "accelleration": {
        "x": 0.11077599972486496,
        "y": -0.9396439790725708,
        "z": -0.31158798933029175
    },
    "position": {
        "pitch": 353.6144757817489,
        "roll": 251.66046146079572,
        "yaw": 158.48693085941048
    }
}