{
    "time": "2023-05-28T02:10:03.080078+02:00",
    "accelleration": {
        "x": 0.11419199407100677,
        "y": -0.9413520097732544,
        "z": -0.3113439977169037
    },
    "position": {
        "pitch": 353.43402004944306,
        "roll": 251.76510678906948,
        "yaw": 185.54814399346668
    }
}