{
    "time": "2023-05-07T08:10:02.464258+02:00",
    "accelleration": {
        "x": 0.11028799414634705,
        "y": -0.9413520097732544,
        "z": -0.31158798933029175
    },
    "position": {
        "pitch": 353.6594939854553,
        "roll": 251.6965180294242,
        "yaw": 97.12632818633516
    }
}