{
    "time": "2022-07-02T02:00:03.266734+02:00",
    "accelleration": {
        "x": 0.11297979205846786,
        "y": -0.9205180406570435,
        "z": -0.34659910202026367
    },
    "position": {
        "pitch": 353.46065181079064,
        "roll": 249.35259518176173,
        "yaw": 185.24254766962198
    }
}