{
    "time": "2022-07-07T12:20:03.130374+02:00",
    "accelleration": {
        "x": 0.11322224140167236,
        "y": -0.9188294410705566,
        "z": -0.34346574544906616
    },
    "position": {
        "pitch": 353.43054689825016,
        "roll": 249.48397387044696,
        "yaw": 180.18742904224715
    }
}