{
    "time": "2022-07-12T18:50:04.003517+02:00",
    "accelleration": {
        "x": 0.11128267645835876,
        "y": -0.9197943806648254,
        "z": -0.3203270137310028
    },
    "position": {
        "pitch": 353.5010720165251,
        "roll": 250.77540554814544,
        "yaw": 184.86426447263
    }
}