{
    "time": "2022-06-30T04:50:03.185566+02:00",
    "accelleration": {
        "x": 0.11394958198070526,
        "y": -0.9207592606544495,
        "z": -0.34997349977493286
    },
    "position": {
        "pitch": 353.41394868479335,
        "roll": 249.17099411210944,
        "yaw": 154.55037865203033
    }
}