{
    "time": "2022-07-02T16:00:02.675219+02:00",
    "accelleration": {
        "x": 0.11443447321653366,
        "y": -0.9183470010757446,
        "z": -0.3429836630821228
    },
    "position": {
        "pitch": 353.35260974406526,
        "roll": 249.49727907895013,
        "yaw": 127.46661587580043
    }
}