{
    "time": "2023-06-04T12:20:02.565660+02:00",
    "accelleration": {
        "x": 0.11443600058555603,
        "y": -0.9420839548110962,
        "z": -0.3164680004119873
    },
    "position": {
        "pitch": 353.4309801883756,
        "roll": 251.43500374648275,
        "yaw": 158.75866310535028
    }
}