{
    "time": "2023-05-17T12:50:03.324003+02:00",
    "accelleration": {
        "x": 0.11248400062322617,
        "y": -0.9430599808692932,
        "z": -0.31207600235939026
    },
    "position": {
        "pitch": 353.5416715147253,
        "roll": 251.7017089731934,
        "yaw": 101.39068849274092
    }
}