{
    "time": "2023-06-22T22:30:03.148653+02:00",
    "accelleration": {
        "x": 0.10906799882650375,
        "y": -0.9391559958457947,
        "z": -0.30353599786758423
    },
    "position": {
        "pitch": 353.6941153605845,
        "roll": 252.09404869949728,
        "yaw": 158.2332576336362
    }
}