{
    "time": "2023-06-07T17:50:02.639830+02:00",
    "accelleration": {
        "x": 0.1117519959807396,
        "y": -0.9406200051307678,
        "z": -0.3101239800453186
    },
    "position": {
        "pitch": 353.5625228016009,
        "roll": 251.75589286387913,
        "yaw": 158.636320756937
    }
}