{
    "time": "2023-04-30T13:30:02.892429+02:00",
    "accelleration": {
        "x": 0.10589599609375,
        "y": -0.9420839548110962,
        "z": -0.31036800146102905
    },
    "position": {
        "pitch": 353.90600959986625,
        "roll": 251.7770527899278,
        "yaw": 168.47227127499727
    }
}