{
    "time": "2023-04-30T06:50:03.339126+02:00",
    "accelleration": {
        "x": 0.10662800073623657,
        "y": -0.9418399930000305,
        "z": -0.3113439977169037
    },
    "position": {
        "pitch": 353.8604885234822,
        "roll": 251.72562146547762,
        "yaw": 133.78739587713528
    }
}