{
    "time": "2023-06-29T23:00:03.121574+02:00",
    "accelleration": {
        "x": 0.1088239997625351,
        "y": -0.9393999576568604,
        "z": -0.3054879903793335
    },
    "position": {
        "pitch": 353.71785752502626,
        "roll": 251.99725808876903,
        "yaw": 158.74033087761796
    }
}