{
    "time": "2022-07-20T18:00:02.861348+02:00",
    "accelleration": {
        "x": 0.10643375664949417,
        "y": -0.9234127402305603,
        "z": -0.32635271549224854
    },
    "position": {
        "pitch": 353.8024114249696,
        "roll": 250.51772983151756,
        "yaw": 162.7384094290416
    }
}