{
    "time": "2023-04-30T10:50:02.801008+02:00",
    "accelleration": {
        "x": 0.11028799414634705,
        "y": -0.9408639669418335,
        "z": -0.3108559846878052
    },
    "position": {
        "pitch": 353.656803744696,
        "roll": 251.7295215034937,
        "yaw": 113.59025329384077
    }
}