{
    "time": "2023-06-26T22:40:03.090082+02:00",
    "accelleration": {
        "x": 0.10809199512004852,
        "y": -0.9381799697875977,
        "z": -0.2991439998149872
    },
    "position": {
        "pitch": 353.7343682266843,
        "roll": 252.3166650551155,
        "yaw": 157.85228334211124
    }
}