{
    "time": "2023-05-20T10:40:03.397498+02:00",
    "accelleration": {
        "x": 0.11321599781513214,
        "y": -0.9418399930000305,
        "z": -0.31768798828125
    },
    "position": {
        "pitch": 353.5099734605609,
        "roll": 251.3754991384336,
        "yaw": 181.6530920154835
    }
}