{
    "time": "2023-05-19T09:30:02.480136+02:00",
    "accelleration": {
        "x": 0.11467999964952469,
        "y": -0.9420839548110962,
        "z": -0.31549200415611267
    },
    "position": {
        "pitch": 353.42337562650846,
        "roll": 251.49568314706914,
        "yaw": 194.03742709401055
    }
}