{
    "time": "2023-06-04T13:50:03.005710+02:00",
    "accelleration": {
        "x": 0.11297199875116348,
        "y": -0.9408639669418335,
        "z": -0.3140279948711395
    },
    "position": {
        "pitch": 353.50125387031176,
        "roll": 251.54780432062552,
        "yaw": 159.10825950782822
    }
}