{
    "time": "2022-07-13T06:20:02.607200+02:00",
    "accelleration": {
        "x": 0.10691864788532257,
        "y": -0.9202768206596375,
        "z": -0.323701411485672
    },
    "position": {
        "pitch": 353.7588672614635,
        "roll": 250.59922764869413,
        "yaw": 118.40749009280239
    }
}