{
    "time": "2022-07-21T19:50:03.647307+02:00",
    "accelleration": {
        "x": 0.10546397417783737,
        "y": -0.9210004806518555,
        "z": -0.3157474398612976
    },
    "position": {
        "pitch": 353.82507441952254,
        "roll": 251.05972583272558,
        "yaw": 153.569221977758
    }
}