{
    "time": "2023-05-21T15:50:02.453734+02:00",
    "accelleration": {
        "x": 0.11467999964952469,
        "y": -0.9403759837150574,
        "z": -0.31671199202537537
    },
    "position": {
        "pitch": 353.4089430099054,
        "roll": 251.39651563050973,
        "yaw": 197.84573566953455
    }
}