{
    "time": "2023-06-06T13:20:02.557003+02:00",
    "accelleration": {
        "x": 0.11248400062322617,
        "y": -0.9396439790725708,
        "z": -0.31207600235939026
    },
    "position": {
        "pitch": 353.5165628855627,
        "roll": 251.69915448244382,
        "yaw": 157.67947955610992
    }
}