{
    "time": "2023-05-30T02:40:02.489183+02:00",
    "accelleration": {
        "x": 0.11004399508237839,
        "y": -0.9396439790725708,
        "z": -0.3096359968185425
    },
    "position": {
        "pitch": 353.65340273737615,
        "roll": 251.76317384553437,
        "yaw": 151.6114985163356
    }
}