{
    "time": "2023-05-12T19:10:02.511254+02:00",
    "accelleration": {
        "x": 0.11541199684143066,
        "y": -0.941107988357544,
        "z": -0.32207998633384705
    },
    "position": {
        "pitch": 353.3908203836032,
        "roll": 251.13080761141788,
        "yaw": 191.53500970665797
    }
}