{
    "time": "2022-07-17T16:50:03.023942+02:00",
    "accelleration": {
        "x": 0.10740353912115097,
        "y": -0.9231715202331543,
        "z": -0.3270758092403412
    },
    "position": {
        "pitch": 353.7522257562693,
        "roll": 250.47209050748353,
        "yaw": 143.07969065801922
    }
}