{
    "time": "2022-07-07T05:00:03.057771+02:00",
    "accelleration": {
        "x": 0.11370714008808136,
        "y": -0.9200355410575867,
        "z": -0.34876835346221924
    },
    "position": {
        "pitch": 353.4272440748996,
        "roll": 249.22688555008767,
        "yaw": 113.46181158649868
    }
}