{
    "time": "2023-05-22T17:20:03.079779+02:00",
    "accelleration": {
        "x": 0.11077599972486496,
        "y": -0.9396439790725708,
        "z": -0.32207998633384705
    },
    "position": {
        "pitch": 353.6305164810147,
        "roll": 251.09553651454394,
        "yaw": 167.01552852881696
    }
}