{
    "time": "2023-06-22T22:50:02.677131+02:00",
    "accelleration": {
        "x": 0.10858000069856644,
        "y": -0.9393999576568604,
        "z": -0.30353599786758423
    },
    "position": {
        "pitch": 353.72141519981017,
        "roll": 252.09779164316245,
        "yaw": 157.86586175818124
    }
}