{
    "time": "2023-06-05T17:50:03.057670+02:00",
    "accelleration": {
        "x": 0.11224000155925751,
        "y": -0.9393999576568604,
        "z": -0.3106119930744171
    },
    "position": {
        "pitch": 353.5279667401557,
        "roll": 251.70803372836485,
        "yaw": 158.86633420742635
    }
}