{
    "time": "2022-07-18T22:50:03.331582+02:00",
    "accelleration": {
        "x": 0.10861577093601227,
        "y": -0.9210004806518555,
        "z": -0.3352707624435425
    },
    "position": {
        "pitch": 353.6895583437476,
        "roll": 249.9867372650624,
        "yaw": 164.43543823022299
    }
}