{
    "time": "2023-06-06T07:00:03.311977+02:00",
    "accelleration": {
        "x": 0.11370399594306946,
        "y": -0.9415959715843201,
        "z": -0.31915199756622314
    },
    "position": {
        "pitch": 353.47724191339773,
        "roll": 251.28387898090705,
        "yaw": 158.36897349244438
    }
}