{
    "time": "2023-06-19T20:30:02.898971+02:00",
    "accelleration": {
        "x": 0.10955599695444107,
        "y": -0.9398880004882812,
        "z": -0.3050000071525574
    },
    "position": {
        "pitch": 353.67109250043967,
        "roll": 252.02078126027055,
        "yaw": 157.8004968478242
    }
}