{
    "time": "2023-06-23T03:50:03.399442+02:00",
    "accelleration": {
        "x": 0.1088239997625351,
        "y": -0.9381799697875977,
        "z": -0.3042680025100708
    },
    "position": {
        "pitch": 353.70915372958956,
        "roll": 252.0380616388707,
        "yaw": 158.1167072856391
    }
}