{
    "time": "2023-06-12T06:20:03.218746+02:00",
    "accelleration": {
        "x": 0.11272799968719482,
        "y": -0.9408639669418335,
        "z": -0.3159799873828888
    },
    "position": {
        "pitch": 353.5224039779635,
        "roll": 251.4435073319994,
        "yaw": 158.30989235612375
    }
}