{
    "time": "2023-06-25T01:10:03.071775+02:00",
    "accelleration": {
        "x": 0.10955599695444107,
        "y": -0.9396439790725708,
        "z": -0.30231598019599915
    },
    "position": {
        "pitch": 353.67081246268367,
        "roll": 252.173060327816,
        "yaw": 159.20063098616347
    }
}