{
    "time": "2023-05-14T23:50:03.163798+02:00",
    "accelleration": {
        "x": 0.11492399871349335,
        "y": -0.9423279762268066,
        "z": -0.30987998843193054
    },
    "position": {
        "pitch": 353.4041272996537,
        "roll": 251.7996538858914,
        "yaw": 164.15273670047614
    }
}