{
    "time": "2023-06-05T12:50:02.474150+02:00",
    "accelleration": {
        "x": 0.11199599504470825,
        "y": -0.9401319622993469,
        "z": -0.3125639855861664
    },
    "position": {
        "pitch": 353.5513422088164,
        "roll": 251.61555979719202,
        "yaw": 158.49477191657766
    }
}