{
    "time": "2022-07-04T19:30:02.985287+02:00",
    "accelleration": {
        "x": 0.11031289398670197,
        "y": -0.9197943806648254,
        "z": -0.347563236951828
    },
    "position": {
        "pitch": 353.61385167321356,
        "roll": 249.28838457337446,
        "yaw": 123.36817452471261
    }
}