{
    "time": "2023-05-31T03:50:02.714320+02:00",
    "accelleration": {
        "x": 0.11101999878883362,
        "y": -0.937936007976532,
        "z": -0.31378400325775146
    },
    "position": {
        "pitch": 353.5950148652563,
        "roll": 251.51624884666006,
        "yaw": 117.75929148018984
    }
}