{
    "time": "2023-06-07T03:50:03.178072+02:00",
    "accelleration": {
        "x": 0.11272799968719482,
        "y": -0.9406200051307678,
        "z": -0.3147599995136261
    },
    "position": {
        "pitch": 353.5178704399019,
        "roll": 251.50950744994924,
        "yaw": 158.4297621760575
    }
}