{
    "time": "2023-05-04T03:20:02.770555+02:00",
    "accelleration": {
        "x": 0.11126399785280228,
        "y": -0.9413520097732544,
        "z": -0.3111000061035156
    },
    "position": {
        "pitch": 353.5975407545887,
        "roll": 251.7292687864944,
        "yaw": 99.14759972779538
    }
}