{
    "time": "2023-05-12T15:40:02.828221+02:00",
    "accelleration": {
        "x": 0.10955599695444107,
        "y": -0.9420839548110962,
        "z": -0.31036800146102905
    },
    "position": {
        "pitch": 353.6989485731959,
        "roll": 251.77581652568804,
        "yaw": 169.50610236814873
    }
}