{
    "time": "2023-06-06T23:40:02.902021+02:00",
    "accelleration": {
        "x": 0.11248400062322617,
        "y": -0.9406200051307678,
        "z": -0.31207600235939026
    },
    "position": {
        "pitch": 353.5247352069046,
        "roll": 251.64984734682548,
        "yaw": 158.59337252743597
    }
}