{
    "time": "2023-05-21T12:50:02.927230+02:00",
    "accelleration": {
        "x": 0.11248400062322617,
        "y": -0.9389119744300842,
        "z": -0.31622397899627686
    },
    "position": {
        "pitch": 353.52465623284235,
        "roll": 251.39461000773127,
        "yaw": 155.67666318578708
    }
}