{
    "time": "2023-07-03T04:00:03.416850+02:00",
    "accelleration": {
        "x": 0.10858000069856644,
        "y": -0.9381799697875977,
        "z": -0.30743998289108276
    },
    "position": {
        "pitch": 353.7212107210219,
        "roll": 251.8599166449384,
        "yaw": 157.93464176312327
    }
}