{
    "time": "2023-05-22T15:30:03.407971+02:00",
    "accelleration": {
        "x": 0.10979999601840973,
        "y": -0.9393999576568604,
        "z": -0.31622397899627686
    },
    "position": {
        "pitch": 353.67562219651984,
        "roll": 251.47485790028975,
        "yaw": 193.0234308702088
    }
}