{
    "time": "2023-06-19T18:00:02.812061+02:00",
    "accelleration": {
        "x": 0.11101999878883362,
        "y": -0.9381799697875977,
        "z": -0.30743998289108276
    },
    "position": {
        "pitch": 353.58380737860193,
        "roll": 251.85926094677808,
        "yaw": 157.79848877220823
    }
}