{
    "time": "2022-07-19T18:40:03.355257+02:00",
    "accelleration": {
        "x": 0.11104022711515427,
        "y": -0.9200355410575867,
        "z": -0.3157474398612976
    },
    "position": {
        "pitch": 353.4998737452126,
        "roll": 251.01469439552767,
        "yaw": 127.03056293880847
    }
}