{
    "time": "2022-07-08T06:20:03.335781+02:00",
    "accelleration": {
        "x": 0.11370714008808136,
        "y": -0.9222065806388855,
        "z": -0.34659910202026367
    },
    "position": {
        "pitch": 353.43564392691826,
        "roll": 249.3880302031758,
        "yaw": 110.11559945927189
    }
}