{
    "time": "2023-05-26T18:40:03.183093+02:00",
    "accelleration": {
        "x": 0.11028799414634705,
        "y": -0.9389119744300842,
        "z": -0.3093920052051544
    },
    "position": {
        "pitch": 353.6317164598745,
        "roll": 251.77005184602854,
        "yaw": 145.34687633035657
    }
}