{
    "time": "2022-07-15T06:00:03.020720+02:00",
    "accelleration": {
        "x": 0.10764598846435547,
        "y": -0.9231715202331543,
        "z": -0.32779887318611145
    },
    "position": {
        "pitch": 353.74576781240904,
        "roll": 250.43817178806523,
        "yaw": 122.3871954353587
    }
}