{
    "time": "2023-04-28T07:00:03.246808+02:00",
    "accelleration": {
        "x": 0.11150799691677094,
        "y": -0.9445239901542664,
        "z": -0.3071959912776947
    },
    "position": {
        "pitch": 353.60358547200417,
        "roll": 252.00261295707833,
        "yaw": 107.57218727652088
    }
}