{
    "time": "2023-07-03T17:30:02.579138+02:00",
    "accelleration": {
        "x": 0.10931199789047241,
        "y": -0.9376919865608215,
        "z": -0.30524399876594543
    },
    "position": {
        "pitch": 353.67258361611283,
        "roll": 251.971665369949,
        "yaw": 157.91182893129542
    }
}