{
    "time": "2023-06-13T02:10:03.339628+02:00",
    "accelleration": {
        "x": 0.11004399508237839,
        "y": -0.9391559958457947,
        "z": -0.31158798933029175
    },
    "position": {
        "pitch": 353.5889441077446,
        "roll": 251.65004542231142,
        "yaw": 158.31720065853568
    }
}