{
    "time": "2023-06-20T11:50:02.708286+02:00",
    "accelleration": {
        "x": 0.1105320006608963,
        "y": -0.9389119744300842,
        "z": -0.30621999502182007
    },
    "position": {
        "pitch": 353.6146320223262,
        "roll": 251.9365581976151,
        "yaw": 157.9448597261216
    }
}