{
    "time": "2023-05-29T09:40:02.958112+02:00",
    "accelleration": {
        "x": 0.11272799968719482,
        "y": -0.9403759837150574,
        "z": -0.3189080059528351
    },
    "position": {
        "pitch": 353.5254425583705,
        "roll": 251.2823831694788,
        "yaw": 155.96175528174342
    }
}