{
    "time": "2023-06-25T11:10:02.578860+02:00",
    "accelleration": {
        "x": 0.1076039969921112,
        "y": -0.9396439790725708,
        "z": -0.30280399322509766
    },
    "position": {
        "pitch": 353.77979922994865,
        "roll": 252.14692119386234,
        "yaw": 158.20440691458208
    }
}