{
    "time": "2023-05-27T04:30:02.673681+02:00",
    "accelleration": {
        "x": 0.11297199875116348,
        "y": -0.9423279762268066,
        "z": -0.313539981842041
    },
    "position": {
        "pitch": 353.5140088216999,
        "roll": 251.60284198495748,
        "yaw": 191.3757433555916
    }
}