{
    "time": "2023-05-25T07:00:02.760260+02:00",
    "accelleration": {
        "x": 0.11297199875116348,
        "y": -0.9418399930000305,
        "z": -0.3228119909763336
    },
    "position": {
        "pitch": 353.5362705426391,
        "roll": 251.10172466593195,
        "yaw": 109.1903752041128
    }
}