{
    "time": "2022-07-15T08:30:02.755581+02:00",
    "accelleration": {
        "x": 0.10885821282863617,
        "y": -0.9212417006492615,
        "z": -0.3256296217441559
    },
    "position": {
        "pitch": 353.657638735322,
        "roll": 250.5208102468332,
        "yaw": 128.24465638453492
    }
}