{
    "time": "2022-07-06T20:50:03.172139+02:00",
    "accelleration": {
        "x": 0.11322224140167236,
        "y": -0.9185882210731506,
        "z": -0.340091347694397
    },
    "position": {
        "pitch": 353.4210226263394,
        "roll": 249.66376493996918,
        "yaw": 175.89149595903191
    }
}