{
    "time": "2023-06-21T09:40:02.578155+02:00",
    "accelleration": {
        "x": 0.11004399508237839,
        "y": -0.9398880004882812,
        "z": -0.30866000056266785
    },
    "position": {
        "pitch": 353.65375235768425,
        "roll": 251.82804015208194,
        "yaw": 159.02741738881195
    }
}