{
    "time": "2023-06-04T06:40:04.216507+02:00",
    "accelleration": {
        "x": 0.11443600058555603,
        "y": -0.9403759837150574,
        "z": -0.31768798828125
    },
    "position": {
        "pitch": 353.4232846996151,
        "roll": 251.33969528680439,
        "yaw": 159.19304947618474
    }
}