{
    "time": "2023-05-17T04:40:02.614869+02:00",
    "accelleration": {
        "x": 0.11467999964952469,
        "y": -0.9413520097732544,
        "z": -0.31036800146102905
    },
    "position": {
        "pitch": 353.40683589654645,
        "roll": 251.83432392611837,
        "yaw": 127.05504233679379
    }
}