{
    "time": "2023-05-03T13:30:03.129263+02:00",
    "accelleration": {
        "x": 0.1105320006608963,
        "y": -0.9420839548110962,
        "z": -0.3159799873828888
    },
    "position": {
        "pitch": 353.71455982431763,
        "roll": 251.4781773722264,
        "yaw": 185.82835933435564
    }
}