{
    "time": "2022-07-14T21:00:03.383028+02:00",
    "accelleration": {
        "x": 0.10764598846435547,
        "y": -0.9210004806518555,
        "z": -0.32490652799606323
    },
    "position": {
        "pitch": 353.7183279543053,
        "roll": 250.54507790895428,
        "yaw": 144.0326796321544
    }
}