{
    "time": "2023-05-17T11:00:02.883244+02:00",
    "accelleration": {
        "x": 0.11687599867582321,
        "y": -0.9433040022850037,
        "z": -0.3169559836387634
    },
    "position": {
        "pitch": 353.311781007641,
        "roll": 251.438589595797,
        "yaw": 98.10568169066661
    }
}