{
    "time": "2023-06-09T12:30:02.807199+02:00",
    "accelleration": {
        "x": 0.11004399508237839,
        "y": -0.9401319622993469,
        "z": -0.31036800146102905
    },
    "position": {
        "pitch": 353.65526780590636,
        "roll": 251.73775871163275,
        "yaw": 157.85313028556834
    }
}