{
    "time": "2023-07-02T15:30:03.302601+02:00",
    "accelleration": {
        "x": 0.10931199789047241,
        "y": -0.9376919865608215,
        "z": -0.3054879903793335
    },
    "position": {
        "pitch": 353.67226088967453,
        "roll": 251.9596305766314,
        "yaw": 157.72714061613829
    }
}