{
    "time": "2023-06-20T16:10:02.504124+02:00",
    "accelleration": {
        "x": 0.11028799414634705,
        "y": -0.9396439790725708,
        "z": -0.30621999502182007
    },
    "position": {
        "pitch": 353.63019973099193,
        "roll": 251.94950140609228,
        "yaw": 158.32377130051722
    }
}