{
    "time": "2023-05-20T17:30:03.201463+02:00",
    "accelleration": {
        "x": 0.10906799882650375,
        "y": -0.9396439790725708,
        "z": -0.31549200415611267
    },
    "position": {
        "pitch": 353.72026687425597,
        "roll": 251.45142352124745,
        "yaw": 183.7298520137609
    }
}