{
    "time": "2023-06-03T23:30:02.584424+02:00",
    "accelleration": {
        "x": 0.11614400148391724,
        "y": -0.9406200051307678,
        "z": -0.31744399666786194
    },
    "position": {
        "pitch": 353.32754636490586,
        "roll": 251.3609918166365,
        "yaw": 159.4224208888921
    }
}