{
    "time": "2023-06-15T03:10:02.667856+02:00",
    "accelleration": {
        "x": 0.11492399871349335,
        "y": -0.9413520097732544,
        "z": -0.31793197989463806
    },
    "position": {
        "pitch": 353.4045529058164,
        "roll": 251.34414173995407,
        "yaw": 158.17974993167834
    }
}