{
    "time": "2023-06-04T15:00:02.921184+02:00",
    "accelleration": {
        "x": 0.11248400062322617,
        "y": -0.9386679530143738,
        "z": -0.31378400325775146
    },
    "position": {
        "pitch": 353.5164595789515,
        "roll": 251.5219725451845,
        "yaw": 158.99168183907443
    }
}