{
    "time": "2023-06-11T02:00:02.732773+02:00",
    "accelleration": {
        "x": 0.11321599781513214,
        "y": -0.9406200051307678,
        "z": -0.31158798933029175
    },
    "position": {
        "pitch": 353.4826108689722,
        "roll": 251.6782267828269,
        "yaw": 158.2976936382661
    }
}