{
    "time": "2022-07-08T17:20:03.177142+02:00",
    "accelleration": {
        "x": 0.11201001703739166,
        "y": -0.9197943806648254,
        "z": -0.3314143121242523
    },
    "position": {
        "pitch": 353.47630233550007,
        "roll": 250.15821599436475,
        "yaw": 161.09906840559017
    }
}