{
    "time": "2023-06-02T12:40:02.990317+02:00",
    "accelleration": {
        "x": 0.11321599781513214,
        "y": -0.9393999576568604,
        "z": -0.31158798933029175
    },
    "position": {
        "pitch": 353.4726554413701,
        "roll": 251.65392496976,
        "yaw": 156.28224141797875
    }
}