{
    "time": "2022-07-04T02:40:03.038554+02:00",
    "accelleration": {
        "x": 0.11322224140167236,
        "y": -0.9202768206596375,
        "z": -0.34852734208106995
    },
    "position": {
        "pitch": 353.45685721381983,
        "roll": 249.2461193627904,
        "yaw": 185.2325209519204
    }
}