{
    "time": "2023-06-02T18:40:02.516639+02:00",
    "accelleration": {
        "x": 0.11321599781513214,
        "y": -0.9401319622993469,
        "z": -0.30987998843193054
    },
    "position": {
        "pitch": 353.47397452165353,
        "roll": 251.75682859979543,
        "yaw": 159.32388857992552
    }
}