{
    "time": "2023-05-19T20:30:02.458266+02:00",
    "accelleration": {
        "x": 0.10906799882650375,
        "y": -0.9430599808692932,
        "z": -0.3184199929237366
    },
    "position": {
        "pitch": 353.74367094433387,
        "roll": 251.3574606088356,
        "yaw": 153.52156091772963
    }
}