{
    "time": "2023-06-27T12:10:03.500120+02:00",
    "accelleration": {
        "x": 0.10784799605607986,
        "y": -0.9372040033340454,
        "z": -0.30060797929763794
    },
    "position": {
        "pitch": 353.7458373949612,
        "roll": 252.2198471236306,
        "yaw": 158.10047875617116
    }
}