{
    "time": "2023-05-23T22:40:03.171729+02:00",
    "accelleration": {
        "x": 0.11224000155925751,
        "y": -0.9393999576568604,
        "z": -0.3140279948711395
    },
    "position": {
        "pitch": 353.5383430781654,
        "roll": 251.4594763142789,
        "yaw": 118.62948490120614
    }
}