{
    "time": "2023-07-01T21:40:03.323359+02:00",
    "accelleration": {
        "x": 0.11077599972486496,
        "y": -0.9376919865608215,
        "z": -0.30621999502182007
    },
    "position": {
        "pitch": 353.5913756550891,
        "roll": 251.92210551733137,
        "yaw": 157.63461887364127
    }
}