{
    "time": "2023-06-26T17:40:03.320230+02:00",
    "accelleration": {
        "x": 0.10906799882650375,
        "y": -0.9376919865608215,
        "z": -0.29694798588752747
    },
    "position": {
        "pitch": 353.6707445876788,
        "roll": 252.4241039307598,
        "yaw": 157.86836160741746
    }
}