{
    "time": "2023-06-19T10:50:02.546073+02:00",
    "accelleration": {
        "x": 0.1105320006608963,
        "y": -0.9384239912033081,
        "z": -0.30866000056266785
    },
    "position": {
        "pitch": 353.6179937560583,
        "roll": 251.7974887159245,
        "yaw": 157.75976159961425
    }
}