{
    "time": "2023-04-30T22:00:02.727455+02:00",
    "accelleration": {
        "x": 0.11443600058555603,
        "y": -0.9406200051307678,
        "z": -0.3118319809436798
    },
    "position": {
        "pitch": 353.4218917679113,
        "roll": 251.6724894239241,
        "yaw": 198.1240385574559
    }
}