{
    "time": "2023-05-19T12:20:03.126717+02:00",
    "accelleration": {
        "x": 0.11150799691677094,
        "y": -0.9403759837150574,
        "z": -0.31793197989463806
    },
    "position": {
        "pitch": 353.58732962177953,
        "roll": 251.33256456931088,
        "yaw": 194.65577777995014
    }
}