{
    "time": "2022-07-14T00:30:02.598516+02:00",
    "accelleration": {
        "x": 0.10885821282863617,
        "y": -0.9222065806388855,
        "z": -0.3290040194988251
    },
    "position": {
        "pitch": 353.67087436127304,
        "roll": 250.3531974046011,
        "yaw": 121.6056715301475
    }
}