{
    "time": "2022-07-12T00:00:03.133401+02:00",
    "accelleration": {
        "x": 0.11249490827322006,
        "y": -0.9234127402305603,
        "z": -0.32755783200263977
    },
    "position": {
        "pitch": 353.4686824057073,
        "roll": 250.450616392733,
        "yaw": 187.49615492588933
    }
}