{
    "time": "2022-07-08T02:30:02.491696+02:00",
    "accelleration": {
        "x": 0.10764598846435547,
        "y": -0.9200355410575867,
        "z": -0.33719897270202637
    },
    "position": {
        "pitch": 353.74269123907476,
        "roll": 249.84483325486622,
        "yaw": 154.2370368936668
    }
}