{
    "time": "2023-05-06T00:20:02.700320+02:00",
    "accelleration": {
        "x": 0.1076039969921112,
        "y": -0.9408639669418335,
        "z": -0.3123199939727783
    },
    "position": {
        "pitch": 353.8049432907176,
        "roll": 251.6510562903086,
        "yaw": 188.0219292278186
    }
}