{
    "time": "2023-06-11T03:30:02.611405+02:00",
    "accelleration": {
        "x": 0.11199599504470825,
        "y": -0.9403759837150574,
        "z": -0.3152479827404022
    },
    "position": {
        "pitch": 353.5585416550884,
        "roll": 251.47439344742622,
        "yaw": 158.7408909531299
    }
}