{
    "time": "2023-05-28T23:50:03.048809+02:00",
    "accelleration": {
        "x": 0.11297199875116348,
        "y": -0.9437919855117798,
        "z": -0.31768798828125
    },
    "position": {
        "pitch": 353.5311201531181,
        "roll": 251.40744393318175,
        "yaw": 133.39834830201136
    }
}