{
    "time": "2023-05-21T09:40:02.820109+02:00",
    "accelleration": {
        "x": 0.10833600163459778,
        "y": -0.9406200051307678,
        "z": -0.3147599995136261
    },
    "position": {
        "pitch": 353.7694536277902,
        "roll": 251.50219231734815,
        "yaw": 178.7142082373231
    }
}