{
    "time": "2023-05-01T03:40:02.485126+02:00",
    "accelleration": {
        "x": 0.10955599695444107,
        "y": -0.9415959715843201,
        "z": -0.31500399112701416
    },
    "position": {
        "pitch": 353.70536553592115,
        "roll": 251.45097272876222,
        "yaw": 183.31949424842654
    }
}