{
    "time": "2023-06-22T09:20:02.852850+02:00",
    "accelleration": {
        "x": 0.11004399508237839,
        "y": -0.9386679530143738,
        "z": -0.3050000071525574
    },
    "position": {
        "pitch": 353.6405581397551,
        "roll": 252.01370518429042,
        "yaw": 158.4606892726193
    }
}