{
    "time": "2022-07-04T12:50:02.800009+02:00",
    "accelleration": {
        "x": 0.10619131475687027,
        "y": -0.9183470010757446,
        "z": -0.34659910202026367
    },
    "position": {
        "pitch": 353.8267064078473,
        "roll": 249.32031570774427,
        "yaw": 137.41755945872703
    }
}