{
    "time": "2022-07-17T08:30:03.117398+02:00",
    "accelleration": {
        "x": 0.10861577093601227,
        "y": -0.9207592606544495,
        "z": -0.3331015110015869
    },
    "position": {
        "pitch": 353.68994382254886,
        "roll": 250.09975640525863,
        "yaw": 108.96409786709944
    }
}