{
    "time": "2023-05-20T22:00:03.060572+02:00",
    "accelleration": {
        "x": 0.10931199789047241,
        "y": -0.9396439790725708,
        "z": -0.31549200415611267
    },
    "position": {
        "pitch": 353.70994560464646,
        "roll": 251.45094540800557,
        "yaw": 114.6849550328754
    }
}