{
    "time": "2023-05-17T03:00:03.278036+02:00",
    "accelleration": {
        "x": 0.10955599695444107,
        "y": -0.9391559958457947,
        "z": -0.30914798378944397
    },
    "position": {
        "pitch": 353.6797032345489,
        "roll": 251.79139618718483,
        "yaw": 119.37509567176141
    }
}