{
    "time": "2023-07-05T18:40:03.366998+02:00",
    "accelleration": {
        "x": 0.10906799882650375,
        "y": -0.9372040033340454,
        "z": -0.3050000071525574
    },
    "position": {
        "pitch": 353.6840506499556,
        "roll": 251.9752648796416,
        "yaw": 158.54752829772684
    }
}