{
    "time": "2023-04-29T10:00:03.271610+02:00",
    "accelleration": {
        "x": 0.10711599886417389,
        "y": -0.941107988357544,
        "z": -0.3113439977169037
    },
    "position": {
        "pitch": 353.8348095735239,
        "roll": 251.71416040805033,
        "yaw": 181.4075603751999
    }
}