{
    "time": "2023-06-29T18:30:02.529557+02:00",
    "accelleration": {
        "x": 0.1088239997625351,
        "y": -0.9386679530143738,
        "z": -0.3025600016117096
    },
    "position": {
        "pitch": 353.70556617272797,
        "roll": 252.1409857594736,
        "yaw": 158.45716489500757
    }
}