{
    "time": "2023-05-12T06:20:02.885716+02:00",
    "accelleration": {
        "x": 0.11394799500703812,
        "y": -0.9413520097732544,
        "z": -0.31768798828125
    },
    "position": {
        "pitch": 353.46580476163257,
        "roll": 251.3746112138415,
        "yaw": 109.9889540916815
    }
}