{
    "time": "2022-07-04T18:10:02.978914+02:00",
    "accelleration": {
        "x": 0.10958555340766907,
        "y": -0.9229303002357483,
        "z": -0.3446708619594574
    },
    "position": {
        "pitch": 353.73468326915975,
        "roll": 249.50476496628045,
        "yaw": 165.7593201366682
    }
}