{
    "time": "2023-07-05T08:40:03.120150+02:00",
    "accelleration": {
        "x": 0.11004399508237839,
        "y": -0.9393999576568604,
        "z": -0.30646398663520813
    },
    "position": {
        "pitch": 353.64629592554473,
        "roll": 251.93817695244843,
        "yaw": 157.91273051626587
    }
}