{
    "time": "2023-06-16T12:30:02.636426+02:00",
    "accelleration": {
        "x": 0.1117519959807396,
        "y": -0.9398880004882812,
        "z": -0.3093920052051544
    },
    "position": {
        "pitch": 353.5554130015617,
        "roll": 251.77929992216474,
        "yaw": 158.5991098863388
    }
}