{
    "time": "2022-07-08T01:50:02.404744+02:00",
    "accelleration": {
        "x": 0.11007044464349747,
        "y": -0.9195531010627747,
        "z": -0.3350297510623932
    },
    "position": {
        "pitch": 353.6015099482701,
        "roll": 249.96080986697302,
        "yaw": 180.16135137999603
    }
}