{
    "time": "2022-07-16T01:50:03.343808+02:00",
    "accelleration": {
        "x": 0.10788843780755997,
        "y": -0.9231715202331543,
        "z": -0.3287630081176758
    },
    "position": {
        "pitch": 353.72931986311403,
        "roll": 250.38010834993094,
        "yaw": 136.35006919334572
    }
}