{
    "time": "2022-07-16T20:20:02.860209+02:00",
    "accelleration": {
        "x": 0.11104022711515427,
        "y": -0.9202768206596375,
        "z": -0.32924503087997437
    },
    "position": {
        "pitch": 353.53081108705817,
        "roll": 250.2892600037806,
        "yaw": 127.727010007718
    }
}