{
    "time": "2023-05-07T21:30:02.789980+02:00",
    "accelleration": {
        "x": 0.1117519959807396,
        "y": -0.9398880004882812,
        "z": -0.30866000056266785
    },
    "position": {
        "pitch": 353.5633718794921,
        "roll": 251.82836800116212,
        "yaw": 117.65451637832184
    }
}