{
    "time": "2022-07-18T19:10:03.180366+02:00",
    "accelleration": {
        "x": 0.10667620599269867,
        "y": -0.9236539602279663,
        "z": -0.3287630081176758
    },
    "position": {
        "pitch": 353.79520087964016,
        "roll": 250.39053804879356,
        "yaw": 164.63293998026307
    }
}