{
    "time": "2023-05-15T17:20:03.086236+02:00",
    "accelleration": {
        "x": 0.1117519959807396,
        "y": -0.9398880004882812,
        "z": -0.3076840043067932
    },
    "position": {
        "pitch": 353.55287259807733,
        "roll": 251.88451215613964,
        "yaw": 131.89085725029784
    }
}