{
    "time": "2023-05-19T00:10:05.206833+02:00",
    "accelleration": {
        "x": 0.10955599695444107,
        "y": -0.9401319622993469,
        "z": -0.3106119930744171
    },
    "position": {
        "pitch": 353.6890110748404,
        "roll": 251.73234920181008,
        "yaw": 193.3958537648929
    }
}