{
    "time": "2023-06-23T10:50:02.652395+02:00",
    "accelleration": {
        "x": 0.10858000069856644,
        "y": -0.9384239912033081,
        "z": -0.30280399322509766
    },
    "position": {
        "pitch": 353.7186203717792,
        "roll": 252.12115772031305,
        "yaw": 158.42797266649495
    }
}