{
    "time": "2023-06-07T11:00:02.792152+02:00",
    "accelleration": {
        "x": 0.11394799500703812,
        "y": -0.9425719976425171,
        "z": -0.3172000050544739
    },
    "position": {
        "pitch": 353.46409294547186,
        "roll": 251.407976687937,
        "yaw": 159.15373490732216
    }
}