{
    "time": "2023-06-04T08:30:03.037037+02:00",
    "accelleration": {
        "x": 0.1163880005478859,
        "y": -0.9420839548110962,
        "z": -0.3184199929237366
    },
    "position": {
        "pitch": 353.3272573625266,
        "roll": 251.33079555031586,
        "yaw": 158.69552483666268
    }
}