{
    "time": "2022-07-17T01:20:03.053192+02:00",
    "accelleration": {
        "x": 0.10958555340766907,
        "y": -0.9190706610679626,
        "z": -0.3205680251121521
    },
    "position": {
        "pitch": 353.5928462801948,
        "roll": 250.7542592824751,
        "yaw": 131.25040407220408
    }
}