{
    "time": "2023-05-25T07:30:03.201307+02:00",
    "accelleration": {
        "x": 0.11394799500703812,
        "y": -0.9445239901542664,
        "z": -0.3169559836387634
    },
    "position": {
        "pitch": 353.47967474140273,
        "roll": 251.46363589948345,
        "yaw": 139.59270150180927
    }
}