{
    "time": "2022-07-19T06:30:02.796861+02:00",
    "accelleration": {
        "x": 0.10982800275087357,
        "y": -0.9219653606414795,
        "z": -0.32273727655410767
    },
    "position": {
        "pitch": 353.60793544873184,
        "roll": 250.68545878696554,
        "yaw": 170.85248291772
    }
}