{
    "time": "2023-05-04T23:30:02.604545+02:00",
    "accelleration": {
        "x": 0.11272799968719482,
        "y": -0.941107988357544,
        "z": -0.3152479827404022
    },
    "position": {
        "pitch": 353.52861475435316,
        "roll": 251.43169793492444,
        "yaw": 119.90998144604346
    }
}