{
    "time": "2022-07-20T08:30:03.161374+02:00",
    "accelleration": {
        "x": 0.10788843780755997,
        "y": -0.9205180406570435,
        "z": -0.3251475393772125
    },
    "position": {
        "pitch": 353.755033390905,
        "roll": 250.53077549283228,
        "yaw": 117.41961251238676
    }
}