{
    "time": "2023-06-04T04:40:02.451011+02:00",
    "accelleration": {
        "x": 0.115167997777462,
        "y": -0.9420839548110962,
        "z": -0.31963998079299927
    },
    "position": {
        "pitch": 353.44629688758937,
        "roll": 251.26922822513737,
        "yaw": 159.68453622848054
    }
}