{
    "time": "2023-07-02T17:50:02.544307+02:00",
    "accelleration": {
        "x": 0.11101999878883362,
        "y": -0.9376919865608215,
        "z": -0.3050000071525574
    },
    "position": {
        "pitch": 353.5729431089534,
        "roll": 251.98482031429043,
        "yaw": 157.79041548860928
    }
}