{
    "time": "2023-05-06T22:40:02.577741+02:00",
    "accelleration": {
        "x": 0.1134599968791008,
        "y": -0.9401319622993469,
        "z": -0.3096359968185425
    },
    "position": {
        "pitch": 353.4649970917632,
        "roll": 251.84394083246974,
        "yaw": 126.62554638140504
    }
}