{
    "time": "2023-05-14T21:40:03.318262+02:00",
    "accelleration": {
        "x": 0.10711599886417389,
        "y": -0.9406200051307678,
        "z": -0.31744399666786194
    },
    "position": {
        "pitch": 353.84078428150036,
        "roll": 251.36610079813568,
        "yaw": 193.22959330011648
    }
}