{
    "time": "2023-04-28T23:00:02.967326+02:00",
    "accelleration": {
        "x": 0.11321599781513214,
        "y": -0.9420839548110962,
        "z": -0.3030479848384857
    },
    "position": {
        "pitch": 353.48511242575574,
        "roll": 252.17727455453388,
        "yaw": 124.8610489716023
    }
}