{
    "time": "2022-07-06T00:10:02.912739+02:00",
    "accelleration": {
        "x": 0.10910066217184067,
        "y": -0.9207592606544495,
        "z": -0.34876835346221924
    },
    "position": {
        "pitch": 353.68301715695685,
        "roll": 249.23702838100513,
        "yaw": 136.28328360364134
    }
}