{
    "time": "2023-05-13T09:20:03.205209+02:00",
    "accelleration": {
        "x": 0.10979999601840973,
        "y": -0.9425719976425171,
        "z": -0.3125639855861664
    },
    "position": {
        "pitch": 353.6896526857355,
        "roll": 251.66400632897495,
        "yaw": 153.96852849701528
    }
}