{
    "time": "2023-06-30T05:40:02.833289+02:00",
    "accelleration": {
        "x": 0.11028799414634705,
        "y": -0.9406200051307678,
        "z": -0.305976003408432
    },
    "position": {
        "pitch": 353.6426776328319,
        "roll": 251.9887476730632,
        "yaw": 159.36036179009338
    }
}