{
    "time": "2022-07-14T14:40:03.016801+02:00",
    "accelleration": {
        "x": 0.10861577093601227,
        "y": -0.9207592606544495,
        "z": -0.31671157479286194
    },
    "position": {
        "pitch": 353.64723208834783,
        "roll": 250.9888148087625,
        "yaw": 123.31091021871123
    }
}