{
    "time": "2023-05-12T19:20:03.103132+02:00",
    "accelleration": {
        "x": 0.11394799500703812,
        "y": -0.9423279762268066,
        "z": -0.3147599995136261
    },
    "position": {
        "pitch": 353.4659528913602,
        "roll": 251.53995643326914,
        "yaw": 123.48886396734673
    }
}