{
    "time": "2023-06-30T07:10:02.486470+02:00",
    "accelleration": {
        "x": 0.11028799414634705,
        "y": -0.9396439790725708,
        "z": -0.30817198753356934
    },
    "position": {
        "pitch": 353.6404437340865,
        "roll": 251.85435004076484,
        "yaw": 158.7780881633498
    }
}