{
    "time": "2023-05-31T19:10:03.028315+02:00",
    "accelleration": {
        "x": 0.11077599972486496,
        "y": -0.9396439790725708,
        "z": -0.3096359968185425
    },
    "position": {
        "pitch": 353.61504439499737,
        "roll": 251.83555336016897,
        "yaw": 99.51707198075805
    }
}