{
    "time": "2023-06-19T07:30:03.108189+02:00",
    "accelleration": {
        "x": 0.1117519959807396,
        "y": -0.9401319622993469,
        "z": -0.3113439977169037
    },
    "position": {
        "pitch": 353.56439598098075,
        "roll": 251.6805900282797,
        "yaw": 158.117827436663
    }
}