{
    "time": "2022-06-30T04:20:02.569772+02:00",
    "accelleration": {
        "x": 0.11516180634498596,
        "y": -0.9205180406570435,
        "z": -0.34973248839378357
    },
    "position": {
        "pitch": 353.3459964134014,
        "roll": 249.1836641130198,
        "yaw": 121.25227754249104
    }
}