{
    "time": "2023-06-24T13:40:03.025720+02:00",
    "accelleration": {
        "x": 0.1105320006608963,
        "y": -0.9396439790725708,
        "z": -0.3030479848384857
    },
    "position": {
        "pitch": 353.61461153175867,
        "roll": 252.12684726789166,
        "yaw": 158.37259349270448
    }
}