{
    "time": "2023-06-06T13:50:03.447785+02:00",
    "accelleration": {
        "x": 0.11224000155925751,
        "y": -0.9391559958457947,
        "z": -0.313539981842041
    },
    "position": {
        "pitch": 353.5316968772162,
        "roll": 251.47701624006748,
        "yaw": 157.87456341918383
    }
}