{
    "time": "2022-07-01T23:10:03.207382+02:00",
    "accelleration": {
        "x": 0.10958555340766907,
        "y": -0.9210004806518555,
        "z": -0.34394779801368713
    },
    "position": {
        "pitch": 353.6487688809111,
        "roll": 249.50322817371722,
        "yaw": 142.33850585004612
    }
}