{
    "time": "2022-07-18T06:50:02.747613+02:00",
    "accelleration": {
        "x": 0.10837332904338837,
        "y": -0.9217241406440735,
        "z": -0.33406561613082886
    },
    "position": {
        "pitch": 353.713436685086,
        "roll": 250.06501806313992,
        "yaw": 133.42402981329062
    }
}