{
    "time": "2023-05-23T05:10:03.205719+02:00",
    "accelleration": {
        "x": 0.1163880005478859,
        "y": -0.9403759837150574,
        "z": -0.31866398453712463
    },
    "position": {
        "pitch": 353.3173685292689,
        "roll": 251.2878746415715,
        "yaw": 115.61387442037548
    }
}