{
    "time": "2023-07-06T14:40:02.810269+02:00",
    "accelleration": {
        "x": 0.10833600163459778,
        "y": -0.9393999576568604,
        "z": -0.30573198199272156
    },
    "position": {
        "pitch": 353.74000441341,
        "roll": 251.97402178521264,
        "yaw": 157.5577382643436
    }
}