{
    "time": "2023-06-27T11:30:02.805807+02:00",
    "accelleration": {
        "x": 0.10613999515771866,
        "y": -0.9372040033340454,
        "z": -0.2989000082015991
    },
    "position": {
        "pitch": 353.8423791306716,
        "roll": 252.31299724353119,
        "yaw": 158.27620586313725
    }
}