{
    "time": "2023-05-02T14:10:02.950631+02:00",
    "accelleration": {
        "x": 0.10711599886417389,
        "y": -0.9393999576568604,
        "z": -0.31158798933029175
    },
    "position": {
        "pitch": 353.82582360589714,
        "roll": 251.59980255077681,
        "yaw": 102.03837484116572
    }
}