{
    "time": "2023-05-04T03:00:03.436146+02:00",
    "accelleration": {
        "x": 0.11101999878883362,
        "y": -0.9433040022850037,
        "z": -0.3130519986152649
    },
    "position": {
        "pitch": 353.63091519330754,
        "roll": 251.65377470559827,
        "yaw": 187.66214218309898
    }
}