{
    "time": "2023-06-13T21:00:02.874516+02:00",
    "accelleration": {
        "x": 0.1134599968791008,
        "y": -0.9415959715843201,
        "z": -0.3159799873828888
    },
    "position": {
        "pitch": 353.48290157889875,
        "roll": 251.45367748367357,
        "yaw": 158.55822437396708
    }
}