{
    "time": "2023-05-04T18:40:02.536361+02:00",
    "accelleration": {
        "x": 0.10931199789047241,
        "y": -0.941107988357544,
        "z": -0.3123199939727783
    },
    "position": {
        "pitch": 353.70819451489797,
        "roll": 251.6530575357354,
        "yaw": 185.11374396225386
    }
}