{
    "time": "2022-07-21T19:00:03.169101+02:00",
    "accelleration": {
        "x": 0.10958555340766907,
        "y": -0.9188294410705566,
        "z": -0.31815773248672485
    },
    "position": {
        "pitch": 353.58202213790764,
        "roll": 250.87135604560578,
        "yaw": 184.3136965840136
    }
}