{
    "time": "2023-05-17T01:50:02.683303+02:00",
    "accelleration": {
        "x": 0.11297199875116348,
        "y": -0.9420839548110962,
        "z": -0.3152479827404022
    },
    "position": {
        "pitch": 353.5211873505176,
        "roll": 251.51562729944555,
        "yaw": 98.51927696566756
    }
}