{
    "time": "2023-04-29T20:40:03.076858+02:00",
    "accelleration": {
        "x": 0.10906799882650375,
        "y": -0.9389119744300842,
        "z": -0.3054879903793335
    },
    "position": {
        "pitch": 353.6978536084946,
        "roll": 251.98461540861533,
        "yaw": 157.72606144624942
    }
}