{
    "time": "2023-05-14T06:50:02.778738+02:00",
    "accelleration": {
        "x": 0.1105320006608963,
        "y": -0.9435479640960693,
        "z": -0.3123199939727783
    },
    "position": {
        "pitch": 353.655493202149,
        "roll": 251.69222184043628,
        "yaw": 160.3886194488821
    }
}