{
    "time": "2023-06-01T04:10:03.265402+02:00",
    "accelleration": {
        "x": 0.11224000155925751,
        "y": -0.9389119744300842,
        "z": -0.3142719864845276
    },
    "position": {
        "pitch": 353.53785856162114,
        "roll": 251.50040280778563,
        "yaw": 130.88285793258737
    }
}