{
    "time": "2023-06-10T04:30:02.727285+02:00",
    "accelleration": {
        "x": 0.11419199407100677,
        "y": -0.9420839548110962,
        "z": -0.3159799873828888
    },
    "position": {
        "pitch": 353.44734404096647,
        "roll": 251.46472872975065,
        "yaw": 158.935701608637
    }
}