{
    "time": "2023-06-24T18:00:02.612389+02:00",
    "accelleration": {
        "x": 0.10979999601840973,
        "y": -0.9376919865608215,
        "z": -0.30060797929763794
    },
    "position": {
        "pitch": 353.6368083659008,
        "roll": 252.2268344071515,
        "yaw": 158.33510941453946
    }
}