{
    "time": "2023-05-09T20:00:03.109865+02:00",
    "accelleration": {
        "x": 0.11565599590539932,
        "y": -0.9408639669418335,
        "z": -0.31378400325775146
    },
    "position": {
        "pitch": 353.35440949891154,
        "roll": 251.56232530280096,
        "yaw": 114.91748199297932
    }
}