{
    "time": "2022-07-07T08:30:03.162811+02:00",
    "accelleration": {
        "x": 0.10691864788532257,
        "y": -0.9193118810653687,
        "z": -0.3412964642047882
    },
    "position": {
        "pitch": 353.78503542372107,
        "roll": 249.60956055871597,
        "yaw": 143.01007736999844
    }
}