{
    "time": "2023-06-03T12:40:02.949047+02:00",
    "accelleration": {
        "x": 0.11443600058555603,
        "y": -0.9396439790725708,
        "z": -0.31500399112701416
    },
    "position": {
        "pitch": 353.4153872933873,
        "roll": 251.4701860508975,
        "yaw": 159.54744067146004
    }
}