{
    "time": "2022-07-11T08:20:02.922480+02:00",
    "accelleration": {
        "x": 0.10910066217184067,
        "y": -0.9234127402305603,
        "z": -0.33454766869544983
    },
    "position": {
        "pitch": 353.6703608164248,
        "roll": 250.0739929317093,
        "yaw": 128.67064162269028
    }
}