{
    "time": "2023-05-14T11:00:02.730319+02:00",
    "accelleration": {
        "x": 0.1163880005478859,
        "y": -0.9435479640960693,
        "z": -0.3152479827404022
    },
    "position": {
        "pitch": 353.3359769527758,
        "roll": 251.53403465925877,
        "yaw": 110.58662296481431
    }
}