{
    "time": "2023-05-15T10:30:02.974857+02:00",
    "accelleration": {
        "x": 0.11370399594306946,
        "y": -0.9435479640960693,
        "z": -0.3147599995136261
    },
    "position": {
        "pitch": 353.48091399385027,
        "roll": 251.56612288797947,
        "yaw": 116.89445292748283
    }
}