{
    "time": "2023-06-04T14:50:03.383827+02:00",
    "accelleration": {
        "x": 0.11297199875116348,
        "y": -0.9396439790725708,
        "z": -0.3142719864845276
    },
    "position": {
        "pitch": 353.4963608935451,
        "roll": 251.5138241295047,
        "yaw": 158.93489564631494
    }
}