{
    "time": "2023-06-01T19:20:02.559741+02:00",
    "accelleration": {
        "x": 0.11224000155925751,
        "y": -0.9391559958457947,
        "z": -0.31036800146102905
    },
    "position": {
        "pitch": 353.5249025465393,
        "roll": 251.7163324082064,
        "yaw": 158.8699678680648
    }
}