{
    "time": "2023-05-20T23:20:02.947103+02:00",
    "accelleration": {
        "x": 0.1088239997625351,
        "y": -0.9381799697875977,
        "z": -0.3172000050544739
    },
    "position": {
        "pitch": 353.7282970422858,
        "roll": 251.33843170180793,
        "yaw": 175.64190718638133
    }
}