{
    "time": "2023-05-20T20:40:03.259156+02:00",
    "accelleration": {
        "x": 0.11321599781513214,
        "y": -0.9393999576568604,
        "z": -0.31622397899627686
    },
    "position": {
        "pitch": 353.48925920435556,
        "roll": 251.40905585782588,
        "yaw": 190.38001105763047
    }
}