{
    "time": "2023-06-07T18:00:03.136940+02:00",
    "accelleration": {
        "x": 0.11101999878883362,
        "y": -0.9389119744300842,
        "z": -0.3111000061035156
    },
    "position": {
        "pitch": 353.5945252260702,
        "roll": 251.66992127279616,
        "yaw": 158.5949161501884
    }
}