{
    "time": "2023-05-14T05:10:02.506566+02:00",
    "accelleration": {
        "x": 0.11224000155925751,
        "y": -0.9413520097732544,
        "z": -0.25107598304748535
    },
    "position": {
        "pitch": 353.4382248846509,
        "roll": 255.01064192793027,
        "yaw": 201.2963199174683
    }
}