{
    "time": "2023-06-04T05:10:02.671044+02:00",
    "accelleration": {
        "x": 0.11419199407100677,
        "y": -0.9415959715843201,
        "z": -0.31915199756622314
    },
    "position": {
        "pitch": 353.44953866612417,
        "roll": 251.28364675447526,
        "yaw": 159.7059557017177
    }
}