{
    "time": "2023-04-27T12:41:02.698684+02:00",
    "accelleration": {
        "x": 0.1088239997625351,
        "y": -0.9413520097732544,
        "z": -0.30914798378944397
    },
    "position": {
        "pitch": 353.7367207999665,
        "roll": 251.83409852987575,
        "yaw": 196.0897350150593
    }
}