{
    "time": "2023-06-20T10:10:02.729933+02:00",
    "accelleration": {
        "x": 0.10931199789047241,
        "y": -0.9393999576568604,
        "z": -0.3071959912776947
    },
    "position": {
        "pitch": 353.64030286143486,
        "roll": 251.89156774155225,
        "yaw": 158.34066918852383
    }
}