{
    "time": "2022-07-21T15:00:02.757370+02:00",
    "accelleration": {
        "x": 0.11104022711515427,
        "y": -0.9210004806518555,
        "z": -0.32273727655410767
    },
    "position": {
        "pitch": 353.5289929760785,
        "roll": 250.6646472005645,
        "yaw": 181.47119041750773
    }
}