{
    "time": "2023-06-01T17:50:02.833009+02:00",
    "accelleration": {
        "x": 0.11126399785280228,
        "y": -0.9393999576568604,
        "z": -0.25034400820732117
    },
    "position": {
        "pitch": 353.47049710159234,
        "roll": 255.01377698475932,
        "yaw": 156.71627261897638
    }
}