{
    "time": "2022-07-02T01:40:03.452726+02:00",
    "accelleration": {
        "x": 0.11031289398670197,
        "y": -0.9190706610679626,
        "z": -0.35021454095840454
    },
    "position": {
        "pitch": 353.60932155024653,
        "roll": 249.13978697779166,
        "yaw": 165.94324347063832
    }
}