{
    "time": "2023-06-07T08:20:02.531566+02:00",
    "accelleration": {
        "x": 0.11297199875116348,
        "y": -0.9418399930000305,
        "z": -0.3142719864845276
    },
    "position": {
        "pitch": 353.5068298659954,
        "roll": 251.55525605700998,
        "yaw": 159.02752667183867
    }
}