{
    "time": "2023-05-19T19:10:02.513918+02:00",
    "accelleration": {
        "x": 0.11028799414634705,
        "y": -0.9440360069274902,
        "z": -0.31744399666786194
    },
    "position": {
        "pitch": 353.67837518964217,
        "roll": 251.4248335948086,
        "yaw": 134.61518748378415
    }
}