{
    "time": "2023-06-17T22:00:02.646326+02:00",
    "accelleration": {
        "x": 0.11028799414634705,
        "y": -0.9396439790725708,
        "z": -0.3079279959201813
    },
    "position": {
        "pitch": 353.6347456487714,
        "roll": 251.85687721075777,
        "yaw": 158.3276235272091
    }
}