{
    "time": "2022-07-21T04:10:02.683635+02:00",
    "accelleration": {
        "x": 0.11007044464349747,
        "y": -0.9234127402305603,
        "z": -0.3256296217441559
    },
    "position": {
        "pitch": 353.6006514788688,
        "roll": 250.56618319348962,
        "yaw": 180.95906283354017
    }
}