{
    "time": "2022-06-30T00:00:02.973777+02:00",
    "accelleration": {
        "x": 0.11443447321653366,
        "y": -0.9195531010627747,
        "z": -0.35286587476730347
    },
    "position": {
        "pitch": 353.3908229449242,
        "roll": 248.9977395336229,
        "yaw": 180.96657604162718
    }
}