{
    "time": "2023-07-04T10:40:03.245223+02:00",
    "accelleration": {
        "x": 0.10906799882650375,
        "y": -0.9386679530143738,
        "z": -0.3079279959201813
    },
    "position": {
        "pitch": 353.69731999996566,
        "roll": 251.845798643924,
        "yaw": 157.79801065896632
    }
}