{
    "time": "2023-06-24T09:00:02.615647+02:00",
    "accelleration": {
        "x": 0.10931199789047241,
        "y": -0.9393999576568604,
        "z": -0.3025600016117096
    },
    "position": {
        "pitch": 353.6831452230038,
        "roll": 252.15286345844027,
        "yaw": 158.88519918991395
    }
}