{
    "time": "2023-05-29T02:30:02.655284+02:00",
    "accelleration": {
        "x": 0.11467999964952469,
        "y": -0.9425719976425171,
        "z": -0.31378400325775146
    },
    "position": {
        "pitch": 353.42404028929207,
        "roll": 251.59246009741906,
        "yaw": 184.14449913789403
    }
}