{
    "time": "2022-07-15T06:40:02.774231+02:00",
    "accelleration": {
        "x": 0.10934310406446457,
        "y": -0.9229303002357483,
        "z": -0.3316553235054016
    },
    "position": {
        "pitch": 353.649413480014,
        "roll": 250.22217388575274,
        "yaw": 145.19165345127885
    }
}