{
    "time": "2022-07-17T16:40:02.555300+02:00",
    "accelleration": {
        "x": 0.10182727873325348,
        "y": -0.9190706610679626,
        "z": -0.3333425521850586
    },
    "position": {
        "pitch": 354.05491540773534,
        "roll": 250.04324342006592,
        "yaw": 145.05864234738203
    }
}