{
    "time": "2023-06-19T08:20:03.250819+02:00",
    "accelleration": {
        "x": 0.11126399785280228,
        "y": -0.9398880004882812,
        "z": -0.31036800146102905
    },
    "position": {
        "pitch": 353.5867874755142,
        "roll": 251.73075093754431,
        "yaw": 157.31914609625673
    }
}