{
    "time": "2022-07-12T08:50:03.213526+02:00",
    "accelleration": {
        "x": 0.11031289398670197,
        "y": -0.9202768206596375,
        "z": -0.32490652799606323
    },
    "position": {
        "pitch": 353.56845012514,
        "roll": 250.54212726723284,
        "yaw": 189.76885939107606
    }
}