{
    "time": "2022-06-30T02:00:02.869671+02:00",
    "accelleration": {
        "x": 0.11637403815984726,
        "y": -0.9195531010627747,
        "z": -0.3461170494556427
    },
    "position": {
        "pitch": 353.26149544742407,
        "roll": 249.351399898657,
        "yaw": 131.2306784858811
    }
}