{
    "time": "2023-06-26T13:10:02.851165+02:00",
    "accelleration": {
        "x": 0.10784799605607986,
        "y": -0.9376919865608215,
        "z": -0.29938799142837524
    },
    "position": {
        "pitch": 353.7481314847487,
        "roll": 252.29321018550567,
        "yaw": 157.55950045314947
    }
}