{
    "time": "2023-07-04T06:50:02.956310+02:00",
    "accelleration": {
        "x": 0.10979999601840973,
        "y": -0.937936007976532,
        "z": -0.30646398663520813
    },
    "position": {
        "pitch": 353.65054899896353,
        "roll": 251.91036442214812,
        "yaw": 157.88047836300507
    }
}