{
    "time": "2023-05-25T02:20:03.313662+02:00",
    "accelleration": {
        "x": 0.11028799414634705,
        "y": -0.9413520097732544,
        "z": -0.3169559836387634
    },
    "position": {
        "pitch": 353.6592318769459,
        "roll": 251.40725951807417,
        "yaw": 154.43179290766057
    }
}