{
    "time": "2023-06-07T08:40:02.998760+02:00",
    "accelleration": {
        "x": 0.11467999964952469,
        "y": -0.9420839548110962,
        "z": -0.3159799873828888
    },
    "position": {
        "pitch": 353.419010708742,
        "roll": 251.46438039010297,
        "yaw": 158.72697102760142
    }
}