{
    "time": "2023-06-21T05:00:02.585349+02:00",
    "accelleration": {
        "x": 0.10979999601840973,
        "y": -0.9398880004882812,
        "z": -0.305976003408432
    },
    "position": {
        "pitch": 353.6660245000755,
        "roll": 251.9748277475347,
        "yaw": 158.54762392037523
    }
}