{
    "time": "2023-06-28T07:00:03.163645+02:00",
    "accelleration": {
        "x": 0.1088239997625351,
        "y": -0.9389119744300842,
        "z": -0.30353599786758423
    },
    "position": {
        "pitch": 353.7086393309677,
        "roll": 252.09281243525749,
        "yaw": 159.07181361841702
    }
}