{
    "time": "2023-06-29T16:00:03.335356+02:00",
    "accelleration": {
        "x": 0.10955599695444107,
        "y": -0.9391559958457947,
        "z": -0.3020719885826111
    },
    "position": {
        "pitch": 353.6653491651213,
        "roll": 252.1764207808876,
        "yaw": 158.5848484513518
    }
}