{
    "time": "2022-07-03T11:00:03.022628+02:00",
    "accelleration": {
        "x": 0.10691864788532257,
        "y": -0.9190706610679626,
        "z": -0.3490093946456909
    },
    "position": {
        "pitch": 353.7990142596312,
        "roll": 249.2029867181818,
        "yaw": 128.7028664551944
    }
}