{
    "time": "2023-05-26T08:30:02.698256+02:00",
    "accelleration": {
        "x": 0.11272799968719482,
        "y": -0.9437919855117798,
        "z": -0.3142719864845276
    },
    "position": {
        "pitch": 353.53809292248707,
        "roll": 251.59221421060892,
        "yaw": 186.01487814021033
    }
}