{
    "time": "2022-06-30T14:10:02.766676+02:00",
    "accelleration": {
        "x": 0.10837332904338837,
        "y": -0.9200355410575867,
        "z": -0.3504555821418762
    },
    "position": {
        "pitch": 353.72237697582267,
        "roll": 249.13213033573209,
        "yaw": 146.34732145884502
    }
}