{
    "time": "2023-06-13T15:30:02.547928+02:00",
    "accelleration": {
        "x": 0.11150799691677094,
        "y": -0.9398880004882812,
        "z": -0.3164680004119873
    },
    "position": {
        "pitch": 353.581099208596,
        "roll": 251.39778604569534,
        "yaw": 158.5303435417751
    }
}