{
    "time": "2023-06-25T08:40:02.468901+02:00",
    "accelleration": {
        "x": 0.10955599695444107,
        "y": -0.9396439790725708,
        "z": -0.30329200625419617
    },
    "position": {
        "pitch": 353.67391336856684,
        "roll": 252.11917696545373,
        "yaw": 158.1799821581101
    }
}