{
    "time": "2023-04-29T22:10:02.748333+02:00",
    "accelleration": {
        "x": 0.10809199512004852,
        "y": -0.9401319622993469,
        "z": -0.30646398663520813
    },
    "position": {
        "pitch": 353.7629764740229,
        "roll": 251.95359268940513,
        "yaw": 194.53081263889558
    }
}