{
    "time": "2023-06-19T02:30:02.776340+02:00",
    "accelleration": {
        "x": 0.11126399785280228,
        "y": -0.9403759837150574,
        "z": -0.3101239800453186
    },
    "position": {
        "pitch": 353.5908945536395,
        "roll": 251.75436290150503,
        "yaw": 157.98175640801801
    }
}