{
    "time": "2023-06-08T00:00:03.198728+02:00",
    "accelleration": {
        "x": 0.11272799968719482,
        "y": -0.9389119744300842,
        "z": -0.31329599022865295
    },
    "position": {
        "pitch": 353.503077957707,
        "roll": 251.55647866087142,
        "yaw": 157.84774809650236
    }
}