{
    "time": "2022-07-10T01:40:03.015823+02:00",
    "accelleration": {
        "x": 0.10885821282863617,
        "y": -0.9238952398300171,
        "z": -0.3268347680568695
    },
    "position": {
        "pitch": 353.6746211469196,
        "roll": 250.50408311355585,
        "yaw": 138.2255981582962
    }
}