{
    "time": "2023-07-03T21:40:03.039869+02:00",
    "accelleration": {
        "x": 0.10858000069856644,
        "y": -0.9384239912033081,
        "z": -0.30621999502182007
    },
    "position": {
        "pitch": 353.72071510542025,
        "roll": 251.93267181997737,
        "yaw": 157.6265046089073
    }
}