{
    "time": "2023-07-04T04:10:02.559745+02:00",
    "accelleration": {
        "x": 0.11028799414634705,
        "y": -0.9386679530143738,
        "z": -0.30987998843193054
    },
    "position": {
        "pitch": 353.63589610875977,
        "roll": 251.73918622116926,
        "yaw": 158.09084818944146
    }
}