{
    "time": "2023-06-12T08:20:03.338011+02:00",
    "accelleration": {
        "x": 0.11224000155925751,
        "y": -0.9418399930000305,
        "z": -0.31622397899627686
    },
    "position": {
        "pitch": 353.5542813245936,
        "roll": 251.4486094833094,
        "yaw": 158.84617148899648
    }
}