{
    "time": "2023-05-10T07:50:02.645342+02:00",
    "accelleration": {
        "x": 0.1117519959807396,
        "y": -0.9440360069274902,
        "z": -0.31573599576950073
    },
    "position": {
        "pitch": 353.59915395989333,
        "roll": 251.52164469610437,
        "yaw": 100.55412009300859
    }
}