{
    "time": "2022-07-19T09:30:02.548432+02:00",
    "accelleration": {
        "x": 0.10667620599269867,
        "y": -0.9212417006492615,
        "z": -0.32466551661491394
    },
    "position": {
        "pitch": 353.82773307065696,
        "roll": 250.56453028771045,
        "yaw": 175.63582831802
    }
}