{
    "time": "2023-06-18T11:00:02.944904+02:00",
    "accelleration": {
        "x": 0.10931199789047241,
        "y": -0.9386679530143738,
        "z": -0.3071959912776947
    },
    "position": {
        "pitch": 353.6845693174457,
        "roll": 251.88231966541605,
        "yaw": 157.95831519878652
    }
}