{
    "time": "2022-07-06T15:30:03.348901+02:00",
    "accelleration": {
        "x": 0.11249490827322006,
        "y": -0.9219653606414795,
        "z": -0.33430665731430054
    },
    "position": {
        "pitch": 353.47426565846695,
        "roll": 250.03816858951262,
        "yaw": 173.96525966968326
    }
}