{
    "time": "2023-06-04T19:40:03.048554+02:00",
    "accelleration": {
        "x": 0.11199599504470825,
        "y": -0.9384239912033081,
        "z": -0.25156399607658386
    },
    "position": {
        "pitch": 353.4241184095807,
        "roll": 254.93373399787595,
        "yaw": 155.71775360383387
    }
}