{
    "time": "2022-07-21T05:20:02.903547+02:00",
    "accelleration": {
        "x": 0.10788843780755997,
        "y": -0.9212417006492615,
        "z": -0.32466551661491394
    },
    "position": {
        "pitch": 353.7105884962021,
        "roll": 250.5708755334494,
        "yaw": 171.36812121892095
    }
}