{
    "time": "2023-05-14T20:50:03.423289+02:00",
    "accelleration": {
        "x": 0.11150799691677094,
        "y": -0.9433040022850037,
        "z": -0.3067080080509186
    },
    "position": {
        "pitch": 353.59208855608375,
        "roll": 251.98852227682056,
        "yaw": 169.3466720925423
    }
}