{
    "time": "2022-07-02T11:00:03.713979+02:00",
    "accelleration": {
        "x": 0.11128267645835876,
        "y": -0.9197943806648254,
        "z": -0.34177854657173157
    },
    "position": {
        "pitch": 353.54539738291754,
        "roll": 249.59722523707492,
        "yaw": 125.09266068635743
    }
}