{
    "time": "2023-06-15T21:20:03.314819+02:00",
    "accelleration": {
        "x": 0.11150799691677094,
        "y": -0.9406200051307678,
        "z": -0.3108559846878052
    },
    "position": {
        "pitch": 353.575118524204,
        "roll": 251.71174935127334,
        "yaw": 158.5522274678758
    }
}