{
    "time": "2022-06-29T16:30:02.994949+02:00",
    "accelleration": {
        "x": 0.10837332904338837,
        "y": -0.9176233410835266,
        "z": -0.34539395570755005
    },
    "position": {
        "pitch": 353.6976068679108,
        "roll": 249.3548832951337,
        "yaw": 147.97842527415742
    }
}