{
    "time": "2022-07-13T07:10:02.984170+02:00",
    "accelleration": {
        "x": 0.10861577093601227,
        "y": -0.9226890206336975,
        "z": -0.3335835635662079
    },
    "position": {
        "pitch": 353.69875519346505,
        "roll": 250.12190670873696,
        "yaw": 107.64602162144872
    }
}