{
    "time": "2023-06-18T23:00:02.756927+02:00",
    "accelleration": {
        "x": 0.1105320006608963,
        "y": -0.9396439790725708,
        "z": -0.3071959912776947
    },
    "position": {
        "pitch": 353.62170297566445,
        "roll": 251.8997776289346,
        "yaw": 157.5809472471433
    }
}