{
    "time": "2023-06-16T03:10:04.902030+02:00",
    "accelleration": {
        "x": 0.11150799691677094,
        "y": -0.9393999576568604,
        "z": -0.3142719864845276
    },
    "position": {
        "pitch": 353.5762309912651,
        "roll": 251.5079911479535,
        "yaw": 157.53683788548338
    }
}