{
    "time": "2023-05-08T12:30:03.286645+02:00",
    "accelleration": {
        "x": 0.11199599504470825,
        "y": -0.9423279762268066,
        "z": -0.3030479848384857
    },
    "position": {
        "pitch": 353.5496952794528,
        "roll": 252.1659705914575,
        "yaw": 122.58502503447895
    }
}