{
    "time": "2023-05-12T00:50:03.516020+02:00",
    "accelleration": {
        "x": 0.11467999964952469,
        "y": -0.9413520097732544,
        "z": -0.313539981842041
    },
    "position": {
        "pitch": 353.41092163033056,
        "roll": 251.58895621037482,
        "yaw": 134.16047446997973
    }
}