{
    "time": "2023-07-05T15:10:03.253334+02:00",
    "accelleration": {
        "x": 0.10833600163459778,
        "y": -0.9389119744300842,
        "z": -0.30402398109436035
    },
    "position": {
        "pitch": 353.7348424979448,
        "roll": 252.05854537619155,
        "yaw": 156.86343587483347
    }
}