{
    "time": "2022-07-07T21:40:03.004542+02:00",
    "accelleration": {
        "x": 0.11104022711515427,
        "y": -0.9181057810783386,
        "z": -0.3352707624435425
    },
    "position": {
        "pitch": 353.53101215075185,
        "roll": 249.91320344845803,
        "yaw": 186.10679882606036
    }
}