{
    "time": "2023-07-03T20:40:03.008670+02:00",
    "accelleration": {
        "x": 0.11077599972486496,
        "y": -0.9389119744300842,
        "z": -0.30573198199272156
    },
    "position": {
        "pitch": 353.5990818160202,
        "roll": 251.96622853936964,
        "yaw": 157.88243179710767
    }
}