{
    "time": "2023-06-30T00:00:02.899038+02:00",
    "accelleration": {
        "x": 0.10955599695444107,
        "y": -0.9406200051307678,
        "z": -0.3050000071525574
    },
    "position": {
        "pitch": 353.6810052393595,
        "roll": 252.0430203562081,
        "yaw": 159.37786073474695
    }
}