{
    "time": "2022-07-21T08:30:03.276707+02:00",
    "accelleration": {
        "x": 0.10910066217184067,
        "y": -0.9224478602409363,
        "z": -0.32490652799606323
    },
    "position": {
        "pitch": 353.64782844923974,
        "roll": 250.57833410002308,
        "yaw": 122.13111798299659
    }
}