{
    "time": "2023-07-01T02:20:03.026984+02:00",
    "accelleration": {
        "x": 0.10931199789047241,
        "y": -0.937936007976532,
        "z": -0.30987998843193054
    },
    "position": {
        "pitch": 353.6853646075972,
        "roll": 251.72643425798884,
        "yaw": 158.66681072139195
    }
}