{
    "time": "2022-07-18T06:20:03.270928+02:00",
    "accelleration": {
        "x": 0.10885821282863617,
        "y": -0.9200355410575867,
        "z": -0.3270758092403412
    },
    "position": {
        "pitch": 353.65710427301946,
        "roll": 250.41100129554692,
        "yaw": 134.1427842800294
    }
}