{
    "time": "2023-06-28T10:30:03.067362+02:00",
    "accelleration": {
        "x": 0.10858000069856644,
        "y": -0.9384239912033081,
        "z": -0.30353599786758423
    },
    "position": {
        "pitch": 353.72005983414675,
        "roll": 252.08202756655805,
        "yaw": 158.4849501045512
    }
}