{
    "time": "2023-04-29T06:20:02.952812+02:00",
    "accelleration": {
        "x": 0.10809199512004852,
        "y": -0.9413520097732544,
        "z": -0.30695199966430664
    },
    "position": {
        "pitch": 353.7736793804523,
        "roll": 251.95833284068914,
        "yaw": 200.80712810873368
    }
}