{
    "time": "2022-07-13T13:40:03.277060+02:00",
    "accelleration": {
        "x": 0.10982800275087357,
        "y": -0.9229303002357483,
        "z": -0.3239424228668213
    },
    "position": {
        "pitch": 353.6074342836015,
        "roll": 250.64547485956427,
        "yaw": 123.15119307515964
    }
}