{
    "time": "2022-07-10T02:10:03.130530+02:00",
    "accelleration": {
        "x": 0.10910066217184067,
        "y": -0.9238952398300171,
        "z": -0.32611170411109924
    },
    "position": {
        "pitch": 353.66179319788466,
        "roll": 250.54494813536004,
        "yaw": 181.49655774008517
    }
}