{
    "time": "2023-06-15T11:50:02.737043+02:00",
    "accelleration": {
        "x": 0.11199599504470825,
        "y": -0.9389119744300842,
        "z": -0.31378400325775146
    },
    "position": {
        "pitch": 353.54365995354743,
        "roll": 251.52517590390525,
        "yaw": 157.62531615599173
    }
}