{
    "time": "2023-06-23T15:50:03.047870+02:00",
    "accelleration": {
        "x": 0.10931199789047241,
        "y": -0.9374479651451111,
        "z": -0.3025600016117096
    },
    "position": {
        "pitch": 353.66705500486654,
        "roll": 252.11259266309386,
        "yaw": 157.56805184999033
    }
}