{
    "time": "2023-06-15T01:40:03.263245+02:00",
    "accelleration": {
        "x": 0.11443600058555603,
        "y": -0.9398880004882812,
        "z": -0.3193959891796112
    },
    "position": {
        "pitch": 353.4237875722928,
        "roll": 251.23761810965854,
        "yaw": 158.70510076187904
    }
}