{
    "time": "2023-06-04T13:00:03.019447+02:00",
    "accelleration": {
        "x": 0.11370399594306946,
        "y": -0.9408639669418335,
        "z": -0.3125639855861664
    },
    "position": {
        "pitch": 353.4580896360782,
        "roll": 251.62726674142942,
        "yaw": 158.73131502791355
    }
}