{
    "time": "2023-05-01T07:40:02.740989+02:00",
    "accelleration": {
        "x": 0.10833600163459778,
        "y": -0.9413520097732544,
        "z": -0.313539981842041
    },
    "position": {
        "pitch": 353.7664543209709,
        "roll": 251.58936602172503,
        "yaw": 101.28921920243121
    }
}