{
    "time": "2023-05-17T06:30:03.050024+02:00",
    "accelleration": {
        "x": 0.11321599781513214,
        "y": -0.9415959715843201,
        "z": -0.3118319809436798
    },
    "position": {
        "pitch": 353.4975331247614,
        "roll": 251.6871128589371,
        "yaw": 117.25510057603783
    }
}