{
    "time": "2023-06-13T07:10:02.993247+02:00",
    "accelleration": {
        "x": 0.11126399785280228,
        "y": -0.9389119744300842,
        "z": -0.3130519986152649
    },
    "position": {
        "pitch": 353.5242882564008,
        "roll": 251.5012702418102,
        "yaw": 157.79709541361754
    }
}