{
    "time": "2023-06-18T20:20:03.093319+02:00",
    "accelleration": {
        "x": 0.10979999601840973,
        "y": -0.9381799697875977,
        "z": -0.30817198753356934
    },
    "position": {
        "pitch": 353.65542319271,
        "roll": 251.82011713264473,
        "yaw": 158.4668364428723
    }
}