{
    "time": "2022-07-06T11:20:02.801748+02:00",
    "accelleration": {
        "x": 0.10982800275087357,
        "y": -0.9185882210731506,
        "z": -0.3396092653274536
    },
    "position": {
        "pitch": 353.6168949493756,
        "roll": 249.69174822499872,
        "yaw": 181.5075953257839
    }
}