{
    "time": "2023-06-17T12:00:02.920277+02:00",
    "accelleration": {
        "x": 0.11101999878883362,
        "y": -0.9393999576568604,
        "z": -0.3084160089492798
    },
    "position": {
        "pitch": 353.59370389582244,
        "roll": 251.82868218986394,
        "yaw": 157.52741222442876
    }
}