{
    "time": "2023-07-05T14:50:02.762254+02:00",
    "accelleration": {
        "x": 0.10979999601840973,
        "y": -0.9381799697875977,
        "z": -0.30353599786758423
    },
    "position": {
        "pitch": 353.64742973694695,
        "roll": 252.07280681117854,
        "yaw": 157.49192256150138
    }
}