{
    "time": "2023-06-11T16:00:02.644671+02:00",
    "accelleration": {
        "x": 0.11028799414634705,
        "y": -0.9384239912033081,
        "z": -0.30987998843193054
    },
    "position": {
        "pitch": 353.62971222624,
        "roll": 251.72704897501416,
        "yaw": 157.40457810239525
    }
}