{
    "time": "2023-06-02T06:10:02.673641+02:00",
    "accelleration": {
        "x": 0.1134599968791008,
        "y": -0.9418399930000305,
        "z": -0.31768798828125
    },
    "position": {
        "pitch": 353.48720844005726,
        "roll": 251.37458389308483,
        "yaw": 156.94056237094125
    }
}