{
    "time": "2023-06-20T08:00:03.010441+02:00",
    "accelleration": {
        "x": 0.11004399508237839,
        "y": -0.9389119744300842,
        "z": -0.3089039921760559
    },
    "position": {
        "pitch": 353.6494553149227,
        "roll": 251.7949820364991,
        "yaw": 157.6029814374058
    }
}