{
    "time": "2022-07-08T09:00:02.717543+02:00",
    "accelleration": {
        "x": 0.11152512580156326,
        "y": -0.9188294410705566,
        "z": -0.3432247042655945
    },
    "position": {
        "pitch": 353.479324267321,
        "roll": 249.50207387174748,
        "yaw": 179.4486721391529
    }
}