{
    "time": "2022-07-19T00:20:02.711115+02:00",
    "accelleration": {
        "x": 0.10910066217184067,
        "y": -0.9214829206466675,
        "z": -0.3205680251121521
    },
    "position": {
        "pitch": 353.57662842289744,
        "roll": 250.79319136074417,
        "yaw": 176.13142684419614
    }
}