{
    "time": "2023-06-30T06:00:02.834196+02:00",
    "accelleration": {
        "x": 0.10858000069856644,
        "y": -0.941107988357544,
        "z": -0.30695199966430664
    },
    "position": {
        "pitch": 353.7427134371896,
        "roll": 251.94981559479413,
        "yaw": 158.91630387139418
    }
}