{
    "time": "2023-05-13T23:50:02.904024+02:00",
    "accelleration": {
        "x": 0.1105320006608963,
        "y": -0.9420839548110962,
        "z": -0.3130519986152649
    },
    "position": {
        "pitch": 353.6454033051976,
        "roll": 251.63059304355522,
        "yaw": 159.77406634812107
    }
}