{
    "time": "2023-06-26T04:30:03.795915+02:00",
    "accelleration": {
        "x": 0.10784799605607986,
        "y": -0.9386679530143738,
        "z": -0.3003639876842499
    },
    "position": {
        "pitch": 353.75931122375954,
        "roll": 252.26742622138886,
        "yaw": 157.73192174855728
    }
}