{
    "time": "2023-05-27T03:40:02.712199+02:00",
    "accelleration": {
        "x": 0.11224000155925751,
        "y": -0.9420839548110962,
        "z": -0.3123199939727783
    },
    "position": {
        "pitch": 353.55583818083755,
        "roll": 251.66864402742135,
        "yaw": 178.4166442159423
    }
}