{
    "time": "2023-06-08T07:20:03.037501+02:00",
    "accelleration": {
        "x": 0.11321599781513214,
        "y": -0.9413520097732544,
        "z": -0.31622397899627686
    },
    "position": {
        "pitch": 353.4961064689985,
        "roll": 251.4380909919876,
        "yaw": 158.40588383471913
    }
}