{
    "time": "2023-06-24T07:10:03.002653+02:00",
    "accelleration": {
        "x": 0.10955599695444107,
        "y": -0.9391559958457947,
        "z": -0.30402398109436035
    },
    "position": {
        "pitch": 353.6711364697824,
        "roll": 252.07077141480588,
        "yaw": 158.148440344523
    }
}