{
    "time": "2023-05-13T05:40:02.537474+02:00",
    "accelleration": {
        "x": 0.11443600058555603,
        "y": -0.9415959715843201,
        "z": -0.3189080059528351
    },
    "position": {
        "pitch": 353.4399089531681,
        "roll": 251.30424660501203,
        "yaw": 191.24163942142758
    }
}