{
    "time": "2022-07-08T22:30:03.112640+02:00",
    "accelleration": {
        "x": 0.11031289398670197,
        "y": -0.9210004806518555,
        "z": -0.3352707624435425
    },
    "position": {
        "pitch": 353.58950759835113,
        "roll": 249.98515949136413,
        "yaw": 142.75882203119036
    }
}