{
    "time": "2023-05-23T19:30:02.510406+02:00",
    "accelleration": {
        "x": 0.11004399508237839,
        "y": -0.9398880004882812,
        "z": -0.2520520091056824
    },
    "position": {
        "pitch": 353.5402282103763,
        "roll": 254.92602954449217,
        "yaw": 169.88148956493265
    }
}