{
    "time": "2022-07-12T06:30:03.361565+02:00",
    "accelleration": {
        "x": 0.11346468329429626,
        "y": -0.9231715202331543,
        "z": -0.3208090364933014
    },
    "position": {
        "pitch": 353.4026758844551,
        "roll": 250.81625007938212,
        "yaw": 109.2109204131362
    }
}