{
    "time": "2023-05-17T21:20:02.879110+02:00",
    "accelleration": {
        "x": 0.11565599590539932,
        "y": -0.9403759837150574,
        "z": -0.3159799873828888
    },
    "position": {
        "pitch": 353.35712919486167,
        "roll": 251.44472993586083,
        "yaw": 146.63323317750175
    }
}