{
    "time": "2023-05-20T16:50:02.655226+02:00",
    "accelleration": {
        "x": 0.11101999878883362,
        "y": -0.9420839548110962,
        "z": -0.31500399112701416
    },
    "position": {
        "pitch": 353.6301177687219,
        "roll": 251.52025816770285,
        "yaw": 132.11798836095744
    }
}