{
    "time": "2023-05-21T00:10:07.408564+02:00",
    "accelleration": {
        "x": 0.10931199789047241,
        "y": -0.9398880004882812,
        "z": -0.31768798828125
    },
    "position": {
        "pitch": 353.7126157817251,
        "roll": 251.33841804142958,
        "yaw": 159.97246968313158
    }
}