{
    "time": "2023-06-16T08:10:02.888593+02:00",
    "accelleration": {
        "x": 0.1134599968791008,
        "y": -0.9401319622993469,
        "z": -0.3142719864845276
    },
    "position": {
        "pitch": 353.47512455475504,
        "roll": 251.52456118687996,
        "yaw": 158.30754277104927
    }
}