{
    "time": "2023-06-23T03:00:03.162330+02:00",
    "accelleration": {
        "x": 0.11028799414634705,
        "y": -0.9384239912033081,
        "z": -0.30451199412345886
    },
    "position": {
        "pitch": 353.62597611276396,
        "roll": 252.02862231743774,
        "yaw": 158.21052676407842
    }
}