{
    "time": "2022-07-15T17:50:03.312414+02:00",
    "accelleration": {
        "x": 0.10400930047035217,
        "y": -0.9231715202331543,
        "z": -0.3191218376159668
    },
    "position": {
        "pitch": 353.9214851009782,
        "roll": 250.89593106623948,
        "yaw": 147.90810164646297
    }
}