{
    "time": "2023-04-30T16:10:03.383472+02:00",
    "accelleration": {
        "x": 0.10906799882650375,
        "y": -0.9408639669418335,
        "z": -0.30695199966430664
    },
    "position": {
        "pitch": 353.710808342916,
        "roll": 251.93960446198494,
        "yaw": 131.32029056779166
    }
}