{
    "time": "2023-06-10T20:10:03.462479+02:00",
    "accelleration": {
        "x": 0.11126399785280228,
        "y": -0.9403759837150574,
        "z": -0.31036800146102905
    },
    "position": {
        "pitch": 353.586995369397,
        "roll": 251.73854418338726,
        "yaw": 158.0381737705623
    }
}