{
    "time": "2023-06-17T17:50:02.744754+02:00",
    "accelleration": {
        "x": 0.11028799414634705,
        "y": -0.9391559958457947,
        "z": -0.3071959912776947
    },
    "position": {
        "pitch": 353.62862836059605,
        "roll": 251.8869505336733,
        "yaw": 157.63228294894515
    }
}