{
    "time": "2023-06-29T09:20:02.565274+02:00",
    "accelleration": {
        "x": 0.10979999601840973,
        "y": -0.9396439790725708,
        "z": -0.30280399322509766
    },
    "position": {
        "pitch": 353.60651605004495,
        "roll": 252.13885474045256,
        "yaw": 159.224154157665
    }
}