{
    "time": "2023-05-12T18:00:03.156297+02:00",
    "accelleration": {
        "x": 0.11589999496936798,
        "y": -0.9415959715843201,
        "z": -0.31451600790023804
    },
    "position": {
        "pitch": 353.3514464774722,
        "roll": 251.54540692422682,
        "yaw": 182.00319385196002
    }
}