{
    "time": "2023-06-04T05:40:02.954876+02:00",
    "accelleration": {
        "x": 0.11589999496936798,
        "y": -0.9415959715843201,
        "z": -0.32085999846458435
    },
    "position": {
        "pitch": 353.35734818780196,
        "roll": 251.19272327624407,
        "yaw": 159.75820664886828
    }
}