{
    "time": "2022-07-05T07:20:02.447557+02:00",
    "accelleration": {
        "x": 0.10740353912115097,
        "y": -0.9207592606544495,
        "z": -0.34876835346221924
    },
    "position": {
        "pitch": 353.7802534375284,
        "roll": 249.237465513112,
        "yaw": 161.06236296899053
    }
}