{
    "time": "2023-05-09T11:30:03.344406+02:00",
    "accelleration": {
        "x": 0.1117519959807396,
        "y": -0.9396439790725708,
        "z": -0.30987998843193054
    },
    "position": {
        "pitch": 353.563883716793,
        "roll": 251.7612545623776,
        "yaw": 135.5351593234715
    }
}