{
    "time": "2023-06-30T15:20:02.628022+02:00",
    "accelleration": {
        "x": 0.1088239997625351,
        "y": -0.9384239912033081,
        "z": -0.30524399876594543
    },
    "position": {
        "pitch": 353.7078730691202,
        "roll": 251.98723137106745,
        "yaw": 158.5665845255112
    }
}