{
    "time": "2023-05-12T10:40:02.471698+02:00",
    "accelleration": {
        "x": 0.11150799691677094,
        "y": -0.9435479640960693,
        "z": -0.31500399112701416
    },
    "position": {
        "pitch": 353.6065373943861,
        "roll": 251.5518341322358,
        "yaw": 167.87296315646367
    }
}