{
    "time": "2022-07-21T03:10:02.390467+02:00",
    "accelleration": {
        "x": 0.10716108977794647,
        "y": -0.9217241406440735,
        "z": -0.3222552239894867
    },
    "position": {
        "pitch": 353.74777375359093,
        "roll": 250.70816233576667,
        "yaw": 167.7214695606728
    }
}