{
    "time": "2023-05-26T21:00:02.860821+02:00",
    "accelleration": {
        "x": 0.1134599968791008,
        "y": -0.9401319622993469,
        "z": -0.3123199939727783
    },
    "position": {
        "pitch": 353.47059998131675,
        "roll": 251.62532696770515,
        "yaw": 184.10689211632396
    }
}