{
    "time": "2023-05-28T07:50:02.860650+02:00",
    "accelleration": {
        "x": 0.11101999878883362,
        "y": -0.9430599808692932,
        "z": -0.3206160068511963
    },
    "position": {
        "pitch": 353.6374585145324,
        "roll": 251.2420235816732,
        "yaw": 159.46692640152392
    }
}