{
    "time": "2022-07-22T07:10:03.370395+02:00",
    "accelleration": {
        "x": 0.10788843780755997,
        "y": -0.9197943806648254,
        "z": -0.3239424228668213
    },
    "position": {
        "pitch": 353.70084693889834,
        "roll": 250.5769339112432,
        "yaw": 151.60875278028922
    }
}