{
    "time": "2023-06-21T06:40:02.880394+02:00",
    "accelleration": {
        "x": 0.10931199789047241,
        "y": -0.9391559958457947,
        "z": -0.3089039921760559
    },
    "position": {
        "pitch": 353.6925657614165,
        "roll": 251.80216739550593,
        "yaw": 159.09022780841937
    }
}