{
    "time": "2023-04-30T22:40:03.042893+02:00",
    "accelleration": {
        "x": 0.10809199512004852,
        "y": -0.9433040022850037,
        "z": -0.2500999867916107
    },
    "position": {
        "pitch": 353.6785694231467,
        "roll": 255.0932872168874,
        "yaw": 146.29686002125695
    }
}