{
    "time": "2023-07-04T07:00:02.619774+02:00",
    "accelleration": {
        "x": 0.10979999601840973,
        "y": -0.937936007976532,
        "z": -0.3079279959201813
    },
    "position": {
        "pitch": 353.65388469259943,
        "roll": 251.8305604918857,
        "yaw": 157.98435187990262
    }
}