{
    "time": "2023-05-23T12:30:02.616624+02:00",
    "accelleration": {
        "x": 0.1134599968791008,
        "y": -0.9403759837150574,
        "z": -0.3152479827404022
    },
    "position": {
        "pitch": 353.4734289602936,
        "roll": 251.46928446592705,
        "yaw": 108.13558909058773
    }
}