{
    "time": "2023-06-29T04:00:02.516458+02:00",
    "accelleration": {
        "x": 0.10979999601840973,
        "y": -0.9381799697875977,
        "z": -0.30402398109436035
    },
    "position": {
        "pitch": 353.6494079304853,
        "roll": 252.04993250764818,
        "yaw": 158.5488396940475
    }
}