{
    "time": "2023-07-01T12:40:02.678955+02:00",
    "accelleration": {
        "x": 0.11004399508237839,
        "y": -0.937936007976532,
        "z": -0.3076840043067932
    },
    "position": {
        "pitch": 353.6390170783236,
        "roll": 251.84482875706186,
        "yaw": 158.1914432155374
    }
}