{
    "time": "2023-06-05T09:10:02.664830+02:00",
    "accelleration": {
        "x": 0.11394799500703812,
        "y": -0.9408639669418335,
        "z": -0.31915199756622314
    },
    "position": {
        "pitch": 353.4567714095684,
        "roll": 251.27056011202552,
        "yaw": 158.84830250801753
    }
}