{
    "time": "2023-05-24T09:30:03.064132+02:00",
    "accelleration": {
        "x": 0.11199599504470825,
        "y": -0.9413520097732544,
        "z": -0.3140279948711395
    },
    "position": {
        "pitch": 353.5642154078546,
        "roll": 251.5551672645508,
        "yaw": 97.3808756763232
    }
}