{
    "time": "2023-06-14T20:00:03.406027+02:00",
    "accelleration": {
        "x": 0.11297199875116348,
        "y": -0.9391559958457947,
        "z": -0.31451600790023804
    },
    "position": {
        "pitch": 353.4906850063448,
        "roll": 251.49127767505448,
        "yaw": 158.3106573373108
    }
}