{
    "time": "2023-05-19T07:30:02.959115+02:00",
    "accelleration": {
        "x": 0.11467999964952469,
        "y": -0.9433040022850037,
        "z": -0.3201279938220978
    },
    "position": {
        "pitch": 353.4370313090934,
        "roll": 251.2722061876155,
        "yaw": 188.4777623926469
    }
}