{
    "time": "2023-05-08T07:10:03.194209+02:00",
    "accelleration": {
        "x": 0.11370399594306946,
        "y": -0.9420839548110962,
        "z": -0.31549200415611267
    },
    "position": {
        "pitch": 353.48097546555283,
        "roll": 251.50169371353877,
        "yaw": 177.01722041727675
    }
}