{
    "time": "2023-06-28T16:20:02.696147+02:00",
    "accelleration": {
        "x": 0.10809199512004852,
        "y": -0.936959981918335,
        "z": -0.3003639876842499
    },
    "position": {
        "pitch": 353.7298043796583,
        "roll": 252.22736716190676,
        "yaw": 158.4206507037047
    }
}