{
    "time": "2023-06-24T15:30:02.986070+02:00",
    "accelleration": {
        "x": 0.1088239997625351,
        "y": -0.9389119744300842,
        "z": -0.3013399839401245
    },
    "position": {
        "pitch": 353.70288873857334,
        "roll": 252.20538761315765,
        "yaw": 157.7414430322603
    }
}