{
    "time": "2023-05-20T04:30:03.008823+02:00",
    "accelleration": {
        "x": 0.11419199407100677,
        "y": -0.9450119733810425,
        "z": -0.31793197989463806
    },
    "position": {
        "pitch": 353.47313270083833,
        "roll": 251.41960850009355,
        "yaw": 165.05313321800224
    }
}