{
    "time": "2023-05-28T17:50:03.202538+02:00",
    "accelleration": {
        "x": 0.11077599972486496,
        "y": -0.9408639669418335,
        "z": -0.30987998843193054
    },
    "position": {
        "pitch": 353.6179954636056,
        "roll": 251.77281124245323,
        "yaw": 177.26937734105528
    }
}