{
    "time": "2023-06-25T03:20:03.549344+02:00",
    "accelleration": {
        "x": 0.10858000069856644,
        "y": -0.9403759837150574,
        "z": -0.30329200625419617
    },
    "position": {
        "pitch": 353.73174287272207,
        "roll": 252.13186745693162,
        "yaw": 158.83107677093076
    }
}