{
    "time": "2023-06-03T20:30:02.915563+02:00",
    "accelleration": {
        "x": 0.11443600058555603,
        "y": -0.9406200051307678,
        "z": -0.3159799873828888
    },
    "position": {
        "pitch": 353.42095944708956,
        "roll": 251.44110310541157,
        "yaw": 159.665111170481
    }
}