{
    "time": "2023-05-21T13:10:03.379112+02:00",
    "accelleration": {
        "x": 0.11248400062322617,
        "y": -0.9408639669418335,
        "z": -0.3152479827404022
    },
    "position": {
        "pitch": 353.4879311594488,
        "roll": 251.47997371197812,
        "yaw": 130.58201542040499
    }
}