{
    "time": "2022-07-18T14:50:03.487098+02:00",
    "accelleration": {
        "x": 0.11225245893001556,
        "y": -0.9241364002227783,
        "z": -0.32803991436958313
    },
    "position": {
        "pitch": 353.4936860207114,
        "roll": 250.427154692934,
        "yaw": 175.94683415168737
    }
}