{
    "time": "2022-07-01T08:20:02.517919+02:00",
    "accelleration": {
        "x": 0.11079778522253036,
        "y": -0.9195531010627747,
        "z": -0.3412964642047882
    },
    "position": {
        "pitch": 353.5643870163575,
        "roll": 249.6199219556869,
        "yaw": 166.75081771734395
    }
}