{
    "time": "2023-05-01T06:20:02.710211+02:00",
    "accelleration": {
        "x": 0.10858000069856644,
        "y": -0.9408639669418335,
        "z": -0.31549200415611267
    },
    "position": {
        "pitch": 353.75298134594624,
        "roll": 251.47848473073904,
        "yaw": 145.04393011990982
    }
}