{
    "time": "2023-06-22T22:40:03.146460+02:00",
    "accelleration": {
        "x": 0.10931199789047241,
        "y": -0.9386679530143738,
        "z": -0.3047559857368469
    },
    "position": {
        "pitch": 353.6806018313116,
        "roll": 252.01937424130153,
        "yaw": 158.24399469101147
    }
}