{
    "time": "2023-05-23T17:00:02.939714+02:00",
    "accelleration": {
        "x": 0.11248400062322617,
        "y": -0.9403759837150574,
        "z": -0.3172000050544739
    },
    "position": {
        "pitch": 353.53276836314217,
        "roll": 251.30563313341355,
        "yaw": 110.62036409931417
    }
}