{
    "time": "2023-06-01T07:40:02.955112+02:00",
    "accelleration": {
        "x": 0.1117519959807396,
        "y": -0.9401319622993469,
        "z": -0.31329599022865295
    },
    "position": {
        "pitch": 353.57168165839107,
        "roll": 251.57384783193078,
        "yaw": 106.58739694161011
    }
}