{
    "time": "2022-07-13T14:10:02.470648+02:00",
    "accelleration": {
        "x": 0.10982800275087357,
        "y": -0.9236539602279663,
        "z": -0.3335835635662079
    },
    "position": {
        "pitch": 353.6418947223983,
        "roll": 250.12769870915315,
        "yaw": 180.60886537441527
    }
}