{
    "time": "2023-05-21T03:40:02.712192+02:00",
    "accelleration": {
        "x": 0.11101999878883362,
        "y": -0.9391559958457947,
        "z": -0.3130519986152649
    },
    "position": {
        "pitch": 353.60783427655474,
        "roll": 251.57201051104403,
        "yaw": 162.42956193515198
    }
}