{
    "time": "2023-05-19T15:10:02.495688+02:00",
    "accelleration": {
        "x": 0.11565599590539932,
        "y": -0.9423279762268066,
        "z": -0.3193959891796112
    },
    "position": {
        "pitch": 353.37905111388966,
        "roll": 251.29105067953554,
        "yaw": 179.35235281147737
    }
}