{
    "time": "2023-04-27T14:20:03.350120+02:00",
    "accelleration": {
        "x": 0.10809199512004852,
        "y": -0.9423279762268066,
        "z": -0.29987600445747375
    },
    "position": {
        "pitch": 353.76105975218707,
        "roll": 252.3477970573524,
        "yaw": 147.4592079538314
    }
}