{
    "time": "2023-06-06T19:10:02.897040+02:00",
    "accelleration": {
        "x": 0.11248400062322617,
        "y": -0.9391559958457947,
        "z": -0.31036800146102905
    },
    "position": {
        "pitch": 353.50910858785727,
        "roll": 251.71414674767198,
        "yaw": 157.87039700379012
    }
}