{
    "time": "2023-06-30T22:50:02.745387+02:00",
    "accelleration": {
        "x": 0.10858000069856644,
        "y": -0.9386679530143738,
        "z": -0.30743998289108276
    },
    "position": {
        "pitch": 353.7285992781566,
        "roll": 251.87566023097529,
        "yaw": 158.81379639233063
    }
}