{
    "time": "2023-06-16T18:30:02.703760+02:00",
    "accelleration": {
        "x": 0.11126399785280228,
        "y": -0.9391559958457947,
        "z": -0.3079279959201813
    },
    "position": {
        "pitch": 353.57306605235846,
        "roll": 251.8457781533565,
        "yaw": 157.56348928362476
    }
}