{
    "time": "2023-05-16T08:00:02.636657+02:00",
    "accelleration": {
        "x": 0.11272799968719482,
        "y": -0.9425719976425171,
        "z": -0.31768798828125
    },
    "position": {
        "pitch": 353.5396506325046,
        "roll": 251.3901430640141,
        "yaw": 192.1475000902897
    }
}