{
    "time": "2023-07-01T02:30:02.569586+02:00",
    "accelleration": {
        "x": 0.10809199512004852,
        "y": -0.9384239912033081,
        "z": -0.3076840043067932
    },
    "position": {
        "pitch": 353.7564143697778,
        "roll": 251.85553166349126,
        "yaw": 157.71427253974196
    }
}