{
    "time": "2023-05-05T11:50:03.233544+02:00",
    "accelleration": {
        "x": 0.11150799691677094,
        "y": -0.9389119744300842,
        "z": -0.3093920052051544
    },
    "position": {
        "pitch": 353.564636745149,
        "roll": 251.8326778505284,
        "yaw": 123.96863011502677
    }
}