{
    "time": "2022-06-30T12:10:03.311391+02:00",
    "accelleration": {
        "x": 0.10934310406446457,
        "y": -0.9210004806518555,
        "z": -0.34226056933403015
    },
    "position": {
        "pitch": 353.6601727355041,
        "roll": 249.59482784067626,
        "yaw": 147.06726437849937
    }
}