{
    "time": "2023-05-13T18:10:02.941607+02:00",
    "accelleration": {
        "x": 0.11272799968719482,
        "y": -0.9401319622993469,
        "z": -0.3123199939727783
    },
    "position": {
        "pitch": 353.5137731801736,
        "roll": 251.62670666591748,
        "yaw": 189.61565824799268
    }
}