{
    "time": "2022-07-15T02:20:03.409309+02:00",
    "accelleration": {
        "x": 0.10764598846435547,
        "y": -0.9231715202331543,
        "z": -0.3268347680568695
    },
    "position": {
        "pitch": 353.73780680004455,
        "roll": 250.49479405628463,
        "yaw": 143.70944775987272
    }
}