{
    "time": "2023-05-11T12:30:02.937924+02:00",
    "accelleration": {
        "x": 0.10833600163459778,
        "y": -0.9425719976425171,
        "z": -0.3130519986152649
    },
    "position": {
        "pitch": 353.77244396998617,
        "roll": 251.63228693046938,
        "yaw": 182.1622279765946
    }
}