{
    "time": "2023-05-30T03:40:03.310775+02:00",
    "accelleration": {
        "x": 0.11297199875116348,
        "y": -0.941107988357544,
        "z": -0.3125639855861664
    },
    "position": {
        "pitch": 353.50549541778634,
        "roll": 251.63512828916413,
        "yaw": 103.48692819053119
    }
}