{
    "time": "2023-05-21T03:00:02.523491+02:00",
    "accelleration": {
        "x": 0.11150799691677094,
        "y": -0.9403759837150574,
        "z": -0.3159799873828888
    },
    "position": {
        "pitch": 353.58858851102093,
        "roll": 251.44912174749714,
        "yaw": 200.1338080603538
    }
}