{
    "time": "2023-05-01T01:30:02.925562+02:00",
    "accelleration": {
        "x": 0.11565599590539932,
        "y": -0.9430599808692932,
        "z": -0.3106119930744171
    },
    "position": {
        "pitch": 353.3622936716479,
        "roll": 251.77837101643763,
        "yaw": 168.087991171914
    }
}