{
    "time": "2023-05-19T09:00:02.494604+02:00",
    "accelleration": {
        "x": 0.11224000155925751,
        "y": -0.9401319622993469,
        "z": -0.31549200415611267
    },
    "position": {
        "pitch": 353.5410956444009,
        "roll": 251.46155952197574,
        "yaw": 194.06205675615763
    }
}