{
    "time": "2023-05-24T21:20:03.390595+02:00",
    "accelleration": {
        "x": 0.11443600058555603,
        "y": -0.9403759837150574,
        "z": -0.3118319809436798
    },
    "position": {
        "pitch": 353.4189317346797,
        "roll": 251.66162942314378,
        "yaw": 114.37256267080653
    }
}