{
    "time": "2023-05-05T23:20:03.719809+02:00",
    "accelleration": {
        "x": 0.11028799414634705,
        "y": -0.9384239912033081,
        "z": -0.3067080080509186
    },
    "position": {
        "pitch": 353.63381716993115,
        "roll": 251.84100385112663,
        "yaw": 163.07944077430034
    }
}