{
    "time": "2023-06-13T22:10:02.669283+02:00",
    "accelleration": {
        "x": 0.11248400062322617,
        "y": -0.9406200051307678,
        "z": -0.31500399112701416
    },
    "position": {
        "pitch": 353.5285835916151,
        "roll": 251.48812212765793,
        "yaw": 158.10497302064505
    }
}