{
    "time": "2022-07-19T01:50:02.855285+02:00",
    "accelleration": {
        "x": 0.11128267645835876,
        "y": -0.9210004806518555,
        "z": -0.33069121837615967
    },
    "position": {
        "pitch": 353.5338492405784,
        "roll": 250.23739837741272,
        "yaw": 124.04340702606007
    }
}