{
    "time": "2023-05-05T14:10:02.955959+02:00",
    "accelleration": {
        "x": 0.10735999792814255,
        "y": -0.9398880004882812,
        "z": -0.25327199697494507
    },
    "position": {
        "pitch": 353.7051828283608,
        "roll": 254.86099931340448,
        "yaw": 184.70227970627397
    }
}