{
    "time": "2023-05-15T19:20:03.254770+02:00",
    "accelleration": {
        "x": 0.1105320006608963,
        "y": -0.9403759837150574,
        "z": -0.31378400325775146
    },
    "position": {
        "pitch": 353.63505941058645,
        "roll": 251.56544669925165,
        "yaw": 127.48743429239062
    }
}