{
    "time": "2022-07-08T07:30:02.958381+02:00",
    "accelleration": {
        "x": 0.10982800275087357,
        "y": -0.9190706610679626,
        "z": -0.3398503363132477
    },
    "position": {
        "pitch": 353.6236329309918,
        "roll": 249.69482864031443,
        "yaw": 179.14060328682865
    }
}