{
    "time": "2023-05-25T11:20:03.109738+02:00",
    "accelleration": {
        "x": 0.11028799414634705,
        "y": -0.9413520097732544,
        "z": -0.30695199966430664
    },
    "position": {
        "pitch": 353.6473575930739,
        "roll": 251.9393449147965,
        "yaw": 162.75175561867982
    }
}