{
    "time": "2023-05-02T06:30:03.427213+02:00",
    "accelleration": {
        "x": 0.1088239997625351,
        "y": -0.9428159594535828,
        "z": -0.31549200415611267
    },
    "position": {
        "pitch": 353.7553287965866,
        "roll": 251.50810726116939,
        "yaw": 98.92744907046752
    }
}