{
    "time": "2023-05-05T21:20:02.799127+02:00",
    "accelleration": {
        "x": 0.11004399508237839,
        "y": -0.9420839548110962,
        "z": -0.3106119930744171
    },
    "position": {
        "pitch": 353.6677047266113,
        "roll": 251.76789350625083,
        "yaw": 153.5900130735915
    }
}