{
    "time": "2023-06-28T21:40:03.194883+02:00",
    "accelleration": {
        "x": 0.11077599972486496,
        "y": -0.9391559958457947,
        "z": -0.30060797929763794
    },
    "position": {
        "pitch": 353.59083692391835,
        "roll": 252.2532740694286,
        "yaw": 158.57644731867268
    }
}