{
    "time": "2022-07-15T03:10:03.378191+02:00",
    "accelleration": {
        "x": 0.10619131475687027,
        "y": -0.9246188998222351,
        "z": -0.3258706331253052
    },
    "position": {
        "pitch": 353.8244720822151,
        "roll": 250.56905870313017,
        "yaw": 163.7047719135717
    }
}