{
    "time": "2023-06-11T18:10:02.965661+02:00",
    "accelleration": {
        "x": 0.11150799691677094,
        "y": -0.9376919865608215,
        "z": -0.3089039921760559
    },
    "position": {
        "pitch": 353.55662109127115,
        "roll": 251.76921173276065,
        "yaw": 157.87094341892373
    }
}