{
    "time": "2023-06-15T08:40:03.488093+02:00",
    "accelleration": {
        "x": 0.11589999496936798,
        "y": -0.9413520097732544,
        "z": -0.3193959891796112
    },
    "position": {
        "pitch": 353.349817904242,
        "roll": 251.2664619985235,
        "yaw": 158.17200449715955
    }
}