{
    "time": "2023-05-23T13:20:02.946044+02:00",
    "accelleration": {
        "x": 0.11370399594306946,
        "y": -0.9406200051307678,
        "z": -0.3147599995136261
    },
    "position": {
        "pitch": 353.4631828227649,
        "roll": 251.50002031719208,
        "yaw": 190.12402922791674
    }
}