{
    "time": "2022-07-07T23:00:02.635845+02:00",
    "accelleration": {
        "x": 0.11370714008808136,
        "y": -0.9190706610679626,
        "z": -0.3473221957683563
    },
    "position": {
        "pitch": 353.41444643482913,
        "roll": 249.28812502618598,
        "yaw": 186.98237443614263
    }
}