{
    "time": "2023-05-13T16:00:02.970639+02:00",
    "accelleration": {
        "x": 0.11126399785280228,
        "y": -0.9408639669418335,
        "z": -0.3111000061035156
    },
    "position": {
        "pitch": 353.59745836543186,
        "roll": 251.71463852129224,
        "yaw": 120.12420349917173
    }
}