{
    "time": "2023-05-15T02:00:02.932566+02:00",
    "accelleration": {
        "x": 0.11248400062322617,
        "y": -0.9391559958457947,
        "z": -0.3147599995136261
    },
    "position": {
        "pitch": 353.52677786035326,
        "roll": 251.48342295750896,
        "yaw": 184.21863401114535
    }
}