{
    "time": "2022-07-11T20:40:02.622240+02:00",
    "accelleration": {
        "x": 0.11031289398670197,
        "y": -0.9200355410575867,
        "z": -0.32321932911872864
    },
    "position": {
        "pitch": 353.56180477796437,
        "roll": 250.62210878241368,
        "yaw": 128.96076073787575
    }
}