{
    "time": "2023-06-06T23:10:03.312320+02:00",
    "accelleration": {
        "x": 0.11272799968719482,
        "y": -0.9396439790725708,
        "z": -0.31280800700187683
    },
    "position": {
        "pitch": 353.50829579534604,
        "roll": 251.59282892763423,
        "yaw": 158.99978244343006
    }
}