{
    "time": "2023-06-07T15:30:03.071842+02:00",
    "accelleration": {
        "x": 0.11150799691677094,
        "y": -0.9384239912033081,
        "z": -0.3118319809436798
    },
    "position": {
        "pitch": 353.5658495306135,
        "roll": 251.6227178354422,
        "yaw": 158.1245210220496
    }
}