{
    "time": "2023-06-05T16:30:03.313913+02:00",
    "accelleration": {
        "x": 0.11199599504470825,
        "y": -0.9389119744300842,
        "z": -0.31158798933029175
    },
    "position": {
        "pitch": 353.5379977267255,
        "roll": 251.64290787462875,
        "yaw": 158.1059838886422
    }
}