{
    "time": "2023-05-26T06:30:02.615823+02:00",
    "accelleration": {
        "x": 0.10955599695444107,
        "y": -0.9425719976425171,
        "z": -0.3181760013103485
    },
    "position": {
        "pitch": 353.7152334517245,
        "roll": 251.36637400570245,
        "yaw": 133.75111391226417
    }
}