{
    "time": "2022-07-16T05:00:03.243702+02:00",
    "accelleration": {
        "x": 0.10788843780755997,
        "y": -0.9236539602279663,
        "z": -0.3316553235054016
    },
    "position": {
        "pitch": 353.7428338192737,
        "roll": 250.23377154696345,
        "yaw": 157.1732669159636
    }
}