{
    "time": "2023-06-01T20:20:02.476757+02:00",
    "accelleration": {
        "x": 0.11272799968719482,
        "y": -0.9391559958457947,
        "z": -0.31280800700187683
    },
    "position": {
        "pitch": 353.50334348131094,
        "roll": 251.5839496817132,
        "yaw": 159.1548413979677
    }
}