{
    "time": "2023-05-05T09:40:03.121623+02:00",
    "accelleration": {
        "x": 0.10931199789047241,
        "y": -0.9420839548110962,
        "z": -0.3123199939727783
    },
    "position": {
        "pitch": 353.71616961452764,
        "roll": 251.67149904649443,
        "yaw": 118.48904255149235
    }
}