{
    "time": "2023-06-05T12:10:03.188759+02:00",
    "accelleration": {
        "x": 0.11077599972486496,
        "y": -0.9413520097732544,
        "z": -0.3147599995136261
    },
    "position": {
        "pitch": 353.6282958157608,
        "roll": 251.51828424303272,
        "yaw": 158.70067479929688
    }
}