{
    "time": "2023-05-28T04:20:02.433275+02:00",
    "accelleration": {
        "x": 0.1134599968791008,
        "y": -0.9398880004882812,
        "z": -0.374783992767334
    },
    "position": {
        "pitch": 353.60615490379257,
        "roll": 248.27118499085196,
        "yaw": 182.9252830502901
    }
}