{
    "time": "2022-07-18T05:20:02.744164+02:00",
    "accelleration": {
        "x": 0.10691864788532257,
        "y": -0.9217241406440735,
        "z": -0.33406561613082886
    },
    "position": {
        "pitch": 353.7848574119158,
        "roll": 250.066507044379,
        "yaw": 152.08886043742777
    }
}