{
    "time": "2023-05-02T18:30:03.374863+02:00",
    "accelleration": {
        "x": 0.11370399594306946,
        "y": -0.9425719976425171,
        "z": -0.3147599995136261
    },
    "position": {
        "pitch": 353.4780487294935,
        "roll": 251.53930073510884,
        "yaw": 109.31002645799308
    }
}