{
    "time": "2023-06-29T13:10:02.515375+02:00",
    "accelleration": {
        "x": 0.10833600163459778,
        "y": -0.941107988357544,
        "z": -0.30231598019599915
    },
    "position": {
        "pitch": 353.7440577037956,
        "roll": 252.1947871595658,
        "yaw": 157.93018847978442
    }
}