{
    "time": "2023-05-23T10:30:03.212096+02:00",
    "accelleration": {
        "x": 0.11077599972486496,
        "y": -0.9393999576568604,
        "z": -0.31793197989463806
    },
    "position": {
        "pitch": 353.62694087698424,
        "roll": 251.31192373763912,
        "yaw": 99.96543974882353
    }
}