{
    "time": "2022-07-06T02:00:02.527033+02:00",
    "accelleration": {
        "x": 0.10619131475687027,
        "y": -0.9197943806648254,
        "z": -0.3461170494556427
    },
    "position": {
        "pitch": 353.8358981349229,
        "roll": 249.36745767339568,
        "yaw": 141.33516472134957
    }
}