{
    "time": "2023-05-03T10:50:02.688894+02:00",
    "accelleration": {
        "x": 0.10858000069856644,
        "y": -0.9401319622993469,
        "z": -0.3181760013103485
    },
    "position": {
        "pitch": 353.75490916683947,
        "roll": 251.25583422417498,
        "yaw": 165.95874800005424
    }
}