{
    "time": "2022-07-14T07:40:02.817515+02:00",
    "accelleration": {
        "x": 0.11055533587932587,
        "y": -0.9217241406440735,
        "z": -0.3282809257507324
    },
    "position": {
        "pitch": 353.52414482242824,
        "roll": 250.38510804840342,
        "yaw": 126.12408755292105
    }
}