{
    "time": "2023-06-07T23:00:02.832753+02:00",
    "accelleration": {
        "x": 0.11126399785280228,
        "y": -0.9398880004882812,
        "z": -0.31378400325775146
    },
    "position": {
        "pitch": 353.5932262094674,
        "roll": 251.5428182825314,
        "yaw": 158.64963962581854
    }
}