{
    "time": "2023-06-25T19:10:03.275854+02:00",
    "accelleration": {
        "x": 0.10858000069856644,
        "y": -0.9391559958457947,
        "z": -0.2991439998149872
    },
    "position": {
        "pitch": 353.71273659069607,
        "roll": 252.33372003747303,
        "yaw": 158.2107589905102
    }
}