{
    "time": "2022-07-06T21:40:03.236116+02:00",
    "accelleration": {
        "x": 0.11273735016584396,
        "y": -0.9193118810653687,
        "z": -0.3410554528236389
    },
    "position": {
        "pitch": 353.45638294255934,
        "roll": 249.6333296170276,
        "yaw": 169.6029817713362
    }
}