{
    "time": "2022-07-15T14:20:02.563291+02:00",
    "accelleration": {
        "x": 0.10910066217184067,
        "y": -0.9224478602409363,
        "z": -0.3171936273574829
    },
    "position": {
        "pitch": 353.63855390612053,
        "roll": 250.98701163882163,
        "yaw": 167.8705862506325
    }
}