{
    "time": "2023-06-25T23:20:02.593155+02:00",
    "accelleration": {
        "x": 0.10931199789047241,
        "y": -0.9384239912033081,
        "z": -0.29938799142837524
    },
    "position": {
        "pitch": 353.6699113046001,
        "roll": 252.31200003591238,
        "yaw": 157.39146413918883
    }
}