{
    "time": "2023-05-30T17:10:02.821358+02:00",
    "accelleration": {
        "x": 0.11126399785280228,
        "y": -0.937936007976532,
        "z": -0.2500999867916107
    },
    "position": {
        "pitch": 353.46338815532687,
        "roll": 255.01133177703645,
        "yaw": 99.18036414524393
    }
}