{
    "time": "2022-07-13T10:10:03.140356+02:00",
    "accelleration": {
        "x": 0.11104022711515427,
        "y": -0.9217241406440735,
        "z": -0.3222552239894867
    },
    "position": {
        "pitch": 353.4742524249754,
        "roll": 250.70745199609297,
        "yaw": 109.63790968909954
    }
}