{
    "time": "2022-07-17T17:50:02.399153+02:00",
    "accelleration": {
        "x": 0.10643375664949417,
        "y": -0.9229303002357483,
        "z": -0.3316553235054016
    },
    "position": {
        "pitch": 353.8134443149133,
        "roll": 250.2091760357622,
        "yaw": 143.37373030178827
    }
}