{
    "time": "2023-06-19T11:40:03.321562+02:00",
    "accelleration": {
        "x": 0.10979999601840973,
        "y": -0.9376919865608215,
        "z": -0.3067080080509186
    },
    "position": {
        "pitch": 353.65140874902534,
        "roll": 251.88830974131815,
        "yaw": 156.98461709108784
    }
}