{
    "time": "2022-07-07T17:50:02.763367+02:00",
    "accelleration": {
        "x": 0.10716108977794647,
        "y": -0.915934681892395,
        "z": -0.3504555821418762
    },
    "position": {
        "pitch": 353.7630601438402,
        "roll": 249.0669566706718,
        "yaw": 128.85323989996138
    }
}