{
    "time": "2023-06-19T06:50:03.439885+02:00",
    "accelleration": {
        "x": 0.11272799968719482,
        "y": -0.9415959715843201,
        "z": -0.3130519986152649
    },
    "position": {
        "pitch": 353.51789135735623,
        "roll": 251.61711025013363,
        "yaw": 157.83727058631555
    }
}