{
    "time": "2023-06-16T09:20:02.718031+02:00",
    "accelleration": {
        "x": 0.11297199875116348,
        "y": -0.9398880004882812,
        "z": -0.31207600235939026
    },
    "position": {
        "pitch": 353.5559905794334,
        "roll": 251.63810625164223,
        "yaw": 157.67509457466278
    }
}