{
    "time": "2023-04-30T19:00:02.599556+02:00",
    "accelleration": {
        "x": 0.11126399785280228,
        "y": -0.9415959715843201,
        "z": -0.31158798933029175
    },
    "position": {
        "pitch": 353.59634589837077,
        "roll": 251.636248440188,
        "yaw": 165.809289800636
    }
}