{
    "time": "2023-07-01T13:00:02.766086+02:00",
    "accelleration": {
        "x": 0.11028799414634705,
        "y": -0.9376919865608215,
        "z": -0.30695199966430664
    },
    "position": {
        "pitch": 353.62192239549154,
        "roll": 251.88396574100602,
        "yaw": 157.5400890555283
    }
}