{
    "time": "2023-06-21T17:30:03.193748+02:00",
    "accelleration": {
        "x": 0.1105320006608963,
        "y": -0.9381799697875977,
        "z": -0.3030479848384857
    },
    "position": {
        "pitch": 353.60180962282,
        "roll": 252.0983926998094,
        "yaw": 157.54299871611474
    }
}