{
    "time": "2023-05-10T23:50:02.988160+02:00",
    "accelleration": {
        "x": 0.11272799968719482,
        "y": -0.9418399930000305,
        "z": -0.3147599995136261
    },
    "position": {
        "pitch": 353.5274728321013,
        "roll": 251.60110028671912,
        "yaw": 184.23051854030118
    }
}