{
    "time": "2023-06-13T09:30:03.335339+02:00",
    "accelleration": {
        "x": 0.11028799414634705,
        "y": -0.9393999576568604,
        "z": -0.3123199939727783
    },
    "position": {
        "pitch": 353.64476596317064,
        "roll": 251.6190705144254,
        "yaw": 158.28664239218904
    }
}