{
    "time": "2023-06-01T23:10:03.202326+02:00",
    "accelleration": {
        "x": 0.11443600058555603,
        "y": -0.9398880004882812,
        "z": -0.31500399112701416
    },
    "position": {
        "pitch": 353.41554225330407,
        "roll": 251.47921556098024,
        "yaw": 157.74041850388477
    }
}