{
    "time": "2023-06-14T23:00:02.571379+02:00",
    "accelleration": {
        "x": 0.11492399871349335,
        "y": -0.9406200051307678,
        "z": -0.3184199929237366
    },
    "position": {
        "pitch": 353.39963175451936,
        "roll": 251.3040690200936,
        "yaw": 157.97838229456804
    }
}