{
    "time": "2022-07-12T12:30:03.652724+02:00",
    "accelleration": {
        "x": 0.11079778522253036,
        "y": -0.9222065806388855,
        "z": -0.322496235370636
    },
    "position": {
        "pitch": 353.48136179812775,
        "roll": 250.7025069391339,
        "yaw": 173.66948515786504
    }
}