{
    "time": "2023-06-28T21:00:03.050678+02:00",
    "accelleration": {
        "x": 0.10687199980020523,
        "y": -0.936959981918335,
        "z": -0.30231598019599915
    },
    "position": {
        "pitch": 353.80075425032226,
        "roll": 252.12216858831022,
        "yaw": 158.74722936867968
    }
}