{
    "time": "2023-05-28T14:10:02.457144+02:00",
    "accelleration": {
        "x": 0.11248400062322617,
        "y": -0.9398880004882812,
        "z": -0.25229600071907043
    },
    "position": {
        "pitch": 353.41338519418684,
        "roll": 254.91631701549238,
        "yaw": 167.07112626866086
    }
}