{
    "time": "2023-07-05T13:50:02.968984+02:00",
    "accelleration": {
        "x": 0.1088239997625351,
        "y": -0.937936007976532,
        "z": -0.3042680025100708
    },
    "position": {
        "pitch": 353.7016541818809,
        "roll": 252.0292643552197,
        "yaw": 157.35728587258208
    }
}