{
    "time": "2023-05-23T13:00:03.267087+02:00",
    "accelleration": {
        "x": 0.10858000069856644,
        "y": -0.9396439790725708,
        "z": -0.3211039900779724
    },
    "position": {
        "pitch": 353.7996857526039,
        "roll": 251.14912617877187,
        "yaw": 99.70322195639757
    }
}