{
    "time": "2023-06-02T04:40:03.042180+02:00",
    "accelleration": {
        "x": 0.11370399594306946,
        "y": -0.941107988357544,
        "z": -0.31866398453712463
    },
    "position": {
        "pitch": 353.4722793540789,
        "roll": 251.30670547311323,
        "yaw": 157.0463756615631
    }
}