{
    "time": "2023-06-14T11:50:03.176025+02:00",
    "accelleration": {
        "x": 0.11297199875116348,
        "y": -0.9401319622993469,
        "z": -0.3140279948711395
    },
    "position": {
        "pitch": 353.49756215306536,
        "roll": 251.53629545187403,
        "yaw": 157.73944861702265
    }
}