{
    "time": "2023-06-30T03:20:03.264293+02:00",
    "accelleration": {
        "x": 0.11004399508237839,
        "y": -0.9401319622993469,
        "z": -0.305976003408432
    },
    "position": {
        "pitch": 353.6520559094492,
        "roll": 251.9827780877286,
        "yaw": 158.63211336040828
    }
}