{
    "time": "2023-04-29T00:40:03.427474+02:00",
    "accelleration": {
        "x": 0.11004399508237839,
        "y": -0.9418399930000305,
        "z": -0.30573198199272156
    },
    "position": {
        "pitch": 353.66350928291365,
        "roll": 252.0253916379603,
        "yaw": 152.55085443288743
    }
}