{
    "time": "2023-06-14T18:00:03.120946+02:00",
    "accelleration": {
        "x": 0.1105320006608963,
        "y": -0.9384239912033081,
        "z": -0.3123199939727783
    },
    "position": {
        "pitch": 353.61972905099435,
        "roll": 251.595431229708,
        "yaw": 157.52890120566784
    }
}