{
    "time": "2023-05-13T00:00:02.870988+02:00",
    "accelleration": {
        "x": 0.11101999878883362,
        "y": -0.9440360069274902,
        "z": -0.31329599022865295
    },
    "position": {
        "pitch": 353.6307192522557,
        "roll": 251.65085138463348,
        "yaw": 132.5762257523736
    }
}