{
    "time": "2023-05-28T20:20:03.101083+02:00",
    "accelleration": {
        "x": 0.1105320006608963,
        "y": -0.9401319622993469,
        "z": -0.3111000061035156
    },
    "position": {
        "pitch": 353.6404975218262,
        "roll": 251.71532154020923,
        "yaw": 173.4801659744506
    }
}