{
    "time": "2023-04-29T06:00:02.702296+02:00",
    "accelleration": {
        "x": 0.10979999601840973,
        "y": -0.9420839548110962,
        "z": -0.305976003408432
    },
    "position": {
        "pitch": 353.678332074073,
        "roll": 252.02242733586053,
        "yaw": 99.77848381086194
    }
}