{
    "time": "2022-07-13T14:20:02.607316+02:00",
    "accelleration": {
        "x": 0.11007044464349747,
        "y": -0.9190706610679626,
        "z": -0.32635271549224854
    },
    "position": {
        "pitch": 353.5749832010811,
        "roll": 250.43052197619483,
        "yaw": 177.19961378887277
    }
}