{
    "time": "2022-06-30T02:40:02.823831+02:00",
    "accelleration": {
        "x": 0.11152512580156326,
        "y": -0.9212417006492615,
        "z": -0.34684014320373535
    },
    "position": {
        "pitch": 353.5466733476319,
        "roll": 249.35363337051558,
        "yaw": 142.99696340679202
    }
}