{
    "time": "2022-07-20T17:20:02.783849+02:00",
    "accelleration": {
        "x": 0.10716108977794647,
        "y": -0.9205180406570435,
        "z": -0.32755783200263977
    },
    "position": {
        "pitch": 353.74908472302474,
        "roll": 250.40167808732986,
        "yaw": 168.09442521011218
    }
}