{
    "time": "2023-06-18T17:40:03.225579+02:00",
    "accelleration": {
        "x": 0.10931199789047241,
        "y": -0.9393999576568604,
        "z": -0.3067080080509186
    },
    "position": {
        "pitch": 353.689060166825,
        "roll": 251.92020672474212,
        "yaw": 157.86561587137112
    }
}