{
    "time": "2023-06-14T17:40:02.529437+02:00",
    "accelleration": {
        "x": 0.11199599504470825,
        "y": -0.9393999576568604,
        "z": -0.31280800700187683
    },
    "position": {
        "pitch": 353.54262987564323,
        "roll": 251.58655881397615,
        "yaw": 157.62427796723787
    }
}