{
    "time": "2023-06-12T18:30:02.499936+02:00",
    "accelleration": {
        "x": 0.1105320006608963,
        "y": -0.9384239912033081,
        "z": -0.30914798378944397
    },
    "position": {
        "pitch": 353.61468709072636,
        "roll": 251.77096709137732,
        "yaw": 157.9438078769894
    }
}