{
    "time": "2023-06-07T19:00:02.575438+02:00",
    "accelleration": {
        "x": 0.11077599972486496,
        "y": -0.9398880004882812,
        "z": -0.3111000061035156
    },
    "position": {
        "pitch": 353.6131421873135,
        "roll": 251.69080799127806,
        "yaw": 158.58666528167103
    }
}