{
    "time": "2023-05-28T17:00:02.544305+02:00",
    "accelleration": {
        "x": 0.1105320006608963,
        "y": -0.9393999576568604,
        "z": -0.3096359968185425
    },
    "position": {
        "pitch": 353.62707065057845,
        "roll": 251.7540760335599,
        "yaw": 185.66433917162695
    }
}