{
    "time": "2022-07-04T06:30:02.950601+02:00",
    "accelleration": {
        "x": 0.11055533587932587,
        "y": -0.9190706610679626,
        "z": -0.34563499689102173
    },
    "position": {
        "pitch": 353.592775843869,
        "roll": 249.3792124289573,
        "yaw": 121.2224705969531
    }
}