{
    "time": "2022-07-15T15:50:02.976638+02:00",
    "accelleration": {
        "x": 0.10958555340766907,
        "y": -0.9202768206596375,
        "z": -0.3268347680568695
    },
    "position": {
        "pitch": 353.6087589134136,
        "roll": 250.42170420197635,
        "yaw": 140.0463216853465
    }
}