{
    "time": "2023-06-21T10:50:03.200319+02:00",
    "accelleration": {
        "x": 0.10955599695444107,
        "y": -0.9391559958457947,
        "z": -0.305976003408432
    },
    "position": {
        "pitch": 353.6082334157344,
        "roll": 251.957403934962,
        "yaw": 158.25443122006325
    }
}