{
    "time": "2022-07-14T05:30:02.611584+02:00",
    "accelleration": {
        "x": 0.11128267645835876,
        "y": -0.9234127402305603,
        "z": -0.33286046981811523
    },
    "position": {
        "pitch": 353.55017979599705,
        "roll": 250.1742191275901,
        "yaw": 108.35672329515606
    }
}