{
    "time": "2023-06-14T16:10:02.819151+02:00",
    "accelleration": {
        "x": 0.11272799968719482,
        "y": -0.9396439790725708,
        "z": -0.3147599995136261
    },
    "position": {
        "pitch": 353.5086479769751,
        "roll": 251.48258284424105,
        "yaw": 157.78030680863765
    }
}