{
    "time": "2023-06-01T14:20:03.377455+02:00",
    "accelleration": {
        "x": 0.11028799414634705,
        "y": -0.9381799697875977,
        "z": -0.3189080059528351
    },
    "position": {
        "pitch": 353.6479347440587,
        "roll": 251.23847188330478,
        "yaw": 167.61603876064447
    }
}