{
    "time": "2023-07-02T03:00:03.177983+02:00",
    "accelleration": {
        "x": 0.11004399508237839,
        "y": -0.937936007976532,
        "z": -0.3089039921760559
    },
    "position": {
        "pitch": 353.6403400005885,
        "roll": 251.78041324299946,
        "yaw": 158.4240657982897
    }
}