{
    "time": "2022-07-12T07:40:02.640067+02:00",
    "accelleration": {
        "x": 0.11079778522253036,
        "y": -0.9210004806518555,
        "z": -0.33069121837615967
    },
    "position": {
        "pitch": 353.56023255379483,
        "roll": 250.2330065657764,
        "yaw": 178.21713439028625
    }
}