{
    "time": "2022-07-01T04:00:03.386185+02:00",
    "accelleration": {
        "x": 0.11346468329429626,
        "y": -0.9193118810653687,
        "z": -0.3473221957683563
    },
    "position": {
        "pitch": 353.4298523533889,
        "roll": 249.29465468703253,
        "yaw": 170.94829681139694
    }
}