{
    "time": "2023-05-06T22:50:03.216667+02:00",
    "accelleration": {
        "x": 0.11004399508237839,
        "y": -0.9403759837150574,
        "z": -0.3037799894809723
    },
    "position": {
        "pitch": 353.6496175319155,
        "roll": 252.09417164290232,
        "yaw": 185.46314911943506
    }
}