{
    "time": "2023-05-23T06:00:03.208118+02:00",
    "accelleration": {
        "x": 0.11492399871349335,
        "y": -0.9437919855117798,
        "z": -0.32549598813056946
    },
    "position": {
        "pitch": 353.4377548822586,
        "roll": 250.99173812972725,
        "yaw": 107.49281364817617
    }
}