{
    "time": "2023-07-01T17:20:03.019663+02:00",
    "accelleration": {
        "x": 0.10955599695444107,
        "y": -0.9372040033340454,
        "z": -0.30621999502182007
    },
    "position": {
        "pitch": 353.6555354639445,
        "roll": 251.91145725241532,
        "yaw": 157.41433161253002
    }
}