{
    "time": "2023-05-30T04:20:02.514858+02:00",
    "accelleration": {
        "x": 0.11394799500703812,
        "y": -0.9408639669418335,
        "z": -0.32085999846458435
    },
    "position": {
        "pitch": 353.4629642567115,
        "roll": 251.25586154493163,
        "yaw": 176.69833254530718
    }
}