{
    "time": "2023-05-02T22:40:03.324253+02:00",
    "accelleration": {
        "x": 0.10979999601840973,
        "y": -0.9418399930000305,
        "z": -0.3169559836387634
    },
    "position": {
        "pitch": 353.69259820481506,
        "roll": 251.35755623148395,
        "yaw": 133.70331624845244
    }
}