{
    "time": "2022-07-01T02:50:02.437615+02:00",
    "accelleration": {
        "x": 0.11443447321653366,
        "y": -0.9205180406570435,
        "z": -0.3432247042655945
    },
    "position": {
        "pitch": 353.37630025520144,
        "roll": 249.53777527053913,
        "yaw": 120.3674675166509
    }
}