{
    "time": "2022-07-16T02:00:02.971989+02:00",
    "accelleration": {
        "x": 0.10885821282863617,
        "y": -0.9224478602409363,
        "z": -0.32321932911872864
    },
    "position": {
        "pitch": 353.6586726552076,
        "roll": 250.66386172880996,
        "yaw": 136.3247018707683
    }
}