{
    "time": "2023-05-04T22:50:02.467186+02:00",
    "accelleration": {
        "x": 0.11272799968719482,
        "y": -0.9406200051307678,
        "z": -0.3108559846878052
    },
    "position": {
        "pitch": 353.5135003994936,
        "roll": 251.72552584282926,
        "yaw": 129.08998791697238
    }
}