{
    "time": "2023-06-01T15:30:03.215105+02:00",
    "accelleration": {
        "x": 0.11101999878883362,
        "y": -0.9393999576568604,
        "z": -0.30987998843193054
    },
    "position": {
        "pitch": 353.5947800775036,
        "roll": 251.7492470898167,
        "yaw": 159.5960989391072
    }
}