{
    "time": "2023-05-31T14:40:02.749701+02:00",
    "accelleration": {
        "x": 0.11004399508237839,
        "y": -0.9386679530143738,
        "z": -0.3184199929237366
    },
    "position": {
        "pitch": 353.6639165329429,
        "roll": 251.27741079176303,
        "yaw": 156.0916518193787
    }
}