{
    "time": "2022-07-15T07:10:02.642586+02:00",
    "accelleration": {
        "x": 0.10982800275087357,
        "y": -0.9238952398300171,
        "z": -0.33286046981811523
    },
    "position": {
        "pitch": 353.6416189535106,
        "roll": 250.1734882973489,
        "yaw": 123.78989772482588
    }
}