{
    "time": "2023-06-18T13:40:02.626505+02:00",
    "accelleration": {
        "x": 0.10906799882650375,
        "y": -0.9384239912033081,
        "z": -0.30695199966430664
    },
    "position": {
        "pitch": 353.69655544566547,
        "roll": 251.89154725098473,
        "yaw": 157.37873266657593
    }
}