{
    "time": "2023-05-20T21:00:02.419577+02:00",
    "accelleration": {
        "x": 0.11028799414634705,
        "y": -0.9391559958457947,
        "z": -0.3164680004119873
    },
    "position": {
        "pitch": 353.65486695917946,
        "roll": 251.39379721522005,
        "yaw": 188.55783953047612
    }
}