{
    "time": "2023-05-09T01:00:02.980174+02:00",
    "accelleration": {
        "x": 0.10784799605607986,
        "y": -0.9393999576568604,
        "z": -0.31207600235939026
    },
    "position": {
        "pitch": 353.7852510015668,
        "roll": 251.63169953420078,
        "yaw": 121.18189927328324
    }
}