{
    "time": "2023-05-15T22:00:03.837521+02:00",
    "accelleration": {
        "x": 0.10906799882650375,
        "y": -0.9415959715843201,
        "z": -0.31036800146102905
    },
    "position": {
        "pitch": 353.7234962730729,
        "roll": 251.76620644952584,
        "yaw": 193.62176910188026
    }
}