{
    "time": "2023-06-02T03:30:02.826113+02:00",
    "accelleration": {
        "x": 0.1134599968791008,
        "y": -0.9413520097732544,
        "z": -0.31573599576950073
    },
    "position": {
        "pitch": 353.48165720380933,
        "roll": 251.46978989992562,
        "yaw": 157.11925378000714
    }
}