{
    "time": "2023-06-01T23:40:03.101607+02:00",
    "accelleration": {
        "x": 0.11419199407100677,
        "y": -0.9428159594535828,
        "z": -0.3142719864845276
    },
    "position": {
        "pitch": 353.44698289471415,
        "roll": 251.56890960516085,
        "yaw": 156.76062786744646
    }
}