{
    "time": "2023-04-29T20:00:03.237869+02:00",
    "accelleration": {
        "x": 0.11199599504470825,
        "y": -0.9396439790725708,
        "z": -0.30231598019599915
    },
    "position": {
        "pitch": 353.46769288205127,
        "roll": 252.1722338749264,
        "yaw": 192.86716980237725
    }
}