{
    "time": "2023-05-31T11:30:02.552405+02:00",
    "accelleration": {
        "x": 0.10906799882650375,
        "y": -0.9391559958457947,
        "z": -0.305976003408432
    },
    "position": {
        "pitch": 353.69526838189375,
        "roll": 251.95269110443468,
        "yaw": 160.31866465140286
    }
}