{
    "time": "2022-06-30T04:00:03.198887+02:00",
    "accelleration": {
        "x": 0.11564670503139496,
        "y": -0.9217241406440735,
        "z": -0.34973248839378357
    },
    "position": {
        "pitch": 353.3285486951666,
        "roll": 249.20718045433216,
        "yaw": 124.4022515046742
    }
}