{
    "time": "2022-07-18T05:30:02.762625+02:00",
    "accelleration": {
        "x": 0.10885821282863617,
        "y": -0.9217241406440735,
        "z": -0.3253886103630066
    },
    "position": {
        "pitch": 353.66007924728984,
        "roll": 250.54270783331228,
        "yaw": 155.17008171542557
    }
}