{
    "time": "2023-06-12T01:40:03.340562+02:00",
    "accelleration": {
        "x": 0.11199599504470825,
        "y": -0.941107988357544,
        "z": -0.31036800146102905
    },
    "position": {
        "pitch": 353.55487427039094,
        "roll": 251.75283976932013,
        "yaw": 158.31292496011525
    }
}