{
    "time": "2022-07-12T00:50:03.322670+02:00",
    "accelleration": {
        "x": 0.10982800275087357,
        "y": -0.9226890206336975,
        "z": -0.32490652799606323
    },
    "position": {
        "pitch": 353.6092711776014,
        "roll": 250.58980881782867,
        "yaw": 133.65784084895847
    }
}