{
    "time": "2022-07-03T07:10:03.838463+02:00",
    "accelleration": {
        "x": 0.11201001703739166,
        "y": -0.9210004806518555,
        "z": -0.34997349977493286
    },
    "position": {
        "pitch": 353.53942054050697,
        "roll": 249.1702769422466,
        "yaw": 139.28138147944009
    }
}