{
    "time": "2022-07-09T05:00:03.041229+02:00",
    "accelleration": {
        "x": 0.11031289398670197,
        "y": -0.9217241406440735,
        "z": -0.34539395570755005
    },
    "position": {
        "pitch": 353.6237789262853,
        "roll": 249.4509977171341,
        "yaw": 163.20256176427898
    }
}