{
    "time": "2023-05-05T22:00:03.050702+02:00",
    "accelleration": {
        "x": 0.10955599695444107,
        "y": -0.9398880004882812,
        "z": -0.31329599022865295
    },
    "position": {
        "pitch": 353.6870990487596,
        "roll": 251.5793119832668,
        "yaw": 128.0619898053721
    }
}