{
    "time": "2022-07-16T15:30:02.614059+02:00",
    "accelleration": {
        "x": 0.11031289398670197,
        "y": -0.9193118810653687,
        "z": -0.31815773248672485
    },
    "position": {
        "pitch": 353.54622682401487,
        "roll": 250.88938091482544,
        "yaw": 178.86925353148237
    }
}