{
    "time": "2023-06-10T20:20:02.503047+02:00",
    "accelleration": {
        "x": 0.11101999878883362,
        "y": -0.9393999576568604,
        "z": -0.30914798378944397
    },
    "position": {
        "pitch": 353.59268662452297,
        "roll": 251.78635550757735,
        "yaw": 158.1908968004038
    }
}