{
    "time": "2023-05-24T20:50:03.371506+02:00",
    "accelleration": {
        "x": 0.11272799968719482,
        "y": -0.9413520097732544,
        "z": -0.3130519986152649
    },
    "position": {
        "pitch": 353.5202302702602,
        "roll": 251.61895440120952,
        "yaw": 118.08637557916342
    }
}