{
    "time": "2023-05-12T07:30:03.034305+02:00",
    "accelleration": {
        "x": 0.1134599968791008,
        "y": -0.9435479640960693,
        "z": -0.3164680004119873
    },
    "position": {
        "pitch": 353.49963212727073,
        "roll": 251.47641518342053,
        "yaw": 156.09221189489065
    }
}