{
    "time": "2023-05-05T18:50:03.237404+02:00",
    "accelleration": {
        "x": 0.11077599972486496,
        "y": -0.9406200051307678,
        "z": -0.3096359968185425
    },
    "position": {
        "pitch": 353.61750155555126,
        "roll": 251.78524218674266,
        "yaw": 126.64107823157767
    }
}