{
    "time": "2023-05-13T10:40:02.980889+02:00",
    "accelleration": {
        "x": 0.10906799882650375,
        "y": -0.9403759837150574,
        "z": -0.313539981842041
    },
    "position": {
        "pitch": 353.72054990021974,
        "roll": 251.57519337919726,
        "yaw": 173.7608047870681
    }
}