{
    "time": "2023-06-06T19:30:03.579504+02:00",
    "accelleration": {
        "x": 0.11272799968719482,
        "y": -0.9386679530143738,
        "z": -0.3111000061035156
    },
    "position": {
        "pitch": 353.4966101954498,
        "roll": 251.66760583866753,
        "yaw": 157.82046832095733
    }
}