{
    "time": "2023-05-27T17:30:02.470251+02:00",
    "accelleration": {
        "x": 0.11297199875116348,
        "y": -0.9372040033340454,
        "z": -0.3096359968185425
    },
    "position": {
        "pitch": 353.47354976926454,
        "roll": 251.718565880065,
        "yaw": 187.33591868796083
    }
}