{
    "time": "2023-05-15T09:00:02.681284+02:00",
    "accelleration": {
        "x": 0.11321599781513214,
        "y": -0.9437919855117798,
        "z": -0.3147599995136261
    },
    "position": {
        "pitch": 353.51432855993045,
        "roll": 251.56771432205608,
        "yaw": 130.61086613945912
    }
}