{
    "time": "2023-07-01T05:10:02.556170+02:00",
    "accelleration": {
        "x": 0.10906799882650375,
        "y": -0.9381799697875977,
        "z": -0.30866000056266785
    },
    "position": {
        "pitch": 353.6995223090862,
        "roll": 251.79914162170365,
        "yaw": 158.16214170399803
    }
}