{
    "time": "2022-07-05T12:00:02.731700+02:00",
    "accelleration": {
        "x": 0.11201001703739166,
        "y": -0.9190706610679626,
        "z": -0.34394779801368713
    },
    "position": {
        "pitch": 353.50389886106785,
        "roll": 249.4637770010712,
        "yaw": 181.89044108914146
    }
}