{
    "time": "2022-07-03T07:20:03.238212+02:00",
    "accelleration": {
        "x": 0.11055533587932587,
        "y": -0.9207592606544495,
        "z": -0.34394779801368713
    },
    "position": {
        "pitch": 353.5946127378689,
        "roll": 249.50231292836844,
        "yaw": 126.7317694833771
    }
}