{
    "time": "2023-05-05T17:50:03.428586+02:00",
    "accelleration": {
        "x": 0.1088239997625351,
        "y": -0.9398880004882812,
        "z": -0.3089039921760559
    },
    "position": {
        "pitch": 353.7154921451393,
        "roll": 251.80891562240592,
        "yaw": 156.54688392756006
    }
}