{
    "time": "2023-05-05T08:20:02.507570+02:00",
    "accelleration": {
        "x": 0.11419199407100677,
        "y": -0.9420839548110962,
        "z": -0.31280800700187683
    },
    "position": {
        "pitch": 353.4322130375208,
        "roll": 251.64757972402106,
        "yaw": 183.2196915242743
    }
}