{
    "time": "2023-04-29T14:50:03.423130+02:00",
    "accelleration": {
        "x": 0.10833600163459778,
        "y": -0.9406200051307678,
        "z": -0.3037799894809723
    },
    "position": {
        "pitch": 353.7492341334128,
        "roll": 252.11261315366136,
        "yaw": 103.46248294349172
    }
}