{
    "time": "2023-05-16T23:50:02.699925+02:00",
    "accelleration": {
        "x": 0.1105320006608963,
        "y": -0.9435479640960693,
        "z": -0.3084160089492798
    },
    "position": {
        "pitch": 353.65054857207673,
        "roll": 251.90509834629805,
        "yaw": 183.42615448250547
    }
}