{
    "time": "2022-07-05T20:40:02.480338+02:00",
    "accelleration": {
        "x": 0.11249490827322006,
        "y": -0.9202768206596375,
        "z": -0.34346574544906616
    },
    "position": {
        "pitch": 353.47690424592065,
        "roll": 249.51942938242848,
        "yaw": 133.8059603312994
    }
}