{
    "time": "2022-07-15T07:20:02.636680+02:00",
    "accelleration": {
        "x": 0.10740353912115097,
        "y": -0.9229303002357483,
        "z": -0.33454766869544983
    },
    "position": {
        "pitch": 353.76774608049766,
        "roll": 250.07162285606734,
        "yaw": 130.26864634128478
    }
}