{
    "time": "2023-05-06T13:40:02.538163+02:00",
    "accelleration": {
        "x": 0.10931199789047241,
        "y": -0.9396439790725708,
        "z": -0.30573198199272156
    },
    "position": {
        "pitch": 353.689472966383,
        "roll": 251.98214971032496,
        "yaw": 169.16701079661428
    }
}