{
    "time": "2023-05-26T16:00:02.803903+02:00",
    "accelleration": {
        "x": 0.10931199789047241,
        "y": -0.9393999576568604,
        "z": -0.3118319809436798
    },
    "position": {
        "pitch": 353.6965665447229,
        "roll": 251.6422794972251,
        "yaw": 132.7583732371595
    }
}