{
    "time": "2023-05-01T15:10:02.558417+02:00",
    "accelleration": {
        "x": 0.10931199789047241,
        "y": -0.9433040022850037,
        "z": -0.31573599576950073
    },
    "position": {
        "pitch": 353.73346664171385,
        "roll": 251.44419035091641,
        "yaw": 98.58298214005627
    }
}