{
    "time": "2023-05-07T06:30:03.039748+02:00",
    "accelleration": {
        "x": 0.10955599695444107,
        "y": -0.9415959715843201,
        "z": -0.31549200415611267
    },
    "position": {
        "pitch": 353.70973173434805,
        "roll": 251.4938458261824,
        "yaw": 169.5374529364391
    }
}