{
    "time": "2023-05-17T13:10:02.482113+02:00",
    "accelleration": {
        "x": 0.11028799414634705,
        "y": -0.9396439790725708,
        "z": -0.3147599995136261
    },
    "position": {
        "pitch": 353.65165122074086,
        "roll": 251.49342918464305,
        "yaw": 98.82442249702704
    }
}