{
    "time": "2022-07-19T23:20:03.201700+02:00",
    "accelleration": {
        "x": 0.10861577093601227,
        "y": -0.9202768206596375,
        "z": -0.33117327094078064
    },
    "position": {
        "pitch": 353.6736922411925,
        "roll": 250.20178577108027,
        "yaw": 176.40317275051427
    }
}