{
    "time": "2023-04-29T21:10:03.084911+02:00",
    "accelleration": {
        "x": 0.10784799605607986,
        "y": -0.941107988357544,
        "z": -0.30402398109436035
    },
    "position": {
        "pitch": 353.7809706073913,
        "roll": 252.10376122849704,
        "yaw": 151.4050218977261
    }
}