{
    "time": "2022-07-01T04:20:03.207061+02:00",
    "accelleration": {
        "x": 0.11564670503139496,
        "y": -0.9212417006492615,
        "z": -0.3494914472103119
    },
    "position": {
        "pitch": 353.3254161996585,
        "roll": 249.22057445529458,
        "yaw": 184.1657137054561
    }
}