{
    "time": "2023-05-25T22:00:03.551960+02:00",
    "accelleration": {
        "x": 0.11224000155925751,
        "y": -0.9413520097732544,
        "z": -0.31793197989463806
    },
    "position": {
        "pitch": 353.5561856667116,
        "roll": 251.33938792829173,
        "yaw": 173.17660504697858
    }
}