{
    "time": "2023-05-12T17:20:02.671238+02:00",
    "accelleration": {
        "x": 0.11272799968719482,
        "y": -0.945743978023529,
        "z": -0.31866398453712463
    },
    "position": {
        "pitch": 353.5412800595085,
        "roll": 251.39833929101812,
        "yaw": 142.60424118989462
    }
}