{
    "time": "2023-07-05T01:40:03.058811+02:00",
    "accelleration": {
        "x": 0.11077599972486496,
        "y": -0.9391559958457947,
        "z": -0.3042680025100708
    },
    "position": {
        "pitch": 353.6014352430761,
        "roll": 252.0529309606938,
        "yaw": 157.6465717046888
    }
}