{
    "time": "2023-05-12T00:20:02.756839+02:00",
    "accelleration": {
        "x": 0.1117519959807396,
        "y": -0.9384239912033081,
        "z": -0.37161198258399963
    },
    "position": {
        "pitch": 353.68063811669157,
        "roll": 248.4739596469313,
        "yaw": 189.73599252078995
    }
}