{
    "time": "2022-07-16T08:00:03.233214+02:00",
    "accelleration": {
        "x": 0.10788843780755997,
        "y": -0.9222065806388855,
        "z": -0.32779887318611145
    },
    "position": {
        "pitch": 353.72478632505243,
        "roll": 250.4092049557952,
        "yaw": 138.67018883175066
    }
}