{
    "time": "2022-07-18T06:40:02.973189+02:00",
    "accelleration": {
        "x": 0.10740353912115097,
        "y": -0.9200355410575867,
        "z": -0.3253886103630066
    },
    "position": {
        "pitch": 353.68613343076566,
        "roll": 250.50672639676463,
        "yaw": 121.93364355371317
    }
}