{
    "time": "2023-07-04T02:40:02.559858+02:00",
    "accelleration": {
        "x": 0.1088239997625351,
        "y": -0.9396439790725708,
        "z": -0.3084160089492798
    },
    "position": {
        "pitch": 353.7209153153403,
        "roll": 251.83747264332573,
        "yaw": 158.21155129245392
    }
}