{
    "time": "2023-05-13T13:20:03.280412+02:00",
    "accelleration": {
        "x": 0.10735999792814255,
        "y": -0.9408639669418335,
        "z": -0.3152479827404022
    },
    "position": {
        "pitch": 353.8252857285,
        "roll": 251.43015431217202,
        "yaw": 118.46725424804
    }
}