{
    "time": "2023-05-08T17:40:02.436270+02:00",
    "accelleration": {
        "x": 0.10858000069856644,
        "y": -0.9401319622993469,
        "z": -0.3106119930744171
    },
    "position": {
        "pitch": 353.73869942039175,
        "roll": 251.73032746581578,
        "yaw": 184.82835133797406
    }
}