{
    "time": "2022-07-15T10:30:02.514071+02:00",
    "accelleration": {
        "x": 0.11128267645835876,
        "y": -0.9193118810653687,
        "z": -0.3258706331253052
    },
    "position": {
        "pitch": 353.51066971296945,
        "roll": 250.46472756355826,
        "yaw": 123.02338657541037
    }
}