{
    "time": "2023-05-28T07:00:03.187116+02:00",
    "accelleration": {
        "x": 0.11126399785280228,
        "y": -0.9428159594535828,
        "z": -0.374783992767334
    },
    "position": {
        "pitch": 353.7381022057262,
        "roll": 248.39548077336786,
        "yaw": 155.4862648324838
    }
}