{
    "time": "2023-06-12T14:30:02.666254+02:00",
    "accelleration": {
        "x": 0.11077599972486496,
        "y": -0.9398880004882812,
        "z": -0.3111000061035156
    },
    "position": {
        "pitch": 353.61697563098517,
        "roll": 251.69146368943836,
        "yaw": 158.10041045427948
    }
}