{
    "time": "2023-07-02T22:10:03.116070+02:00",
    "accelleration": {
        "x": 0.1105320006608963,
        "y": -0.9381799697875977,
        "z": -0.30621999502182007
    },
    "position": {
        "pitch": 353.60887331908225,
        "roll": 251.9258552911857,
        "yaw": 157.84676454926188
    }
}