{
    "time": "2023-05-15T11:00:02.876427+02:00",
    "accelleration": {
        "x": 0.10858000069856644,
        "y": -0.9406200051307678,
        "z": -0.31671199202537537
    },
    "position": {
        "pitch": 353.75614286975826,
        "roll": 251.40762834828934,
        "yaw": 128.50326100688994
    }
}