{
    "time": "2023-06-25T07:30:03.078387+02:00",
    "accelleration": {
        "x": 0.10979999601840973,
        "y": -0.9391559958457947,
        "z": -0.30329200625419617
    },
    "position": {
        "pitch": 353.65572286725984,
        "roll": 252.11176621020428,
        "yaw": 158.61897207644517
    }
}