{
    "time": "2022-06-30T20:30:02.467352+02:00",
    "accelleration": {
        "x": 0.11128267645835876,
        "y": -0.9190706610679626,
        "z": -0.3415375351905823
    },
    "position": {
        "pitch": 353.53600544592194,
        "roll": 249.59758040691176,
        "yaw": 177.980536637437
    }
}