{
    "time": "2023-06-23T22:00:02.648493+02:00",
    "accelleration": {
        "x": 0.10979999601840973,
        "y": -0.9393999576568604,
        "z": -0.3008520007133484
    },
    "position": {
        "pitch": 353.64751639497206,
        "roll": 252.2433224838079,
        "yaw": 157.84276205840825
    }
}