{
    "time": "2023-05-27T16:50:02.669269+02:00",
    "accelleration": {
        "x": 0.10955599695444107,
        "y": -0.9401319622993469,
        "z": -0.3142719864845276
    },
    "position": {
        "pitch": 353.68835409601957,
        "roll": 251.52638484738833,
        "yaw": 174.38591736028602
    }
}