{
    "time": "2022-07-13T21:50:08.704119+02:00",
    "accelleration": {
        "x": 0.10910066217184067,
        "y": -0.9185882210731506,
        "z": -0.32105007767677307
    },
    "position": {
        "pitch": 353.6190012089609,
        "roll": 250.7201561479492,
        "yaw": 116.66576453369245
    }
}