{
    "time": "2023-05-30T00:00:04.066198+02:00",
    "accelleration": {
        "x": 0.11297199875116348,
        "y": -0.9413520097732544,
        "z": -0.30987998843193054
    },
    "position": {
        "pitch": 353.50182205667335,
        "roll": 251.7950503383908,
        "yaw": 192.5878697068371
    }
}