{
    "time": "2023-05-17T22:10:02.713183+02:00",
    "accelleration": {
        "x": 0.11028799414634705,
        "y": -0.9408639669418335,
        "z": -0.31329599022865295
    },
    "position": {
        "pitch": 353.6526236689239,
        "roll": 251.59768519213412,
        "yaw": 130.43456529660276
    }
}