{
    "time": "2022-07-15T06:10:02.717752+02:00",
    "accelleration": {
        "x": 0.10861577093601227,
        "y": -0.9224478602409363,
        "z": -0.3268347680568695
    },
    "position": {
        "pitch": 353.6877551738067,
        "roll": 250.4720017150243,
        "yaw": 165.2491869679383
    }
}