{
    "time": "2023-07-04T19:30:02.666382+02:00",
    "accelleration": {
        "x": 0.10955599695444107,
        "y": -0.9381799697875977,
        "z": -0.30573198199272156
    },
    "position": {
        "pitch": 353.6621735540441,
        "roll": 251.95404348189035,
        "yaw": 157.8987832699807
    }
}