{
    "time": "2022-06-30T01:40:02.885734+02:00",
    "accelleration": {
        "x": 0.11201001703739166,
        "y": -0.9205180406570435,
        "z": -0.3446708619594574
    },
    "position": {
        "pitch": 353.5129040386017,
        "roll": 249.4590436799764,
        "yaw": 120.47545280742881
    }
}