{
    "time": "2023-05-03T05:00:02.831145+02:00",
    "accelleration": {
        "x": 0.11150799691677094,
        "y": -0.9428159594535828,
        "z": -0.31622397899627686
    },
    "position": {
        "pitch": 353.6005511604654,
        "roll": 251.54886299994686,
        "yaw": 132.26338942800868
    }
}