{
    "time": "2023-06-24T08:20:02.710072+02:00",
    "accelleration": {
        "x": 0.10979999601840973,
        "y": -0.9398880004882812,
        "z": -0.30621999502182007
    },
    "position": {
        "pitch": 353.6654815000365,
        "roll": 251.9666110299632,
        "yaw": 158.74363668917624
    }
}