{
    "time": "2022-07-17T02:10:03.287858+02:00",
    "accelleration": {
        "x": 0.10837332904338837,
        "y": -0.9226890206336975,
        "z": -0.3265937268733978
    },
    "position": {
        "pitch": 353.6938084289586,
        "roll": 250.49311382974884,
        "yaw": 168.15981744122587
    }
}