{
    "time": "2022-07-19T15:40:02.420676+02:00",
    "accelleration": {
        "x": 0.11079778522253036,
        "y": -0.9219653606414795,
        "z": -0.32442450523376465
    },
    "position": {
        "pitch": 353.5430738379393,
        "roll": 250.60022485631296,
        "yaw": 122.9398123807261
    }
}