{
    "time": "2023-05-07T05:30:02.464961+02:00",
    "accelleration": {
        "x": 0.10906799882650375,
        "y": -0.941107988357544,
        "z": -0.3089039921760559
    },
    "position": {
        "pitch": 353.71805090475715,
        "roll": 251.83948071894173,
        "yaw": 141.38282578137793
    }
}