{
    "time": "2023-06-09T01:30:02.533576+02:00",
    "accelleration": {
        "x": 0.11248400062322617,
        "y": -0.9393999576568604,
        "z": -0.3123199939727783
    },
    "position": {
        "pitch": 353.51874342345525,
        "roll": 251.61471285373494,
        "yaw": 159.81373608682048
    }
}