{
    "time": "2023-07-06T11:40:02.723648+02:00",
    "accelleration": {
        "x": 0.10955599695444107,
        "y": -0.9384239912033081,
        "z": -0.3054879903793335
    },
    "position": {
        "pitch": 353.66593997648454,
        "roll": 251.97103699254535,
        "yaw": 158.0755758864573
    }
}