{
    "time": "2023-06-21T12:40:03.362465+02:00",
    "accelleration": {
        "x": 0.10931199789047241,
        "y": -0.9376919865608215,
        "z": -0.30524399876594543
    },
    "position": {
        "pitch": 353.6760849418361,
        "roll": 251.96983487925144,
        "yaw": 158.1561857790418
    }
}