{
    "time": "2022-07-02T22:40:02.632569+02:00",
    "accelleration": {
        "x": 0.11031289398670197,
        "y": -0.9207592606544495,
        "z": -0.3446708619594574
    },
    "position": {
        "pitch": 353.6036977432387,
        "roll": 249.47237620923624,
        "yaw": 165.9090788644099
    }
}