{
    "time": "2023-06-09T01:10:03.648617+02:00",
    "accelleration": {
        "x": 0.11150799691677094,
        "y": -0.9403759837150574,
        "z": -0.3113439977169037
    },
    "position": {
        "pitch": 353.57857844190545,
        "roll": 251.68567851921136,
        "yaw": 158.9793874985684
    }
}