{
    "time": "2023-05-12T10:00:02.689846+02:00",
    "accelleration": {
        "x": 0.11150799691677094,
        "y": -0.9420839548110962,
        "z": -0.3101239800453186
    },
    "position": {
        "pitch": 353.5861377537694,
        "roll": 251.78569297922786,
        "yaw": 194.59584970017247
    }
}