{
    "time": "2022-07-10T23:00:03.798390+02:00",
    "accelleration": {
        "x": 0.11273735016584396,
        "y": -0.9224478602409363,
        "z": -0.33069121837615967
    },
    "position": {
        "pitch": 353.45206114036205,
        "roll": 250.2625676245042,
        "yaw": 189.06831420866453
    }
}