{
    "time": "2022-07-21T04:00:02.803231+02:00",
    "accelleration": {
        "x": 0.10522152483463287,
        "y": -0.9205180406570435,
        "z": -0.32297831773757935
    },
    "position": {
        "pitch": 353.851206723287,
        "roll": 250.64797470880052,
        "yaw": 163.70015470569277
    }
}