{
    "time": "2022-07-03T16:30:03.686416+02:00",
    "accelleration": {
        "x": 0.10910066217184067,
        "y": -0.9176233410835266,
        "z": -0.34394779801368713
    },
    "position": {
        "pitch": 353.6526714802481,
        "roll": 249.44058850883903,
        "yaw": 122.29743308928639
    }
}