{
    "time": "2022-07-12T05:00:02.728726+02:00",
    "accelleration": {
        "x": 0.10716108977794647,
        "y": -0.9229303002357483,
        "z": -0.3304502069950104
    },
    "position": {
        "pitch": 353.82593502335794,
        "roll": 250.28794177727082,
        "yaw": 157.8818307404607
    }
}