{
    "time": "2023-06-08T16:20:02.869679+02:00",
    "accelleration": {
        "x": 0.11004399508237839,
        "y": -0.9401319622993469,
        "z": -0.31036800146102905
    },
    "position": {
        "pitch": 353.65495404409137,
        "roll": 251.7333190886722,
        "yaw": 159.04956086210112
    }
}