{
    "time": "2022-07-05T17:30:03.302822+02:00",
    "accelleration": {
        "x": 0.10813087970018387,
        "y": -0.9178645610809326,
        "z": -0.3444298505783081
    },
    "position": {
        "pitch": 353.70736891578207,
        "roll": 249.42556892285415,
        "yaw": 137.55148580797263
    }
}