{
    "time": "2023-04-28T06:50:03.073940+02:00",
    "accelleration": {
        "x": 0.11028799414634705,
        "y": -0.9423279762268066,
        "z": -0.30743998289108276
    },
    "position": {
        "pitch": 353.6589065891867,
        "roll": 251.94739087763878,
        "yaw": 119.28675400503647
    }
}