{
    "time": "2023-04-29T16:30:03.052059+02:00",
    "accelleration": {
        "x": 0.10955599695444107,
        "y": -0.9401319622993469,
        "z": -0.2984119951725006
    },
    "position": {
        "pitch": 353.6661393326309,
        "roll": 252.3860461167045,
        "yaw": 119.36707702967583
    }
}