{
    "time": "2023-05-29T09:30:03.466252+02:00",
    "accelleration": {
        "x": 0.11150799691677094,
        "y": -0.9413520097732544,
        "z": -0.3169559836387634
    },
    "position": {
        "pitch": 353.59655592668776,
        "roll": 251.4056749141867,
        "yaw": 103.24172439932774
    }
}