{
    "time": "2023-05-20T05:20:03.200816+02:00",
    "accelleration": {
        "x": 0.1076039969921112,
        "y": -0.9403759837150574,
        "z": -0.3169559836387634
    },
    "position": {
        "pitch": 353.8086281777748,
        "roll": 251.38702849775257,
        "yaw": 174.42372928753122
    }
}