{
    "time": "2023-06-11T01:10:02.914445+02:00",
    "accelleration": {
        "x": 0.11370399594306946,
        "y": -0.9398880004882812,
        "z": -0.3740519881248474
    },
    "position": {
        "pitch": 353.5847537866888,
        "roll": 248.3705096017623,
        "yaw": 161.70466029816018
    }
}