{
    "time": "2022-07-12T16:40:02.869893+02:00",
    "accelleration": {
        "x": 0.10376685857772827,
        "y": -0.9202768206596375,
        "z": -0.33117327094078064
    },
    "position": {
        "pitch": 353.94944832232704,
        "roll": 250.18745603420157,
        "yaw": 171.85411649912402
    }
}