{
    "time": "2023-05-14T11:40:02.520574+02:00",
    "accelleration": {
        "x": 0.11565599590539932,
        "y": -0.9425719976425171,
        "z": -0.3213479816913605
    },
    "position": {
        "pitch": 353.3847970105289,
        "roll": 251.19376829518706,
        "yaw": 97.09575625961018
    }
}