{
    "time": "2022-07-09T17:50:03.166553+02:00",
    "accelleration": {
        "x": 0.11176756769418716,
        "y": -0.9222065806388855,
        "z": -0.3268347680568695
    },
    "position": {
        "pitch": 353.49962529708154,
        "roll": 250.4692764695455,
        "yaw": 178.57214030258683
    }
}