{
    "time": "2023-05-01T05:50:02.483153+02:00",
    "accelleration": {
        "x": 0.10979999601840973,
        "y": -0.9408639669418335,
        "z": -0.3152479827404022
    },
    "position": {
        "pitch": 353.681867977629,
        "roll": 251.55927903843113,
        "yaw": 192.17912386614685
    }
}