{
    "time": "2023-06-07T11:30:03.327215+02:00",
    "accelleration": {
        "x": 0.11419199407100677,
        "y": -0.9423279762268066,
        "z": -0.31793197989463806
    },
    "position": {
        "pitch": 353.4490567109009,
        "roll": 251.36308868471167,
        "yaw": 158.4177547034966
    }
}