{
    "time": "2023-05-26T22:20:02.611254+02:00",
    "accelleration": {
        "x": 0.11077599972486496,
        "y": -0.9423279762268066,
        "z": -0.3101239800453186
    },
    "position": {
        "pitch": 353.62814555159906,
        "roll": 251.7916557343733,
        "yaw": 193.9573089750463
    }
}