{
    "time": "2023-06-03T00:40:02.819885+02:00",
    "accelleration": {
        "x": 0.11419199407100677,
        "y": -0.9406200051307678,
        "z": -0.31549200415611267
    },
    "position": {
        "pitch": 353.4340405400106,
        "roll": 251.46661386196155,
        "yaw": 158.54030195758497
    }
}