{
    "time": "2023-04-28T04:40:03.434604+02:00",
    "accelleration": {
        "x": 0.11004399508237839,
        "y": -0.9406200051307678,
        "z": -0.3076840043067932
    },
    "position": {
        "pitch": 353.6589582424923,
        "roll": 251.89910827039594,
        "yaw": 121.69156798914958
    }
}