{
    "time": "2023-06-18T00:40:02.800442+02:00",
    "accelleration": {
        "x": 0.11101999878883362,
        "y": -0.9406200051307678,
        "z": -0.30914798378944397
    },
    "position": {
        "pitch": 353.6035991323825,
        "roll": 251.81204384904578,
        "yaw": 158.27453929697978
    }
}