{
    "time": "2023-06-25T16:30:03.075480+02:00",
    "accelleration": {
        "x": 0.10858000069856644,
        "y": -0.9384239912033081,
        "z": -0.2989000082015991
    },
    "position": {
        "pitch": 353.7084220455747,
        "roll": 252.3338634714456,
        "yaw": 158.09624403888577
    }
}