{
    "time": "2023-06-10T23:50:03.061784+02:00",
    "accelleration": {
        "x": 0.11248400062322617,
        "y": -0.9391559958457947,
        "z": -0.3123199939727783
    },
    "position": {
        "pitch": 353.51796350122936,
        "roll": 251.54361741466428,
        "yaw": 157.76768461905147
    }
}