{
    "time": "2023-05-18T14:50:03.269318+02:00",
    "accelleration": {
        "x": 0.10955599695444107,
        "y": -0.944767951965332,
        "z": -0.3101239800453186
    },
    "position": {
        "pitch": 353.7106025834672,
        "roll": 251.83965147367098,
        "yaw": 159.95751156884927
    }
}