{
    "time": "2023-07-06T00:40:03.325033+02:00",
    "accelleration": {
        "x": 0.11028799414634705,
        "y": -0.9391559958457947,
        "z": -0.30743998289108276
    },
    "position": {
        "pitch": 353.63310853780473,
        "roll": 251.88294121263053,
        "yaw": 158.20174314080577
    }
}