{
    "time": "2022-07-01T01:10:03.143626+02:00",
    "accelleration": {
        "x": 0.11079778522253036,
        "y": -0.9197943806648254,
        "z": -0.34997349977493286
    },
    "position": {
        "pitch": 353.593784577432,
        "roll": 249.15765475266042,
        "yaw": 122.942339550719
    }
}