{
    "time": "2022-07-16T19:50:03.008331+02:00",
    "accelleration": {
        "x": 0.10109994560480118,
        "y": -0.9224478602409363,
        "z": -0.3290040194988251
    },
    "position": {
        "pitch": 354.10019273174333,
        "roll": 250.35571774440484,
        "yaw": 146.65108729199216
    }
}