{
    "time": "2023-05-07T22:30:03.573863+02:00",
    "accelleration": {
        "x": 0.11199599504470825,
        "y": -0.9418399930000305,
        "z": -0.305976003408432
    },
    "position": {
        "pitch": 353.55407727269215,
        "roll": 252.01476386361176,
        "yaw": 189.10634470196317
    }
}