{
    "time": "2023-05-22T08:30:03.030712+02:00",
    "accelleration": {
        "x": 0.11858399957418442,
        "y": -0.9423279762268066,
        "z": -0.31768798828125
    },
    "position": {
        "pitch": 353.2097367007806,
        "roll": 251.3765441573766,
        "yaw": 189.9835185763112
    }
}