{
    "time": "2023-06-16T19:20:03.415464+02:00",
    "accelleration": {
        "x": 0.11224000155925751,
        "y": -0.9398880004882812,
        "z": -0.3101239800453186
    },
    "position": {
        "pitch": 353.5289472991884,
        "roll": 251.73819584373962,
        "yaw": 158.14691038214892
    }
}