{
    "time": "2023-06-01T00:50:03.363084+02:00",
    "accelleration": {
        "x": 0.10979999601840973,
        "y": -0.9423279762268066,
        "z": -0.3169559836387634
    },
    "position": {
        "pitch": 353.697799393868,
        "roll": 251.42074231149576,
        "yaw": 162.2407755064928
    }
}