{
    "time": "2023-06-12T22:10:03.263789+02:00",
    "accelleration": {
        "x": 0.10955599695444107,
        "y": -0.9396439790725708,
        "z": -0.3118319809436798
    },
    "position": {
        "pitch": 353.68486813822193,
        "roll": 251.64691719567156,
        "yaw": 158.04019550655664
    }
}