{
    "time": "2023-06-17T07:20:02.798951+02:00",
    "accelleration": {
        "x": 0.1117519959807396,
        "y": -0.9389119744300842,
        "z": -0.31280800700187683
    },
    "position": {
        "pitch": 353.5611294430102,
        "roll": 251.586230964896,
        "yaw": 159.1423831329216
    }
}