{
    "time": "2023-05-26T04:30:03.384526+02:00",
    "accelleration": {
        "x": 0.1105320006608963,
        "y": -0.9408639669418335,
        "z": -0.3223240077495575
    },
    "position": {
        "pitch": 353.65983677557426,
        "roll": 251.10844557207525,
        "yaw": 178.88101511723315
    }
}