{
    "time": "2023-06-17T08:10:03.235236+02:00",
    "accelleration": {
        "x": 0.11248400062322617,
        "y": -0.9408639669418335,
        "z": -0.3130519986152649
    },
    "position": {
        "pitch": 353.53143903757496,
        "roll": 251.60381187181963,
        "yaw": 158.21145566980553
    }
}