{
    "time": "2022-07-09T14:50:03.029997+02:00",
    "accelleration": {
        "x": 0.11152512580156326,
        "y": -0.9210004806518555,
        "z": -0.3203270137310028
    },
    "position": {
        "pitch": 353.49267003007236,
        "roll": 250.79677037986926,
        "yaw": 185.77068521700403
    }
}