{
    "time": "2023-06-09T03:40:03.143774+02:00",
    "accelleration": {
        "x": 0.1117519959807396,
        "y": -0.941107988357544,
        "z": -0.3130519986152649
    },
    "position": {
        "pitch": 353.57138113006755,
        "roll": 251.6079851174025,
        "yaw": 158.3563513028582
    }
}