{
    "time": "2023-06-09T03:50:02.977266+02:00",
    "accelleration": {
        "x": 0.11101999878883362,
        "y": -0.941107988357544,
        "z": -0.3140279948711395
    },
    "position": {
        "pitch": 353.61268712596006,
        "roll": 251.55332311347487,
        "yaw": 158.77252838936542
    }
}