{
    "time": "2023-06-16T03:20:03.467047+02:00",
    "accelleration": {
        "x": 0.1117519959807396,
        "y": -0.9389119744300842,
        "z": -0.31549200415611267
    },
    "position": {
        "pitch": 353.56119646424145,
        "roll": 251.43464857664588,
        "yaw": 157.7623707318772
    }
}