{
    "time": "2023-05-25T02:40:02.882028+02:00",
    "accelleration": {
        "x": 0.11028799414634705,
        "y": -0.9401319622993469,
        "z": -0.3152479827404022
    },
    "position": {
        "pitch": 353.6546018624623,
        "roll": 251.40874849931322,
        "yaw": 176.62682046469715
    }
}