{
    "time": "2022-06-29T14:50:03.750099+02:00",
    "accelleration": {
        "x": 0.11225245893001556,
        "y": -0.9178645610809326,
        "z": -0.3427426517009735
    },
    "position": {
        "pitch": 353.4821856896964,
        "roll": 249.48740945559945,
        "yaw": 136.52130203583795
    }
}