{
    "time": "2023-06-27T23:30:02.704709+02:00",
    "accelleration": {
        "x": 0.10809199512004852,
        "y": -0.9374479651451111,
        "z": -0.301827996969223
    },
    "position": {
        "pitch": 353.73873784020583,
        "roll": 252.1590721003958,
        "yaw": 158.39066617324832
    }
}