{
    "time": "2023-07-03T04:20:02.667139+02:00",
    "accelleration": {
        "x": 0.11077599972486496,
        "y": -0.9384239912033081,
        "z": -0.30866000056266785
    },
    "position": {
        "pitch": 353.60459932820913,
        "roll": 251.79938750851375,
        "yaw": 158.20797227332883
    }
}