{
    "time": "2022-07-07T18:00:02.386915+02:00",
    "accelleration": {
        "x": 0.11346468329429626,
        "y": -0.9168996214866638,
        "z": -0.33237841725349426
    },
    "position": {
        "pitch": 353.37981737573716,
        "roll": 250.03904968391555,
        "yaw": 127.69109687306207
    }
}