{
    "time": "2023-06-03T20:10:03.052866+02:00",
    "accelleration": {
        "x": 0.11224000155925751,
        "y": -0.9401319622993469,
        "z": -0.31329599022865295
    },
    "position": {
        "pitch": 353.53612283979834,
        "roll": 251.57429862441597,
        "yaw": 159.67804754876903
    }
}