{
    "time": "2023-06-05T11:20:03.329415+02:00",
    "accelleration": {
        "x": 0.11297199875116348,
        "y": -0.941107988357544,
        "z": -0.3140279948711395
    },
    "position": {
        "pitch": 353.5030438067611,
        "roll": 251.55494869849736,
        "yaw": 158.7417105758303
    }
}