{
    "time": "2023-05-24T20:40:03.345676+02:00",
    "accelleration": {
        "x": 0.11419199407100677,
        "y": -0.9401319622993469,
        "z": -0.3089039921760559
    },
    "position": {
        "pitch": 353.4216352089306,
        "roll": 251.81387433974334,
        "yaw": 176.48077735986394
    }
}