{
    "time": "2023-05-18T03:50:02.972687+02:00",
    "accelleration": {
        "x": 0.11248400062322617,
        "y": -0.9437919855117798,
        "z": -0.3123199939727783
    },
    "position": {
        "pitch": 353.55340151085113,
        "roll": 251.7041473507271,
        "yaw": 198.58630576048236
    }
}