{
    "time": "2023-06-26T20:20:02.731599+02:00",
    "accelleration": {
        "x": 0.1076039969921112,
        "y": -0.937936007976532,
        "z": -0.2991439998149872
    },
    "position": {
        "pitch": 353.75959894547833,
        "roll": 252.31085939432097,
        "yaw": 158.19907936702947
    }
}