{
    "time": "2022-07-17T07:10:03.522731+02:00",
    "accelleration": {
        "x": 0.10910066217184067,
        "y": -0.9231715202331543,
        "z": -0.33382460474967957
    },
    "position": {
        "pitch": 353.6769528027475,
        "roll": 250.10690078313044,
        "yaw": 108.41720462025651
    }
}