{
    "time": "2023-05-21T18:40:03.234328+02:00",
    "accelleration": {
        "x": 0.11248400062322617,
        "y": -0.9420839548110962,
        "z": -0.31549200415611267
    },
    "position": {
        "pitch": 353.5438550408256,
        "roll": 251.4858066935293,
        "yaw": 185.69082664522824
    }
}