{
    "time": "2023-05-22T13:50:03.293914+02:00",
    "accelleration": {
        "x": 0.11248400062322617,
        "y": -0.9401319622993469,
        "z": -0.3201279938220978
    },
    "position": {
        "pitch": 353.5415272269791,
        "roll": 251.2049219941017,
        "yaw": 193.42210901206244
    }
}