{
    "time": "2022-07-18T22:40:02.889383+02:00",
    "accelleration": {
        "x": 0.10740353912115097,
        "y": -0.9181057810783386,
        "z": -0.32924503087997437
    },
    "position": {
        "pitch": 353.7252277260275,
        "roll": 250.26542264357727,
        "yaw": 117.47134436516045
    }
}