{
    "time": "2023-06-04T18:10:02.833347+02:00",
    "accelleration": {
        "x": 0.11272799968719482,
        "y": -0.9406200051307678,
        "z": -0.31622397899627686
    },
    "position": {
        "pitch": 353.5194550437894,
        "roll": 251.42809842523187,
        "yaw": 158.2223976328559
    }
}