{
    "time": "2023-05-26T02:10:02.892822+02:00",
    "accelleration": {
        "x": 0.1134599968791008,
        "y": -0.9430599808692932,
        "z": -0.31866398453712463
    },
    "position": {
        "pitch": 353.504004729,
        "roll": 251.33067943709997,
        "yaw": 201.37074165866477
    }
}