{
    "time": "2023-05-04T09:20:02.633079+02:00",
    "accelleration": {
        "x": 0.1088239997625351,
        "y": -0.9418399930000305,
        "z": -0.3740519881248474
    },
    "position": {
        "pitch": 353.86400777845205,
        "roll": 248.41487168042153,
        "yaw": 190.81781252304995
    }
}