{
    "time": "2022-06-30T21:00:03.345774+02:00",
    "accelleration": {
        "x": 0.11201001703739166,
        "y": -0.9202768206596375,
        "z": -0.34828630089759827
    },
    "position": {
        "pitch": 353.5259736055785,
        "roll": 249.25199332547663,
        "yaw": 176.67495963796742
    }
}