{
    "time": "2022-07-11T04:30:03.448797+02:00",
    "accelleration": {
        "x": 0.11079778522253036,
        "y": -0.9217241406440735,
        "z": -0.3290040194988251
    },
    "position": {
        "pitch": 353.55586934357564,
        "roll": 250.34457770586855,
        "yaw": 181.00881393145454
    }
}