{
    "time": "2023-06-06T15:10:02.913391+02:00",
    "accelleration": {
        "x": 0.11028799414634705,
        "y": -0.9398880004882812,
        "z": -0.3113439977169037
    },
    "position": {
        "pitch": 353.6383007622344,
        "roll": 251.67562448075313,
        "yaw": 158.045714299406
    }
}