{
    "time": "2023-05-27T01:00:02.510302+02:00",
    "accelleration": {
        "x": 0.11272799968719482,
        "y": -0.9430599808692932,
        "z": -0.3101239800453186
    },
    "position": {
        "pitch": 353.52582078009584,
        "roll": 251.80952350924207,
        "yaw": 178.67440189484026
    }
}