{
    "time": "2022-07-17T15:50:02.947258+02:00",
    "accelleration": {
        "x": 0.10449419170618057,
        "y": -0.9229303002357483,
        "z": -0.3350297510623932
    },
    "position": {
        "pitch": 353.9335280051454,
        "roll": 250.02946009832084,
        "yaw": 153.8859378495715
    }
}