{
    "time": "2023-07-03T01:00:03.178085+02:00",
    "accelleration": {
        "x": 0.1105320006608963,
        "y": -0.9376919865608215,
        "z": -0.3076840043067932
    },
    "position": {
        "pitch": 353.61083742535544,
        "roll": 251.84310071920186,
        "yaw": 158.7689083891053
    }
}