{
    "time": "2022-07-01T16:50:02.812750+02:00",
    "accelleration": {
        "x": 0.10740353912115097,
        "y": -0.9181057810783386,
        "z": -0.348045289516449
    },
    "position": {
        "pitch": 353.7646007783849,
        "roll": 249.2168520021969,
        "yaw": 146.382674517989
    }
}