{
    "time": "2022-07-20T17:00:02.896559+02:00",
    "accelleration": {
        "x": 0.11079778522253036,
        "y": -0.9212417006492615,
        "z": -0.3253886103630066
    },
    "position": {
        "pitch": 353.5418478189833,
        "roll": 250.51369318971808,
        "yaw": 193.4719967137602
    }
}