{
    "time": "2023-05-09T08:00:02.844568+02:00",
    "accelleration": {
        "x": 0.1076039969921112,
        "y": -0.9418399930000305,
        "z": -0.31036800146102905
    },
    "position": {
        "pitch": 353.8041488543397,
        "roll": 251.7751676577169,
        "yaw": 155.24171673944068
    }
}