{
    "time": "2023-06-15T05:50:03.074969+02:00",
    "accelleration": {
        "x": 0.11443600058555603,
        "y": -0.9406200051307678,
        "z": -0.31744399666786194
    },
    "position": {
        "pitch": 353.42429129874404,
        "roll": 251.35619702383914,
        "yaw": 158.45731515916933
    }
}