{
    "time": "2023-05-25T14:20:03.296137+02:00",
    "accelleration": {
        "x": 0.11004399508237839,
        "y": -0.9396439790725708,
        "z": -0.3089039921760559
    },
    "position": {
        "pitch": 353.7142938738268,
        "roll": 251.8086082638933,
        "yaw": 186.1914521906335
    }
}