{
    "time": "2023-06-29T18:40:02.877460+02:00",
    "accelleration": {
        "x": 0.10931199789047241,
        "y": -0.9389119744300842,
        "z": -0.30402398109436035
    },
    "position": {
        "pitch": 353.68116959078634,
        "roll": 252.06599711257604,
        "yaw": 158.57732158288644
    }
}