{
    "time": "2023-06-05T15:30:02.580425+02:00",
    "accelleration": {
        "x": 0.11077599972486496,
        "y": -0.9386679530143738,
        "z": -0.313539981842041
    },
    "position": {
        "pitch": 353.61039645126715,
        "roll": 251.5344171498523,
        "yaw": 158.71051027170168
    }
}