{
    "time": "2023-05-19T12:00:02.925365+02:00",
    "accelleration": {
        "x": 0.10809199512004852,
        "y": -0.9418399930000305,
        "z": -0.3169559836387634
    },
    "position": {
        "pitch": 353.7902822896641,
        "roll": 251.41529182053807,
        "yaw": 170.4914391181931
    }
}