{
    "time": "2023-05-16T16:50:02.501207+02:00",
    "accelleration": {
        "x": 0.11101999878883362,
        "y": -0.9433040022850037,
        "z": -0.30573198199272156
    },
    "position": {
        "pitch": 353.6113151117105,
        "roll": 252.04824545092316,
        "yaw": 146.39051557515617
    }
}