{
    "time": "2023-05-22T18:10:03.035070+02:00",
    "accelleration": {
        "x": 0.11077599972486496,
        "y": -0.9408639669418335,
        "z": -0.3169559836387634
    },
    "position": {
        "pitch": 353.63105478529866,
        "roll": 251.39053238479678,
        "yaw": 161.29147483450942
    }
}