{
    "time": "2023-06-27T05:30:03.180915+02:00",
    "accelleration": {
        "x": 0.1088239997625351,
        "y": -0.9384239912033081,
        "z": -0.30280399322509766
    },
    "position": {
        "pitch": 353.7054782340424,
        "roll": 252.12703168299927,
        "yaw": 158.93553768409694
    }
}