{
    "time": "2023-06-13T15:10:03.022843+02:00",
    "accelleration": {
        "x": 0.11394799500703812,
        "y": -0.9398880004882812,
        "z": -0.31573599576950073
    },
    "position": {
        "pitch": 353.44485315635353,
        "roll": 251.43864423731037,
        "yaw": 158.00982848550677
    }
}