{
    "time": "2023-06-29T11:00:03.133554+02:00",
    "accelleration": {
        "x": 0.10931199789047241,
        "y": -0.9391559958457947,
        "z": -0.3047559857368469
    },
    "position": {
        "pitch": 353.7478403479353,
        "roll": 252.03220133656282,
        "yaw": 158.28632820348722
    }
}