{
    "time": "2023-04-28T14:10:02.605460+02:00",
    "accelleration": {
        "x": 0.1088239997625351,
        "y": -0.9435479640960693,
        "z": -0.3047559857368469
    },
    "position": {
        "pitch": 353.74248590651285,
        "roll": 252.1093210024814,
        "yaw": 192.64293469192572
    }
}