{
    "time": "2023-05-16T10:20:02.709055+02:00",
    "accelleration": {
        "x": 0.11443600058555603,
        "y": -0.9418399930000305,
        "z": -0.30987998843193054
    },
    "position": {
        "pitch": 353.4218191971513,
        "roll": 251.86182909790602,
        "yaw": 164.176915570138
    }
}