{
    "time": "2023-06-03T07:00:03.393395+02:00",
    "accelleration": {
        "x": 0.11419199407100677,
        "y": -0.9418399930000305,
        "z": -0.31866398453712463
    },
    "position": {
        "pitch": 353.4506387534674,
        "roll": 251.31579645489853,
        "yaw": 159.77347895185244
    }
}