{
    "time": "2022-07-09T04:50:03.435733+02:00",
    "accelleration": {
        "x": 0.10764598846435547,
        "y": -0.9205180406570435,
        "z": -0.3364759087562561
    },
    "position": {
        "pitch": 353.7449601425397,
        "roll": 249.90138039100475,
        "yaw": 134.31024685809976
    }
}