{
    "time": "2023-05-16T14:40:02.973363+02:00",
    "accelleration": {
        "x": 0.11004399508237839,
        "y": -0.9420839548110962,
        "z": -0.3711239993572235
    },
    "position": {
        "pitch": 353.7930566271276,
        "roll": 248.57557920140277,
        "yaw": 148.38400190707276
    }
}