{
    "time": "2023-05-28T17:20:02.600031+02:00",
    "accelleration": {
        "x": 0.1117519959807396,
        "y": -0.9403759837150574,
        "z": -0.3108559846878052
    },
    "position": {
        "pitch": 353.5638683488674,
        "roll": 251.77704595973864,
        "yaw": 99.14727187871522
    }
}