{
    "time": "2022-07-01T04:30:02.699824+02:00",
    "accelleration": {
        "x": 0.11516180634498596,
        "y": -0.9210004806518555,
        "z": -0.35551717877388
    },
    "position": {
        "pitch": 353.36801822394597,
        "roll": 248.88653722374593,
        "yaw": 182.91087135114137
    }
}