{
    "time": "2023-06-19T19:30:03.380847+02:00",
    "accelleration": {
        "x": 0.10906799882650375,
        "y": -0.937936007976532,
        "z": -0.30402398109436035
    },
    "position": {
        "pitch": 353.68717033885906,
        "roll": 252.04141526175317,
        "yaw": 156.92908765313564
    }
}