{
    "time": "2023-06-04T05:30:03.319882+02:00",
    "accelleration": {
        "x": 0.11492399871349335,
        "y": -0.9415959715843201,
        "z": -0.3184199929237366
    },
    "position": {
        "pitch": 353.40558426438105,
        "roll": 251.32072785147926,
        "yaw": 159.32249522133483
    }
}