{
    "time": "2022-07-01T21:40:02.657012+02:00",
    "accelleration": {
        "x": 0.11419202387332916,
        "y": -0.9176233410835266,
        "z": -0.3490093946456909
    },
    "position": {
        "pitch": 353.3799462955578,
        "roll": 249.1697988290047,
        "yaw": 127.38541858694731
    }
}