{
    "time": "2023-05-20T04:40:02.963718+02:00",
    "accelleration": {
        "x": 0.11370399594306946,
        "y": -0.9423279762268066,
        "z": -0.31622397899627686
    },
    "position": {
        "pitch": 353.47826900309417,
        "roll": 251.46495412599324,
        "yaw": 97.29470600975432
    }
}