{
    "time": "2023-05-13T06:20:02.833108+02:00",
    "accelleration": {
        "x": 0.1117519959807396,
        "y": -0.9403759837150574,
        "z": -0.3164680004119873
    },
    "position": {
        "pitch": 353.5727685122427,
        "roll": 251.41374819778565,
        "yaw": 155.18947945266842
    }
}