{
    "time": "2023-05-25T00:10:05.122752+02:00",
    "accelleration": {
        "x": 0.11443600058555603,
        "y": -0.9401319622993469,
        "z": -0.3125639855861664
    },
    "position": {
        "pitch": 353.4153194183824,
        "roll": 251.61412545746634,
        "yaw": 184.25548971190676
    }
}