{
    "time": "2022-07-09T11:00:02.841538+02:00",
    "accelleration": {
        "x": 0.10885821282863617,
        "y": -0.9210004806518555,
        "z": -0.3314143121242523
    },
    "position": {
        "pitch": 353.66748573367107,
        "roll": 250.1925991666466,
        "yaw": 195.03612369407148
    }
}