{
    "time": "2023-07-05T07:20:03.412453+02:00",
    "accelleration": {
        "x": 0.11101999878883362,
        "y": -0.9398880004882812,
        "z": -0.3089039921760559
    },
    "position": {
        "pitch": 353.59960347171807,
        "roll": 251.81346452839315,
        "yaw": 157.97954342672693
    }
}