{
    "time": "2023-04-27T17:00:03.269178+02:00",
    "accelleration": {
        "x": 0.10955599695444107,
        "y": -0.9435479640960693,
        "z": -0.3093920052051544
    },
    "position": {
        "pitch": 353.7006168469007,
        "roll": 251.8556136257613,
        "yaw": 169.43963096714617
    }
}