{
    "time": "2023-05-30T11:30:03.374525+02:00",
    "accelleration": {
        "x": 0.11028799414634705,
        "y": -0.9423279762268066,
        "z": -0.30987998843193054
    },
    "position": {
        "pitch": 353.65868845002007,
        "roll": 251.79306275334233,
        "yaw": 97.53574338556406
    }
}