{
    "time": "2023-06-08T07:00:02.848507+02:00",
    "accelleration": {
        "x": 0.11467999964952469,
        "y": -0.9415959715843201,
        "z": -0.31744399666786194
    },
    "position": {
        "pitch": 353.41795202942063,
        "roll": 251.37957676136807,
        "yaw": 158.386595380503
    }
}