{
    "time": "2022-07-15T16:30:02.430291+02:00",
    "accelleration": {
        "x": 0.10934310406446457,
        "y": -0.9214829206466675,
        "z": -0.3282809257507324
    },
    "position": {
        "pitch": 353.63369550718653,
        "roll": 250.38904906755448,
        "yaw": 189.5314010343914
    }
}