{
    "time": "2023-05-05T01:00:03.376541+02:00",
    "accelleration": {
        "x": 0.11101999878883362,
        "y": -0.9398880004882812,
        "z": -0.3108559846878052
    },
    "position": {
        "pitch": 353.6072763354769,
        "roll": 251.71127123803143,
        "yaw": 196.0628104093511
    }
}