{
    "time": "2023-06-02T16:30:03.155862+02:00",
    "accelleration": {
        "x": 0.1117519959807396,
        "y": -0.9403759837150574,
        "z": -0.2508319914340973
    },
    "position": {
        "pitch": 353.44571461396265,
        "roll": 254.99787630437152,
        "yaw": 154.32009199397416
    }
}