{
    "time": "2023-06-09T09:50:02.870481+02:00",
    "accelleration": {
        "x": 0.11101999878883362,
        "y": -0.9403759837150574,
        "z": -0.313539981842041
    },
    "position": {
        "pitch": 353.61015099134386,
        "roll": 251.56643024649213,
        "yaw": 158.93329738204918
    }
}