{
    "time": "2023-06-07T22:50:02.522269+02:00",
    "accelleration": {
        "x": 0.11101999878883362,
        "y": -0.9406200051307678,
        "z": -0.3125639855861664
    },
    "position": {
        "pitch": 353.60780823645854,
        "roll": 251.62376285438523,
        "yaw": 158.42660662866095
    }
}