{
    "time": "2022-07-04T19:10:03.409156+02:00",
    "accelleration": {
        "x": 0.11273735016584396,
        "y": -0.9219653606414795,
        "z": -0.34515294432640076
    },
    "position": {
        "pitch": 353.4883179189106,
        "roll": 249.45593594390402,
        "yaw": 182.23095334002326
    }
}