{
    "time": "2023-05-09T15:50:03.386018+02:00",
    "accelleration": {
        "x": 0.10979999601840973,
        "y": -0.9396439790725708,
        "z": -0.30987998843193054
    },
    "position": {
        "pitch": 353.6682011959866,
        "roll": 251.757013014903,
        "yaw": 142.18481293334247
    }
}