{
    "time": "2023-06-15T13:50:02.715958+02:00",
    "accelleration": {
        "x": 0.11321599781513214,
        "y": -0.9396439790725708,
        "z": -0.3125639855861664
    },
    "position": {
        "pitch": 353.47665409024233,
        "roll": 251.60357281519867,
        "yaw": 157.23681499600139
    }
}