{
    "time": "2023-05-05T11:10:03.322816+02:00",
    "accelleration": {
        "x": 0.11077599972486496,
        "y": -0.9413520097732544,
        "z": -0.3711239993572235
    },
    "position": {
        "pitch": 353.7478254068965,
        "roll": 248.56566176672789,
        "yaw": 140.34945914109002
    }
}