{
    "time": "2023-05-01T00:50:03.428176+02:00",
    "accelleration": {
        "x": 0.11199599504470825,
        "y": -0.9445239901542664,
        "z": -0.31500399112701416
    },
    "position": {
        "pitch": 353.58861625866444,
        "roll": 251.57029613356235,
        "yaw": 175.05732495569828
    }
}