{
    "time": "2023-05-07T23:40:03.004740+02:00",
    "accelleration": {
        "x": 0.11004399508237839,
        "y": -0.9415959715843201,
        "z": -0.3130519986152649
    },
    "position": {
        "pitch": 353.67226686609007,
        "roll": 251.61857874080516,
        "yaw": 155.78888319385038
    }
}