{
    "time": "2023-06-16T06:30:02.468826+02:00",
    "accelleration": {
        "x": 0.11297199875116348,
        "y": -0.9396439790725708,
        "z": -0.3147599995136261
    },
    "position": {
        "pitch": 353.49773674977604,
        "roll": 251.48784892009115,
        "yaw": 158.1127047947855
    }
}