{
    "time": "2023-05-04T17:10:03.432159+02:00",
    "accelleration": {
        "x": 0.11077599972486496,
        "y": -0.9415959715843201,
        "z": -0.30743998289108276
    },
    "position": {
        "pitch": 353.6684829412899,
        "roll": 251.8529020406608,
        "yaw": 152.32099124655983
    }
}