{
    "time": "2023-06-26T14:20:03.434957+02:00",
    "accelleration": {
        "x": 0.10662800073623657,
        "y": -0.937936007976532,
        "z": -0.2996319830417633
    },
    "position": {
        "pitch": 353.816292930684,
        "roll": 252.28846320403252,
        "yaw": 157.9629187462871
    }
}