{
    "time": "2023-05-19T12:40:02.609771+02:00",
    "accelleration": {
        "x": 0.11565599590539932,
        "y": -0.941107988357544,
        "z": -0.31793197989463806
    },
    "position": {
        "pitch": 353.36889291504656,
        "roll": 251.345746834409,
        "yaw": 117.1052598860261
    }
}