{
    "time": "2023-07-05T18:20:02.803112+02:00",
    "accelleration": {
        "x": 0.10809199512004852,
        "y": -0.9384239912033081,
        "z": -0.30280399322509766
    },
    "position": {
        "pitch": 353.74406111889016,
        "roll": 252.11612387089474,
        "yaw": 157.61768000449965
    }
}