{
    "time": "2022-07-02T21:10:02.546445+02:00",
    "accelleration": {
        "x": 0.11201001703739166,
        "y": -0.9195531010627747,
        "z": -0.34370675683021545
    },
    "position": {
        "pitch": 353.49925433243226,
        "roll": 249.48572922906362,
        "yaw": 151.6719866716252
    }
}