{
    "time": "2023-06-27T05:20:02.515762+02:00",
    "accelleration": {
        "x": 0.10833600163459778,
        "y": -0.9376919865608215,
        "z": -0.30109599232673645
    },
    "position": {
        "pitch": 353.72549751849976,
        "roll": 252.2046226319706,
        "yaw": 158.72926597116253
    }
}