{
    "time": "2022-07-09T02:30:02.825088+02:00",
    "accelleration": {
        "x": 0.10837332904338837,
        "y": -0.9205180406570435,
        "z": -0.34394779801368713
    },
    "position": {
        "pitch": 353.7181486618396,
        "roll": 249.5036174944999,
        "yaw": 186.08119927705116
    }
}