{
    "time": "2023-06-04T14:00:02.582865+02:00",
    "accelleration": {
        "x": 0.11297199875116348,
        "y": -0.9401319622993469,
        "z": -0.3118319809436798
    },
    "position": {
        "pitch": 353.49245445222664,
        "roll": 251.65274334703358,
        "yaw": 159.30347997468553
    }
}