{
    "time": "2023-06-30T22:30:02.927514+02:00",
    "accelleration": {
        "x": 0.10979999601840973,
        "y": -0.9391559958457947,
        "z": -0.3089039921760559
    },
    "position": {
        "pitch": 353.6644023301476,
        "roll": 251.8049336221198,
        "yaw": 159.20796660933206
    }
}