{
    "time": "2022-07-09T12:30:03.409394+02:00",
    "accelleration": {
        "x": 0.10546397417783737,
        "y": -0.9217241406440735,
        "z": -0.3331015110015869
    },
    "position": {
        "pitch": 353.86694433290836,
        "roll": 250.12338885978687,
        "yaw": 184.78967880689345
    }
}