{
    "time": "2022-07-15T10:50:03.188038+02:00",
    "accelleration": {
        "x": 0.11007044464349747,
        "y": -0.9207592606544495,
        "z": -0.3265937268733978
    },
    "position": {
        "pitch": 353.5884826430888,
        "roll": 250.4491342416831,
        "yaw": 182.26197605923346
    }
}