{
    "time": "2023-06-08T00:30:02.594612+02:00",
    "accelleration": {
        "x": 0.11370399594306946,
        "y": -0.9401319622993469,
        "z": -0.31451600790023804
    },
    "position": {
        "pitch": 353.45921875172536,
        "roll": 251.50840778949288,
        "yaw": 158.62895781301174
    }
}