{
    "time": "2023-05-06T09:40:02.953454+02:00",
    "accelleration": {
        "x": 0.11370399594306946,
        "y": -0.9406200051307678,
        "z": -0.30987998843193054
    },
    "position": {
        "pitch": 353.4584384026127,
        "roll": 251.7790130542196,
        "yaw": 121.91681396759826
    }
}