{
    "time": "2022-07-19T13:10:03.034987+02:00",
    "accelleration": {
        "x": 0.11225245893001556,
        "y": -0.9219653606414795,
        "z": -0.3203270137310028
    },
    "position": {
        "pitch": 353.4585912280954,
        "roll": 250.81907094750932,
        "yaw": 123.17500311460631
    }
}