{
    "time": "2022-07-13T13:00:02.374831+02:00",
    "accelleration": {
        "x": 0.10691864788532257,
        "y": -0.9226890206336975,
        "z": -0.3268347680568695
    },
    "position": {
        "pitch": 353.7796071308782,
        "roll": 250.4775888097654,
        "yaw": 162.21460222159334
    }
}