{
    "time": "2023-06-03T08:10:02.665743+02:00",
    "accelleration": {
        "x": 0.115167997777462,
        "y": -0.9406200051307678,
        "z": -0.31793197989463806
    },
    "position": {
        "pitch": 353.3861020035472,
        "roll": 251.33368472033476,
        "yaw": 159.40871952941708
    }
}