{
    "time": "2023-05-09T03:50:03.008594+02:00",
    "accelleration": {
        "x": 0.10809199512004852,
        "y": -0.9423279762268066,
        "z": -0.30987998843193054
    },
    "position": {
        "pitch": 353.7818803032114,
        "roll": 251.80189418793915,
        "yaw": 175.40022777278958
    }
}