{
    "time": "2023-05-13T07:10:02.490191+02:00",
    "accelleration": {
        "x": 0.11248400062322617,
        "y": -0.941107988357544,
        "z": -0.3189080059528351
    },
    "position": {
        "pitch": 353.5466532839512,
        "roll": 251.29681535919505,
        "yaw": 116.75202982290972
    }
}