{
    "time": "2022-06-29T22:20:02.609089+02:00",
    "accelleration": {
        "x": 0.11176756769418716,
        "y": -0.9200355410575867,
        "z": -0.35190173983573914
    },
    "position": {
        "pitch": 353.5332477570446,
        "roll": 249.05578248118968,
        "yaw": 150.37399118213432
    }
}