{
    "time": "2023-05-23T07:00:02.764604+02:00",
    "accelleration": {
        "x": 0.11126399785280228,
        "y": -0.9401319622993469,
        "z": -0.32378798723220825
    },
    "position": {
        "pitch": 353.6095063922409,
        "roll": 251.0151861691479,
        "yaw": 135.22718609379564
    }
}