{
    "time": "2023-07-02T19:20:02.779361+02:00",
    "accelleration": {
        "x": 0.10979999601840973,
        "y": -0.9384239912033081,
        "z": -0.30646398663520813
    },
    "position": {
        "pitch": 353.6497575507935,
        "roll": 251.91815766799112,
        "yaw": 157.84750220969224
    }
}