{
    "time": "2023-05-17T02:50:03.644052+02:00",
    "accelleration": {
        "x": 0.11589999496936798,
        "y": -0.9437919855117798,
        "z": -0.31036800146102905
    },
    "position": {
        "pitch": 353.3544573102357,
        "roll": 251.80517950892994,
        "yaw": 195.21108581985052
    }
}