{
    "time": "2023-06-15T13:10:02.874612+02:00",
    "accelleration": {
        "x": 0.11199599504470825,
        "y": -0.9393999576568604,
        "z": -0.3125639855861664
    },
    "position": {
        "pitch": 353.545608691895,
        "roll": 251.59888047523884,
        "yaw": 158.28882805272343
    }
}