{
    "time": "2023-06-18T09:00:02.715796+02:00",
    "accelleration": {
        "x": 0.1105320006608963,
        "y": -0.9398880004882812,
        "z": -0.3084160089492798
    },
    "position": {
        "pitch": 353.62551507499495,
        "roll": 251.8362090583293,
        "yaw": 158.1549563449912
    }
}