{
    "time": "2023-05-13T01:20:02.786621+02:00",
    "accelleration": {
        "x": 0.11370399594306946,
        "y": -0.9403759837150574,
        "z": -0.31744399666786194
    },
    "position": {
        "pitch": 353.47118012050936,
        "roll": 251.36106694871734,
        "yaw": 181.0683458602604
    }
}