{
    "time": "2023-06-28T11:00:02.924100+02:00",
    "accelleration": {
        "x": 0.10638399422168732,
        "y": -0.937936007976532,
        "z": -0.3030479848384857
    },
    "position": {
        "pitch": 353.8403655055269,
        "roll": 252.1005100584521,
        "yaw": 158.81615963778344
    }
}