{
    "time": "2023-06-26T01:50:03.012596+02:00",
    "accelleration": {
        "x": 0.10931199789047241,
        "y": -0.9386679530143738,
        "z": -0.30060797929763794
    },
    "position": {
        "pitch": 353.6742770761402,
        "roll": 252.24766648412003,
        "yaw": 158.22712412376154
    }
}