{
    "time": "2023-05-27T22:40:02.765650+02:00",
    "accelleration": {
        "x": 0.11126399785280228,
        "y": -0.9384239912033081,
        "z": -0.3152479827404022
    },
    "position": {
        "pitch": 353.58592857922605,
        "roll": 251.4372918598547,
        "yaw": 153.97692962969438
    }
}