{
    "time": "2023-07-03T02:30:02.909475+02:00",
    "accelleration": {
        "x": 0.11077599972486496,
        "y": -0.9396439790725708,
        "z": -0.30573198199272156
    },
    "position": {
        "pitch": 353.5570842634743,
        "roll": 251.97957472900788,
        "yaw": 157.97942048332186
    }
}