{
    "time": "2023-06-18T11:50:03.280693+02:00",
    "accelleration": {
        "x": 0.10931199789047241,
        "y": -0.9393999576568604,
        "z": -0.30621999502182007
    },
    "position": {
        "pitch": 353.68696586007076,
        "roll": 251.94684446250517,
        "yaw": 157.62740619387776
    }
}