{
    "time": "2023-05-10T19:20:02.711041+02:00",
    "accelleration": {
        "x": 0.1088239997625351,
        "y": -0.9420839548110962,
        "z": -0.3147599995136261
    },
    "position": {
        "pitch": 353.7451966378397,
        "roll": 251.53889092375863,
        "yaw": 150.3213167632552
    }
}