{
    "time": "2023-05-19T10:00:03.314788+02:00",
    "accelleration": {
        "x": 0.11077599972486496,
        "y": -0.9423279762268066,
        "z": -0.3169559836387634
    },
    "position": {
        "pitch": 353.6460705293021,
        "roll": 251.41871374531226,
        "yaw": 137.45777561256006
    }
}