{
    "time": "2023-05-20T12:30:03.295144+02:00",
    "accelleration": {
        "x": 0.11272799968719482,
        "y": -0.9428159594535828,
        "z": -0.31793197989463806
    },
    "position": {
        "pitch": 353.5455570385894,
        "roll": 251.37794434615645,
        "yaw": 97.29315555681272
    }
}