{
    "time": "2023-06-26T21:50:03.170707+02:00",
    "accelleration": {
        "x": 0.10858000069856644,
        "y": -0.9381799697875977,
        "z": -0.29865598678588867
    },
    "position": {
        "pitch": 353.7071721209566,
        "roll": 252.3446346797667,
        "yaw": 158.35553168015778
    }
}