{
    "time": "2023-07-06T12:50:02.887806+02:00",
    "accelleration": {
        "x": 0.10858000069856644,
        "y": -0.9381799697875977,
        "z": -0.305976003408432
    },
    "position": {
        "pitch": 353.71921545201064,
        "roll": 251.93949517895823,
        "yaw": 158.3716782473557
    }
}