{
    "time": "2023-06-11T12:00:03.283919+02:00",
    "accelleration": {
        "x": 0.11101999878883362,
        "y": -0.9389119744300842,
        "z": -0.3089039921760559
    },
    "position": {
        "pitch": 353.5909338272272,
        "roll": 251.79236607404698,
        "yaw": 157.97459836976785
    }
}