{
    "time": "2023-06-01T22:50:02.437077+02:00",
    "accelleration": {
        "x": 0.11370399594306946,
        "y": -0.9420839548110962,
        "z": -0.31329599022865295
    },
    "position": {
        "pitch": 353.4669513796395,
        "roll": 251.61185100447273,
        "yaw": 156.5184293594778
    }
}