{
    "time": "2023-05-06T06:40:03.500723+02:00",
    "accelleration": {
        "x": 0.11394799500703812,
        "y": -0.9408639669418335,
        "z": -0.3106119930744171
    },
    "position": {
        "pitch": 353.42967263403636,
        "roll": 251.74334580637378,
        "yaw": 142.1814114991358
    }
}