{
    "time": "2023-06-15T17:20:02.840476+02:00",
    "accelleration": {
        "x": 0.11101999878883362,
        "y": -0.9389119744300842,
        "z": -0.3125639855861664
    },
    "position": {
        "pitch": 353.59488850675666,
        "roll": 251.5896255689135,
        "yaw": 157.61401902310453
    }
}