{
    "time": "2023-05-08T12:50:02.628610+02:00",
    "accelleration": {
        "x": 0.11126399785280228,
        "y": -0.9398880004882812,
        "z": -0.3096359968185425
    },
    "position": {
        "pitch": 353.5891622469112,
        "roll": 251.7739587142338,
        "yaw": 113.17971794358799
    }
}