{
    "time": "2022-07-02T04:40:03.151139+02:00",
    "accelleration": {
        "x": 0.11273735016584396,
        "y": -0.9210004806518555,
        "z": -0.3415375351905823
    },
    "position": {
        "pitch": 353.4660711390102,
        "roll": 249.63267391886728,
        "yaw": 130.74277075271038
    }
}