{
    "time": "2023-06-12T17:10:02.819039+02:00",
    "accelleration": {
        "x": 0.10955599695444107,
        "y": -0.9386679530143738,
        "z": -0.30817198753356934
    },
    "position": {
        "pitch": 353.6706323164443,
        "roll": 251.82713856711152,
        "yaw": 158.65616928666506
    }
}