{
    "time": "2023-07-04T14:00:02.678152+02:00",
    "accelleration": {
        "x": 0.10833600163459778,
        "y": -0.936959981918335,
        "z": -0.305976003408432
    },
    "position": {
        "pitch": 353.7255449029371,
        "roll": 251.91595834707834,
        "yaw": 157.50306943022684
    }
}