{
    "time": "2023-06-30T21:50:02.731579+02:00",
    "accelleration": {
        "x": 0.11101999878883362,
        "y": -0.9393999576568604,
        "z": -0.3079279959201813
    },
    "position": {
        "pitch": 353.6431275715435,
        "roll": 251.86173347525764,
        "yaw": 158.4885427840546
    }
}