{
    "time": "2023-06-10T11:00:02.739652+02:00",
    "accelleration": {
        "x": 0.11077599972486496,
        "y": -0.9393999576568604,
        "z": -0.25034400820732117
    },
    "position": {
        "pitch": 353.4997939173767,
        "roll": 255.01286856959968,
        "yaw": 155.16892058326667
    }
}