{
    "time": "2023-07-06T06:10:02.624189+02:00",
    "accelleration": {
        "x": 0.10979999601840973,
        "y": -0.9386679530143738,
        "z": -0.30573198199272156
    },
    "position": {
        "pitch": 353.6553476337423,
        "roll": 251.96424095432118,
        "yaw": 158.2472185402997
    }
}