{
    "time": "2022-07-10T01:20:03.262284+02:00",
    "accelleration": {
        "x": 0.11322224140167236,
        "y": -0.9241364002227783,
        "z": -0.32924503087997437
    },
    "position": {
        "pitch": 353.4414909957346,
        "roll": 250.36672117915774,
        "yaw": 189.5186422410218
    }
}