{
    "time": "2022-07-01T13:00:03.372251+02:00",
    "accelleration": {
        "x": 0.11128267645835876,
        "y": -0.9197943806648254,
        "z": -0.34394779801368713
    },
    "position": {
        "pitch": 353.54825154821697,
        "roll": 249.47547711511945,
        "yaw": 181.53935570542447
    }
}