{
    "time": "2023-06-27T08:50:03.148106+02:00",
    "accelleration": {
        "x": 0.10931199789047241,
        "y": -0.9381799697875977,
        "z": -0.30109599232673645
    },
    "position": {
        "pitch": 353.67297720576374,
        "roll": 252.20962233044307,
        "yaw": 158.33900262236637
    }
}