{
    "time": "2022-07-01T05:20:03.033678+02:00",
    "accelleration": {
        "x": 0.11201001703739166,
        "y": -0.9205180406570435,
        "z": -0.34973248839378357
    },
    "position": {
        "pitch": 353.5267932282789,
        "roll": 249.18617762263437,
        "yaw": 183.5996139666671
    }
}