{
    "time": "2023-06-04T09:30:02.650140+02:00",
    "accelleration": {
        "x": 0.11492399871349335,
        "y": -0.9420839548110962,
        "z": -0.31744399666786194
    },
    "position": {
        "pitch": 353.40581307571824,
        "roll": 251.38748612042696,
        "yaw": 158.98027542316052
    }
}