{
    "time": "2023-05-19T13:50:02.792075+02:00",
    "accelleration": {
        "x": 0.1088239997625351,
        "y": -0.9408639669418335,
        "z": -0.3164680004119873
    },
    "position": {
        "pitch": 353.7399651398223,
        "roll": 251.42252499086914,
        "yaw": 164.40098675604943
    }
}