{
    "time": "2023-05-22T16:20:03.198830+02:00",
    "accelleration": {
        "x": 0.11028799414634705,
        "y": -0.9381799697875977,
        "z": -0.3142719864845276
    },
    "position": {
        "pitch": 353.6406627270268,
        "roll": 251.48506220290977,
        "yaw": 167.08720453396705
    }
}