{
    "time": "2023-05-13T14:40:03.236553+02:00",
    "accelleration": {
        "x": 0.10833600163459778,
        "y": -0.9396439790725708,
        "z": -0.31573599576950073
    },
    "position": {
        "pitch": 353.76386738682277,
        "roll": 251.44792646439242,
        "yaw": 98.61189433081293
    }
}