{
    "time": "2023-07-01T21:20:03.137076+02:00",
    "accelleration": {
        "x": 0.10955599695444107,
        "y": -0.9381799697875977,
        "z": -0.30402398109436035
    },
    "position": {
        "pitch": 353.65945385809397,
        "roll": 252.04951586610878,
        "yaw": 157.3253479080231
    }
}