{
    "time": "2023-06-16T15:20:03.387959+02:00",
    "accelleration": {
        "x": 0.11297199875116348,
        "y": -0.9398880004882812,
        "z": -0.31036800146102905
    },
    "position": {
        "pitch": 353.4902837327311,
        "roll": 251.72534142772165,
        "yaw": 157.7247910310638
    }
}