{
    "time": "2023-05-04T19:20:04.267904+02:00",
    "accelleration": {
        "x": 0.11297199875116348,
        "y": -0.9401319622993469,
        "z": -0.37209999561309814
    },
    "position": {
        "pitch": 353.6255786811316,
        "roll": 248.48162311918006,
        "yaw": 119.81618928836085
    }
}