{
    "time": "2022-07-12T03:40:02.977711+02:00",
    "accelleration": {
        "x": 0.11297979205846786,
        "y": -0.9195531010627747,
        "z": -0.32779887318611145
    },
    "position": {
        "pitch": 353.4204826145081,
        "roll": 250.37487642502674,
        "yaw": 190.65209847340708
    }
}