{
    "time": "2022-07-11T23:10:02.774915+02:00",
    "accelleration": {
        "x": 0.10788843780755997,
        "y": -0.9224478602409363,
        "z": -0.32105007767677307
    },
    "position": {
        "pitch": 353.71065850564105,
        "roll": 250.78250894488224,
        "yaw": 154.07338556115332
    }
}