{
    "time": "2023-04-28T04:10:02.692952+02:00",
    "accelleration": {
        "x": 0.10662800073623657,
        "y": -0.9445239901542664,
        "z": -0.30621999502182007
    },
    "position": {
        "pitch": 353.8686356585016,
        "roll": 252.04951586610878,
        "yaw": 195.15069328720926
    }
}