{
    "time": "2023-06-17T18:10:03.447375+02:00",
    "accelleration": {
        "x": 0.11101999878883362,
        "y": -0.9389119744300842,
        "z": -0.30646398663520813
    },
    "position": {
        "pitch": 353.58448356732976,
        "roll": 251.9224675173574,
        "yaw": 157.84941466265985
    }
}