{
    "time": "2023-06-26T17:00:02.571381+02:00",
    "accelleration": {
        "x": 0.10809199512004852,
        "y": -0.937936007976532,
        "z": -0.3008520007133484
    },
    "position": {
        "pitch": 353.73476779275074,
        "roll": 252.21742923666437,
        "yaw": 158.12840056949818
    }
}