{
    "time": "2023-04-28T14:40:03.174697+02:00",
    "accelleration": {
        "x": 0.10735999792814255,
        "y": -0.9401319622993469,
        "z": -0.301827996969223
    },
    "position": {
        "pitch": 353.7915693534359,
        "roll": 252.21076297203444,
        "yaw": 147.53328818556935
    }
}