{
    "time": "2023-06-04T15:50:02.676905+02:00",
    "accelleration": {
        "x": 0.11443600058555603,
        "y": -0.9393999576568604,
        "z": -0.31573599576950073
    },
    "position": {
        "pitch": 353.41473159522695,
        "roll": 251.4281530667452,
        "yaw": 159.13817573639287
    }
}