{
    "time": "2023-05-25T18:10:02.818798+02:00",
    "accelleration": {
        "x": 0.11419199407100677,
        "y": -0.9408639669418335,
        "z": -0.31207600235939026
    },
    "position": {
        "pitch": 353.4362368727156,
        "roll": 251.65603549821353,
        "yaw": 127.68714902372179
    }
}