{
    "time": "2023-06-26T09:00:02.735633+02:00",
    "accelleration": {
        "x": 0.10858000069856644,
        "y": -0.9374479651451111,
        "z": -0.3013399839401245
    },
    "position": {
        "pitch": 353.71030205514376,
        "roll": 252.18767010245062,
        "yaw": 157.72532378581906
    }
}