{
    "time": "2023-05-08T05:20:02.713248+02:00",
    "accelleration": {
        "x": 0.11297199875116348,
        "y": -0.9406200051307678,
        "z": -0.2525399923324585
    },
    "position": {
        "pitch": 353.3978456600514,
        "roll": 254.92210901590857,
        "yaw": 115.3652828553437
    }
}