{
    "time": "2023-05-29T14:20:02.895698+02:00",
    "accelleration": {
        "x": 0.11321599781513214,
        "y": -0.9384239912033081,
        "z": -0.313539981842041
    },
    "position": {
        "pitch": 353.47616871992443,
        "roll": 251.52713616819705,
        "yaw": 199.67495595191235
    }
}