{
    "time": "2023-06-19T15:30:02.834763+02:00",
    "accelleration": {
        "x": 0.1105320006608963,
        "y": -0.9384239912033081,
        "z": -0.305976003408432
    },
    "position": {
        "pitch": 353.61010446068013,
        "roll": 251.94218627349122,
        "yaw": 157.71020174699663
    }
}