{
    "time": "2023-04-29T03:00:03.320132+02:00",
    "accelleration": {
        "x": 0.11224000155925751,
        "y": -0.9396439790725708,
        "z": -0.3071959912776947
    },
    "position": {
        "pitch": 353.5281199925252,
        "roll": 251.91416200732664,
        "yaw": 117.90683722664045
    }
}