{
    "time": "2023-06-22T20:40:03.423019+02:00",
    "accelleration": {
        "x": 0.10906799882650375,
        "y": -0.9396439790725708,
        "z": -0.30060797929763794
    },
    "position": {
        "pitch": 353.6876932752174,
        "roll": 252.2585401452787,
        "yaw": 157.57518256748384
    }
}