{
    "time": "2023-06-18T04:00:02.671664+02:00",
    "accelleration": {
        "x": 0.11077599972486496,
        "y": -0.9396439790725708,
        "z": -0.30866000056266785
    },
    "position": {
        "pitch": 353.610618859302,
        "roll": 251.821974944099,
        "yaw": 157.7943496775712
    }
}