{
    "time": "2023-06-12T01:00:03.293461+02:00",
    "accelleration": {
        "x": 0.1105320006608963,
        "y": -0.9393999576568604,
        "z": -0.3096359968185425
    },
    "position": {
        "pitch": 353.62374605599996,
        "roll": 251.76130237370177,
        "yaw": 157.75541759930212
    }
}