{
    "time": "2022-06-30T13:10:02.695717+02:00",
    "accelleration": {
        "x": 0.11007044464349747,
        "y": -0.9202768206596375,
        "z": -0.35166069865226746
    },
    "position": {
        "pitch": 353.63250449295003,
        "roll": 249.08263195481697,
        "yaw": 128.2406538936813
    }
}