{
    "time": "2023-05-08T16:40:02.860533+02:00",
    "accelleration": {
        "x": 0.11077599972486496,
        "y": -0.9393999576568604,
        "z": -0.3054879903793335
    },
    "position": {
        "pitch": 353.6015974600689,
        "roll": 251.99197152235143,
        "yaw": 117.66973403979263
    }
}