{
    "time": "2023-05-29T15:10:03.060371+02:00",
    "accelleration": {
        "x": 0.10955599695444107,
        "y": -0.9401319622993469,
        "z": -0.30914798378944397
    },
    "position": {
        "pitch": 353.68521434343546,
        "roll": 251.80324656539483,
        "yaw": 121.16955029126385
    }
}