{
    "time": "2022-07-12T16:20:02.927656+02:00",
    "accelleration": {
        "x": 0.11297979205846786,
        "y": -0.9205180406570435,
        "z": -0.32924503087997437
    },
    "position": {
        "pitch": 353.42112166408236,
        "roll": 250.30262668398632,
        "yaw": 129.28717547831064
    }
}