{
    "time": "2023-05-17T19:50:02.917760+02:00",
    "accelleration": {
        "x": 0.10979999601840973,
        "y": -0.9415959715843201,
        "z": -0.31451600790023804
    },
    "position": {
        "pitch": 353.69115532735293,
        "roll": 251.54533179214596,
        "yaw": 141.32870336239475
    }
}