{
    "time": "2023-04-28T16:30:03.329722+02:00",
    "accelleration": {
        "x": 0.11004399508237839,
        "y": -0.9406200051307678,
        "z": -0.2996319830417633
    },
    "position": {
        "pitch": 353.64646582650033,
        "roll": 252.33732637735477,
        "yaw": 99.5103169236689
    }
}