{
    "time": "2023-05-21T00:40:02.931172+02:00",
    "accelleration": {
        "x": 0.10638399422168732,
        "y": -0.9406200051307678,
        "z": -0.31500399112701416
    },
    "position": {
        "pitch": 353.87690488315235,
        "roll": 251.49849035481802,
        "yaw": 158.57661124321277
    }
}