{
    "time": "2023-06-03T22:10:03.141067+02:00",
    "accelleration": {
        "x": 0.11467999964952469,
        "y": -0.9415959715843201,
        "z": -0.3164680004119873
    },
    "position": {
        "pitch": 353.41179205256293,
        "roll": 251.4289590290673,
        "yaw": 160.32501672733096
    }
}