{
    "time": "2023-06-13T07:30:02.483484+02:00",
    "accelleration": {
        "x": 0.11004399508237839,
        "y": -0.9384239912033081,
        "z": -0.31378400325775146
    },
    "position": {
        "pitch": 353.6553630016679,
        "roll": 251.45371163461942,
        "yaw": 157.76985661920753
    }
}