{
    "time": "2023-06-13T21:10:03.449108+02:00",
    "accelleration": {
        "x": 0.11370399594306946,
        "y": -0.9413520097732544,
        "z": -0.3181760013103485
    },
    "position": {
        "pitch": 353.4720582267045,
        "roll": 251.3311712107202,
        "yaw": 158.21338178315148
    }
}