{
    "time": "2023-05-02T02:20:02.608958+02:00",
    "accelleration": {
        "x": 0.1088239997625351,
        "y": -0.9423279762268066,
        "z": -0.31280800700187683
    },
    "position": {
        "pitch": 353.74873083384836,
        "roll": 251.6488911203417,
        "yaw": 183.7023400117841
    }
}