{
    "time": "2023-06-03T07:50:03.026802+02:00",
    "accelleration": {
        "x": 0.11370399594306946,
        "y": -0.9425719976425171,
        "z": -0.3181760013103485
    },
    "position": {
        "pitch": 353.4815137698368,
        "roll": 251.35681857105362,
        "yaw": 159.85067374985192
    }
}