{
    "time": "2023-05-15T15:10:03.177252+02:00",
    "accelleration": {
        "x": 0.11224000155925751,
        "y": -0.9408639669418335,
        "z": -0.30866000056266785
    },
    "position": {
        "pitch": 353.475481859026,
        "roll": 251.84304607768848,
        "yaw": 192.12792476812842
    }
}