{
    "time": "2023-05-09T07:00:02.436411+02:00",
    "accelleration": {
        "x": 0.11077599972486496,
        "y": -0.9401319622993469,
        "z": -0.3101239800453186
    },
    "position": {
        "pitch": 353.6144070529704,
        "roll": 251.7482908633329,
        "yaw": 186.5519905561618
    }
}