{
    "time": "2023-06-09T22:20:03.333596+02:00",
    "accelleration": {
        "x": 0.11150799691677094,
        "y": -0.9415959715843201,
        "z": -0.3123199939727783
    },
    "position": {
        "pitch": 353.5855661523132,
        "roll": 251.65462164905534,
        "yaw": 157.62317147659235
    }
}