{
    "time": "2023-06-12T12:50:03.000330+02:00",
    "accelleration": {
        "x": 0.1105320006608963,
        "y": -0.9396439790725708,
        "z": -0.30987998843193054
    },
    "position": {
        "pitch": 353.62542799008304,
        "roll": 251.74956810870768,
        "yaw": 158.6242040013494
    }
}