{
    "time": "2023-04-30T19:30:03.253430+02:00",
    "accelleration": {
        "x": 0.11443600058555603,
        "y": -0.9442799687385559,
        "z": -0.31329599022865295
    },
    "position": {
        "pitch": 353.4419682552029,
        "roll": 251.65326927159967,
        "yaw": 156.33200617627148
    }
}