{
    "time": "2023-05-17T17:20:02.916732+02:00",
    "accelleration": {
        "x": 0.1105320006608963,
        "y": -0.9437919855117798,
        "z": -0.31549200415611267
    },
    "position": {
        "pitch": 353.6618303370383,
        "roll": 251.52280582826324,
        "yaw": 188.44023733334683
    }
}