{
    "time": "2023-05-08T00:10:05.975566+02:00",
    "accelleration": {
        "x": 0.11589999496936798,
        "y": -0.9435479640960693,
        "z": -0.3108559846878052
    },
    "position": {
        "pitch": 353.35731318308245,
        "roll": 251.77456660106992,
        "yaw": 127.82398503355383
    }
}