{
    "time": "2022-07-08T02:20:02.771911+02:00",
    "accelleration": {
        "x": 0.11128267645835876,
        "y": -0.9207592606544495,
        "z": -0.3396092653274536
    },
    "position": {
        "pitch": 353.5442072224547,
        "roll": 249.7388150585693,
        "yaw": 145.81799545854736
    }
}