{
    "time": "2023-06-13T06:50:02.573524+02:00",
    "accelleration": {
        "x": 0.11126399785280228,
        "y": -0.9403759837150574,
        "z": -0.31378400325775146
    },
    "position": {
        "pitch": 353.59586693135526,
        "roll": 251.55490088717315,
        "yaw": 158.2884455621299
    }
}