{
    "time": "2022-07-12T05:40:02.511674+02:00",
    "accelleration": {
        "x": 0.10982800275087357,
        "y": -0.9212417006492615,
        "z": -0.3222552239894867
    },
    "position": {
        "pitch": 353.5979906933003,
        "roll": 250.70395493923795,
        "yaw": 112.57604533417475
    }
}