{
    "time": "2023-05-15T10:00:02.575040+02:00",
    "accelleration": {
        "x": 0.11467999964952469,
        "y": -0.9418399930000305,
        "z": -0.3159799873828888
    },
    "position": {
        "pitch": 353.4257657658311,
        "roll": 251.46573276755862,
        "yaw": 179.59381365901567
    }
}