{
    "time": "2023-06-14T05:50:02.567021+02:00",
    "accelleration": {
        "x": 0.1134599968791008,
        "y": -0.9403759837150574,
        "z": -0.3184199929237366
    },
    "position": {
        "pitch": 353.41904101770643,
        "roll": 251.29943815183634,
        "yaw": 157.89101051470521
    }
}