{
    "time": "2023-07-03T22:30:02.493415+02:00",
    "accelleration": {
        "x": 0.1088239997625351,
        "y": -0.9381799697875977,
        "z": -0.305976003408432
    },
    "position": {
        "pitch": 353.7054329840392,
        "roll": 251.94263706597644,
        "yaw": 158.0705898483632
    }
}