{
    "time": "2022-07-18T00:00:03.076385+02:00",
    "accelleration": {
        "x": 0.10813087970018387,
        "y": -0.9183470010757446,
        "z": -0.32442450523376465
    },
    "position": {
        "pitch": 353.67754532165804,
        "roll": 250.5237062470413,
        "yaw": 142.3196681883152
    }
}