{
    "time": "2023-06-17T19:20:02.721073+02:00",
    "accelleration": {
        "x": 0.10979999601840973,
        "y": -0.9398880004882812,
        "z": -0.30743998289108276
    },
    "position": {
        "pitch": 353.66261068615097,
        "roll": 251.88883566588424,
        "yaw": 158.2406615586965
    }
}