{
    "time": "2023-05-14T02:10:02.464219+02:00",
    "accelleration": {
        "x": 0.11443600058555603,
        "y": -0.9398880004882812,
        "z": -0.3140279948711395
    },
    "position": {
        "pitch": 353.42305332695696,
        "roll": 251.47379239077924,
        "yaw": 98.30117536509071
    }
}