{
    "time": "2023-05-29T14:10:03.429531+02:00",
    "accelleration": {
        "x": 0.11101999878883362,
        "y": -0.9389119744300842,
        "z": -0.31158798933029175
    },
    "position": {
        "pitch": 353.60014604487026,
        "roll": 251.6403533838792,
        "yaw": 185.37202073552874
    }
}