{
    "time": "2023-05-11T21:50:02.849429+02:00",
    "accelleration": {
        "x": 0.115167997777462,
        "y": -0.9433040022850037,
        "z": -0.31329599022865295
    },
    "position": {
        "pitch": 353.4013781485128,
        "roll": 251.6407836857969,
        "yaw": 180.88465475272207
    }
}