{
    "time": "2022-07-09T17:00:03.151241+02:00",
    "accelleration": {
        "x": 0.10934310406446457,
        "y": -0.9212417006492615,
        "z": -0.32105007767677307
    },
    "position": {
        "pitch": 353.6186024966681,
        "roll": 250.75246294272335,
        "yaw": 140.74618384884104
    }
}