{
    "time": "2023-05-01T12:20:03.255968+02:00",
    "accelleration": {
        "x": 0.11077599972486496,
        "y": -0.9418399930000305,
        "z": -0.31280800700187683
    },
    "position": {
        "pitch": 353.6367626890107,
        "roll": 251.6393698366387,
        "yaw": 179.09511422695635
    }
}