{
    "time": "2022-07-14T07:00:02.484808+02:00",
    "accelleration": {
        "x": 0.10958555340766907,
        "y": -0.9229303002357483,
        "z": -0.3239424228668213
    },
    "position": {
        "pitch": 353.6279769313039,
        "roll": 250.63756550050542,
        "yaw": 129.9321639020133
    }
}