{
    "time": "2023-05-31T18:10:02.703849+02:00",
    "accelleration": {
        "x": 0.10979999601840973,
        "y": -0.9401319622993469,
        "z": -0.31500399112701416
    },
    "position": {
        "pitch": 353.67980910248104,
        "roll": 251.480410844085,
        "yaw": 179.48086965090033
    }
}