{
    "time": "2022-07-18T03:20:03.095359+02:00",
    "accelleration": {
        "x": 0.10885821282863617,
        "y": -0.9238952398300171,
        "z": -0.3273168206214905
    },
    "position": {
        "pitch": 353.672143922685,
        "roll": 250.48209673461758,
        "yaw": 159.66386807605207
    }
}