{
    "time": "2023-05-01T01:10:02.496758+02:00",
    "accelleration": {
        "x": 0.1134599968791008,
        "y": -0.9425719976425171,
        "z": -0.30866000056266785
    },
    "position": {
        "pitch": 353.4823786425404,
        "roll": 251.8099674715381,
        "yaw": 199.73426931466474
    }
}