{
    "time": "2022-07-14T02:10:02.869628+02:00",
    "accelleration": {
        "x": 0.10934310406446457,
        "y": -0.9229303002357483,
        "z": -0.32129111886024475
    },
    "position": {
        "pitch": 353.6344182265781,
        "roll": 250.78005690697023,
        "yaw": 108.28879706386027
    }
}