{
    "time": "2023-06-30T22:10:02.902942+02:00",
    "accelleration": {
        "x": 0.10833600163459778,
        "y": -0.9384239912033081,
        "z": -0.3084160089492798
    },
    "position": {
        "pitch": 353.74262080274895,
        "roll": 251.8177812079486,
        "yaw": 158.26892488148204
    }
}