{
    "time": "2023-06-04T04:20:02.800979+02:00",
    "accelleration": {
        "x": 0.11394799500703812,
        "y": -0.9401319622993469,
        "z": -0.3193959891796112
    },
    "position": {
        "pitch": 353.4525759658707,
        "roll": 251.2486078840331,
        "yaw": 159.71573653260916
    }
}