{
    "time": "2023-05-13T19:20:02.487400+02:00",
    "accelleration": {
        "x": 0.10931199789047241,
        "y": -0.9398880004882812,
        "z": -0.3125639855861664
    },
    "position": {
        "pitch": 353.70650489685204,
        "roll": 251.5517931511008,
        "yaw": 100.76426452320237
    }
}