{
    "time": "2023-05-18T13:10:03.346025+02:00",
    "accelleration": {
        "x": 0.11321599781513214,
        "y": -0.9415959715843201,
        "z": -0.30914798378944397
    },
    "position": {
        "pitch": 353.4874342631867,
        "roll": 251.83245928447496,
        "yaw": 118.58108618074743
    }
}