{
    "time": "2023-05-19T15:30:02.920690+02:00",
    "accelleration": {
        "x": 0.11492399871349335,
        "y": -0.944767951965332,
        "z": -0.3213479816913605
    },
    "position": {
        "pitch": 353.4407725452113,
        "roll": 251.23269354326698,
        "yaw": 165.04699970812757
    }
}