{
    "time": "2023-05-06T17:00:02.970711+02:00",
    "accelleration": {
        "x": 0.10638399422168732,
        "y": -0.9389119744300842,
        "z": -0.305976003408432
    },
    "position": {
        "pitch": 353.8420252414952,
        "roll": 251.9503141986035,
        "yaw": 181.4578032467345
    }
}