{
    "time": "2023-05-07T11:30:03.008256+02:00",
    "accelleration": {
        "x": 0.10955599695444107,
        "y": -0.9391559958457947,
        "z": -0.3089039921760559
    },
    "position": {
        "pitch": 353.68093480303367,
        "roll": 251.79986562175566,
        "yaw": 134.60222378473946
    }
}