{
    "time": "2023-06-26T01:10:02.612838+02:00",
    "accelleration": {
        "x": 0.10858000069856644,
        "y": -0.9389119744300842,
        "z": -0.30060797929763794
    },
    "position": {
        "pitch": 353.71664644710904,
        "roll": 252.25260471088995,
        "yaw": 158.2630782395525
    }
}