{
    "time": "2023-06-06T02:00:03.181024+02:00",
    "accelleration": {
        "x": 0.11394799500703812,
        "y": -0.9415959715843201,
        "z": -0.31866398453712463
    },
    "position": {
        "pitch": 353.4604972777606,
        "roll": 251.311315850803,
        "yaw": 158.3637552279185
    }
}