{
    "time": "2023-05-15T23:10:03.158031+02:00",
    "accelleration": {
        "x": 0.11126399785280228,
        "y": -0.9398880004882812,
        "z": -0.31378400325775146
    },
    "position": {
        "pitch": 353.597231261642,
        "roll": 251.55216881150514,
        "yaw": 106.81525205232172
    }
}