{
    "time": "2023-06-20T07:50:02.501462+02:00",
    "accelleration": {
        "x": 0.1105320006608963,
        "y": -0.9403759837150574,
        "z": -0.3096359968185425
    },
    "position": {
        "pitch": 353.6324891250244,
        "roll": 251.78144460156415,
        "yaw": 158.51706565402858
    }
}