{
    "time": "2023-04-30T23:20:02.610729+02:00",
    "accelleration": {
        "x": 0.10809199512004852,
        "y": -0.9413520097732544,
        "z": -0.3718560039997101
    },
    "position": {
        "pitch": 353.9006948589183,
        "roll": 248.52376538635906,
        "yaw": 98.18946762121516
    }
}