{
    "time": "2023-06-05T05:10:02.504777+02:00",
    "accelleration": {
        "x": 0.11321599781513214,
        "y": -0.9408639669418335,
        "z": -0.31744399666786194
    },
    "position": {
        "pitch": 353.49637455392343,
        "roll": 251.3664286472158,
        "yaw": 158.7252224991739
    }
}