{
    "time": "2022-07-01T15:40:03.131426+02:00",
    "accelleration": {
        "x": 0.11322224140167236,
        "y": -0.9173820614814758,
        "z": -0.3429836630821228
    },
    "position": {
        "pitch": 353.4225773481492,
        "roll": 249.4822526627761,
        "yaw": 121.83966015073379
    }
}