{
    "time": "2023-06-13T10:50:03.156475+02:00",
    "accelleration": {
        "x": 0.11199599504470825,
        "y": -0.9396439790725708,
        "z": -0.31280800700187683
    },
    "position": {
        "pitch": 353.55128031022707,
        "roll": 251.5953356070596,
        "yaw": 158.40547402336892
    }
}