{
    "time": "2022-06-30T13:00:02.614983+02:00",
    "accelleration": {
        "x": 0.10813087970018387,
        "y": -0.9200355410575867,
        "z": -0.3429836630821228
    },
    "position": {
        "pitch": 353.7218523319171,
        "roll": 249.53091093042326,
        "yaw": 135.1500186165528
    }
}