{
    "time": "2023-06-22T23:40:03.395809+02:00",
    "accelleration": {
        "x": 0.11028799414634705,
        "y": -0.9391559958457947,
        "z": -0.3020719885826111
    },
    "position": {
        "pitch": 353.62295674226397,
        "roll": 252.17433757319077,
        "yaw": 157.53690618737508
    }
}