{
    "time": "2023-05-11T19:10:02.621387+02:00",
    "accelleration": {
        "x": 0.10809199512004852,
        "y": -0.9420839548110962,
        "z": -0.31036800146102905
    },
    "position": {
        "pitch": 353.78007286440226,
        "roll": 251.7767590917935,
        "yaw": 188.94210597318104
    }
}