{
    "time": "2023-06-17T07:50:02.915812+02:00",
    "accelleration": {
        "x": 0.11199599504470825,
        "y": -0.9418399930000305,
        "z": -0.3113439977169037
    },
    "position": {
        "pitch": 353.56153413171853,
        "roll": 251.71684467239413,
        "yaw": 158.60991524560575
    }
}