{
    "time": "2023-06-01T21:20:02.552316+02:00",
    "accelleration": {
        "x": 0.11370399594306946,
        "y": -0.9403759837150574,
        "z": -0.31378400325775146
    },
    "position": {
        "pitch": 353.454670272625,
        "roll": 251.5517658303441,
        "yaw": 158.62343902016238
    }
}