{
    "time": "2023-05-14T04:10:03.213063+02:00",
    "accelleration": {
        "x": 0.11467999964952469,
        "y": -0.9440360069274902,
        "z": -0.3152479827404022
    },
    "position": {
        "pitch": 353.43477265091224,
        "roll": 251.5520868492351,
        "yaw": 132.5121312572022
    }
}