{
    "time": "2023-06-18T14:30:03.223889+02:00",
    "accelleration": {
        "x": 0.11101999878883362,
        "y": -0.9393999576568604,
        "z": -0.3071959912776947
    },
    "position": {
        "pitch": 353.591359006503,
        "roll": 251.89195706233494,
        "yaw": 157.39856753592565
    }
}