{
    "time": "2023-05-13T09:50:03.108528+02:00",
    "accelleration": {
        "x": 0.11419199407100677,
        "y": -0.9425719976425171,
        "z": -0.31378400325775146
    },
    "position": {
        "pitch": 353.4529093644796,
        "roll": 251.53497722536423,
        "yaw": 180.06555114669746
    }
}