{
    "time": "2023-06-18T05:30:02.847199+02:00",
    "accelleration": {
        "x": 0.11150799691677094,
        "y": -0.9398880004882812,
        "z": -0.3111000061035156
    },
    "position": {
        "pitch": 353.57666428139055,
        "roll": 251.69022059500944,
        "yaw": 158.32333416841036
    }
}