{
    "time": "2023-05-17T11:30:02.683838+02:00",
    "accelleration": {
        "x": 0.10979999601840973,
        "y": -0.941107988357544,
        "z": -0.31622397899627686
    },
    "position": {
        "pitch": 353.6847985556698,
        "roll": 251.4419568790578,
        "yaw": 102.27923463205705
    }
}