{
    "time": "2023-05-12T00:40:02.923637+02:00",
    "accelleration": {
        "x": 0.11101999878883362,
        "y": -0.9423279762268066,
        "z": -0.31378400325775146
    },
    "position": {
        "pitch": 353.6292708252648,
        "roll": 251.60080658858482,
        "yaw": 118.0697508987236
    }
}