{
    "time": "2023-06-23T00:40:03.257936+02:00",
    "accelleration": {
        "x": 0.10955599695444107,
        "y": -0.9389119744300842,
        "z": -0.30353599786758423
    },
    "position": {
        "pitch": 353.6664108326504,
        "roll": 252.0893495293483,
        "yaw": 158.32691318753544
    }
}