{
    "time": "2022-07-09T14:20:03.038625+02:00",
    "accelleration": {
        "x": 0.10667620599269867,
        "y": -0.9207592606544495,
        "z": -0.3287630081176758
    },
    "position": {
        "pitch": 353.7826862655334,
        "roll": 250.3323106861192,
        "yaw": 146.74190148719666
    }
}