{
    "time": "2022-07-02T08:00:03.364372+02:00",
    "accelleration": {
        "x": 0.11007044464349747,
        "y": -0.9212417006492615,
        "z": -0.347563236951828
    },
    "position": {
        "pitch": 353.6294770116004,
        "roll": 249.310944688203,
        "yaw": 152.0582611899461
    }
}