{
    "time": "2022-07-01T07:30:03.130385+02:00",
    "accelleration": {
        "x": 0.10934310406446457,
        "y": -0.9200355410575867,
        "z": -0.348045289516449
    },
    "position": {
        "pitch": 353.66499741037904,
        "roll": 249.26682166616473,
        "yaw": 175.90876267725372
    }
}