{
    "time": "2023-06-11T11:10:02.935574+02:00",
    "accelleration": {
        "x": 0.11199599504470825,
        "y": -0.9393999576568604,
        "z": -0.3118319809436798
    },
    "position": {
        "pitch": 353.5436065926945,
        "roll": 251.64275078027785,
        "yaw": 158.7871723149459
    }
}