{
    "time": "2023-05-23T23:50:02.841161+02:00",
    "accelleration": {
        "x": 0.11467999964952469,
        "y": -0.9396439790725708,
        "z": -0.31378400325775146
    },
    "position": {
        "pitch": 353.33643799054477,
        "roll": 251.53488160271584,
        "yaw": 124.95510067647338
    }
}