{
    "time": "2023-06-17T06:40:03.394196+02:00",
    "accelleration": {
        "x": 0.11150799691677094,
        "y": -0.9401319622993469,
        "z": -0.25058799982070923
    },
    "position": {
        "pitch": 353.463402242592,
        "roll": 255.01327155076072,
        "yaw": 155.53331117548686
    }
}