{
    "time": "2022-07-06T17:50:02.524151+02:00",
    "accelleration": {
        "x": 0.11346468329429626,
        "y": -0.9195531010627747,
        "z": -0.34177854657173157
    },
    "position": {
        "pitch": 353.4128157271648,
        "roll": 249.58882410439583,
        "yaw": 143.9352128326983
    }
}