{
    "time": "2023-06-18T00:20:03.055828+02:00",
    "accelleration": {
        "x": 0.11028799414634705,
        "y": -0.9396439790725708,
        "z": -0.30646398663520813
    },
    "position": {
        "pitch": 353.634910853972,
        "roll": 251.93666065045267,
        "yaw": 158.07848554704373
    }
}