{
    "time": "2023-07-01T13:10:03.344726+02:00",
    "accelleration": {
        "x": 0.10833600163459778,
        "y": -0.9384239912033081,
        "z": -0.30695199966430664
    },
    "position": {
        "pitch": 353.73611632822497,
        "roll": 251.89429981722026,
        "yaw": 158.29324035492726
    }
}