{
    "time": "2022-07-04T09:40:03.245563+02:00",
    "accelleration": {
        "x": 0.11128267645835876,
        "y": -0.9197943806648254,
        "z": -0.3444298505783081
    },
    "position": {
        "pitch": 353.55420405807865,
        "roll": 249.45138020772765,
        "yaw": 162.44072246425577
    }
}