{
    "time": "2023-06-21T14:20:03.319667+02:00",
    "accelleration": {
        "x": 0.10979999601840973,
        "y": -0.9393999576568604,
        "z": -0.3054879903793335
    },
    "position": {
        "pitch": 353.65618689323657,
        "roll": 251.98627514458366,
        "yaw": 157.7646246943033
    }
}