{
    "time": "2023-06-21T15:20:03.488239+02:00",
    "accelleration": {
        "x": 0.1088239997625351,
        "y": -0.9381799697875977,
        "z": -0.30402398109436035
    },
    "position": {
        "pitch": 353.6984691792935,
        "roll": 252.04501477144575,
        "yaw": 158.30961914855695
    }
}