{
    "time": "2023-05-28T16:00:02.751259+02:00",
    "accelleration": {
        "x": 0.11321599781513214,
        "y": -0.941107988357544,
        "z": -0.3140279948711395
    },
    "position": {
        "pitch": 353.49246128241583,
        "roll": 251.55894435916179,
        "yaw": 122.48679325383583
    }
}