{
    "time": "2023-05-07T20:40:02.747479+02:00",
    "accelleration": {
        "x": 0.11321599781513214,
        "y": -0.9418399930000305,
        "z": -0.3047559857368469
    },
    "position": {
        "pitch": 353.4816132344666,
        "roll": 252.06504088609222,
        "yaw": 100.76214716455966
    }
}