{
    "time": "2022-07-10T19:50:03.077209+02:00",
    "accelleration": {
        "x": 0.11104022711515427,
        "y": -0.9226890206336975,
        "z": -0.3273168206214905
    },
    "position": {
        "pitch": 353.5401389910303,
        "roll": 250.45797933665827,
        "yaw": 129.03698564901308
    }
}