{
    "time": "2022-07-13T20:10:03.084340+02:00",
    "accelleration": {
        "x": 0.10303951054811478,
        "y": -0.9205180406570435,
        "z": -0.3270758092403412
    },
    "position": {
        "pitch": 353.9781585956164,
        "roll": 250.41477155996876,
        "yaw": 173.81014607363227
    }
}