{
    "time": "2023-06-15T17:10:03.372038+02:00",
    "accelleration": {
        "x": 0.11199599504470825,
        "y": -0.9384239912033081,
        "z": -0.3130519986152649
    },
    "position": {
        "pitch": 353.53646477614365,
        "roll": 251.55149262277732,
        "yaw": 157.67708898990043
    }
}