{
    "time": "2023-05-09T04:00:02.827761+02:00",
    "accelleration": {
        "x": 0.10979999601840973,
        "y": -0.9423279762268066,
        "z": -0.30817198753356934
    },
    "position": {
        "pitch": 353.6817475955449,
        "roll": 251.8922371000909,
        "yaw": 115.51054731861151
    }
}