{
    "time": "2023-04-27T12:30:02.770924+02:00",
    "accelleration": {
        "x": 0.11028799414634705,
        "y": -0.9435479640960693,
        "z": -0.30329200625419617
    },
    "position": {
        "pitch": 353.65988159869073,
        "roll": 252.18922055539224,
        "yaw": 195.7581020100985
    }
}