{
    "time": "2023-05-31T19:40:03.411488+02:00",
    "accelleration": {
        "x": 0.10735999792814255,
        "y": -0.9393999576568604,
        "z": -0.31036800146102905
    },
    "position": {
        "pitch": 353.80254888252665,
        "roll": 251.71685150258332,
        "yaw": 113.32757104855125
    }
}