{
    "time": "2023-06-10T05:50:03.275216+02:00",
    "accelleration": {
        "x": 0.11419199407100677,
        "y": -0.9430599808692932,
        "z": -0.31622397899627686
    },
    "position": {
        "pitch": 353.4030233703291,
        "roll": 251.46744031485113,
        "yaw": 158.30106775171612
    }
}