{
    "time": "2022-07-17T07:20:02.512762+02:00",
    "accelleration": {
        "x": 0.10764598846435547,
        "y": -0.9226890206336975,
        "z": -0.3333425521850586
    },
    "position": {
        "pitch": 353.7545757682306,
        "roll": 250.11863504812453,
        "yaw": 178.6955071793756
    }
}