{
    "time": "2023-04-28T04:50:02.579066+02:00",
    "accelleration": {
        "x": 0.10931199789047241,
        "y": -0.9415959715843201,
        "z": -0.3050000071525574
    },
    "position": {
        "pitch": 353.69949071946127,
        "roll": 252.06680307489808,
        "yaw": 131.42195110339813
    }
}