{
    "time": "2022-07-02T06:20:03.062276+02:00",
    "accelleration": {
        "x": 0.11443447321653366,
        "y": -0.9200355410575867,
        "z": -0.3432247042655945
    },
    "position": {
        "pitch": 353.3731216559164,
        "roll": 249.5261639489501,
        "yaw": 108.08611803042932
    }
}