{
    "time": "2023-06-12T06:40:02.608905+02:00",
    "accelleration": {
        "x": 0.11321599781513214,
        "y": -0.941107988357544,
        "z": -0.31768798828125
    },
    "position": {
        "pitch": 353.4990933960999,
        "roll": 251.35627898610917,
        "yaw": 158.23127687877692
    }
}