{
    "time": "2023-05-17T01:10:03.023109+02:00",
    "accelleration": {
        "x": 0.11101999878883362,
        "y": -0.9401319622993469,
        "z": -0.31207600235939026
    },
    "position": {
        "pitch": 353.61021160927277,
        "roll": 251.64917798828685,
        "yaw": 193.16921442785355
    }
}