{
    "time": "2023-06-30T01:20:03.207703+02:00",
    "accelleration": {
        "x": 0.1088239997625351,
        "y": -0.9393999576568604,
        "z": -0.30621999502182007
    },
    "position": {
        "pitch": 353.71874886471295,
        "roll": 251.95701461417931,
        "yaw": 158.71855623454397
    }
}