{
    "time": "2023-05-10T10:00:03.039868+02:00",
    "accelleration": {
        "x": 0.11248400062322617,
        "y": -0.9442799687385559,
        "z": -0.3125639855861664
    },
    "position": {
        "pitch": 353.5535368339741,
        "roll": 251.69764501063725,
        "yaw": 186.48012330571493
    }
}