{
    "time": "2023-06-30T21:30:02.815446+02:00",
    "accelleration": {
        "x": 0.10979999601840973,
        "y": -0.9393999576568604,
        "z": -0.30524399876594543
    },
    "position": {
        "pitch": 353.6601838345615,
        "roll": 252.0069228064446,
        "yaw": 158.17837023346598
    }
}