{
    "time": "2022-07-18T09:40:03.467082+02:00",
    "accelleration": {
        "x": 0.10667620599269867,
        "y": -0.9212417006492615,
        "z": -0.32442450523376465
    },
    "position": {
        "pitch": 353.7794022252031,
        "roll": 250.57944742085778,
        "yaw": 110.90168593084866
    }
}