{
    "time": "2023-05-09T03:40:03.369028+02:00",
    "accelleration": {
        "x": 0.10809199512004852,
        "y": -0.9393999576568604,
        "z": -0.370635986328125
    },
    "position": {
        "pitch": 353.88845900190705,
        "roll": 248.54178342538955,
        "yaw": 201.1400042081234
    }
}