{
    "time": "2023-06-07T23:10:03.413699+02:00",
    "accelleration": {
        "x": 0.11272799968719482,
        "y": -0.941107988357544,
        "z": -0.31280800700187683
    },
    "position": {
        "pitch": 353.51582565201915,
        "roll": 251.61885194837197,
        "yaw": 158.64869705971307
    }
}