{
    "time": "2023-05-30T06:20:02.948745+02:00",
    "accelleration": {
        "x": 0.10979999601840973,
        "y": -0.9433040022850037,
        "z": -0.30817198753356934
    },
    "position": {
        "pitch": 353.6839003857939,
        "roll": 251.84876977621295,
        "yaw": 151.2944138143069
    }
}