{
    "time": "2023-05-12T03:40:03.072898+02:00",
    "accelleration": {
        "x": 0.10979999601840973,
        "y": -0.9428159594535828,
        "z": -0.3106119930744171
    },
    "position": {
        "pitch": 353.6891075512624,
        "roll": 251.77383577082873,
        "yaw": 188.41204231245302
    }
}