{
    "time": "2023-06-01T00:20:03.373339+02:00",
    "accelleration": {
        "x": 0.10979999601840973,
        "y": -0.9408639669418335,
        "z": -0.31671199202537537
    },
    "position": {
        "pitch": 353.68743842378393,
        "roll": 251.40705461239907,
        "yaw": 147.5632727160257
    }
}