{
    "time": "2022-07-08T20:20:03.024731+02:00",
    "accelleration": {
        "x": 0.11516180634498596,
        "y": -0.9200355410575867,
        "z": -0.33261945843696594
    },
    "position": {
        "pitch": 353.30529702368455,
        "roll": 250.10678466991456,
        "yaw": 185.8771542057862
    }
}