{
    "time": "2022-07-04T13:40:02.631271+02:00",
    "accelleration": {
        "x": 0.11104022711515427,
        "y": -0.9197943806648254,
        "z": -0.3412964642047882
    },
    "position": {
        "pitch": 353.55305786695857,
        "roll": 249.62878754122954,
        "yaw": 140.55478828791894
    }
}