{
    "time": "2023-05-09T12:40:02.878966+02:00",
    "accelleration": {
        "x": 0.10858000069856644,
        "y": -0.9401319622993469,
        "z": -0.30743998289108276
    },
    "position": {
        "pitch": 353.7398328049071,
        "roll": 251.89317283600718,
        "yaw": 187.93962544831993
    }
}