{
    "time": "2023-05-17T07:10:02.550847+02:00",
    "accelleration": {
        "x": 0.10809199512004852,
        "y": -0.9420839548110962,
        "z": -0.313539981842041
    },
    "position": {
        "pitch": 353.78111489513753,
        "roll": 251.67333636738118,
        "yaw": 133.52786234905312
    }
}