{
    "time": "2022-07-15T08:40:03.320837+02:00",
    "accelleration": {
        "x": 0.10885821282863617,
        "y": -0.9212417006492615,
        "z": -0.32635271549224854
    },
    "position": {
        "pitch": 353.6650742500072,
        "roll": 250.47340190380416,
        "yaw": 125.52546245330446
    }
}