{
    "time": "2023-06-06T01:10:03.010938+02:00",
    "accelleration": {
        "x": 0.11443600058555603,
        "y": -0.9415959715843201,
        "z": -0.3189080059528351
    },
    "position": {
        "pitch": 353.4334463135528,
        "roll": 251.29908981218864,
        "yaw": 158.82469737424597
    }
}