{
    "time": "2023-06-20T07:30:02.479313+02:00",
    "accelleration": {
        "x": 0.10979999601840973,
        "y": -0.9393999576568604,
        "z": -0.3101239800453186
    },
    "position": {
        "pitch": 353.6674101747034,
        "roll": 251.73928184381765,
        "yaw": 158.02577014702956
    }
}