{
    "time": "2023-05-11T03:00:02.602067+02:00",
    "accelleration": {
        "x": 0.11467999964952469,
        "y": -0.9430599808692932,
        "z": -0.3172000050544739
    },
    "position": {
        "pitch": 353.4334834527064,
        "roll": 251.42912295360736,
        "yaw": 118.07606199351669
    }
}