{
    "time": "2023-06-09T14:10:03.033050+02:00",
    "accelleration": {
        "x": 0.1117519959807396,
        "y": -0.9396439790725708,
        "z": -0.3108559846878052
    },
    "position": {
        "pitch": 353.55861977537705,
        "roll": 251.69967357682074,
        "yaw": 157.4561596910072
    }
}