{
    "time": "2023-05-03T15:10:02.906247+02:00",
    "accelleration": {
        "x": 0.11370399594306946,
        "y": -0.9403759837150574,
        "z": -0.3096359968185425
    },
    "position": {
        "pitch": 353.3837255246029,
        "roll": 251.8450883042503,
        "yaw": 192.37856538991122
    }
}