{
    "time": "2022-07-13T07:20:02.597687+02:00",
    "accelleration": {
        "x": 0.10740353912115097,
        "y": -0.9229303002357483,
        "z": -0.3302091658115387
    },
    "position": {
        "pitch": 353.80258644856707,
        "roll": 250.30899242029278,
        "yaw": 163.39544630644016
    }
}