{
    "time": "2023-05-10T23:40:02.744730+02:00",
    "accelleration": {
        "x": 0.11297199875116348,
        "y": -0.941107988357544,
        "z": -0.3152479827404022
    },
    "position": {
        "pitch": 353.51437509059417,
        "roll": 251.50051209081232,
        "yaw": 111.89227509636477
    }
}