{
    "time": "2022-07-03T23:30:02.933809+02:00",
    "accelleration": {
        "x": 0.11346468329429626,
        "y": -0.9185882210731506,
        "z": -0.340091347694397
    },
    "position": {
        "pitch": 353.4067599106919,
        "roll": 249.66655848733973,
        "yaw": 177.64943638723148
    }
}