{
    "time": "2023-05-15T07:20:03.123693+02:00",
    "accelleration": {
        "x": 0.11126399785280228,
        "y": -0.9445239901542664,
        "z": -0.31207600235939026
    },
    "position": {
        "pitch": 353.62278427998746,
        "roll": 251.7255599937751,
        "yaw": 184.3569043607031
    }
}