{
    "time": "2023-06-29T05:30:03.038615+02:00",
    "accelleration": {
        "x": 0.10833600163459778,
        "y": -0.9384239912033081,
        "z": -0.3030479848384857
    },
    "position": {
        "pitch": 353.7313168396726,
        "roll": 252.10981277610165,
        "yaw": 158.96340485591057
    }
}