{
    "time": "2022-07-02T13:20:02.856771+02:00",
    "accelleration": {
        "x": 0.10910066217184067,
        "y": -0.9205180406570435,
        "z": -0.34226056933403015
    },
    "position": {
        "pitch": 353.66984855223706,
        "roll": 249.59319542546461,
        "yaw": 155.99960819012364
    }
}