{
    "time": "2022-07-07T18:50:02.524137+02:00",
    "accelleration": {
        "x": 0.11225245893001556,
        "y": -0.9166584014892578,
        "z": -0.33888617157936096
    },
    "position": {
        "pitch": 353.46084519052147,
        "roll": 249.68135950727114,
        "yaw": 188.6652374249854
    }
}