{
    "time": "2023-06-13T16:50:02.922085+02:00",
    "accelleration": {
        "x": 0.11297199875116348,
        "y": -0.9408639669418335,
        "z": -0.3147599995136261
    },
    "position": {
        "pitch": 353.50259941757827,
        "roll": 251.50400914766738,
        "yaw": 157.95621150052216
    }
}