{
    "time": "2023-06-18T00:10:05.108518+02:00",
    "accelleration": {
        "x": 0.10979999601840973,
        "y": -0.9403759837150574,
        "z": -0.3079279959201813
    },
    "position": {
        "pitch": 353.6692389578536,
        "roll": 251.8740346459528,
        "yaw": 158.43709779922608
    }
}