{
    "time": "2023-05-11T15:50:03.242219+02:00",
    "accelleration": {
        "x": 0.10858000069856644,
        "y": -0.9415959715843201,
        "z": -0.305976003408432
    },
    "position": {
        "pitch": 353.73645826457033,
        "roll": 251.99934812665504,
        "yaw": 158.43767153511635
    }
}