{
    "time": "2023-05-31T09:00:02.863395+02:00",
    "accelleration": {
        "x": 0.11272799968719482,
        "y": -0.9393999576568604,
        "z": -0.3118319809436798
    },
    "position": {
        "pitch": 353.50825524109786,
        "roll": 251.64657568621305,
        "yaw": 103.50285619167566
    }
}