{
    "time": "2022-07-07T14:10:02.567513+02:00",
    "accelleration": {
        "x": 0.10691864788532257,
        "y": -0.9231715202331543,
        "z": -0.3473221957683563
    },
    "position": {
        "pitch": 353.81512496833597,
        "roll": 249.364698276971,
        "yaw": 129.80475355323586
    }
}