{
    "time": "2023-06-16T12:10:02.536837+02:00",
    "accelleration": {
        "x": 0.11126399785280228,
        "y": -0.9393999576568604,
        "z": -0.3118319809436798
    },
    "position": {
        "pitch": 353.5884139143103,
        "roll": 251.63846142147906,
        "yaw": 158.09159951025015
    }
}