{
    "time": "2023-06-25T15:50:02.531143+02:00",
    "accelleration": {
        "x": 0.10809199512004852,
        "y": -0.9381799697875977,
        "z": -0.3013399839401245
    },
    "position": {
        "pitch": 353.7389961067338,
        "roll": 252.19839349944755,
        "yaw": 158.7385686888121
    }
}