{
    "time": "2023-05-25T13:10:03.008779+02:00",
    "accelleration": {
        "x": 0.1105320006608963,
        "y": -0.9393999576568604,
        "z": -0.3076840043067932
    },
    "position": {
        "pitch": 353.61947676088187,
        "roll": 251.86669219259505,
        "yaw": 171.94279967530747
    }
}