{
    "time": "2023-07-03T15:10:02.905137+02:00",
    "accelleration": {
        "x": 0.10906799882650375,
        "y": -0.937936007976532,
        "z": -0.30524399876594543
    },
    "position": {
        "pitch": 353.6874290322738,
        "roll": 251.97659676652972,
        "yaw": 157.7489562403473
    }
}