{
    "time": "2023-06-05T19:20:02.925913+02:00",
    "accelleration": {
        "x": 0.1117519959807396,
        "y": -0.9398880004882812,
        "z": -0.3125639855861664
    },
    "position": {
        "pitch": 353.56000374245764,
        "roll": 251.61182368371604,
        "yaw": 158.28824065645483
    }
}