{
    "time": "2023-05-28T07:10:02.823251+02:00",
    "accelleration": {
        "x": 0.11077599972486496,
        "y": -0.9389119744300842,
        "z": -0.3172000050544739
    },
    "position": {
        "pitch": 353.6203809071732,
        "roll": 251.35291170284836,
        "yaw": 131.00771379061518
    }
}