{
    "time": "2023-06-27T01:50:03.378360+02:00",
    "accelleration": {
        "x": 0.10858000069856644,
        "y": -0.9393999576568604,
        "z": -0.30109599232673645
    },
    "position": {
        "pitch": 353.71945578929206,
        "roll": 252.2346003322378,
        "yaw": 157.73535050352064
    }
}