{
    "time": "2023-04-27T17:40:03.378578+02:00",
    "accelleration": {
        "x": 0.10955599695444107,
        "y": -0.9423279762268066,
        "z": -0.30280399322509766
    },
    "position": {
        "pitch": 353.68635498502687,
        "roll": 252.19535406526688,
        "yaw": 140.46137862082983
    }
}