{
    "time": "2023-06-02T12:30:03.196265+02:00",
    "accelleration": {
        "x": 0.11101999878883362,
        "y": -0.9393999576568604,
        "z": -0.3735640048980713
    },
    "position": {
        "pitch": 353.7276140233688,
        "roll": 248.38616439533996,
        "yaw": 159.26155627356
    }
}