{
    "time": "2023-06-20T21:30:02.760610+02:00",
    "accelleration": {
        "x": 0.11126399785280228,
        "y": -0.9389119744300842,
        "z": -0.3054879903793335
    },
    "position": {
        "pitch": 353.5729653070682,
        "roll": 251.97926054030603,
        "yaw": 157.712947483043
    }
}