{
    "time": "2023-05-04T22:20:03.362316+02:00",
    "accelleration": {
        "x": 0.11077599972486496,
        "y": -0.9401319622993469,
        "z": -0.25278398394584656
    },
    "position": {
        "pitch": 353.5092332388096,
        "roll": 254.8963865234943,
        "yaw": 154.41776369910536
    }
}