{
    "time": "2023-05-20T23:10:02.847270+02:00",
    "accelleration": {
        "x": 0.10809199512004852,
        "y": -0.9415959715843201,
        "z": -0.3093920052051544
    },
    "position": {
        "pitch": 353.7810880012677,
        "roll": 251.8127268679628,
        "yaw": 166.49338788752615
    }
}