{
    "time": "2023-05-24T09:00:02.716751+02:00",
    "accelleration": {
        "x": 0.11321599781513214,
        "y": -0.9396439790725708,
        "z": -0.3142719864845276
    },
    "position": {
        "pitch": 353.48682594946376,
        "roll": 251.45705842731272,
        "yaw": 97.61857308962881
    }
}