{
    "time": "2023-05-29T16:40:02.657843+02:00",
    "accelleration": {
        "x": 0.11394799500703812,
        "y": -0.9401319622993469,
        "z": -0.30914798378944397
    },
    "position": {
        "pitch": 353.439279295104,
        "roll": 251.79798731973392,
        "yaw": 101.05639171400382
    }
}