{
    "time": "2023-05-22T16:40:03.331597+02:00",
    "accelleration": {
        "x": 0.11199599504470825,
        "y": -0.9396439790725708,
        "z": -0.31207600235939026
    },
    "position": {
        "pitch": 353.55001074881505,
        "roll": 251.62470542049067,
        "yaw": 192.13500084410856
    }
}