{
    "time": "2023-05-08T23:40:03.174871+02:00",
    "accelleration": {
        "x": 0.11004399508237839,
        "y": -0.9406200051307678,
        "z": -0.3152479827404022
    },
    "position": {
        "pitch": 353.66835402146927,
        "roll": 251.49430344885678,
        "yaw": 132.74695316086724
    }
}