{
    "time": "2023-05-04T14:10:02.973666+02:00",
    "accelleration": {
        "x": 0.11126399785280228,
        "y": -0.9396439790725708,
        "z": -0.3108559846878052
    },
    "position": {
        "pitch": 353.59325353022405,
        "roll": 251.6372251572393,
        "yaw": 119.64561214402895
    }
}