{
    "time": "2023-05-27T16:30:03.154176+02:00",
    "accelleration": {
        "x": 0.11492399871349335,
        "y": -0.937936007976532,
        "z": -0.3111000061035156
    },
    "position": {
        "pitch": 353.3740859932499,
        "roll": 251.655291007594,
        "yaw": 115.70948340837731
    }
}