{
    "time": "2023-05-05T19:20:02.970590+02:00",
    "accelleration": {
        "x": 0.10833600163459778,
        "y": -0.9389119744300842,
        "z": -0.3142719864845276
    },
    "position": {
        "pitch": 353.8003585262372,
        "roll": 251.5095620914626,
        "yaw": 178.1920675960323
    }
}