{
    "time": "2023-06-02T17:40:02.402735+02:00",
    "accelleration": {
        "x": 0.11199599504470825,
        "y": -0.937936007976532,
        "z": -0.3130519986152649
    },
    "position": {
        "pitch": 353.5363495167014,
        "roll": 251.544730735499,
        "yaw": 158.21105951883368
    }
}