{
    "time": "2023-06-26T01:20:02.848507+02:00",
    "accelleration": {
        "x": 0.10809199512004852,
        "y": -0.9396439790725708,
        "z": -0.3008520007133484
    },
    "position": {
        "pitch": 353.749979477806,
        "roll": 252.25203780518882,
        "yaw": 157.76877744931866
    }
}