{
    "time": "2023-06-01T03:20:03.355839+02:00",
    "accelleration": {
        "x": 0.10955599695444107,
        "y": -0.9406200051307678,
        "z": -0.3172000050544739
    },
    "position": {
        "pitch": 353.70458347926115,
        "roll": 251.3134537000132,
        "yaw": 192.81781485543473
    }
}