{
    "time": "2023-06-03T07:40:03.227245+02:00",
    "accelleration": {
        "x": 0.11492399871349335,
        "y": -0.9420839548110962,
        "z": -0.31744399666786194
    },
    "position": {
        "pitch": 353.4069733541035,
        "roll": 251.38631132788973,
        "yaw": 160.04205565039567
    }
}