{
    "time": "2023-06-20T22:20:02.843017+02:00",
    "accelleration": {
        "x": 0.11150799691677094,
        "y": -0.9396439790725708,
        "z": -0.30695199966430664
    },
    "position": {
        "pitch": 353.5036341912375,
        "roll": 251.91263204495257,
        "yaw": 158.71683502687313
    }
}