{
    "time": "2023-05-17T13:50:03.042409+02:00",
    "accelleration": {
        "x": 0.11028799414634705,
        "y": -0.9423279762268066,
        "z": -0.31622397899627686
    },
    "position": {
        "pitch": 353.67954870151897,
        "roll": 251.40113283838866,
        "yaw": 109.97505465672053
    }
}