{
    "time": "2023-06-27T08:40:03.155509+02:00",
    "accelleration": {
        "x": 0.10858000069856644,
        "y": -0.9396439790725708,
        "z": -0.3047559857368469
    },
    "position": {
        "pitch": 353.72943725699037,
        "roll": 252.03955062010976,
        "yaw": 158.27029091931604
    }
}