{
    "time": "2023-05-12T16:40:02.646019+02:00",
    "accelleration": {
        "x": 0.115167997777462,
        "y": -0.9415959715843201,
        "z": -0.31866398453712463
    },
    "position": {
        "pitch": 353.3976813086245,
        "roll": 251.32459373854948,
        "yaw": 190.5987546959893
    }
}