{
    "time": "2023-07-03T07:40:02.528674+02:00",
    "accelleration": {
        "x": 0.1117519959807396,
        "y": -0.9386679530143738,
        "z": -0.3076840043067932
    },
    "position": {
        "pitch": 353.5482131284029,
        "roll": 251.8561532107057,
        "yaw": 157.95222267004687
    }
}