{
    "time": "2022-07-19T13:30:02.853945+02:00",
    "accelleration": {
        "x": 0.10667620599269867,
        "y": -0.9193118810653687,
        "z": -0.33286046981811523
    },
    "position": {
        "pitch": 353.7817313197101,
        "roll": 250.08319319652134,
        "yaw": 192.88628067167494
    }
}