{
    "time": "2023-06-05T10:00:03.068339+02:00",
    "accelleration": {
        "x": 0.11394799500703812,
        "y": -0.9415959715843201,
        "z": -0.3189080059528351
    },
    "position": {
        "pitch": 353.45939761730426,
        "roll": 251.3002646047259,
        "yaw": 159.08485927973175
    }
}