{
    "time": "2023-05-17T02:30:02.914784+02:00",
    "accelleration": {
        "x": 0.11028799414634705,
        "y": -0.9425719976425171,
        "z": -0.30743998289108276
    },
    "position": {
        "pitch": 353.6575747022986,
        "roll": 251.94761627388135,
        "yaw": 189.79329780792636
    }
}