{
    "time": "2023-05-28T10:00:03.015380+02:00",
    "accelleration": {
        "x": 0.10833600163459778,
        "y": -0.9396439790725708,
        "z": -0.305976003408432
    },
    "position": {
        "pitch": 353.80485962090023,
        "roll": 251.96384480334933,
        "yaw": 173.2808473940913
    }
}