{
    "time": "2022-07-17T20:30:03.403377+02:00",
    "accelleration": {
        "x": 0.10982800275087357,
        "y": -0.9197943806648254,
        "z": -0.31984493136405945
    },
    "position": {
        "pitch": 353.57986977454544,
        "roll": 250.78403890725633,
        "yaw": 139.34788020119933
    }
}