{
    "time": "2023-06-18T23:10:03.239026+02:00",
    "accelleration": {
        "x": 0.11077599972486496,
        "y": -0.9398880004882812,
        "z": -0.3089039921760559
    },
    "position": {
        "pitch": 353.61217400799865,
        "roll": 251.81556822665752,
        "yaw": 157.46089984229118
    }
}