{
    "time": "2022-07-12T22:10:03.211471+02:00",
    "accelleration": {
        "x": 0.11201001703739166,
        "y": -0.9197943806648254,
        "z": -0.3270758092403412
    },
    "position": {
        "pitch": 353.4657223724757,
        "roll": 250.41049586154833,
        "yaw": 137.28066880738163
    }
}