{
    "time": "2022-07-03T15:40:03.071835+02:00",
    "accelleration": {
        "x": 0.11249490827322006,
        "y": -0.9183470010757446,
        "z": -0.33406561613082886
    },
    "position": {
        "pitch": 353.4447985148402,
        "roll": 249.9882672274365,
        "yaw": 183.42625010515385
    }
}