{
    "time": "2023-05-12T06:40:02.543924+02:00",
    "accelleration": {
        "x": 0.11150799691677094,
        "y": -0.9423279762268066,
        "z": -0.3118319809436798
    },
    "position": {
        "pitch": 353.5926955891462,
        "roll": 251.69828021823005,
        "yaw": 202.78039708070705
    }
}