{
    "time": "2022-07-06T00:40:02.909642+02:00",
    "accelleration": {
        "x": 0.11201001703739166,
        "y": -0.9176233410835266,
        "z": -0.3398503363132477
    },
    "position": {
        "pitch": 353.4855222371059,
        "roll": 249.65446222231964,
        "yaw": 186.06337248331744
    }
}