{
    "time": "2023-05-23T08:40:02.875485+02:00",
    "accelleration": {
        "x": 0.11614400148391724,
        "y": -0.9415959715843201,
        "z": -0.31793197989463806
    },
    "position": {
        "pitch": 353.3379504505591,
        "roll": 251.35415479727732,
        "yaw": 131.02081409344328
    }
}