{
    "time": "2022-07-09T18:20:02.498956+02:00",
    "accelleration": {
        "x": 0.11273735016584396,
        "y": -0.9229303002357483,
        "z": -0.32129111886024475
    },
    "position": {
        "pitch": 353.4376532831947,
        "roll": 250.78396377517547,
        "yaw": 122.17698953346239
    }
}