{
    "time": "2022-07-08T03:10:03.028129+02:00",
    "accelleration": {
        "x": 0.11419202387332916,
        "y": -0.9214829206466675,
        "z": -0.34177854657173157
    },
    "position": {
        "pitch": 353.3917591077273,
        "roll": 249.62884218274291,
        "yaw": 137.8963557195449
    }
}