{
    "time": "2023-05-03T10:30:03.354348+02:00",
    "accelleration": {
        "x": 0.11028799414634705,
        "y": -0.9408639669418335,
        "z": -0.3181760013103485
    },
    "position": {
        "pitch": 353.6622094125372,
        "roll": 251.33826777726784,
        "yaw": 154.1193937154025
    }
}