{
    "time": "2022-07-18T11:50:02.468244+02:00",
    "accelleration": {
        "x": 0.10691864788532257,
        "y": -0.9224478602409363,
        "z": -0.32129111886024475
    },
    "position": {
        "pitch": 353.7613282639988,
        "roll": 250.76416305677162,
        "yaw": 176.48648739801007
    }
}