{
    "time": "2023-05-23T06:20:02.570571+02:00",
    "accelleration": {
        "x": 0.11297199875116348,
        "y": -0.9415959715843201,
        "z": -0.3206160068511963
    },
    "position": {
        "pitch": 353.5213235274142,
        "roll": 251.20183474859687,
        "yaw": 177.72111239238157
    }
}