{
    "time": "2023-06-30T05:20:03.419575+02:00",
    "accelleration": {
        "x": 0.11077599972486496,
        "y": -0.9396439790725708,
        "z": -0.3054879903793335
    },
    "position": {
        "pitch": 353.60602384953785,
        "roll": 252.00003114557205,
        "yaw": 158.5520908640924
    }
}