{
    "time": "2023-05-31T18:50:02.604646+02:00",
    "accelleration": {
        "x": 0.11321599781513214,
        "y": -0.9406200051307678,
        "z": -0.3130519986152649
    },
    "position": {
        "pitch": 353.49059365256466,
        "roll": 251.60095685274655,
        "yaw": 174.2000405922133
    }
}