{
    "time": "2022-07-11T02:00:02.662747+02:00",
    "accelleration": {
        "x": 0.11297979205846786,
        "y": -0.9231715202331543,
        "z": -0.3331015110015869
    },
    "position": {
        "pitch": 353.4531996475193,
        "roll": 250.14968508809142,
        "yaw": 124.04103012022891
    }
}