{
    "time": "2022-07-10T03:00:02.457155+02:00",
    "accelleration": {
        "x": 0.10885821282863617,
        "y": -0.9231715202331543,
        "z": -0.3241834342479706
    },
    "position": {
        "pitch": 353.663904153225,
        "roll": 250.6336722926785,
        "yaw": 136.31621877581915
    }
}