{
    "time": "2022-07-15T15:00:02.760300+02:00",
    "accelleration": {
        "x": 0.11346468329429626,
        "y": -0.9210004806518555,
        "z": -0.33213740587234497
    },
    "position": {
        "pitch": 353.41344453145524,
        "roll": 250.15829795663478,
        "yaw": 190.28763957929522
    }
}