{
    "time": "2022-07-10T22:50:02.791834+02:00",
    "accelleration": {
        "x": 0.11322224140167236,
        "y": -0.9229303002357483,
        "z": -0.32153213024139404
    },
    "position": {
        "pitch": 353.4157275221853,
        "roll": 250.77185384977702,
        "yaw": 110.13206704536078
    }
}