{
    "time": "2022-07-20T19:50:02.997400+02:00",
    "accelleration": {
        "x": 0.10449419170618057,
        "y": -0.9210004806518555,
        "z": -0.3331015110015869
    },
    "position": {
        "pitch": 353.90834082880735,
        "roll": 250.1156775762139,
        "yaw": 146.15928635099456
    }
}