{
    "time": "2023-05-17T08:10:02.905106+02:00",
    "accelleration": {
        "x": 0.11443600058555603,
        "y": -0.941107988357544,
        "z": -0.3106119930744171
    },
    "position": {
        "pitch": 353.416418651952,
        "roll": 251.7401765985989,
        "yaw": 103.37086961615434
    }
}