{
    "time": "2023-05-13T13:40:02.910661+02:00",
    "accelleration": {
        "x": 0.11077599972486496,
        "y": -0.9406200051307678,
        "z": -0.3123199939727783
    },
    "position": {
        "pitch": 353.62293411726233,
        "roll": 251.71528738926338,
        "yaw": 116.60356883111032
    }
}