{
    "time": "2023-06-18T08:50:03.166918+02:00",
    "accelleration": {
        "x": 0.11101999878883362,
        "y": -0.9406200051307678,
        "z": -0.31158798933029175
    },
    "position": {
        "pitch": 353.60997383331227,
        "roll": 251.68062417922556,
        "yaw": 158.4450208186633
    }
}