{
    "time": "2023-05-05T06:40:03.344087+02:00",
    "accelleration": {
        "x": 0.10979999601840973,
        "y": -0.9430599808692932,
        "z": -0.31378400325775146
    },
    "position": {
        "pitch": 353.6981793231406,
        "roll": 251.60924870239893,
        "yaw": 166.90457893593927
    }
}