{
    "time": "2023-05-23T08:20:02.838704+02:00",
    "accelleration": {
        "x": 0.11394799500703812,
        "y": -0.9406200051307678,
        "z": -0.31866398453712463
    },
    "position": {
        "pitch": 353.4542668645771,
        "roll": 251.29986845375404,
        "yaw": 130.0223087386791
    }
}