{
    "time": "2023-07-05T02:20:03.126011+02:00",
    "accelleration": {
        "x": 0.1088239997625351,
        "y": -0.9389119744300842,
        "z": -0.3079279959201813
    },
    "position": {
        "pitch": 353.71482107905337,
        "roll": 251.85184336133943,
        "yaw": 158.857441301127
    }
}