{
    "time": "2022-07-14T11:50:03.327073+02:00",
    "accelleration": {
        "x": 0.10546397417783737,
        "y": -0.9200355410575867,
        "z": -0.323701411485672
    },
    "position": {
        "pitch": 353.82960027362134,
        "roll": 250.5942211200325,
        "yaw": 136.64996913942264
    }
}