{
    "time": "2023-06-18T12:00:02.566298+02:00",
    "accelleration": {
        "x": 0.10979999601840973,
        "y": -0.937936007976532,
        "z": -0.30866000056266785
    },
    "position": {
        "pitch": 353.6559593625598,
        "roll": 251.7913415456715,
        "yaw": 157.9107634217849
    }
}