{
    "time": "2023-05-12T03:30:03.145129+02:00",
    "accelleration": {
        "x": 0.10858000069856644,
        "y": -0.9413520097732544,
        "z": -0.31158798933029175
    },
    "position": {
        "pitch": 353.7499389235578,
        "roll": 251.6938542556479,
        "yaw": 188.38891529192335
    }
}