{
    "time": "2023-06-10T18:50:03.189269+02:00",
    "accelleration": {
        "x": 0.11126399785280228,
        "y": -0.9393999576568604,
        "z": -0.3084160089492798
    },
    "position": {
        "pitch": 353.57844098434845,
        "roll": 251.82394203857996,
        "yaw": 158.3388796789613
    }
}