{
    "time": "2023-07-01T14:30:03.068219+02:00",
    "accelleration": {
        "x": 0.10906799882650375,
        "y": -0.9381799697875977,
        "z": -0.30524399876594543
    },
    "position": {
        "pitch": 353.69021617634206,
        "roll": 251.98410997461673,
        "yaw": 157.968137010813
    }
}