{
    "time": "2023-05-26T04:00:03.005850+02:00",
    "accelleration": {
        "x": 0.1105320006608963,
        "y": -0.9437919855117798,
        "z": -0.31768798828125
    },
    "position": {
        "pitch": 353.66658073360605,
        "roll": 251.4108453673884,
        "yaw": 189.4892177860774
    }
}