{
    "time": "2023-06-21T17:00:02.510763+02:00",
    "accelleration": {
        "x": 0.1088239997625351,
        "y": -0.9393999576568604,
        "z": -0.30353599786758423
    },
    "position": {
        "pitch": 353.7088839371173,
        "roll": 252.0906267747231,
        "yaw": 157.26072065809643
    }
}