{
    "time": "2023-04-28T18:40:03.033117+02:00",
    "accelleration": {
        "x": 0.10735999792814255,
        "y": -0.9406200051307678,
        "z": -0.30695199966430664
    },
    "position": {
        "pitch": 353.811644560067,
        "roll": 251.94157838665507,
        "yaw": 188.37805529114306
    }
}