{
    "time": "2023-05-22T21:10:02.768895+02:00",
    "accelleration": {
        "x": 0.11394799500703812,
        "y": -0.941107988357544,
        "z": -0.31671199202537537
    },
    "position": {
        "pitch": 353.45497080094844,
        "roll": 251.40395370651586,
        "yaw": 186.71972634179897
    }
}