{
    "time": "2023-05-29T23:30:02.543168+02:00",
    "accelleration": {
        "x": 0.11028799414634705,
        "y": -0.9391559958457947,
        "z": -0.31549200415611267
    },
    "position": {
        "pitch": 353.64797444453325,
        "roll": 251.44201835076035,
        "yaw": 140.13796916362975
    }
}