{
    "time": "2023-06-05T22:10:03.307501+02:00",
    "accelleration": {
        "x": 0.11419199407100677,
        "y": -0.9403759837150574,
        "z": -0.3140279948711395
    },
    "position": {
        "pitch": 353.4314518983152,
        "roll": 251.53876798035358,
        "yaw": 158.14546238204488
    }
}