{
    "time": "2023-05-25T01:30:02.534670+02:00",
    "accelleration": {
        "x": 0.11101999878883362,
        "y": -0.9398880004882812,
        "z": -0.3159799873828888
    },
    "position": {
        "pitch": 353.6106905762883,
        "roll": 251.4315271801952,
        "yaw": 117.95348741867164
    }
}