{
    "time": "2023-06-18T18:30:03.356866+02:00",
    "accelleration": {
        "x": 0.10931199789047241,
        "y": -0.9381799697875977,
        "z": -0.3042680025100708
    },
    "position": {
        "pitch": 353.6735983260914,
        "roll": 252.0341820914221,
        "yaw": 157.32578504012997
    }
}