{
    "time": "2022-07-12T19:50:02.717343+02:00",
    "accelleration": {
        "x": 0.10400930047035217,
        "y": -0.9188294410705566,
        "z": -0.32466551661491394
    },
    "position": {
        "pitch": 353.90798139010224,
        "roll": 250.51900024670317,
        "yaw": 175.39759131976996
    }
}