{
    "time": "2023-06-29T00:50:02.443884+02:00",
    "accelleration": {
        "x": 0.10858000069856644,
        "y": -0.9403759837150574,
        "z": -0.3025600016117096
    },
    "position": {
        "pitch": 353.72583006333497,
        "roll": 252.16743908212908,
        "yaw": 158.78154423906983
    }
}