{
    "time": "2023-05-23T04:20:02.789833+02:00",
    "accelleration": {
        "x": 0.11541199684143066,
        "y": -0.9413520097732544,
        "z": -0.32378798723220825
    },
    "position": {
        "pitch": 353.3927174686452,
        "roll": 251.03433801958062,
        "yaw": 190.67094979551632
    }
}