{
    "time": "2022-07-09T13:20:02.539610+02:00",
    "accelleration": {
        "x": 0.10570641607046127,
        "y": -0.9246188998222351,
        "z": -0.3253886103630066
    },
    "position": {
        "pitch": 353.84814381033107,
        "roll": 250.59164613871542,
        "yaw": 133.54960967137046
    }
}