{
    "time": "2023-05-31T04:20:03.343097+02:00",
    "accelleration": {
        "x": 0.1076039969921112,
        "y": -0.9391559958457947,
        "z": -0.31207600235939026
    },
    "position": {
        "pitch": 353.79465574516706,
        "roll": 251.62501277900333,
        "yaw": 184.10379121044076
    }
}