{
    "time": "2023-05-25T13:20:02.928291+02:00",
    "accelleration": {
        "x": 0.10833600163459778,
        "y": -0.9393999576568604,
        "z": -0.31500399112701416
    },
    "position": {
        "pitch": 353.75642119996695,
        "roll": 251.46950986216964,
        "yaw": 177.91185225514334
    }
}