{
    "time": "2023-05-05T12:50:02.474790+02:00",
    "accelleration": {
        "x": 0.10833600163459778,
        "y": -0.9408639669418335,
        "z": -0.25034400820732117
    },
    "position": {
        "pitch": 353.6484158455084,
        "roll": 255.04248426984088,
        "yaw": 176.96566614942148
    }
}