{
    "time": "2023-05-06T10:10:03.115774+02:00",
    "accelleration": {
        "x": 0.11199599504470825,
        "y": -0.9408639669418335,
        "z": -0.31451600790023804
    },
    "position": {
        "pitch": 353.5652950046303,
        "roll": 251.52841341357185,
        "yaw": 197.39979261862442
    }
}