{
    "time": "2022-07-15T12:10:02.387761+02:00",
    "accelleration": {
        "x": 0.10788843780755997,
        "y": -0.9226890206336975,
        "z": -0.3258706331253052
    },
    "position": {
        "pitch": 353.7207159591939,
        "roll": 250.52408873763483,
        "yaw": 146.44798478683265
    }
}