{
    "time": "2023-06-30T08:50:02.649513+02:00",
    "accelleration": {
        "x": 0.10906799882650375,
        "y": -0.9384239912033081,
        "z": -0.30646398663520813
    },
    "position": {
        "pitch": 353.69974130202644,
        "roll": 251.92179815881872,
        "yaw": 158.92518311731519
    }
}