{
    "time": "2023-06-16T06:00:02.744667+02:00",
    "accelleration": {
        "x": 0.11321599781513214,
        "y": -0.9401319622993469,
        "z": -0.3152479827404022
    },
    "position": {
        "pitch": 353.4880255014367,
        "roll": 251.46864242814507,
        "yaw": 158.65481690920942
    }
}