{
    "time": "2023-05-02T16:30:02.967302+02:00",
    "accelleration": {
        "x": 0.11224000155925751,
        "y": -0.9408639669418335,
        "z": -0.3096359968185425
    },
    "position": {
        "pitch": 353.54251418931415,
        "roll": 251.7813626392941,
        "yaw": 179.07249264042528
    }
}