{
    "time": "2023-06-07T22:20:03.417619+02:00",
    "accelleration": {
        "x": 0.11370399594306946,
        "y": -0.9403759837150574,
        "z": -0.3113439977169037
    },
    "position": {
        "pitch": 353.45458660280764,
        "roll": 251.68874527414872,
        "yaw": 158.11034154933267
    }
}