{
    "time": "2023-07-04T15:20:02.769222+02:00",
    "accelleration": {
        "x": 0.10858000069856644,
        "y": -0.9372040033340454,
        "z": -0.3037799894809723
    },
    "position": {
        "pitch": 353.7071981610528,
        "roll": 252.04106009191634,
        "yaw": 157.885778589801
    }
}