{
    "time": "2023-06-03T13:20:02.617965+02:00",
    "accelleration": {
        "x": 0.11443600058555603,
        "y": -0.9401319622993469,
        "z": -0.3118319809436798
    },
    "position": {
        "pitch": 353.4142184772656,
        "roll": 251.65449870565027,
        "yaw": 159.43916851273698
    }
}