{
    "time": "2023-04-29T23:20:03.112443+02:00",
    "accelleration": {
        "x": 0.10687199980020523,
        "y": -0.9393999576568604,
        "z": -0.3093920052051544
    },
    "position": {
        "pitch": 353.8326196441213,
        "roll": 251.78335022434257,
        "yaw": 133.23841259240635
    }
}