{
    "time": "2023-06-13T11:20:02.630481+02:00",
    "accelleration": {
        "x": 0.11150799691677094,
        "y": -0.9403759837150574,
        "z": -0.313539981842041
    },
    "position": {
        "pitch": 353.58333566866236,
        "roll": 251.56726352957088,
        "yaw": 157.91818100722352
    }
}