{
    "time": "2022-07-18T06:30:02.456686+02:00",
    "accelleration": {
        "x": 0.11273735016584396,
        "y": -0.9207592606544495,
        "z": -0.3352707624435425
    },
    "position": {
        "pitch": 353.4079376914369,
        "roll": 249.98689435941333,
        "yaw": 119.91413420105883
    }
}