{
    "time": "2022-07-20T02:20:02.637991+02:00",
    "accelleration": {
        "x": 0.10934310406446457,
        "y": -0.9200355410575867,
        "z": -0.3220142126083374
    },
    "position": {
        "pitch": 353.61879331507805,
        "roll": 250.69277391956663,
        "yaw": 181.40439116742502
    }
}