{
    "time": "2022-07-10T05:00:02.451183+02:00",
    "accelleration": {
        "x": 0.10813087970018387,
        "y": -0.8647948503494263,
        "z": -0.32779887318611145
    },
    "position": {
        "pitch": 353.3616832234908,
        "roll": 249.24846211767573,
        "yaw": 133.13336428297154
    }
}