{
    "time": "2023-06-17T19:10:03.223505+02:00",
    "accelleration": {
        "x": 0.11004399508237839,
        "y": -0.9396439790725708,
        "z": -0.30646398663520813
    },
    "position": {
        "pitch": 353.64493586412624,
        "roll": 251.93462525408,
        "yaw": 157.6258215899903
    }
}