{
    "time": "2023-05-27T05:00:03.008480+02:00",
    "accelleration": {
        "x": 0.11028799414634705,
        "y": -0.9396439790725708,
        "z": -0.3067080080509186
    },
    "position": {
        "pitch": 353.6410089322403,
        "roll": 251.92297978154514,
        "yaw": 184.9958412368011
    }
}