{
    "time": "2022-07-05T16:50:02.727667+02:00",
    "accelleration": {
        "x": 0.11394958198070526,
        "y": -0.9193118810653687,
        "z": -0.34539395570755005
    },
    "position": {
        "pitch": 353.39362332248385,
        "roll": 249.38473122180665,
        "yaw": 189.32526592524042
    }
}