{
    "time": "2023-05-05T17:20:02.815604+02:00",
    "accelleration": {
        "x": 0.11028799414634705,
        "y": -0.9384239912033081,
        "z": -0.3071959912776947
    },
    "position": {
        "pitch": 353.6301301484398,
        "roll": 251.87692381597174,
        "yaw": 104.2011679022286
    }
}