{
    "time": "2023-06-20T19:30:02.588086+02:00",
    "accelleration": {
        "x": 0.11248400062322617,
        "y": -0.9389119744300842,
        "z": -0.30573198199272156
    },
    "position": {
        "pitch": 353.5013490660733,
        "roll": 251.964876161914,
        "yaw": 157.84614983223656
    }
}