{
    "time": "2023-06-27T02:50:03.322494+02:00",
    "accelleration": {
        "x": 0.10833600163459778,
        "y": -0.9381799697875977,
        "z": -0.30109599232673645
    },
    "position": {
        "pitch": 353.726148520905,
        "roll": 252.21344040618908,
        "yaw": 157.4321037647504
    }
}