{
    "time": "2023-06-07T10:20:02.916991+02:00",
    "accelleration": {
        "x": 0.11321599781513214,
        "y": -0.9418399930000305,
        "z": -0.3184199929237366
    },
    "position": {
        "pitch": 353.50367944124076,
        "roll": 251.33027645593893,
        "yaw": 159.0394112009945
    }
}