{
    "time": "2023-04-27T22:30:02.709803+02:00",
    "accelleration": {
        "x": 0.11297199875116348,
        "y": -0.9396439790725708,
        "z": -0.3030479848384857
    },
    "position": {
        "pitch": 353.47765556672937,
        "roll": 252.1335408532783,
        "yaw": 203.82519745766555
    }
}