{
    "time": "2023-05-06T19:50:02.799124+02:00",
    "accelleration": {
        "x": 0.11150799691677094,
        "y": -0.9393999576568604,
        "z": -0.3067080080509186
    },
    "position": {
        "pitch": 353.5147170269395,
        "roll": 251.9187245736922,
        "yaw": 118.4764340222845
    }
}