{
    "time": "2023-06-08T10:20:03.286563+02:00",
    "accelleration": {
        "x": 0.11224000155925751,
        "y": -0.9403759837150574,
        "z": -0.313539981842041
    },
    "position": {
        "pitch": 353.4781878945978,
        "roll": 251.56442900106532,
        "yaw": 158.85520099907924
    }
}