{
    "time": "2023-05-07T17:40:02.470201+02:00",
    "accelleration": {
        "x": 0.11077599972486496,
        "y": -0.9393999576568604,
        "z": -0.31158798933029175
    },
    "position": {
        "pitch": 353.6152847322788,
        "roll": 251.66132206463112,
        "yaw": 141.66443448085755
    }
}