{
    "time": "2023-05-02T00:50:02.835360+02:00",
    "accelleration": {
        "x": 0.11004399508237839,
        "y": -0.9406200051307678,
        "z": -0.31622397899627686
    },
    "position": {
        "pitch": 353.6729375052892,
        "roll": 251.42926638757993,
        "yaw": 129.34780023738367
    }
}