{
    "time": "2022-07-18T23:20:03.050593+02:00",
    "accelleration": {
        "x": 0.11128267645835876,
        "y": -0.9207592606544495,
        "z": -0.3222552239894867
    },
    "position": {
        "pitch": 353.5121659512845,
        "roll": 250.6834712019171,
        "yaw": 177.1172007263474
    }
}