{
    "time": "2022-07-11T11:50:03.275505+02:00",
    "accelleration": {
        "x": 0.10982800275087357,
        "y": -0.9193118810653687,
        "z": -0.3241834342479706
    },
    "position": {
        "pitch": 353.5917295442655,
        "roll": 250.54843153183674,
        "yaw": 137.9874431223162
    }
}