{
    "time": "2023-05-17T00:30:02.582995+02:00",
    "accelleration": {
        "x": 0.1117519959807396,
        "y": -0.9428159594535828,
        "z": -0.3084160089492798
    },
    "position": {
        "pitch": 353.58143004588396,
        "roll": 251.89710702496913,
        "yaw": 117.641907849114
    }
}