{
    "time": "2023-05-19T11:10:03.157403+02:00",
    "accelleration": {
        "x": 0.11419199407100677,
        "y": -0.9420839548110962,
        "z": -0.31500399112701416
    },
    "position": {
        "pitch": 353.45046074166214,
        "roll": 251.52423333779979,
        "yaw": 197.540426213635
    }
}