{
    "time": "2023-06-19T19:10:02.978911+02:00",
    "accelleration": {
        "x": 0.11028799414634705,
        "y": -0.9381799697875977,
        "z": -0.30695199966430664
    },
    "position": {
        "pitch": 353.6250907494928,
        "roll": 251.8862265336213,
        "yaw": 157.7979013759396
    }
}