{
    "time": "2023-06-19T17:30:02.522777+02:00",
    "accelleration": {
        "x": 0.10979999601840973,
        "y": -0.9386679530143738,
        "z": -0.3030479848384857
    },
    "position": {
        "pitch": 353.646061137792,
        "roll": 252.10320798317426,
        "yaw": 157.19035604926697
    }
}