{
    "time": "2023-05-30T03:50:03.247190+02:00",
    "accelleration": {
        "x": 0.10931199789047241,
        "y": -0.9413520097732544,
        "z": -0.31549200415611267
    },
    "position": {
        "pitch": 353.71858152507826,
        "roll": 251.42314653808359,
        "yaw": 100.1025626266007
    }
}