{
    "time": "2023-06-05T03:30:02.865227+02:00",
    "accelleration": {
        "x": 0.11272799968719482,
        "y": -0.9406200051307678,
        "z": -0.31671199202537537
    },
    "position": {
        "pitch": 353.4571965888442,
        "roll": 251.39863298915242,
        "yaw": 158.69411781769367
    }
}