{
    "time": "2023-07-01T05:40:03.312228+02:00",
    "accelleration": {
        "x": 0.10931199789047241,
        "y": -0.9384239912033081,
        "z": -0.3084160089492798
    },
    "position": {
        "pitch": 353.6875242280354,
        "roll": 251.81561603798173,
        "yaw": 158.2682282021867
    }
}