{
    "time": "2023-05-02T14:30:03.070102+02:00",
    "accelleration": {
        "x": 0.11101999878883362,
        "y": -0.9381799697875977,
        "z": -0.31378400325775146
    },
    "position": {
        "pitch": 353.59791428055894,
        "roll": 251.5267605077927,
        "yaw": 185.45802647755752
    }
}