{
    "time": "2022-07-06T05:40:03.094743+02:00",
    "accelleration": {
        "x": 0.11225245893001556,
        "y": -0.9217241406440735,
        "z": -0.3441888391971588
    },
    "position": {
        "pitch": 353.50562946024877,
        "roll": 249.50643153243794,
        "yaw": 177.18910895792928
    }
}