{
    "time": "2023-05-17T03:50:03.249040+02:00",
    "accelleration": {
        "x": 0.10662800073623657,
        "y": -0.9401319622993469,
        "z": -0.31036800146102905
    },
    "position": {
        "pitch": 353.85026586472884,
        "roll": 251.74485527818035,
        "yaw": 203.83508757158373
    }
}