{
    "time": "2023-06-05T20:40:02.459754+02:00",
    "accelleration": {
        "x": 0.11321599781513214,
        "y": -0.9403759837150574,
        "z": -0.31280800700187683
    },
    "position": {
        "pitch": 353.4811159113176,
        "roll": 251.60646198521758,
        "yaw": 159.54244097298758
    }
}