{
    "time": "2023-06-01T22:30:02.917192+02:00",
    "accelleration": {
        "x": 0.11394799500703812,
        "y": -0.9413520097732544,
        "z": -0.31451600790023804
    },
    "position": {
        "pitch": 353.4501602133387,
        "roll": 251.53116597980735,
        "yaw": 159.87567224221416
    }
}