{
    "time": "2023-06-29T02:00:02.455180+02:00",
    "accelleration": {
        "x": 0.11028799414634705,
        "y": -0.9381799697875977,
        "z": -0.30329200625419617
    },
    "position": {
        "pitch": 353.6186080461968,
        "roll": 252.09214307671886,
        "yaw": 159.13052592452246
    }
}