{
    "time": "2023-06-30T20:30:03.017910+02:00",
    "accelleration": {
        "x": 0.11272799968719482,
        "y": -0.9401319622993469,
        "z": -0.3113439977169037
    },
    "position": {
        "pitch": 353.50959481194883,
        "roll": 251.6883832741227,
        "yaw": 158.82606341207998
    }
}