{
    "time": "2023-06-04T17:30:03.175140+02:00",
    "accelleration": {
        "x": 0.11199599504470825,
        "y": -0.9396439790725708,
        "z": -0.31573599576950073
    },
    "position": {
        "pitch": 353.553317414147,
        "roll": 251.43316642559603,
        "yaw": 159.0269256151917
    }
}