{
    "time": "2023-05-05T11:40:02.698572+02:00",
    "accelleration": {
        "x": 0.11370399594306946,
        "y": -0.9393999576568604,
        "z": -0.30866000056266785
    },
    "position": {
        "pitch": 353.44885095145213,
        "roll": 251.81748067962513,
        "yaw": 191.67862126414664
    }
}