{
    "time": "2023-07-04T04:30:03.259223+02:00",
    "accelleration": {
        "x": 0.11004399508237839,
        "y": -0.9389119744300842,
        "z": -0.30743998289108276
    },
    "position": {
        "pitch": 353.6438733428235,
        "roll": 251.87626811781143,
        "yaw": 157.82225783051987
    }
}