{
    "time": "2022-07-21T03:00:03.065488+02:00",
    "accelleration": {
        "x": 0.10473663359880447,
        "y": -0.9217241406440735,
        "z": -0.329968124628067
    },
    "position": {
        "pitch": 353.9020788259989,
        "roll": 250.29313272104002,
        "yaw": 139.46622005875898
    }
}