{
    "time": "2023-05-13T07:00:03.268358+02:00",
    "accelleration": {
        "x": 0.11101999878883362,
        "y": -0.9423279762268066,
        "z": -0.3164680004119873
    },
    "position": {
        "pitch": 353.6322385424592,
        "roll": 251.45502986112922,
        "yaw": 160.3361909168131
    }
}