{
    "time": "2022-07-01T17:50:03.387885+02:00",
    "accelleration": {
        "x": 0.11104022711515427,
        "y": -0.9207592606544495,
        "z": -0.3490093946456909
    },
    "position": {
        "pitch": 353.58422700834905,
        "roll": 249.2312295503998,
        "yaw": 171.25307351254125
    }
}