{
    "time": "2023-05-29T03:30:03.048734+02:00",
    "accelleration": {
        "x": 0.11321599781513214,
        "y": -0.9408639669418335,
        "z": -0.31768798828125
    },
    "position": {
        "pitch": 353.50045729949983,
        "roll": 251.35339664627944,
        "yaw": 192.38741731507554
    }
}