{
    "time": "2023-05-04T20:10:02.761647+02:00",
    "accelleration": {
        "x": 0.1134599968791008,
        "y": -0.9398880004882812,
        "z": -0.31280800700187683
    },
    "position": {
        "pitch": 353.42257435994145,
        "roll": 251.53369997998942,
        "yaw": 201.06444865552473
    }
}