{
    "time": "2023-06-07T15:20:03.377341+02:00",
    "accelleration": {
        "x": 0.11077599972486496,
        "y": -0.9396439790725708,
        "z": -0.3106119930744171
    },
    "position": {
        "pitch": 353.6129833854153,
        "roll": 251.71092972857292,
        "yaw": 158.4850867083346
    }
}