{
    "time": "2023-05-17T18:20:02.909783+02:00",
    "accelleration": {
        "x": 0.11126399785280228,
        "y": -0.941107988357544,
        "z": -0.3142719864845276
    },
    "position": {
        "pitch": 353.5993827712305,
        "roll": 251.5460762827655,
        "yaw": 136.87160877798956
    }
}