{
    "time": "2023-07-01T02:50:03.105154+02:00",
    "accelleration": {
        "x": 0.10955599695444107,
        "y": -0.9396439790725708,
        "z": -0.3071959912776947
    },
    "position": {
        "pitch": 353.677999102351,
        "roll": 251.9012597799845,
        "yaw": 158.40671711779785
    }
}