{
    "time": "2023-05-29T14:00:03.281137+02:00",
    "accelleration": {
        "x": 0.10833600163459778,
        "y": -0.9415959715843201,
        "z": -0.3089039921760559
    },
    "position": {
        "pitch": 353.7585505114407,
        "roll": 251.8425816248249,
        "yaw": 189.44060049956525
    }
}