{
    "time": "2023-07-03T22:10:02.821067+02:00",
    "accelleration": {
        "x": 0.11004399508237839,
        "y": -0.937936007976532,
        "z": -0.3079279959201813
    },
    "position": {
        "pitch": 353.6383729061075,
        "roll": 251.83191969953054,
        "yaw": 158.62531049199495
    }
}