{
    "time": "2023-06-23T19:50:02.513542+02:00",
    "accelleration": {
        "x": 0.10858000069856644,
        "y": -0.937936007976532,
        "z": -0.2996319830417633
    },
    "position": {
        "pitch": 353.7053710854498,
        "roll": 252.28433776977383,
        "yaw": 157.79836582880316
    }
}