{
    "time": "2023-06-27T00:10:04.444601+02:00",
    "accelleration": {
        "x": 0.10931199789047241,
        "y": -0.9384239912033081,
        "z": -0.3001199960708618
    },
    "position": {
        "pitch": 353.66989252157987,
        "roll": 252.27000120270597,
        "yaw": 158.14232049502667
    }
}