{
    "time": "2023-05-20T19:30:02.777470+02:00",
    "accelleration": {
        "x": 0.10687199980020523,
        "y": -0.9374479651451111,
        "z": -0.31768798828125
    },
    "position": {
        "pitch": 353.83731326474157,
        "roll": 251.29560641571197,
        "yaw": 180.2839942567328
    }
}