{
    "time": "2023-05-11T13:10:02.537961+02:00",
    "accelleration": {
        "x": 0.11077599972486496,
        "y": -0.9408639669418335,
        "z": -0.31207600235939026
    },
    "position": {
        "pitch": 353.6265733274295,
        "roll": 251.66149281936038,
        "yaw": 109.0797671206936
    }
}