{
    "time": "2023-05-29T21:50:03.347501+02:00",
    "accelleration": {
        "x": 0.11224000155925751,
        "y": -0.9401319622993469,
        "z": -0.3111000061035156
    },
    "position": {
        "pitch": 353.53972106883043,
        "roll": 251.69856025598602,
        "yaw": 118.51964179897399
    }
}