{
    "time": "2023-06-26T02:20:03.293609+02:00",
    "accelleration": {
        "x": 0.10931199789047241,
        "y": -0.9381799697875977,
        "z": -0.29987600445747375
    },
    "position": {
        "pitch": 353.6706045688008,
        "roll": 252.27722754284787,
        "yaw": 157.69693751962848
    }
}