{
    "time": "2022-07-12T02:50:02.763955+02:00",
    "accelleration": {
        "x": 0.10788843780755997,
        "y": -0.9246188998222351,
        "z": -0.3304502069950104
    },
    "position": {
        "pitch": 353.74812593522,
        "roll": 250.32046030790923,
        "yaw": 171.43221571409234
    }
}