{
    "time": "2023-06-18T09:50:02.793999+02:00",
    "accelleration": {
        "x": 0.1105320006608963,
        "y": -0.9401319622993469,
        "z": -0.30987998843193054
    },
    "position": {
        "pitch": 353.6307115682929,
        "roll": 251.7641437323965,
        "yaw": 157.893332779023
    }
}