{
    "time": "2023-05-13T00:50:02.800417+02:00",
    "accelleration": {
        "x": 0.11443600058555603,
        "y": -0.941107988357544,
        "z": -0.31573599576950073
    },
    "position": {
        "pitch": 353.4271202777209,
        "roll": 251.46510439015498,
        "yaw": 131.9093807233269
    }
}