{
    "time": "2023-05-19T21:30:02.526833+02:00",
    "accelleration": {
        "x": 0.10906799882650375,
        "y": -0.9420839548110962,
        "z": -0.31744399666786194
    },
    "position": {
        "pitch": 353.7389508567305,
        "roll": 251.38927562998953,
        "yaw": 172.85176125005276
    }
}