{
    "time": "2023-06-22T07:30:03.443685+02:00",
    "accelleration": {
        "x": 0.11077599972486496,
        "y": -0.9403759837150574,
        "z": -0.30573198199272156
    },
    "position": {
        "pitch": 353.61149525794985,
        "roll": 251.99561884336822,
        "yaw": 158.4715765941563
    }
}