{
    "time": "2023-06-10T21:10:02.563008+02:00",
    "accelleration": {
        "x": 0.11150799691677094,
        "y": -0.9398880004882812,
        "z": -0.3093920052051544
    },
    "position": {
        "pitch": 353.57045222434044,
        "roll": 251.77972339389328,
        "yaw": 158.23466465260523
    }
}