{
    "time": "2023-07-04T14:50:02.573859+02:00",
    "accelleration": {
        "x": 0.10833600163459778,
        "y": -0.9384239912033081,
        "z": -0.3042680025100708
    },
    "position": {
        "pitch": 353.73022486317905,
        "roll": 252.03863537476096,
        "yaw": 157.22514903289903
    }
}