{
    "time": "2023-06-17T20:10:02.747208+02:00",
    "accelleration": {
        "x": 0.11077599972486496,
        "y": -0.9391559958457947,
        "z": -0.3054879903793335
    },
    "position": {
        "pitch": 353.5988730683637,
        "roll": 251.98147352159714,
        "yaw": 157.68822219824753
    }
}