{
    "time": "2023-06-03T11:30:02.660886+02:00",
    "accelleration": {
        "x": 0.11272799968719482,
        "y": -0.9389119744300842,
        "z": -0.3152479827404022
    },
    "position": {
        "pitch": 353.506814071183,
        "roll": 251.44781718136568,
        "yaw": 159.37809296117874
    }
}