{
    "time": "2023-05-25T17:50:02.743844+02:00",
    "accelleration": {
        "x": 0.1105320006608963,
        "y": -0.9415959715843201,
        "z": -0.31768798828125
    },
    "position": {
        "pitch": 353.6523171641849,
        "roll": 251.30629566176304,
        "yaw": 184.38399289095136
    }
}