{
    "time": "2023-05-27T13:30:02.749118+02:00",
    "accelleration": {
        "x": 0.10931199789047241,
        "y": -0.9401319622993469,
        "z": -0.31378400325775146
    },
    "position": {
        "pitch": 353.7027269484674,
        "roll": 251.55398564182437,
        "yaw": 141.56978171933952
    }
}