{
    "time": "2022-07-14T22:00:02.671404+02:00",
    "accelleration": {
        "x": 0.10885821282863617,
        "y": -0.9202768206596375,
        "z": -0.323701411485672
    },
    "position": {
        "pitch": 353.64118224829053,
        "roll": 250.59877685620893,
        "yaw": 170.49742236390605
    }
}