{
    "time": "2023-05-10T07:00:03.383113+02:00",
    "accelleration": {
        "x": 0.10979999601840973,
        "y": -0.9423279762268066,
        "z": -0.3142719864845276
    },
    "position": {
        "pitch": 353.6951428771677,
        "roll": 251.56533741622493,
        "yaw": 189.04674447126564
    }
}