{
    "time": "2023-06-21T00:50:02.649524+02:00",
    "accelleration": {
        "x": 0.11199599504470825,
        "y": -0.9403759837150574,
        "z": -0.3067080080509186
    },
    "position": {
        "pitch": 353.5414755736735,
        "roll": 251.94251412257137,
        "yaw": 157.95828787802984
    }
}