{
    "time": "2023-07-05T02:40:02.861726+02:00",
    "accelleration": {
        "x": 0.10931199789047241,
        "y": -0.9381799697875977,
        "z": -0.30524399876594543
    },
    "position": {
        "pitch": 353.6777122344059,
        "roll": 251.98227948391917,
        "yaw": 157.91553089382558
    }
}