{
    "time": "2023-05-15T21:20:02.703986+02:00",
    "accelleration": {
        "x": 0.11199599504470825,
        "y": -0.9423279762268066,
        "z": -0.305976003408432
    },
    "position": {
        "pitch": 353.55390011466056,
        "roll": 252.0102900897054,
        "yaw": 99.17978357916448
    }
}