{
    "time": "2023-05-23T23:30:03.197826+02:00",
    "accelleration": {
        "x": 0.11443600058555603,
        "y": -0.9406200051307678,
        "z": -0.3123199939727783
    },
    "position": {
        "pitch": 353.4166256920612,
        "roll": 251.639984553664,
        "yaw": 166.30148689260548
    }
}