{
    "time": "2023-06-02T20:00:03.132536+02:00",
    "accelleration": {
        "x": 0.11321599781513214,
        "y": -0.9389119744300842,
        "z": -0.31207600235939026
    },
    "position": {
        "pitch": 353.4687558302408,
        "roll": 251.6881783684476,
        "yaw": 159.08229112860383
    }
}