{
    "time": "2022-07-02T18:10:03.177575+02:00",
    "accelleration": {
        "x": 0.11031289398670197,
        "y": -0.9173820614814758,
        "z": -0.3316553235054016
    },
    "position": {
        "pitch": 353.5572042186716,
        "roll": 250.09337700857384,
        "yaw": 183.80928711380815
    }
}