{
    "time": "2023-05-26T08:20:03.058212+02:00",
    "accelleration": {
        "x": 0.10979999601840973,
        "y": -0.9430599808692932,
        "z": -0.3164680004119873
    },
    "position": {
        "pitch": 353.70075942709957,
        "roll": 251.46154586159741,
        "yaw": 152.26577599730945
    }
}