{
    "time": "2022-07-01T14:30:02.650701+02:00",
    "accelleration": {
        "x": 0.11419202387332916,
        "y": -0.9193118810653687,
        "z": -0.340091347694397
    },
    "position": {
        "pitch": 353.37108796709106,
        "roll": 249.68141414878448,
        "yaw": 120.77617237620613
    }
}