{
    "time": "2023-06-15T15:40:03.060989+02:00",
    "accelleration": {
        "x": 0.11297199875116348,
        "y": -0.9406200051307678,
        "z": -0.3113439977169037
    },
    "position": {
        "pitch": 353.4936766292013,
        "roll": 251.68559655694133,
        "yaw": 157.82977103860688
    }
}