{
    "time": "2023-05-06T23:30:02.476657+02:00",
    "accelleration": {
        "x": 0.11272799968719482,
        "y": -0.941107988357544,
        "z": -0.30987998843193054
    },
    "position": {
        "pitch": 353.51765699649036,
        "roll": 251.78996184745915,
        "yaw": 198.37985646262956
    }
}