{
    "time": "2023-06-11T11:00:03.327045+02:00",
    "accelleration": {
        "x": 0.11150799691677094,
        "y": -0.9403759837150574,
        "z": -0.3101239800453186
    },
    "position": {
        "pitch": 353.57680771536315,
        "roll": 251.751951844728,
        "yaw": 158.41581492977232
    }
}