{
    "time": "2023-05-28T11:30:02.671107+02:00",
    "accelleration": {
        "x": 0.10955599695444107,
        "y": -0.9398880004882812,
        "z": -0.25351598858833313
    },
    "position": {
        "pitch": 353.58419114985594,
        "roll": 254.85252987883365,
        "yaw": 98.8465044986137
    }
}