{
    "time": "2023-05-12T23:20:03.337410+02:00",
    "accelleration": {
        "x": 0.10931199789047241,
        "y": -0.9406200051307678,
        "z": -0.31671199202537537
    },
    "position": {
        "pitch": 353.70929374846753,
        "roll": 251.40388540462416,
        "yaw": 159.78474876398295
    }
}