{
    "time": "2022-07-16T06:20:03.123341+02:00",
    "accelleration": {
        "x": 0.11031289398670197,
        "y": -0.9222065806388855,
        "z": -0.32635271549224854
    },
    "position": {
        "pitch": 353.58535783154355,
        "roll": 250.49043639559417,
        "yaw": 164.86395063837125
    }
}