{
    "time": "2023-06-23T03:40:03.197043+02:00",
    "accelleration": {
        "x": 0.10955599695444107,
        "y": -0.9389119744300842,
        "z": -0.3042680025100708
    },
    "position": {
        "pitch": 353.6703108706665,
        "roll": 252.04978907367558,
        "yaw": 158.76530204922352
    }
}