{
    "time": "2022-07-11T01:10:03.229181+02:00",
    "accelleration": {
        "x": 0.10716108977794647,
        "y": -0.9222065806388855,
        "z": -0.32490652799606323
    },
    "position": {
        "pitch": 353.7613683913602,
        "roll": 250.579256175561,
        "yaw": 187.0001739091197
    }
}