{
    "time": "2023-06-11T06:10:03.063985+02:00",
    "accelleration": {
        "x": 0.11272799968719482,
        "y": -0.9393999576568604,
        "z": -0.31500399112701416
    },
    "position": {
        "pitch": 353.51202507863286,
        "roll": 251.47139499438057,
        "yaw": 158.9087087010371
    }
}