{
    "time": "2023-06-26T00:20:02.618101+02:00",
    "accelleration": {
        "x": 0.10931199789047241,
        "y": -0.9376919865608215,
        "z": -0.3013399839401245
    },
    "position": {
        "pitch": 353.6706002999326,
        "roll": 252.19290202735488,
        "yaw": 158.3540700196754
    }
}