{
    "time": "2022-07-09T22:10:02.562463+02:00",
    "accelleration": {
        "x": 0.10934310406446457,
        "y": -0.9229303002357483,
        "z": -0.3205680251121521
    },
    "position": {
        "pitch": 353.6288614408015,
        "roll": 250.83006072188388,
        "yaw": 170.75405989178012
    }
}