{
    "time": "2023-05-01T08:10:02.636252+02:00",
    "accelleration": {
        "x": 0.11443600058555603,
        "y": -0.9430599808692932,
        "z": -0.31744399666786194
    },
    "position": {
        "pitch": 353.44729665652915,
        "roll": 251.4175252923967,
        "yaw": 194.80888330038516
    }
}