{
    "time": "2023-06-19T15:40:02.506738+02:00",
    "accelleration": {
        "x": 0.10906799882650375,
        "y": -0.9386679530143738,
        "z": -0.3067080080509186
    },
    "position": {
        "pitch": 353.6943953983404,
        "roll": 251.9071337426707,
        "yaw": 158.05811792293875
    }
}