{
    "time": "2022-07-16T06:10:03.128573+02:00",
    "accelleration": {
        "x": 0.11297979205846786,
        "y": -0.9219653606414795,
        "z": -0.3258706331253052
    },
    "position": {
        "pitch": 353.43032406332844,
        "roll": 250.51485432187695,
        "yaw": 122.63511764185182
    }
}