{
    "time": "2022-07-18T09:30:03.551821+02:00",
    "accelleration": {
        "x": 0.10788843780755997,
        "y": -0.9241364002227783,
        "z": -0.3256296217441559
    },
    "position": {
        "pitch": 353.7384326161273,
        "roll": 250.56332817441654,
        "yaw": 153.3728130579851
    }
}