{
    "time": "2023-06-22T19:10:03.372879+02:00",
    "accelleration": {
        "x": 0.11004399508237839,
        "y": -0.9381799697875977,
        "z": -0.301827996969223
    },
    "position": {
        "pitch": 353.62801748555216,
        "roll": 252.1676576481825,
        "yaw": 157.55863984931406
    }
}