{
    "time": "2023-05-05T01:40:02.485989+02:00",
    "accelleration": {
        "x": 0.11297199875116348,
        "y": -0.9403759837150574,
        "z": -0.3159799873828888
    },
    "position": {
        "pitch": 353.5129411777553,
        "roll": 251.44126702995163,
        "yaw": 176.62766740815422
    }
}