{
    "time": "2023-05-03T07:40:02.862209+02:00",
    "accelleration": {
        "x": 0.11394799500703812,
        "y": -0.9420839548110962,
        "z": -0.3169559836387634
    },
    "position": {
        "pitch": 353.46960320058474,
        "roll": 251.4273607648015,
        "yaw": 194.49688025909896
    }
}