{
    "time": "2023-05-22T04:30:03.364453+02:00",
    "accelleration": {
        "x": 0.11321599781513214,
        "y": -0.9425719976425171,
        "z": -0.32598400115966797
    },
    "position": {
        "pitch": 353.5235429120076,
        "roll": 250.945286013182,
        "yaw": 162.38539793197867
    }
}