{
    "time": "2023-05-02T04:20:02.617284+02:00",
    "accelleration": {
        "x": 0.11028799414634705,
        "y": -0.941107988357544,
        "z": -0.3164680004119873
    },
    "position": {
        "pitch": 353.66333084422155,
        "roll": 251.4307758593865,
        "yaw": 166.09656755712675
    }
}