{
    "time": "2023-07-04T20:00:02.619725+02:00",
    "accelleration": {
        "x": 0.10931199789047241,
        "y": -0.936959981918335,
        "z": -0.30451199412345886
    },
    "position": {
        "pitch": 353.6654281391836,
        "roll": 252.00124008905516,
        "yaw": 158.26391152263125
    }
}