{
    "time": "2023-06-10T11:10:02.723381+02:00",
    "accelleration": {
        "x": 0.1117519959807396,
        "y": -0.9389119744300842,
        "z": -0.31280800700187683
    },
    "position": {
        "pitch": 353.5581813626097,
        "roll": 251.57907292664584,
        "yaw": 158.13088675835607
    }
}