{
    "time": "2022-07-14T11:20:02.435086+02:00",
    "accelleration": {
        "x": 0.10982800275087357,
        "y": -0.9243776202201843,
        "z": -0.32442450523376465
    },
    "position": {
        "pitch": 353.62187287662005,
        "roll": 250.63350153794926,
        "yaw": 165.6735193003145
    }
}