{
    "time": "2023-06-19T13:40:03.140141+02:00",
    "accelleration": {
        "x": 0.11028799414634705,
        "y": -0.9391559958457947,
        "z": -0.30695199966430664
    },
    "position": {
        "pitch": 353.6293216247968,
        "roll": 251.90412162924673,
        "yaw": 157.8718176831375
    }
}