{
    "time": "2023-05-31T11:20:02.926497+02:00",
    "accelleration": {
        "x": 0.11467999964952469,
        "y": -0.9398880004882812,
        "z": -0.3184199929237366
    },
    "position": {
        "pitch": 353.41419798669807,
        "roll": 251.30283275585384,
        "yaw": 115.1781903135987
    }
}