{
    "time": "2023-07-03T09:30:02.870476+02:00",
    "accelleration": {
        "x": 0.1088239997625351,
        "y": -0.9372040033340454,
        "z": -0.3071959912776947
    },
    "position": {
        "pitch": 353.7035465711678,
        "roll": 251.85859841842858,
        "yaw": 158.29631394005378
    }
}