{
    "time": "2022-07-04T07:20:02.447546+02:00",
    "accelleration": {
        "x": 0.11201001703739166,
        "y": -0.9217241406440735,
        "z": -0.3494914472103119
    },
    "position": {
        "pitch": 353.5289669359823,
        "roll": 249.2259020028472,
        "yaw": 136.43662135050812
    }
}