{
    "time": "2022-07-06T10:00:02.970322+02:00",
    "accelleration": {
        "x": 0.10910066217184067,
        "y": -0.9185882210731506,
        "z": -0.3427426517009735
    },
    "position": {
        "pitch": 353.6701682904676,
        "roll": 249.51836387291797,
        "yaw": 122.38022864240529
    }
}