{
    "time": "2023-04-28T13:50:03.273760+02:00",
    "accelleration": {
        "x": 0.11077599972486496,
        "y": -0.9391559958457947,
        "z": -0.3067080080509186
    },
    "position": {
        "pitch": 353.60900309267646,
        "roll": 251.92698227239876,
        "yaw": 125.6176290259646
    }
}