{
    "time": "2023-07-04T00:30:02.659462+02:00",
    "accelleration": {
        "x": 0.1105320006608963,
        "y": -0.9384239912033081,
        "z": -0.30817198753356934
    },
    "position": {
        "pitch": 353.61789984095725,
        "roll": 251.82621649157358,
        "yaw": 158.2434892570129
    }
}