{
    "time": "2023-06-03T20:40:03.161615+02:00",
    "accelleration": {
        "x": 0.115167997777462,
        "y": -0.9406200051307678,
        "z": -0.3140279948711395
    },
    "position": {
        "pitch": 353.37638947454747,
        "roll": 251.54361058447512,
        "yaw": 158.70903495084096
    }
}