{
    "time": "2023-06-24T14:20:03.229426+02:00",
    "accelleration": {
        "x": 0.1088239997625351,
        "y": -0.9386679530143738,
        "z": -0.29938799142837524
    },
    "position": {
        "pitch": 353.6974651414855,
        "roll": 252.31027882824154,
        "yaw": 157.63628543979877
    }
}