{
    "time": "2023-06-27T02:30:02.461210+02:00",
    "accelleration": {
        "x": 0.10955599695444107,
        "y": -0.9381799697875977,
        "z": -0.30280399322509766
    },
    "position": {
        "pitch": 353.66219404461157,
        "roll": 252.1190062107245,
        "yaw": 158.35640594437155
    }
}