{
    "time": "2023-05-01T02:30:02.563274+02:00",
    "accelleration": {
        "x": 0.11467999964952469,
        "y": -0.9415959715843201,
        "z": -0.3106119930744171
    },
    "position": {
        "pitch": 353.4117574747303,
        "roll": 251.75548988271808,
        "yaw": 171.77675777658447
    }
}