{
    "time": "2023-06-10T00:40:02.758330+02:00",
    "accelleration": {
        "x": 0.11297199875116348,
        "y": -0.941107988357544,
        "z": -0.31549200415611267
    },
    "position": {
        "pitch": 353.50562433760695,
        "roll": 251.4721872963243,
        "yaw": 158.66462506085753
    }
}