{
    "time": "2023-05-04T00:50:03.429795+02:00",
    "accelleration": {
        "x": 0.10955599695444107,
        "y": -0.9389119744300842,
        "z": -0.3096359968185425
    },
    "position": {
        "pitch": 353.67958199869116,
        "roll": 251.7581536564944,
        "yaw": 189.35653453126073
    }
}