{
    "time": "2022-07-02T04:10:03.061390+02:00",
    "accelleration": {
        "x": 0.11443447321653366,
        "y": -0.9226890206336975,
        "z": -0.348045289516449
    },
    "position": {
        "pitch": 353.39479128483197,
        "roll": 249.32581401002614,
        "yaw": 138.3994537934297
    }
}