{
    "time": "2023-05-23T00:10:05.260983+02:00",
    "accelleration": {
        "x": 0.115167997777462,
        "y": -0.9372040033340454,
        "z": -0.3213479816913605
    },
    "position": {
        "pitch": 353.37425119845045,
        "roll": 251.08997674055956,
        "yaw": 124.67462578839597
    }
}