{
    "time": "2023-07-02T14:00:03.381719+02:00",
    "accelleration": {
        "x": 0.11004399508237839,
        "y": -0.936959981918335,
        "z": -0.30646398663520813
    },
    "position": {
        "pitch": 353.6276917709061,
        "roll": 251.8908710622569,
        "yaw": 157.7854021297585
    }
}