{
    "time": "2022-07-18T22:10:02.637569+02:00",
    "accelleration": {
        "x": 0.10497908294200897,
        "y": -0.9207592606544495,
        "z": -0.32129111886024475
    },
    "position": {
        "pitch": 353.8614959763848,
        "roll": 250.73402826215352,
        "yaw": 157.25068028001652
    }
}