{
    "time": "2023-06-29T19:10:02.869648+02:00",
    "accelleration": {
        "x": 0.10955599695444107,
        "y": -0.9389119744300842,
        "z": -0.30353599786758423
    },
    "position": {
        "pitch": 353.66620891518306,
        "roll": 252.0899710765628,
        "yaw": 158.44148278067323
    }
}