{
    "time": "2023-05-26T20:50:02.756048+02:00",
    "accelleration": {
        "x": 0.1105320006608963,
        "y": -0.9401319622993469,
        "z": -0.3142719864845276
    },
    "position": {
        "pitch": 353.6390883684231,
        "roll": 251.52086605453897,
        "yaw": 173.1809080661557
    }
}