{
    "time": "2022-07-18T03:00:02.742597+02:00",
    "accelleration": {
        "x": 0.10764598846435547,
        "y": -0.9229303002357483,
        "z": -0.32635271549224854
    },
    "position": {
        "pitch": 353.7997113658133,
        "roll": 250.50773043457264,
        "yaw": 156.0170661536422
    }
}