{
    "time": "2023-04-28T20:20:02.757401+02:00",
    "accelleration": {
        "x": 0.10613999515771866,
        "y": -0.9415959715843201,
        "z": -0.305976003408432
    },
    "position": {
        "pitch": 353.87933216162867,
        "roll": 252.00675205171535,
        "yaw": 160.84125608517886
    }
}