{
    "time": "2023-05-19T15:40:03.302192+02:00",
    "accelleration": {
        "x": 0.11394799500703812,
        "y": -0.9450119733810425,
        "z": -0.3211039900779724
    },
    "position": {
        "pitch": 353.49388708440506,
        "roll": 251.24612852536438,
        "yaw": 175.95695649203734
    }
}