{
    "time": "2022-07-10T00:20:02.887939+02:00",
    "accelleration": {
        "x": 0.10885821282863617,
        "y": -0.9212417006492615,
        "z": -0.3251475393772125
    },
    "position": {
        "pitch": 353.66102992424493,
        "roll": 250.5378242480557,
        "yaw": 130.42699744700238
    }
}