{
    "time": "2022-07-01T03:20:02.484600+02:00",
    "accelleration": {
        "x": 0.11176756769418716,
        "y": -0.9207592606544495,
        "z": -0.3425016403198242
    },
    "position": {
        "pitch": 353.52199502038695,
        "roll": 249.58674089669896,
        "yaw": 130.91026065153744
    }
}