{
    "time": "2023-07-05T17:10:03.160333+02:00",
    "accelleration": {
        "x": 0.10906799882650375,
        "y": -0.9376919865608215,
        "z": -0.30329200625419617
    },
    "position": {
        "pitch": 353.68204641632104,
        "roll": 252.07672733976213,
        "yaw": 157.8833197216998
    }
}