{
    "time": "2022-07-02T13:10:02.608348+02:00",
    "accelleration": {
        "x": 0.10934310406446457,
        "y": -0.9193118810653687,
        "z": -0.3492504358291626
    },
    "position": {
        "pitch": 353.6700760829138,
        "roll": 249.18505064142136,
        "yaw": 171.7004235824204
    }
}