{
    "time": "2023-05-07T15:40:03.414776+02:00",
    "accelleration": {
        "x": 0.1088239997625351,
        "y": -0.9393999576568604,
        "z": -0.31207600235939026
    },
    "position": {
        "pitch": 353.72468173778077,
        "roll": 251.6396840253405,
        "yaw": 126.49048622075722
    }
}