{
    "time": "2023-05-21T16:40:03.338359+02:00",
    "accelleration": {
        "x": 0.11394799500703812,
        "y": -0.9423279762268066,
        "z": -0.3159799873828888
    },
    "position": {
        "pitch": 353.4628814406678,
        "roll": 251.47340306999655,
        "yaw": 119.82005517543107
    }
}