{
    "time": "2022-07-16T02:30:03.360452+02:00",
    "accelleration": {
        "x": 0.10764598846435547,
        "y": -0.9226890206336975,
        "z": -0.33237841725349426
    },
    "position": {
        "pitch": 353.8135638432238,
        "roll": 250.18586460012494,
        "yaw": 159.41901945468544
    }
}