{
    "time": "2023-05-12T18:10:02.544940+02:00",
    "accelleration": {
        "x": 0.11297199875116348,
        "y": -0.9450119733810425,
        "z": -0.31573599576950073
    },
    "position": {
        "pitch": 353.53260102350754,
        "roll": 251.5383991501384,
        "yaw": 162.09320243928553
    }
}