{
    "time": "2023-05-06T22:30:02.936060+02:00",
    "accelleration": {
        "x": 0.11199599504470825,
        "y": -0.9403759837150574,
        "z": -0.3079279959201813
    },
    "position": {
        "pitch": 353.546465453749,
        "roll": 251.87671208010747,
        "yaw": 181.84493836889084
    }
}