{
    "time": "2023-05-25T11:50:02.557315+02:00",
    "accelleration": {
        "x": 0.11028799414634705,
        "y": -0.9420839548110962,
        "z": -0.3735640048980713
    },
    "position": {
        "pitch": 353.7846034142561,
        "roll": 248.4467003619538,
        "yaw": 156.74349775300806
    }
}