{
    "time": "2023-05-08T00:20:02.428792+02:00",
    "accelleration": {
        "x": 0.115167997777462,
        "y": -0.9430599808692932,
        "z": -0.313539981842041
    },
    "position": {
        "pitch": 353.40407863455584,
        "roll": 251.62416583554625,
        "yaw": 122.61996828227274
    }
}