{
    "time": "2023-04-29T12:50:03.415676+02:00",
    "accelleration": {
        "x": 0.10662800073623657,
        "y": -0.9396439790725708,
        "z": -0.30914798378944397
    },
    "position": {
        "pitch": 353.8460640177288,
        "roll": 251.8095098488637,
        "yaw": 186.9799702095548
    }
}