{
    "time": "2022-07-10T16:30:03.317782+02:00",
    "accelleration": {
        "x": 0.11176756769418716,
        "y": -0.9195531010627747,
        "z": -0.3287630081176758
    },
    "position": {
        "pitch": 353.4850573573555,
        "roll": 250.30716192959522,
        "yaw": 121.88210294623626
    }
}