{
    "time": "2022-07-19T04:30:02.907872+02:00",
    "accelleration": {
        "x": 0.11249490827322006,
        "y": -0.9202768206596375,
        "z": -0.3239424228668213
    },
    "position": {
        "pitch": 353.44453384500986,
        "roll": 250.5880739497795,
        "yaw": 122.35415098015417
    }
}