{
    "time": "2023-05-21T18:50:02.484575+02:00",
    "accelleration": {
        "x": 0.11248400062322617,
        "y": -0.9413520097732544,
        "z": -0.3189080059528351
    },
    "position": {
        "pitch": 353.54472034041606,
        "roll": 251.29089358518465,
        "yaw": 116.31743854640015
    }
}