{
    "time": "2023-06-27T16:30:02.499991+02:00",
    "accelleration": {
        "x": 0.10833600163459778,
        "y": -0.9376919865608215,
        "z": -0.29938799142837524
    },
    "position": {
        "pitch": 353.7166686452239,
        "roll": 252.29343558174827,
        "yaw": 157.30716594445252
    }
}