{
    "time": "2023-06-30T20:40:02.816478+02:00",
    "accelleration": {
        "x": 0.11224000155925751,
        "y": -0.9398880004882812,
        "z": -0.3093920052051544
    },
    "position": {
        "pitch": 353.531738285238,
        "roll": 251.78707267744022,
        "yaw": 158.75008438775274
    }
}