{
    "time": "2023-06-15T17:30:03.288482+02:00",
    "accelleration": {
        "x": 0.11272799968719482,
        "y": -0.9396439790725708,
        "z": -0.3113439977169037
    },
    "position": {
        "pitch": 353.49983233719075,
        "roll": 251.66983248033694,
        "yaw": 157.44296376553072
    }
}