{
    "time": "2022-07-05T22:00:02.405905+02:00",
    "accelleration": {
        "x": 0.11467691510915756,
        "y": -0.9193118810653687,
        "z": -0.3398503363132477
    },
    "position": {
        "pitch": 353.3432404320713,
        "roll": 249.68594256420423,
        "yaw": 122.9655485335187
    }
}