{
    "time": "2023-05-24T08:10:03.316062+02:00",
    "accelleration": {
        "x": 0.11492399871349335,
        "y": -0.9406200051307678,
        "z": -0.31207600235939026
    },
    "position": {
        "pitch": 353.3917800251816,
        "roll": 251.65568715856585,
        "yaw": 178.02968667870442
    }
}