{
    "time": "2022-07-02T11:40:02.864917+02:00",
    "accelleration": {
        "x": 0.11249490827322006,
        "y": -0.9195531010627747,
        "z": -0.3441888391971588
    },
    "position": {
        "pitch": 353.47950441356033,
        "roll": 249.45593594390402,
        "yaw": 123.36757346806564
    }
}