{
    "time": "2022-06-30T14:20:03.145756+02:00",
    "accelleration": {
        "x": 0.11419202387332916,
        "y": -0.9195531010627747,
        "z": -0.3444298505783081
    },
    "position": {
        "pitch": 353.3808777626058,
        "roll": 249.4380476784678,
        "yaw": 176.2431823993959
    }
}