{
    "time": "2023-06-12T20:20:02.839730+02:00",
    "accelleration": {
        "x": 0.11272799968719482,
        "y": -0.9403759837150574,
        "z": -0.3123199939727783
    },
    "position": {
        "pitch": 353.5104788945595,
        "roll": 251.6309140624462,
        "yaw": 157.7232610686897
    }
}