{
    "time": "2023-05-17T18:10:03.164148+02:00",
    "accelleration": {
        "x": 0.11248400062322617,
        "y": -0.9408639669418335,
        "z": -0.31549200415611267
    },
    "position": {
        "pitch": 353.53386973114584,
        "roll": 251.4730957114839,
        "yaw": 100.47169337010487
    }
}