{
    "time": "2023-05-31T06:00:02.474719+02:00",
    "accelleration": {
        "x": 0.1076039969921112,
        "y": -0.9381799697875977,
        "z": -0.25400400161743164
    },
    "position": {
        "pitch": 353.6838192772975,
        "roll": 254.7987011579848,
        "yaw": 119.98157548892353
    }
}