{
    "time": "2022-07-18T20:40:02.894414+02:00",
    "accelleration": {
        "x": 0.10619131475687027,
        "y": -0.9229303002357483,
        "z": -0.33069121837615967
    },
    "position": {
        "pitch": 353.83381321967875,
        "roll": 250.26436396425592,
        "yaw": 152.3063473209793
    }
}