{
    "time": "2023-05-04T14:30:02.767803+02:00",
    "accelleration": {
        "x": 0.11199599504470825,
        "y": -0.9406200051307678,
        "z": -0.3152479827404022
    },
    "position": {
        "pitch": 353.55875211029223,
        "roll": 251.48768499555104,
        "yaw": 142.31367128222394
    }
}