{
    "time": "2022-07-14T23:30:02.921572+02:00",
    "accelleration": {
        "x": 0.10861577093601227,
        "y": -0.9222065806388855,
        "z": -0.3268347680568695
    },
    "position": {
        "pitch": 353.680550178006,
        "roll": 250.4681563185216,
        "yaw": 130.30573426847795
    }
}