{
    "time": "2023-07-06T02:30:03.169208+02:00",
    "accelleration": {
        "x": 0.1105320006608963,
        "y": -0.9391559958457947,
        "z": -0.305976003408432
    },
    "position": {
        "pitch": 353.616326763014,
        "roll": 251.9593573690646,
        "yaw": 158.2733918251992
    }
}