{
    "time": "2023-06-26T02:50:02.844242+02:00",
    "accelleration": {
        "x": 0.10687199980020523,
        "y": -0.937936007976532,
        "z": -0.2996319830417633
    },
    "position": {
        "pitch": 353.8055016586822,
        "roll": 252.29062154381023,
        "yaw": 157.79208205476675
    }
}