{
    "time": "2022-06-30T11:40:03.073488+02:00",
    "accelleration": {
        "x": 0.11491936445236206,
        "y": -0.9205180406570435,
        "z": -0.34057337045669556
    },
    "position": {
        "pitch": 353.3400157290094,
        "roll": 249.6805467147599,
        "yaw": 176.04931430999423
    }
}