{
    "time": "2023-06-12T03:10:04.271051+02:00",
    "accelleration": {
        "x": 0.11126399785280228,
        "y": -0.9391559958457947,
        "z": -0.3101239800453186
    },
    "position": {
        "pitch": 353.58153719447654,
        "roll": 251.73124271116455,
        "yaw": 158.30632699737703
    }
}