{
    "time": "2023-06-24T15:10:03.310622+02:00",
    "accelleration": {
        "x": 0.10931199789047241,
        "y": -0.9391559958457947,
        "z": -0.30231598019599915
    },
    "position": {
        "pitch": 353.6777463853517,
        "roll": 252.15942727023264,
        "yaw": 159.0715677316069
    }
}