{
    "time": "2023-06-14T19:20:02.764496+02:00",
    "accelleration": {
        "x": 0.1117519959807396,
        "y": -0.9391559958457947,
        "z": -0.3142719864845276
    },
    "position": {
        "pitch": 353.5599341599054,
        "roll": 251.50327148723704,
        "yaw": 158.1146172477531
    }
}