{
    "time": "2023-05-27T21:50:02.752499+02:00",
    "accelleration": {
        "x": 0.10858000069856644,
        "y": -0.9406200051307678,
        "z": -0.3111000061035156
    },
    "position": {
        "pitch": 353.7439373217115,
        "roll": 251.7068999169626,
        "yaw": 154.72669315526502
    }
}