{
    "time": "2023-05-25T01:00:02.595592+02:00",
    "accelleration": {
        "x": 0.11467999964952469,
        "y": -0.9393999576568604,
        "z": -0.31963998079299927
    },
    "position": {
        "pitch": 353.41060189210003,
        "roll": 251.2236230520492,
        "yaw": 152.0597501711852
    }
}