{
    "time": "2022-07-15T23:30:03.055347+02:00",
    "accelleration": {
        "x": 0.10958555340766907,
        "y": -0.9222065806388855,
        "z": -0.32346034049987793
    },
    "position": {
        "pitch": 353.6173141522359,
        "roll": 250.6553786338608,
        "yaw": 121.98553933102693
    }
}