{
    "time": "2022-07-11T10:20:03.051593+02:00",
    "accelleration": {
        "x": 0.11128267645835876,
        "y": -0.9214829206466675,
        "z": -0.33261945843696594
    },
    "position": {
        "pitch": 353.53711279034115,
        "roll": 250.14107221954802,
        "yaw": 130.19593214738083
    }
}