{
    "time": "2022-06-29T16:10:02.425336+02:00",
    "accelleration": {
        "x": 0.11249490827322006,
        "y": -0.9178645610809326,
        "z": -0.3432247042655945
    },
    "position": {
        "pitch": 353.4633471741918,
        "roll": 249.47177515258932,
        "yaw": 127.99188474373108
    }
}