{
    "time": "2023-06-01T09:00:02.838670+02:00",
    "accelleration": {
        "x": 0.10906799882650375,
        "y": -0.9415959715843201,
        "z": -0.3164680004119873
    },
    "position": {
        "pitch": 353.73299066290605,
        "roll": 251.44103480351987,
        "yaw": 116.12016902279184
    }
}