{
    "time": "2022-07-21T02:30:03.044187+02:00",
    "accelleration": {
        "x": 0.10740353912115097,
        "y": -0.9219653606414795,
        "z": -0.3290040194988251
    },
    "position": {
        "pitch": 353.75865595248604,
        "roll": 250.35396921597732,
        "yaw": 146.8222928137277
    }
}