{
    "time": "2023-05-05T18:20:04.230039+02:00",
    "accelleration": {
        "x": 0.10979999601840973,
        "y": -0.9381799697875977,
        "z": -0.3101239800453186
    },
    "position": {
        "pitch": 353.65940007035425,
        "roll": 251.71999338960154,
        "yaw": 192.18124122478955
    }
}