{
    "time": "2023-05-01T08:40:03.054498+02:00",
    "accelleration": {
        "x": 0.10979999601840973,
        "y": -0.9430599808692932,
        "z": -0.3125639855861664
    },
    "position": {
        "pitch": 353.69578918381796,
        "roll": 251.67285142395008,
        "yaw": 143.5611506926134
    }
}