{
    "time": "2023-06-08T01:50:03.281537+02:00",
    "accelleration": {
        "x": 0.1134599968791008,
        "y": -0.9403759837150574,
        "z": -0.3140279948711395
    },
    "position": {
        "pitch": 353.4725414625883,
        "roll": 251.5423401692895,
        "yaw": 158.82797586504756
    }
}