{
    "time": "2022-07-14T09:50:02.708898+02:00",
    "accelleration": {
        "x": 0.10546397417783737,
        "y": -0.9219653606414795,
        "z": -0.32611170411109924
    },
    "position": {
        "pitch": 353.8528583484057,
        "roll": 250.5018633020756,
        "yaw": 161.18758765723354
    }
}