{
    "time": "2022-07-14T19:30:02.458507+02:00",
    "accelleration": {
        "x": 0.10376685857772827,
        "y": -0.9197943806648254,
        "z": -0.31960391998291016
    },
    "position": {
        "pitch": 353.91916369043406,
        "roll": 250.80734351270442,
        "yaw": 154.0199734818438
    }
}