{
    "time": "2023-05-10T00:30:02.763936+02:00",
    "accelleration": {
        "x": 0.11101999878883362,
        "y": -0.9415959715843201,
        "z": -0.313539981842041
    },
    "position": {
        "pitch": 353.61758437159494,
        "roll": 251.52932865892063,
        "yaw": 160.43528330129166
    }
}