{
    "time": "2022-07-18T04:20:02.470348+02:00",
    "accelleration": {
        "x": 0.10910066217184067,
        "y": -0.9210004806518555,
        "z": -0.322496235370636
    },
    "position": {
        "pitch": 353.6328220967464,
        "roll": 250.67845784306627,
        "yaw": 115.00478547095042
    }
}