{
    "time": "2023-06-18T10:10:02.589938+02:00",
    "accelleration": {
        "x": 0.10979999601840973,
        "y": -0.9389119744300842,
        "z": -0.3076840043067932
    },
    "position": {
        "pitch": 353.6595076458337,
        "roll": 251.86089336198972,
        "yaw": 157.86963202260307
    }
}