{
    "time": "2023-06-21T03:10:02.718538+02:00",
    "accelleration": {
        "x": 0.11101999878883362,
        "y": -0.9393999576568604,
        "z": -0.30866000056266785
    },
    "position": {
        "pitch": 353.5975518536461,
        "roll": 251.82066354777834,
        "yaw": 158.75388197293128
    }
}