{
    "time": "2023-06-10T12:40:02.829282+02:00",
    "accelleration": {
        "x": 0.11101999878883362,
        "y": -0.9391559958457947,
        "z": -0.3093920052051544
    },
    "position": {
        "pitch": 353.59374060808926,
        "roll": 251.7693141855982,
        "yaw": 157.81064650893086
    }
}