{
    "time": "2022-07-20T15:40:04.355793+02:00",
    "accelleration": {
        "x": 0.10861577093601227,
        "y": -0.9236539602279663,
        "z": -0.32466551661491394
    },
    "position": {
        "pitch": 353.6873688412318,
        "roll": 250.61558595175632,
        "yaw": 133.27832821791588
    }
}