{
    "time": "2023-05-04T08:50:02.426860+02:00",
    "accelleration": {
        "x": 0.10858000069856644,
        "y": -0.9406200051307678,
        "z": -0.3125639855861664
    },
    "position": {
        "pitch": 353.748154963524,
        "roll": 251.6315356096607,
        "yaw": 187.15659890149132
    }
}