{
    "time": "2023-06-19T21:10:02.869401+02:00",
    "accelleration": {
        "x": 0.11004399508237839,
        "y": -0.9389119744300842,
        "z": -0.3079279959201813
    },
    "position": {
        "pitch": 353.64476937826527,
        "roll": 251.84758815348653,
        "yaw": 157.5114842232843
    }
}