{
    "time": "2023-05-13T06:10:03.220958+02:00",
    "accelleration": {
        "x": 0.10979999601840973,
        "y": -0.9413520097732544,
        "z": -0.3159799873828888
    },
    "position": {
        "pitch": 353.68869902057264,
        "roll": 251.46410718253617,
        "yaw": 186.23405891067605
    }
}