{
    "time": "2023-06-09T06:40:02.750534+02:00",
    "accelleration": {
        "x": 0.11297199875116348,
        "y": -0.9408639669418335,
        "z": -0.31500399112701416
    },
    "position": {
        "pitch": 353.5053690592867,
        "roll": 251.49848352462885,
        "yaw": 158.4756064057666
    }
}