{
    "time": "2023-06-14T00:20:03.122918+02:00",
    "accelleration": {
        "x": 0.11492399871349335,
        "y": -0.9428159594535828,
        "z": -0.3147599995136261
    },
    "position": {
        "pitch": 353.40575886109167,
        "roll": 251.54282511272055,
        "yaw": 157.9779998039745
    }
}