{
    "time": "2023-05-27T21:00:02.619257+02:00",
    "accelleration": {
        "x": 0.10955599695444107,
        "y": -0.9386679530143738,
        "z": -0.30866000056266785
    },
    "position": {
        "pitch": 353.67170593680447,
        "roll": 251.8015868294265,
        "yaw": 194.32837949227476
    }
}