{
    "time": "2022-07-04T01:30:02.485087+02:00",
    "accelleration": {
        "x": 0.11031289398670197,
        "y": -0.9190706610679626,
        "z": -0.3410554528236389
    },
    "position": {
        "pitch": 353.5938084830941,
        "roll": 249.62404738994556,
        "yaw": 132.83243980851913
    }
}