{
    "time": "2023-05-12T08:30:02.477468+02:00",
    "accelleration": {
        "x": 0.11565599590539932,
        "y": -0.9413520097732544,
        "z": -0.31500399112701416
    },
    "position": {
        "pitch": 353.35789588359603,
        "roll": 251.5071442044964,
        "yaw": 151.39671638769536
    }
}