{
    "time": "2022-07-13T20:50:02.827382+02:00",
    "accelleration": {
        "x": 0.10837332904338837,
        "y": -0.9212417006492615,
        "z": -0.33261945843696594
    },
    "position": {
        "pitch": 353.70657533317785,
        "roll": 250.13791667215148,
        "yaw": 109.44994288314079
    }
}