{
    "time": "2023-05-11T18:10:02.627818+02:00",
    "accelleration": {
        "x": 0.11199599504470825,
        "y": -0.9433040022850037,
        "z": -0.30914798378944397
    },
    "position": {
        "pitch": 353.51557976520905,
        "roll": 251.85859841842858,
        "yaw": 129.82294917718477
    }
}