{
    "time": "2023-06-16T20:00:03.107054+02:00",
    "accelleration": {
        "x": 0.11101999878883362,
        "y": -0.9389119744300842,
        "z": -0.3096359968185425
    },
    "position": {
        "pitch": 353.58939703466393,
        "roll": 251.7512005239193,
        "yaw": 156.76352386765453
    }
}