{
    "time": "2023-06-24T23:10:03.100869+02:00",
    "accelleration": {
        "x": 0.10979999601840973,
        "y": -0.9398880004882812,
        "z": -0.3020719885826111
    },
    "position": {
        "pitch": 353.65629318805554,
        "roll": 252.18746519677552,
        "yaw": 158.0101426742086
    }
}