{
    "time": "2023-05-10T22:50:02.545121+02:00",
    "accelleration": {
        "x": 0.11297199875116348,
        "y": -0.9428159594535828,
        "z": -0.3142719864845276
    },
    "position": {
        "pitch": 353.5189483291303,
        "roll": 251.58822538013362,
        "yaw": 182.08023838579777
    }
}