{
    "time": "2023-06-26T18:20:02.553646+02:00",
    "accelleration": {
        "x": 0.10809199512004852,
        "y": -0.9374479651451111,
        "z": -0.2991439998149872
    },
    "position": {
        "pitch": 353.7266031553716,
        "roll": 252.30382429947588,
        "yaw": 156.99441158235766
    }
}