{
    "time": "2022-06-30T14:50:02.652172+02:00",
    "accelleration": {
        "x": 0.10788843780755997,
        "y": -0.9181057810783386,
        "z": -0.34708115458488464
    },
    "position": {
        "pitch": 353.7281604385024,
        "roll": 249.2816295162853,
        "yaw": 134.3010807442336
    }
}