{
    "time": "2023-06-27T15:10:02.676748+02:00",
    "accelleration": {
        "x": 0.10613999515771866,
        "y": -0.9376919865608215,
        "z": -0.2971920073032379
    },
    "position": {
        "pitch": 353.8367681302684,
        "roll": 252.40971955236776,
        "yaw": 157.16434668890756
    }
}