{
    "time": "2023-04-29T17:00:02.754567+02:00",
    "accelleration": {
        "x": 0.10931199789047241,
        "y": -0.9418399930000305,
        "z": -0.31036800146102905
    },
    "position": {
        "pitch": 353.709616048019,
        "roll": 251.7729546764258,
        "yaw": 113.64057129745626
    }
}