{
    "time": "2022-07-06T22:10:02.611997+02:00",
    "accelleration": {
        "x": 0.11201001703739166,
        "y": -0.9202768206596375,
        "z": -0.34828630089759827
    },
    "position": {
        "pitch": 353.5271697424569,
        "roll": 249.25230751417845,
        "yaw": 167.68551544488184
    }
}