{
    "time": "2022-07-01T22:10:03.346003+02:00",
    "accelleration": {
        "x": 0.11055533587932587,
        "y": -0.9193118810653687,
        "z": -0.33912724256515503
    },
    "position": {
        "pitch": 353.5720035310557,
        "roll": 249.74003083224153,
        "yaw": 189.4631401238263
    }
}