{
    "time": "2023-05-05T06:20:03.821387+02:00",
    "accelleration": {
        "x": 0.10858000069856644,
        "y": -0.9398880004882812,
        "z": -0.31451600790023804
    },
    "position": {
        "pitch": 353.75134508875317,
        "roll": 251.5166040164969,
        "yaw": 102.36797927994303
    }
}