{
    "time": "2023-05-17T04:00:02.539221+02:00",
    "accelleration": {
        "x": 0.11224000155925751,
        "y": -0.941107988357544,
        "z": -0.31622397899627686
    },
    "position": {
        "pitch": 353.55967205139603,
        "roll": 251.44304287913585,
        "yaw": 113.16703428229927
    }
}