{
    "time": "2023-05-23T21:00:03.418240+02:00",
    "accelleration": {
        "x": 0.11077599972486496,
        "y": -0.9401319622993469,
        "z": -0.31622397899627686
    },
    "position": {
        "pitch": 353.6231748814306,
        "roll": 251.35250872168734,
        "yaw": 152.9492047256609
    }
}