{
    "time": "2022-07-21T01:30:03.245017+02:00",
    "accelleration": {
        "x": 0.11079778522253036,
        "y": -0.9205180406570435,
        "z": -0.3193628787994385
    },
    "position": {
        "pitch": 353.481643543431,
        "roll": 250.84908279872238,
        "yaw": 191.04085918058587
    }
}