{
    "time": "2023-06-24T01:40:02.847436+02:00",
    "accelleration": {
        "x": 0.11004399508237839,
        "y": -0.9396439790725708,
        "z": -0.30451199412345886
    },
    "position": {
        "pitch": 353.64733795628,
        "roll": 252.0508819039428,
        "yaw": 158.67623638244658
    }
}