{
    "time": "2023-07-04T23:40:02.973510+02:00",
    "accelleration": {
        "x": 0.11101999878883362,
        "y": -0.9386679530143738,
        "z": -0.30621999502182007
    },
    "position": {
        "pitch": 353.5859904778154,
        "roll": 251.93810865055673,
        "yaw": 157.75823163724016
    }
}