{
    "time": "2023-06-15T18:40:02.583247+02:00",
    "accelleration": {
        "x": 0.11321599781513214,
        "y": -0.9393999576568604,
        "z": -0.30987998843193054
    },
    "position": {
        "pitch": 353.4682418585058,
        "roll": 251.74441814607349,
        "yaw": 157.71737344562516
    }
}