{
    "time": "2023-05-05T22:20:03.153062+02:00",
    "accelleration": {
        "x": 0.11199599504470825,
        "y": -0.9386679530143738,
        "z": -0.3054879903793335
    },
    "position": {
        "pitch": 353.5320208843149,
        "roll": 251.98020310641152,
        "yaw": 113.96764173605149
    }
}