{
    "time": "2023-05-16T13:20:03.354918+02:00",
    "accelleration": {
        "x": 0.10858000069856644,
        "y": -0.9396439790725708,
        "z": -0.31915199756622314
    },
    "position": {
        "pitch": 353.75258562186116,
        "roll": 251.25868241305886,
        "yaw": 99.69098225740491
    }
}