{
    "time": "2023-05-20T13:00:03.089437+02:00",
    "accelleration": {
        "x": 0.11321599781513214,
        "y": -0.9428159594535828,
        "z": -0.31793197989463806
    },
    "position": {
        "pitch": 353.5136668853546,
        "roll": 251.3763392517015,
        "yaw": 140.8575432530689
    }
}