{
    "time": "2023-05-01T12:10:02.711840+02:00",
    "accelleration": {
        "x": 0.1163880005478859,
        "y": -0.9425719976425171,
        "z": -0.31622397899627686
    },
    "position": {
        "pitch": 353.33383568847097,
        "roll": 251.46845801303746,
        "yaw": 198.2835234745757
    }
}