{
    "time": "2023-06-27T14:10:02.772553+02:00",
    "accelleration": {
        "x": 0.1088239997625351,
        "y": -0.937936007976532,
        "z": -0.2996319830417633
    },
    "position": {
        "pitch": 353.69458920495816,
        "roll": 252.28523935474428,
        "yaw": 158.37731998361014
    }
}