{
    "time": "2023-06-30T16:30:03.378291+02:00",
    "accelleration": {
        "x": 0.10979999601840973,
        "y": -0.9389119744300842,
        "z": -0.3050000071525574
    },
    "position": {
        "pitch": 353.6546129615197,
        "roll": 252.01571325990642,
        "yaw": 157.93040704583785
    }
}