{
    "time": "2023-05-19T01:50:03.871744+02:00",
    "accelleration": {
        "x": 0.11101999878883362,
        "y": -0.9425719976425171,
        "z": -0.3101239800453186
    },
    "position": {
        "pitch": 353.6185615155331,
        "roll": 251.80178490491244,
        "yaw": 96.86281948815606
    }
}