{
    "time": "2022-07-01T18:50:02.876054+02:00",
    "accelleration": {
        "x": 0.11322224140167236,
        "y": -0.9183470010757446,
        "z": -0.3367169499397278
    },
    "position": {
        "pitch": 353.41201317993733,
        "roll": 249.8422377829816,
        "yaw": 109.05561557178844
    }
}