{
    "time": "2023-06-05T05:20:02.993577+02:00",
    "accelleration": {
        "x": 0.1134599968791008,
        "y": -0.9413520097732544,
        "z": -0.3184199929237366
    },
    "position": {
        "pitch": 353.5351879576557,
        "roll": 251.32325502147216,
        "yaw": 158.664843626911
    }
}