{
    "time": "2022-07-13T16:40:03.282771+02:00",
    "accelleration": {
        "x": 0.10303951054811478,
        "y": -0.9243776202201843,
        "z": -0.3268347680568695
    },
    "position": {
        "pitch": 354.00118401708215,
        "roll": 250.5065078307112,
        "yaw": 145.68484775086714
    }
}