{
    "time": "2023-06-15T16:30:03.019108+02:00",
    "accelleration": {
        "x": 0.11248400062322617,
        "y": -0.9406200051307678,
        "z": -0.3123199939727783
    },
    "position": {
        "pitch": 353.5238707610878,
        "roll": 251.6344042891121,
        "yaw": 157.4787266360249
    }
}