{
    "time": "2022-07-01T22:30:03.225477+02:00",
    "accelleration": {
        "x": 0.11322224140167236,
        "y": -0.9183470010757446,
        "z": -0.3367169499397278
    },
    "position": {
        "pitch": 353.41085290155206,
        "roll": 249.8492114061242,
        "yaw": 126.6104106822043
    }
}