{
    "time": "2022-07-02T19:10:03.342547+02:00",
    "accelleration": {
        "x": 0.10764598846435547,
        "y": -0.9171409010887146,
        "z": -0.34394779801368713
    },
    "position": {
        "pitch": 353.7285386602277,
        "roll": 249.4339154140199,
        "yaw": 177.11687287726724
    }
}