{
    "time": "2022-07-02T15:40:03.162411+02:00",
    "accelleration": {
        "x": 0.11249490827322006,
        "y": -0.9181057810783386,
        "z": -0.3425016403198242
    },
    "position": {
        "pitch": 353.46660901640735,
        "roll": 249.51222353285414,
        "yaw": 181.70314364172137
    }
}