{
    "time": "2023-05-04T22:40:03.194342+02:00",
    "accelleration": {
        "x": 0.11126399785280228,
        "y": -0.9413520097732544,
        "z": -0.30866000056266785
    },
    "position": {
        "pitch": 353.59003266914357,
        "roll": 251.85929509772393,
        "yaw": 187.3691817092188
    }
}