{
    "time": "2022-07-01T20:00:03.290258+02:00",
    "accelleration": {
        "x": 0.10740353912115097,
        "y": -0.9217241406440735,
        "z": -0.34563499689102173
    },
    "position": {
        "pitch": 353.7759017532535,
        "roll": 249.4243736397494,
        "yaw": 161.08465670644145
    }
}