{
    "time": "2023-07-05T08:50:02.488356+02:00",
    "accelleration": {
        "x": 0.1105320006608963,
        "y": -0.9374479651451111,
        "z": -0.30817198753356934
    },
    "position": {
        "pitch": 353.61127541123597,
        "roll": 251.80924347148607,
        "yaw": 158.20549974484928
    }
}