{
    "time": "2022-07-10T22:10:03.255199+02:00",
    "accelleration": {
        "x": 0.10716108977794647,
        "y": -0.9214829206466675,
        "z": -0.32297831773757935
    },
    "position": {
        "pitch": 353.74734473233366,
        "roll": 250.6586639548516,
        "yaw": 132.20986806567245
    }
}