{
    "time": "2023-06-06T14:00:03.231531+02:00",
    "accelleration": {
        "x": 0.1134599968791008,
        "y": -0.9401319622993469,
        "z": -0.3130519986152649
    },
    "position": {
        "pitch": 353.46862008023106,
        "roll": 251.58836198391703,
        "yaw": 157.94798795276148
    }
}