{
    "time": "2023-06-20T23:50:02.461612+02:00",
    "accelleration": {
        "x": 0.1105320006608963,
        "y": -0.9401319622993469,
        "z": -0.30695199966430664
    },
    "position": {
        "pitch": 353.6240734781933,
        "roll": 251.92213283808806,
        "yaw": 158.14150087232628
    }
}