{
    "time": "2023-05-25T05:00:03.291641+02:00",
    "accelleration": {
        "x": 0.11224000155925751,
        "y": -0.9401319622993469,
        "z": -0.3193959891796112
    },
    "position": {
        "pitch": 353.55541385533536,
        "roll": 251.2521595824015,
        "yaw": 123.20780168300071
    }
}