{
    "time": "2023-05-06T03:20:03.238854+02:00",
    "accelleration": {
        "x": 0.10784799605607986,
        "y": -0.9396439790725708,
        "z": -0.3101239800453186
    },
    "position": {
        "pitch": 353.77612672260926,
        "roll": 251.74725267457904,
        "yaw": 171.1745263370861
    }
}