{
    "time": "2023-06-02T00:00:03.390276+02:00",
    "accelleration": {
        "x": 0.11394799500703812,
        "y": -0.9408639669418335,
        "z": -0.3142719864845276
    },
    "position": {
        "pitch": 353.44622645126356,
        "roll": 251.5323885836688,
        "yaw": 157.43878368975868
    }
}