{
    "time": "2023-06-01T00:00:03.058900+02:00",
    "accelleration": {
        "x": 0.10833600163459778,
        "y": -0.9398880004882812,
        "z": -0.30914798378944397
    },
    "position": {
        "pitch": 353.750906249099,
        "roll": 251.79442196098717,
        "yaw": 149.82442050113676
    }
}