{
    "time": "2022-06-30T19:50:03.004531+02:00",
    "accelleration": {
        "x": 0.11370714008808136,
        "y": -0.9185882210731506,
        "z": -0.34852734208106995
    },
    "position": {
        "pitch": 353.4130338663314,
        "roll": 249.20502894474362,
        "yaw": 182.53970521126453
    }
}