{
    "time": "2023-06-17T16:00:03.223522+02:00",
    "accelleration": {
        "x": 0.10955599695444107,
        "y": -0.937936007976532,
        "z": -0.3071959912776947
    },
    "position": {
        "pitch": 353.6621406837587,
        "roll": 251.86770989078138,
        "yaw": 157.9247516492051
    }
}