{
    "time": "2023-06-07T07:20:02.561128+02:00",
    "accelleration": {
        "x": 0.11297199875116348,
        "y": -0.9418399930000305,
        "z": -0.31549200415611267
    },
    "position": {
        "pitch": 353.5138585575382,
        "roll": 251.4900004296797,
        "yaw": 159.06174591958043
    }
}