{
    "time": "2022-07-18T11:10:02.800857+02:00",
    "accelleration": {
        "x": 0.10958555340766907,
        "y": -0.9226890206336975,
        "z": -0.33286046981811523
    },
    "position": {
        "pitch": 353.6329254033576,
        "roll": 250.14712376715266,
        "yaw": 162.8558750223875
    }
}