{
    "time": "2022-06-30T19:10:02.700543+02:00",
    "accelleration": {
        "x": 0.10958555340766907,
        "y": -0.9181057810783386,
        "z": -0.35141968727111816
    },
    "position": {
        "pitch": 353.64607864015176,
        "roll": 249.04540059365127,
        "yaw": 176.64761156053066
    }
}