{
    "time": "2023-06-04T06:50:02.485197+02:00",
    "accelleration": {
        "x": 0.11370399594306946,
        "y": -0.9423279762268066,
        "z": -0.3184199929237366
    },
    "position": {
        "pitch": 353.48030354569323,
        "roll": 251.33946306037262,
        "yaw": 159.6488553202564
    }
}