{
    "time": "2022-07-02T00:50:03.718098+02:00",
    "accelleration": {
        "x": 0.11031289398670197,
        "y": -0.9190706610679626,
        "z": -0.3458760380744934
    },
    "position": {
        "pitch": 353.60217631860104,
        "roll": 249.3626218994633,
        "yaw": 141.7604942613446
    }
}