{
    "time": "2022-07-18T13:10:03.101735+02:00",
    "accelleration": {
        "x": 0.10522152483463287,
        "y": -0.9224478602409363,
        "z": -0.3268347680568695
    },
    "position": {
        "pitch": 353.8675744178593,
        "roll": 250.46532179001605,
        "yaw": 158.26766812667475
    }
}