{
    "time": "2023-06-06T13:30:02.913858+02:00",
    "accelleration": {
        "x": 0.11272799968719482,
        "y": -0.9396439790725708,
        "z": -0.3130519986152649
    },
    "position": {
        "pitch": 353.5073058448032,
        "roll": 251.57845137943136,
        "yaw": 157.94152659380663
    }
}