{
    "time": "2023-05-09T21:50:03.574786+02:00",
    "accelleration": {
        "x": 0.10979999601840973,
        "y": -0.9403759837150574,
        "z": -0.37380799651145935
    },
    "position": {
        "pitch": 353.80274994622033,
        "roll": 248.4017508870259,
        "yaw": 138.0461417680433
    }
}