{
    "time": "2023-05-22T22:40:02.489262+02:00",
    "accelleration": {
        "x": 0.115167997777462,
        "y": -0.9406200051307678,
        "z": -0.3152479827404022
    },
    "position": {
        "pitch": 353.3837882769659,
        "roll": 251.47746020236355,
        "yaw": 181.25065726958636
    }
}