{
    "time": "2023-05-23T06:50:02.655511+02:00",
    "accelleration": {
        "x": 0.11589999496936798,
        "y": -0.9408639669418335,
        "z": -0.31622397899627686
    },
    "position": {
        "pitch": 353.3443038071477,
        "roll": 251.4297786517677,
        "yaw": 194.10202702318054
    }
}