{
    "time": "2023-05-02T20:10:02.569208+02:00",
    "accelleration": {
        "x": 0.11101999878883362,
        "y": -0.9403759837150574,
        "z": -0.31158798933029175
    },
    "position": {
        "pitch": 353.605468469781,
        "roll": 251.74154946662208,
        "yaw": 117.64418913229679
    }
}