{
    "time": "2023-06-16T08:50:03.237364+02:00",
    "accelleration": {
        "x": 0.11224000155925751,
        "y": -0.9393999576568604,
        "z": -0.31329599022865295
    },
    "position": {
        "pitch": 353.53055410119066,
        "roll": 251.6316722134441,
        "yaw": 157.91685595052454
    }
}