{
    "time": "2023-05-31T01:00:02.889618+02:00",
    "accelleration": {
        "x": 0.11272799968719482,
        "y": -0.9408639669418335,
        "z": -0.31036800146102905
    },
    "position": {
        "pitch": 353.5095350477936,
        "roll": 251.81647664181713,
        "yaw": 200.34663675489142
    }
}