{
    "time": "2023-06-13T00:40:02.878126+02:00",
    "accelleration": {
        "x": 0.11028799414634705,
        "y": -0.9401319622993469,
        "z": -0.31207600235939026
    },
    "position": {
        "pitch": 353.6479795671751,
        "roll": 251.6423477991168,
        "yaw": 158.0719149050622
    }
}