{
    "time": "2022-07-07T03:10:02.846951+02:00",
    "accelleration": {
        "x": 0.10982800275087357,
        "y": -0.9195531010627747,
        "z": -0.3446708619594574
    },
    "position": {
        "pitch": 353.62976516020603,
        "roll": 249.43646307458033,
        "yaw": 174.29896905215176
    }
}