{
    "time": "2023-07-04T12:10:02.829180+02:00",
    "accelleration": {
        "x": 0.11004399508237839,
        "y": -0.9381799697875977,
        "z": -0.30573198199272156
    },
    "position": {
        "pitch": 353.6373402668824,
        "roll": 251.95615401034388,
        "yaw": 158.5603417326098
    }
}