{
    "time": "2023-06-30T07:40:02.586501+02:00",
    "accelleration": {
        "x": 0.11028799414634705,
        "y": -0.9398880004882812,
        "z": -0.30695199966430664
    },
    "position": {
        "pitch": 353.6381287268447,
        "roll": 251.92320517778774,
        "yaw": 158.4200769678144
    }
}