{
    "time": "2023-05-14T17:30:03.123357+02:00",
    "accelleration": {
        "x": 0.11394799500703812,
        "y": -0.9396439790725708,
        "z": -0.31378400325775146
    },
    "position": {
        "pitch": 353.44602368002256,
        "roll": 251.47952974968206,
        "yaw": 127.34520243311428
    }
}