{
    "time": "2023-05-18T15:20:02.484315+02:00",
    "accelleration": {
        "x": 0.11272799968719482,
        "y": -0.9428159594535828,
        "z": -0.3084160089492798
    },
    "position": {
        "pitch": 353.52498877767755,
        "roll": 251.89313868506133,
        "yaw": 103.8502669336192
    }
}