{
    "time": "2023-06-04T06:00:03.168609+02:00",
    "accelleration": {
        "x": 0.115167997777462,
        "y": -0.9415959715843201,
        "z": -0.31768798828125
    },
    "position": {
        "pitch": 353.39338469274975,
        "roll": 251.36689310007938,
        "yaw": 159.71307275883285
    }
}