{
    "time": "2023-07-03T08:30:03.134230+02:00",
    "accelleration": {
        "x": 0.1105320006608963,
        "y": -0.9381799697875977,
        "z": -0.3071959912776947
    },
    "position": {
        "pitch": 353.61404590671805,
        "roll": 251.87630226875729,
        "yaw": 158.39449107918355
    }
}