{
    "time": "2023-05-13T12:10:03.055193+02:00",
    "accelleration": {
        "x": 0.10931199789047241,
        "y": -0.9401319622993469,
        "z": -0.3108559846878052
    },
    "position": {
        "pitch": 353.68392770655055,
        "roll": 251.72185803124495,
        "yaw": 98.62575278463889
    }
}