{
    "time": "2023-06-08T11:40:03.414629+02:00",
    "accelleration": {
        "x": 0.1117519959807396,
        "y": -0.9406200051307678,
        "z": -0.3125639855861664
    },
    "position": {
        "pitch": 353.5716679980127,
        "roll": 251.55571367968437,
        "yaw": 158.15522955255798
    }
}