{
    "time": "2022-07-12T02:20:03.139928+02:00",
    "accelleration": {
        "x": 0.10691864788532257,
        "y": -0.9224478602409363,
        "z": -0.329968124628067
    },
    "position": {
        "pitch": 353.78133730317234,
        "roll": 250.31330226965906,
        "yaw": 183.90083896944302
    }
}