{
    "time": "2023-06-26T01:40:02.542051+02:00",
    "accelleration": {
        "x": 0.10784799605607986,
        "y": -0.937936007976532,
        "z": -0.3001199960708618
    },
    "position": {
        "pitch": 353.7514364425333,
        "roll": 252.2615181077568,
        "yaw": 158.48124814202103
    }
}