{
    "time": "2023-06-05T00:10:04.314277+02:00",
    "accelleration": {
        "x": 0.11126399785280228,
        "y": -0.9386679530143738,
        "z": -0.31573599576950073
    },
    "position": {
        "pitch": 353.588629492156,
        "roll": 251.4158587262392,
        "yaw": 158.8207905060407
    }
}