{
    "time": "2022-06-30T11:30:02.724831+02:00",
    "accelleration": {
        "x": 0.10667620599269867,
        "y": -0.9202768206596375,
        "z": -0.34997349977493286
    },
    "position": {
        "pitch": 353.81974857951724,
        "roll": 249.17493513126055,
        "yaw": 118.17818698198673
    }
}