{
    "time": "2023-05-04T18:30:03.454231+02:00",
    "accelleration": {
        "x": 0.11101999878883362,
        "y": -0.941107988357544,
        "z": -0.3118319809436798
    },
    "position": {
        "pitch": 353.60796575769626,
        "roll": 251.67906006590565,
        "yaw": 180.50899434837135
    }
}