{
    "time": "2023-06-16T07:50:02.927916+02:00",
    "accelleration": {
        "x": 0.1134599968791008,
        "y": -0.9403759837150574,
        "z": -0.3147599995136261
    },
    "position": {
        "pitch": 353.4746122905673,
        "roll": 251.50107899651346,
        "yaw": 158.16815227046766
    }
}