{
    "time": "2023-05-20T17:50:03.401610+02:00",
    "accelleration": {
        "x": 0.11394799500703812,
        "y": -0.9423279762268066,
        "z": -0.3113439977169037
    },
    "position": {
        "pitch": 353.4592887611644,
        "roll": 251.7190644838744,
        "yaw": 201.29121093596916
    }
}