{
    "time": "2022-07-06T10:10:03.225947+02:00",
    "accelleration": {
        "x": 0.10716108977794647,
        "y": -0.9190706610679626,
        "z": -0.3461170494556427
    },
    "position": {
        "pitch": 353.7828557396022,
        "roll": 249.34357250186815,
        "yaw": 148.45431187438888
    }
}