{
    "time": "2023-04-30T21:30:03.072764+02:00",
    "accelleration": {
        "x": 0.10931199789047241,
        "y": -0.9420839548110962,
        "z": -0.3742959797382355
    },
    "position": {
        "pitch": 353.84434665203935,
        "roll": 248.41436624642296,
        "yaw": 122.89018422621677
    }
}