{
    "time": "2023-06-29T08:10:03.063413+02:00",
    "accelleration": {
        "x": 0.10858000069856644,
        "y": -0.9376919865608215,
        "z": -0.3030479848384857
    },
    "position": {
        "pitch": 353.715135694642,
        "roll": 252.09703349216457,
        "yaw": 159.07352116570954
    }
}