{
    "time": "2023-05-24T23:30:02.535139+02:00",
    "accelleration": {
        "x": 0.11077599972486496,
        "y": -0.9396439790725708,
        "z": -0.30866000056266785
    },
    "position": {
        "pitch": 353.60938558327,
        "roll": 251.8204723024816,
        "yaw": 175.73350002315118
    }
}