{
    "time": "2023-05-10T12:40:03.301138+02:00",
    "accelleration": {
        "x": 0.11199599504470825,
        "y": -0.9415959715843201,
        "z": -0.31158798933029175
    },
    "position": {
        "pitch": 353.5614030774638,
        "roll": 251.69536372745446,
        "yaw": 190.50339159479756
    }
}