{
    "time": "2023-06-13T12:20:03.081050+02:00",
    "accelleration": {
        "x": 0.11126399785280228,
        "y": -0.9393999576568604,
        "z": -0.31549200415611267
    },
    "position": {
        "pitch": 353.592746815565,
        "roll": 251.44532416231863,
        "yaw": 158.63005064327893
    }
}