{
    "time": "2023-05-26T11:50:03.005546+02:00",
    "accelleration": {
        "x": 0.1088239997625351,
        "y": -0.9396439790725708,
        "z": -0.31207600235939026
    },
    "position": {
        "pitch": 353.7282769786051,
        "roll": 251.63662410059237,
        "yaw": 165.30523550026743
    }
}