{
    "time": "2023-05-06T12:20:02.558781+02:00",
    "accelleration": {
        "x": 0.10931199789047241,
        "y": -0.9408639669418335,
        "z": -0.3123199939727783
    },
    "position": {
        "pitch": 353.70538474582816,
        "roll": 251.645407723865,
        "yaw": 154.99059800441597
    }
}