{
    "time": "2022-07-15T07:40:02.868818+02:00",
    "accelleration": {
        "x": 0.10861577093601227,
        "y": -0.9224478602409363,
        "z": -0.3335835635662079
    },
    "position": {
        "pitch": 353.6989285095152,
        "roll": 250.10832146247782,
        "yaw": 183.16772744506886
    }
}