{
    "time": "2023-05-06T18:30:03.260109+02:00",
    "accelleration": {
        "x": 0.10687199980020523,
        "y": -0.9376919865608215,
        "z": -0.3025600016117096
    },
    "position": {
        "pitch": 353.80448481426953,
        "roll": 252.1116910781234,
        "yaw": 149.76619996865156
    }
}