{
    "time": "2023-04-28T04:30:02.728034+02:00",
    "accelleration": {
        "x": 0.1088239997625351,
        "y": -0.9445239901542664,
        "z": -0.30817198753356934
    },
    "position": {
        "pitch": 353.7498428740226,
        "roll": 251.94908476455294,
        "yaw": 154.20203900435968
    }
}