{
    "time": "2023-05-30T20:50:02.810875+02:00",
    "accelleration": {
        "x": 0.1117519959807396,
        "y": -0.9384239912033081,
        "z": -0.31036800146102905
    },
    "position": {
        "pitch": 353.50184852365635,
        "roll": 251.63772376104873,
        "yaw": 182.9796923372184
    }
}