{
    "time": "2023-05-29T08:40:03.392608+02:00",
    "accelleration": {
        "x": 0.11370399594306946,
        "y": -0.9403759837150574,
        "z": -0.3172000050544739
    },
    "position": {
        "pitch": 353.46765745044496,
        "roll": 251.37079313809545,
        "yaw": 114.1148937843678
    }
}