{
    "time": "2023-06-24T17:20:03.255833+02:00",
    "accelleration": {
        "x": 0.10858000069856644,
        "y": -0.937936007976532,
        "z": -0.2991439998149872
    },
    "position": {
        "pitch": 353.7062773661753,
        "roll": 252.30888546965087,
        "yaw": 157.9882314273512
    }
}