{
    "time": "2023-06-02T03:00:03.424758+02:00",
    "accelleration": {
        "x": 0.11297199875116348,
        "y": -0.9401319622993469,
        "z": -0.3164680004119873
    },
    "position": {
        "pitch": 353.5040841299491,
        "roll": 251.40789472566695,
        "yaw": 157.75086869331489
    }
}