{
    "time": "2023-06-27T03:10:02.836973+02:00",
    "accelleration": {
        "x": 0.10833600163459778,
        "y": -0.9386679530143738,
        "z": -0.3013399839401245
    },
    "position": {
        "pitch": 353.72995208249904,
        "roll": 252.2074776510437,
        "yaw": 158.09205030273537
    }
}