{
    "time": "2023-06-08T08:20:03.491798+02:00",
    "accelleration": {
        "x": 0.11394799500703812,
        "y": -0.9418399930000305,
        "z": -0.31549200415611267
    },
    "position": {
        "pitch": 353.45847639553995,
        "roll": 251.48745276911927,
        "yaw": 158.8264185819168
    }
}