{
    "time": "2023-06-08T20:40:02.978525+02:00",
    "accelleration": {
        "x": 0.11150799691677094,
        "y": -0.9401319622993469,
        "z": -0.31158798933029175
    },
    "position": {
        "pitch": 353.57496911381594,
        "roll": 251.66910848028493,
        "yaw": 158.1765943842818
    }
}