{
    "time": "2023-06-01T06:10:02.825437+02:00",
    "accelleration": {
        "x": 0.10638399422168732,
        "y": -0.9389119744300842,
        "z": -0.374783992767334
    },
    "position": {
        "pitch": 353.9886134808016,
        "roll": 248.31371657881363,
        "yaw": 134.1935735666976
    }
}