{
    "time": "2023-05-14T14:50:02.708511+02:00",
    "accelleration": {
        "x": 0.1117519959807396,
        "y": -0.9406200051307678,
        "z": -0.313539981842041
    },
    "position": {
        "pitch": 353.57235912777935,
        "roll": 251.5809443984784,
        "yaw": 202.44261690549322
    }
}