{
    "time": "2023-06-14T08:20:03.348956+02:00",
    "accelleration": {
        "x": 0.11419199407100677,
        "y": -0.9423279762268066,
        "z": -0.31549200415611267
    },
    "position": {
        "pitch": 353.44502433796964,
        "roll": 251.49233635437582,
        "yaw": 157.77864024248018
    }
}