{
    "time": "2023-05-22T04:00:02.731870+02:00",
    "accelleration": {
        "x": 0.11614400148391724,
        "y": -0.9442799687385559,
        "z": -0.32671600580215454
    },
    "position": {
        "pitch": 353.37206852612377,
        "roll": 250.93910469198312,
        "yaw": 184.68162521422386
    }
}