{
    "time": "2023-05-10T14:00:02.890086+02:00",
    "accelleration": {
        "x": 0.11028799414634705,
        "y": -0.937936007976532,
        "z": -0.3159799873828888
    },
    "position": {
        "pitch": 353.641663776627,
        "roll": 251.4059754425102,
        "yaw": 192.94383184562147
    }
}