{
    "time": "2022-07-07T04:10:03.186700+02:00",
    "accelleration": {
        "x": 0.10910066217184067,
        "y": -0.9200355410575867,
        "z": -0.3463580906391144
    },
    "position": {
        "pitch": 353.6807030034887,
        "roll": 249.3611943899268,
        "yaw": 186.86910257894715
    }
}