{
    "time": "2023-04-28T18:30:02.919517+02:00",
    "accelleration": {
        "x": 0.11126399785280228,
        "y": -0.9406200051307678,
        "z": -0.3037799894809723
    },
    "position": {
        "pitch": 353.58580819714194,
        "roll": 252.10929368172475,
        "yaw": 113.10737257989922
    }
}