{
    "time": "2023-05-20T23:30:03.072209+02:00",
    "accelleration": {
        "x": 0.10931199789047241,
        "y": -0.9406200051307678,
        "z": -0.3742959797382355
    },
    "position": {
        "pitch": 353.8359835122875,
        "roll": 248.31894850371788,
        "yaw": 190.44271219421117
    }
}