{
    "time": "2022-07-04T13:20:02.893496+02:00",
    "accelleration": {
        "x": 0.10643375664949417,
        "y": -0.9164171814918518,
        "z": -0.34394779801368713
    },
    "position": {
        "pitch": 353.7986620780021,
        "roll": 249.42617680969028,
        "yaw": 131.98400737019847
    }
}