{
    "time": "2023-06-04T04:10:02.842510+02:00",
    "accelleration": {
        "x": 0.11467999964952469,
        "y": -0.9413520097732544,
        "z": -0.31793197989463806
    },
    "position": {
        "pitch": 353.4186055931468,
        "roll": 251.34785736286256,
        "yaw": 159.72870023165382
    }
}