{
    "time": "2023-05-10T04:40:03.278665+02:00",
    "accelleration": {
        "x": 0.11419199407100677,
        "y": -0.941107988357544,
        "z": -0.3164680004119873
    },
    "position": {
        "pitch": 353.4439460218544,
        "roll": 251.4185703113397,
        "yaw": 187.7972979663952
    }
}