{
    "time": "2023-05-13T13:50:02.898335+02:00",
    "accelleration": {
        "x": 0.10833600163459778,
        "y": -0.9391559958457947,
        "z": -0.31573599576950073
    },
    "position": {
        "pitch": 353.75585258671856,
        "roll": 251.4393614071732,
        "yaw": 124.07087804690187
    }
}