{
    "time": "2022-07-01T09:20:03.173022+02:00",
    "accelleration": {
        "x": 0.10934310406446457,
        "y": -0.9202768206596375,
        "z": -0.34684014320373535
    },
    "position": {
        "pitch": 353.6646729763935,
        "roll": 249.34213133195328,
        "yaw": 162.64468557325068
    }
}