{
    "time": "2023-05-09T19:20:02.597838+02:00",
    "accelleration": {
        "x": 0.1134599968791008,
        "y": -0.9413520097732544,
        "z": -0.31866398453712463
    },
    "position": {
        "pitch": 353.4919387729443,
        "roll": 251.31442358687534,
        "yaw": 110.43221287824782
    }
}