{
    "time": "2023-06-04T08:20:02.994861+02:00",
    "accelleration": {
        "x": 0.11467999964952469,
        "y": -0.9403759837150574,
        "z": -0.31866398453712463
    },
    "position": {
        "pitch": 353.4112998520559,
        "roll": 251.28665203771007,
        "yaw": 158.77901706907693
    }
}