{
    "time": "2023-05-10T21:50:02.727690+02:00",
    "accelleration": {
        "x": 0.1117519959807396,
        "y": -0.9406200051307678,
        "z": -0.313539981842041
    },
    "position": {
        "pitch": 353.57330382831896,
        "roll": 251.51395390309892,
        "yaw": 182.3831436151095
    }
}