{
    "time": "2023-04-30T14:50:02.906742+02:00",
    "accelleration": {
        "x": 0.10955599695444107,
        "y": -0.9430599808692932,
        "z": -0.3096359968185425
    },
    "position": {
        "pitch": 353.6997020284387,
        "roll": 251.83851766226877,
        "yaw": 192.7512478317838
    }
}