{
    "time": "2022-06-30T01:50:02.587684+02:00",
    "accelleration": {
        "x": 0.11249490827322006,
        "y": -0.9197943806648254,
        "z": -0.34659910202026367
    },
    "position": {
        "pitch": 353.4804461258921,
        "roll": 249.33946755817698,
        "yaw": 163.3826328715572
    }
}