{
    "time": "2022-07-16T05:50:03.219894+02:00",
    "accelleration": {
        "x": 0.10813087970018387,
        "y": -0.9231715202331543,
        "z": -0.3316553235054016
    },
    "position": {
        "pitch": 353.78570094027833,
        "roll": 250.22973490516395,
        "yaw": 151.49500280985183
    }
}