{
    "time": "2022-07-10T12:40:02.571921+02:00",
    "accelleration": {
        "x": 0.10619131475687027,
        "y": -0.9229303002357483,
        "z": -0.3285219669342041
    },
    "position": {
        "pitch": 353.82038378711,
        "roll": 250.3957494831303,
        "yaw": 164.71986096764064
    }
}