{
    "time": "2022-07-09T14:30:02.960717+02:00",
    "accelleration": {
        "x": 0.10764598846435547,
        "y": -0.9236539602279663,
        "z": -0.32153213024139404
    },
    "position": {
        "pitch": 353.7318295307472,
        "roll": 250.79079396434548,
        "yaw": 115.16290435023622
    }
}