{
    "time": "2023-04-30T08:20:02.973237+02:00",
    "accelleration": {
        "x": 0.10809199512004852,
        "y": -0.9418399930000305,
        "z": -0.3125639855861664
    },
    "position": {
        "pitch": 353.78145896591695,
        "roll": 251.65710100772407,
        "yaw": 158.7476391800299
    }
}