{
    "time": "2023-07-05T18:00:03.189203+02:00",
    "accelleration": {
        "x": 0.10906799882650375,
        "y": -0.9381799697875977,
        "z": -0.30280399322509766
    },
    "position": {
        "pitch": 353.68427647308505,
        "roll": 252.11118564412482,
        "yaw": 157.58695781361294
    }
}