{
    "time": "2023-06-12T06:00:02.558196+02:00",
    "accelleration": {
        "x": 0.11443600058555603,
        "y": -0.9401319622993469,
        "z": -0.3169559836387634
    },
    "position": {
        "pitch": 353.4230046618591,
        "roll": 251.38078570485118,
        "yaw": 158.1155461534802
    }
}