{
    "time": "2023-05-20T01:10:02.426339+02:00",
    "accelleration": {
        "x": 0.11028799414634705,
        "y": -0.9403759837150574,
        "z": -0.31793197989463806
    },
    "position": {
        "pitch": 353.66246981349934,
        "roll": 251.3315605315029,
        "yaw": 192.6341237478964
    }
}