{
    "time": "2023-07-01T09:00:03.218183+02:00",
    "accelleration": {
        "x": 0.11028799414634705,
        "y": -0.9401319622993469,
        "z": -0.3093920052051544
    },
    "position": {
        "pitch": 353.6421854323249,
        "roll": 251.79108199848304,
        "yaw": 158.30780231823775
    }
}