{
    "time": "2023-05-07T18:30:03.255131+02:00",
    "accelleration": {
        "x": 0.10931199789047241,
        "y": -0.9386679530143738,
        "z": -0.3071959912776947
    },
    "position": {
        "pitch": 353.68519726796256,
        "roll": 251.88659536383648,
        "yaw": 118.54506376306479
    }
}