{
    "time": "2022-07-12T16:00:03.195885+02:00",
    "accelleration": {
        "x": 0.10255462676286697,
        "y": -0.9210004806518555,
        "z": -0.32924503087997437
    },
    "position": {
        "pitch": 354.0184093272821,
        "roll": 250.30898559010362,
        "yaw": 147.57590856599023
    }
}