{
    "time": "2022-07-18T16:30:03.510665+02:00",
    "accelleration": {
        "x": 0.10982800275087357,
        "y": -0.9188294410705566,
        "z": -0.32611170411109924
    },
    "position": {
        "pitch": 353.57847428152064,
        "roll": 250.44716031701296,
        "yaw": 129.21212535971054
    }
}