{
    "time": "2023-05-18T13:00:03.391162+02:00",
    "accelleration": {
        "x": 0.10638399422168732,
        "y": -0.9428159594535828,
        "z": -0.37088000774383545
    },
    "position": {
        "pitch": 353.9982017857358,
        "roll": 248.6036102977565,
        "yaw": 149.48841617510715
    }
}