{
    "time": "2023-05-29T12:00:03.090613+02:00",
    "accelleration": {
        "x": 0.11101999878883362,
        "y": -0.9389119744300842,
        "z": -0.3123199939727783
    },
    "position": {
        "pitch": 353.60066940811544,
        "roll": 251.60294443779503,
        "yaw": 106.60714301850061
    }
}