{
    "time": "2022-07-02T13:50:02.970161+02:00",
    "accelleration": {
        "x": 0.10594886541366577,
        "y": -0.9188294410705566,
        "z": -0.34539395570755005
    },
    "position": {
        "pitch": 353.84036209043234,
        "roll": 249.38826925979674,
        "yaw": 178.41795561226297
    }
}