{
    "time": "2023-05-11T13:30:03.015200+02:00",
    "accelleration": {
        "x": 0.10955599695444107,
        "y": -0.9381799697875977,
        "z": -0.3076840043067932
    },
    "position": {
        "pitch": 353.6705635876658,
        "roll": 251.84874245545626,
        "yaw": 131.28302505568007
    }
}