{
    "time": "2023-06-09T15:40:02.891768+02:00",
    "accelleration": {
        "x": 0.11150799691677094,
        "y": -0.9401319622993469,
        "z": -0.3089039921760559
    },
    "position": {
        "pitch": 353.5720778093629,
        "roll": 251.81426366052602,
        "yaw": 158.36551741672434
    }
}