{
    "time": "2023-07-06T04:10:03.458221+02:00",
    "accelleration": {
        "x": 0.11077599972486496,
        "y": -0.9381799697875977,
        "z": -0.30621999502182007
    },
    "position": {
        "pitch": 353.5966344738632,
        "roll": 251.92713936674966,
        "yaw": 157.64640778014873
    }
}