{
    "time": "2023-05-15T13:00:03.309705+02:00",
    "accelleration": {
        "x": 0.11004399508237839,
        "y": -0.941107988357544,
        "z": -0.3096359968185425
    },
    "position": {
        "pitch": 353.66211421677565,
        "roll": 251.79221580988525,
        "yaw": 130.79577302066969
    }
}