{
    "time": "2023-06-08T16:50:03.475661+02:00",
    "accelleration": {
        "x": 0.11028799414634705,
        "y": -0.9396439790725708,
        "z": -0.3093920052051544
    },
    "position": {
        "pitch": 353.6367827526914,
        "roll": 251.7767590917935,
        "yaw": 158.4621919142367
    }
}