{
    "time": "2023-06-03T22:20:03.506580+02:00",
    "accelleration": {
        "x": 0.11492399871349335,
        "y": -0.9396439790725708,
        "z": -0.31573599576950073
    },
    "position": {
        "pitch": 353.38917430801325,
        "roll": 251.43085099146737,
        "yaw": 159.2543982353098
    }
}