{
    "time": "2022-07-15T01:20:03.297212+02:00",
    "accelleration": {
        "x": 0.10667620599269867,
        "y": -0.9219653606414795,
        "z": -0.3331015110015869
    },
    "position": {
        "pitch": 353.80052543898506,
        "roll": 250.12610044488736,
        "yaw": 129.30964680067999
    }
}