{
    "time": "2023-05-03T13:50:03.101276+02:00",
    "accelleration": {
        "x": 0.11321599781513214,
        "y": -0.9401319622993469,
        "z": -0.3084160089492798
    },
    "position": {
        "pitch": 353.4298886387689,
        "roll": 251.8461811345175,
        "yaw": 190.86084271482102
    }
}