{
    "time": "2022-07-16T10:50:02.701642+02:00",
    "accelleration": {
        "x": 0.10861577093601227,
        "y": -0.9200355410575867,
        "z": -0.32924503087997437
    },
    "position": {
        "pitch": 353.67467237333835,
        "roll": 250.29050309820957,
        "yaw": 186.1195712798083
    }
}