{
    "time": "2023-06-19T11:00:03.361538+02:00",
    "accelleration": {
        "x": 0.10955599695444107,
        "y": -0.9386679530143738,
        "z": -0.3096359968185425
    },
    "position": {
        "pitch": 353.67483416344436,
        "roll": 251.7489465614932,
        "yaw": 157.5287919226411
    }
}