{
    "time": "2023-06-18T20:00:03.094519+02:00",
    "accelleration": {
        "x": 0.11101999878883362,
        "y": -0.9391559958457947,
        "z": -0.3054879903793335
    },
    "position": {
        "pitch": 353.58567927732133,
        "roll": 251.98438318218354,
        "yaw": 157.37877364771094
    }
}