{
    "time": "2023-06-06T21:50:03.054279+02:00",
    "accelleration": {
        "x": 0.11199599504470825,
        "y": -0.9401319622993469,
        "z": -0.31207600235939026
    },
    "position": {
        "pitch": 353.5478442981877,
        "roll": 251.64117983676874,
        "yaw": 158.2329434449344
    }
}