{
    "time": "2023-06-16T13:30:02.573290+02:00",
    "accelleration": {
        "x": 0.11077599972486496,
        "y": -0.9381799697875977,
        "z": -0.30987998843193054
    },
    "position": {
        "pitch": 353.60108391522067,
        "roll": 251.7233538426732,
        "yaw": 157.77328537417088
    }
}