{
    "time": "2023-06-11T14:00:03.050979+02:00",
    "accelleration": {
        "x": 0.11077599972486496,
        "y": -0.9384239912033081,
        "z": -0.30987998843193054
    },
    "position": {
        "pitch": 353.60143097420786,
        "roll": 251.7279505599846,
        "yaw": 157.52748052632046
    }
}