{
    "time": "2023-05-28T09:50:02.839654+02:00",
    "accelleration": {
        "x": 0.11126399785280228,
        "y": -0.9398880004882812,
        "z": -0.31549200415611267
    },
    "position": {
        "pitch": 353.5968910328439,
        "roll": 251.4566759367192,
        "yaw": 194.88550436249434
    }
}