{
    "time": "2022-07-14T18:20:02.482523+02:00",
    "accelleration": {
        "x": 0.10667620599269867,
        "y": -0.9185882210731506,
        "z": -0.329968124628067
    },
    "position": {
        "pitch": 353.7690843706882,
        "roll": 250.2222763385903,
        "yaw": 127.11402785046603
    }
}