{
    "time": "2023-05-29T05:10:03.215933+02:00",
    "accelleration": {
        "x": 0.11004399508237839,
        "y": -0.9398880004882812,
        "z": -0.3152479827404022
    },
    "position": {
        "pitch": 353.6630371460873,
        "roll": 251.4741680511836,
        "yaw": 185.7541151780776
    }
}