{
    "time": "2023-05-02T23:00:03.012947+02:00",
    "accelleration": {
        "x": 0.10955599695444107,
        "y": -0.9406200051307678,
        "z": -0.2513200044631958
    },
    "position": {
        "pitch": 353.58003455285916,
        "roll": 254.98985083209675,
        "yaw": 151.90029257482206
    }
}