{
    "time": "2023-05-11T03:10:02.773005+02:00",
    "accelleration": {
        "x": 0.11419199407100677,
        "y": -0.9406200051307678,
        "z": -0.3106119930744171
    },
    "position": {
        "pitch": 353.430441030318,
        "roll": 251.73728059839084,
        "yaw": 101.95066155184442
    }
}