{
    "time": "2023-05-05T18:30:03.255143+02:00",
    "accelleration": {
        "x": 0.11224000155925751,
        "y": -0.9398880004882812,
        "z": -0.3025600016117096
    },
    "position": {
        "pitch": 353.51617271100633,
        "roll": 252.160526930689,
        "yaw": 121.36818585270616
    }
}