{
    "time": "2023-06-28T07:20:03.403594+02:00",
    "accelleration": {
        "x": 0.10833600163459778,
        "y": -0.9389119744300842,
        "z": -0.30451199412345886
    },
    "position": {
        "pitch": 353.73869557841033,
        "roll": 252.03752888411543,
        "yaw": 158.72780431068017
    }
}