{
    "time": "2022-07-02T06:40:02.451527+02:00",
    "accelleration": {
        "x": 0.11007044464349747,
        "y": -0.9195531010627747,
        "z": -0.34852734208106995
    },
    "position": {
        "pitch": 353.6900659121803,
        "roll": 249.231359323994,
        "yaw": 136.56468739744588
    }
}