{
    "time": "2023-05-21T20:00:02.897268+02:00",
    "accelleration": {
        "x": 0.11272799968719482,
        "y": -0.9433040022850037,
        "z": -0.31500399112701416
    },
    "position": {
        "pitch": 353.5341672712616,
        "roll": 251.53538020652525,
        "yaw": 156.1444765024196
    }
}