{
    "time": "2023-05-20T16:10:02.750227+02:00",
    "accelleration": {
        "x": 0.11126399785280228,
        "y": -0.9406200051307678,
        "z": -0.3184199929237366
    },
    "position": {
        "pitch": 353.60836404310226,
        "roll": 251.31419136044354,
        "yaw": 153.78205067229558
    }
}