{
    "time": "2023-06-18T13:00:02.850734+02:00",
    "accelleration": {
        "x": 0.10955599695444107,
        "y": -0.9393999576568604,
        "z": -0.30621999502182007
    },
    "position": {
        "pitch": 353.67339384730315,
        "roll": 251.94687178326183,
        "yaw": 157.85507005929261
    }
}