{
    "time": "2023-07-04T00:50:03.182264+02:00",
    "accelleration": {
        "x": 0.11126399785280228,
        "y": -0.9391559958457947,
        "z": -0.30743998289108276
    },
    "position": {
        "pitch": 353.5759718709635,
        "roll": 251.88007253317912,
        "yaw": 158.2181629155705
    }
}