{
    "time": "2023-05-31T19:00:02.995110+02:00",
    "accelleration": {
        "x": 0.1088239997625351,
        "y": -0.9393999576568604,
        "z": -0.31963998079299927
    },
    "position": {
        "pitch": 353.73707554291656,
        "roll": 251.2282470901173,
        "yaw": 111.10588809646453
    }
}