{
    "time": "2023-05-13T15:00:02.592800+02:00",
    "accelleration": {
        "x": 0.11077599972486496,
        "y": -0.9408639669418335,
        "z": -0.30866000056266785
    },
    "position": {
        "pitch": 353.61952884107427,
        "roll": 251.8465704553002,
        "yaw": 192.82583349752034
    }
}