{
    "time": "2023-06-07T08:10:03.445566+02:00",
    "accelleration": {
        "x": 0.11224000155925751,
        "y": -0.9413520097732544,
        "z": -0.31329599022865295
    },
    "position": {
        "pitch": 353.5449004866554,
        "roll": 251.59930394696738,
        "yaw": 158.98565761222648
    }
}