{
    "time": "2023-06-03T08:40:02.444393+02:00",
    "accelleration": {
        "x": 0.11565599590539932,
        "y": -0.9415959715843201,
        "z": -0.3193959891796112
    },
    "position": {
        "pitch": 353.36643959647404,
        "roll": 251.27308728201842,
        "yaw": 159.47846942122123
    }
}