{
    "time": "2023-07-04T23:20:03.390065+02:00",
    "accelleration": {
        "x": 0.11004399508237839,
        "y": -0.9389119744300842,
        "z": -0.30743998289108276
    },
    "position": {
        "pitch": 353.6459924090135,
        "roll": 251.87667109897245,
        "yaw": 157.69900023675783
    }
}