{
    "time": "2023-05-07T17:20:03.406900+02:00",
    "accelleration": {
        "x": 0.11272799968719482,
        "y": -0.9403759837150574,
        "z": -0.3111000061035156
    },
    "position": {
        "pitch": 353.51231792299353,
        "roll": 251.7015245580858,
        "yaw": 118.67870324436525
    }
}