{
    "time": "2022-07-17T12:30:03.175158+02:00",
    "accelleration": {
        "x": 0.10352440178394318,
        "y": -0.9200355410575867,
        "z": -0.32924503087997437
    },
    "position": {
        "pitch": 353.9556048840902,
        "roll": 250.29375426825447,
        "yaw": 173.9284176293002
    }
}