{
    "time": "2023-06-05T21:30:03.343428+02:00",
    "accelleration": {
        "x": 0.11224000155925751,
        "y": -0.9393999576568604,
        "z": -0.3147599995136261
    },
    "position": {
        "pitch": 353.5360857006447,
        "roll": 251.48078650448934,
        "yaw": 158.54651742972968
    }
}