{
    "time": "2023-05-11T23:20:02.912485+02:00",
    "accelleration": {
        "x": 0.11541199684143066,
        "y": -0.9420839548110962,
        "z": -0.3130519986152649
    },
    "position": {
        "pitch": 353.37885816104557,
        "roll": 251.63441794949046,
        "yaw": 167.015610491087
    }
}