{
    "time": "2023-06-03T02:00:03.394067+02:00",
    "accelleration": {
        "x": 0.11565599590539932,
        "y": -0.9406200051307678,
        "z": -0.31549200415611267
    },
    "position": {
        "pitch": 353.35426008852346,
        "roll": 251.46921616403534,
        "yaw": 159.4287319836852
    }
}