{
    "time": "2023-04-28T02:30:02.536407+02:00",
    "accelleration": {
        "x": 0.11004399508237839,
        "y": -0.9415959715843201,
        "z": -0.3042680025100708
    },
    "position": {
        "pitch": 353.65646308901114,
        "roll": 252.1046150021433,
        "yaw": 188.56712858774733
    }
}