{
    "time": "2023-06-13T17:00:03.247106+02:00",
    "accelleration": {
        "x": 0.11272799968719482,
        "y": -0.9408639669418335,
        "z": -0.3140279948711395
    },
    "position": {
        "pitch": 353.5135674207248,
        "roll": 251.54600115068462,
        "yaw": 158.49578278457483
    }
}