{
    "time": "2023-06-24T20:20:02.967926+02:00",
    "accelleration": {
        "x": 0.11004399508237839,
        "y": -0.9384239912033081,
        "z": -0.30158400535583496
    },
    "position": {
        "pitch": 353.6295854408535,
        "roll": 252.18732859299215,
        "yaw": 158.27518133476175
    }
}