{
    "time": "2023-05-04T08:40:02.714545+02:00",
    "accelleration": {
        "x": 0.11565599590539932,
        "y": -0.9403759837150574,
        "z": -0.31622397899627686
    },
    "position": {
        "pitch": 353.3634338863524,
        "roll": 251.43451880305167,
        "yaw": 183.09897476088352
    }
}