{
    "time": "2023-05-02T13:50:02.790636+02:00",
    "accelleration": {
        "x": 0.11004399508237839,
        "y": -0.9413520097732544,
        "z": -0.31768798828125
    },
    "position": {
        "pitch": 353.68448095187335,
        "roll": 251.3694339304506,
        "yaw": 124.36118840738409
    }
}