{
    "time": "2022-07-11T22:30:03.025386+02:00",
    "accelleration": {
        "x": 0.10764598846435547,
        "y": -0.9193118810653687,
        "z": -0.32321932911872864
    },
    "position": {
        "pitch": 353.7098563853004,
        "roll": 250.59971942231437,
        "yaw": 178.20410238934986
    }
}