{
    "time": "2023-05-12T05:10:03.017581+02:00",
    "accelleration": {
        "x": 0.10979999601840973,
        "y": -0.9415959715843201,
        "z": -0.3123199939727783
    },
    "position": {
        "pitch": 353.68825761959755,
        "roll": 251.66132206463112,
        "yaw": 185.54061712500132
    }
}