{
    "time": "2023-07-02T00:20:03.219683+02:00",
    "accelleration": {
        "x": 0.10979999601840973,
        "y": -0.9374479651451111,
        "z": -0.3089039921760559
    },
    "position": {
        "pitch": 353.6506313881204,
        "roll": 251.7694507893816,
        "yaw": 157.55258830170942
    }
}