{
    "time": "2023-06-24T03:20:03.135420+02:00",
    "accelleration": {
        "x": 0.10955599695444107,
        "y": -0.9403759837150574,
        "z": -0.3020719885826111
    },
    "position": {
        "pitch": 353.67450375304327,
        "roll": 252.1951081784568,
        "yaw": 157.73917540945584
    }
}