{
    "time": "2022-07-03T22:10:03.063701+02:00",
    "accelleration": {
        "x": 0.11443447321653366,
        "y": -0.9217241406440735,
        "z": -0.33551180362701416
    },
    "position": {
        "pitch": 353.36009307007464,
        "roll": 249.98447647244714,
        "yaw": 126.10907479712537
    }
}