{
    "time": "2023-06-19T07:20:03.400875+02:00",
    "accelleration": {
        "x": 0.11224000155925751,
        "y": -0.9403759837150574,
        "z": -0.31207600235939026
    },
    "position": {
        "pitch": 353.53656680209434,
        "roll": 251.64758655421022,
        "yaw": 157.8663671921798
    }
}