{
    "time": "2023-05-31T03:20:02.654162+02:00",
    "accelleration": {
        "x": 0.1088239997625351,
        "y": -0.9396439790725708,
        "z": -0.3140279948711395
    },
    "position": {
        "pitch": 353.7333996204826,
        "roll": 251.52845439470684,
        "yaw": 103.34399282177034
    }
}