{
    "time": "2022-07-09T10:40:03.685465+02:00",
    "accelleration": {
        "x": 0.10303951054811478,
        "y": -0.9185882210731506,
        "z": -0.33719897270202637
    },
    "position": {
        "pitch": 354.000033130207,
        "roll": 249.83056498969006,
        "yaw": 170.51744847855252
    }
}