{
    "time": "2023-06-07T18:10:03.348621+02:00",
    "accelleration": {
        "x": 0.1117519959807396,
        "y": -0.9401319622993469,
        "z": -0.31158798933029175
    },
    "position": {
        "pitch": 353.5604387401304,
        "roll": 251.6646278761894,
        "yaw": 158.25801023918834
    }
}