{
    "time": "2022-07-06T15:20:03.354165+02:00",
    "accelleration": {
        "x": 0.11297979205846786,
        "y": -0.9195531010627747,
        "z": -0.3352707624435425
    },
    "position": {
        "pitch": 353.43085895251784,
        "roll": 249.94902779065478,
        "yaw": 121.64775915581312
    }
}