{
    "time": "2023-05-15T10:50:02.949750+02:00",
    "accelleration": {
        "x": 0.10858000069856644,
        "y": -0.9398880004882812,
        "z": -0.3142719864845276
    },
    "position": {
        "pitch": 353.7494040343684,
        "roll": 251.52111877153828,
        "yaw": 121.10661692825134
    }
}