{
    "time": "2023-04-29T18:20:02.800155+02:00",
    "accelleration": {
        "x": 0.10979999601840973,
        "y": -0.9408639669418335,
        "z": -0.30573198199272156
    },
    "position": {
        "pitch": 353.6712807575286,
        "roll": 252.01650556185012,
        "yaw": 200.6537630411102
    }
}