{
    "time": "2023-05-28T17:10:02.626199+02:00",
    "accelleration": {
        "x": 0.11199599504470825,
        "y": -0.9401319622993469,
        "z": -0.30866000056266785
    },
    "position": {
        "pitch": 353.5473358759814,
        "roll": 251.8236073593106,
        "yaw": 107.51585187624661
    }
}