{
    "time": "2023-06-15T15:00:02.501632+02:00",
    "accelleration": {
        "x": 0.11150799691677094,
        "y": -0.9389119744300842,
        "z": -0.31329599022865295
    },
    "position": {
        "pitch": 353.5700897974276,
        "roll": 251.5491225471353,
        "yaw": 157.49912158088657
    }
}