{
    "time": "2023-07-01T00:20:02.832952+02:00",
    "accelleration": {
        "x": 0.10979999601840973,
        "y": -0.937936007976532,
        "z": -0.30743998289108276
    },
    "position": {
        "pitch": 353.655109430895,
        "roll": 251.859780041155,
        "yaw": 159.11268547041038
    }
}