{
    "time": "2023-05-15T15:50:02.669395+02:00",
    "accelleration": {
        "x": 0.11297199875116348,
        "y": -0.9413520097732544,
        "z": -0.3096359968185425
    },
    "position": {
        "pitch": 353.43218059412226,
        "roll": 251.86076358839549,
        "yaw": 127.2948366181746
    }
}