{
    "time": "2023-06-22T16:10:03.426587+02:00",
    "accelleration": {
        "x": 0.10858000069856644,
        "y": -0.9393999576568604,
        "z": -0.30451199412345886
    },
    "position": {
        "pitch": 353.7228845442554,
        "roll": 252.04053416735024,
        "yaw": 158.06960630112272
    }
}