{
    "time": "2023-06-22T15:00:02.522141+02:00",
    "accelleration": {
        "x": 0.10931199789047241,
        "y": -0.9391559958457947,
        "z": -0.30109599232673645
    },
    "position": {
        "pitch": 353.67201329531713,
        "roll": 252.2235081050257,
        "yaw": 157.10174117497522
    }
}