{
    "time": "2023-06-20T22:10:03.115523+02:00",
    "accelleration": {
        "x": 0.11028799414634705,
        "y": -0.9389119744300842,
        "z": -0.3047559857368469
    },
    "position": {
        "pitch": 353.5616553675763,
        "roll": 252.01737299587472,
        "yaw": 157.97391535085083
    }
}