{
    "time": "2023-05-11T11:20:03.321640+02:00",
    "accelleration": {
        "x": 0.10784799605607986,
        "y": -0.9425719976425171,
        "z": -0.31451600790023804
    },
    "position": {
        "pitch": 353.798589934129,
        "roll": 251.56625949176288,
        "yaw": 157.22450699511703
    }
}