{
    "time": "2023-06-14T22:30:03.373914+02:00",
    "accelleration": {
        "x": 0.11467999964952469,
        "y": -0.9398880004882812,
        "z": -0.3164680004119873
    },
    "position": {
        "pitch": 353.40230235848486,
        "roll": 251.39526570589163,
        "yaw": 158.18416223388218
    }
}