{
    "time": "2023-06-20T15:20:02.647640+02:00",
    "accelleration": {
        "x": 0.11077599972486496,
        "y": -0.9386679530143738,
        "z": -0.30646398663520813
    },
    "position": {
        "pitch": 353.5978250612129,
        "roll": 251.9193256303392,
        "yaw": 157.61765268374296
    }
}