{
    "time": "2023-05-20T22:30:02.670220+02:00",
    "accelleration": {
        "x": 0.11004399508237839,
        "y": -0.9415959715843201,
        "z": -0.3184199929237366
    },
    "position": {
        "pitch": 353.6879664827842,
        "roll": 251.33170396547547,
        "yaw": 121.04122469713765
    }
}