{
    "time": "2023-06-04T21:10:02.419486+02:00",
    "accelleration": {
        "x": 0.11077599972486496,
        "y": -0.9389119744300842,
        "z": -0.31329599022865295
    },
    "position": {
        "pitch": 353.6130905340079,
        "roll": 251.5553721702259,
        "yaw": 158.19787725373556
    }
}