{
    "time": "2023-06-27T05:10:02.654254+02:00",
    "accelleration": {
        "x": 0.10979999601840973,
        "y": -0.937936007976532,
        "z": -0.30280399322509766
    },
    "position": {
        "pitch": 353.6491838149032,
        "roll": 252.114969568925,
        "yaw": 158.89257579421755
    }
}