{
    "time": "2023-06-22T07:50:03.222480+02:00",
    "accelleration": {
        "x": 0.11101999878883362,
        "y": -0.9401319622993469,
        "z": -0.3054879903793335
    },
    "position": {
        "pitch": 353.59518647375916,
        "roll": 252.00788586311756,
        "yaw": 158.3616105485191
    }
}