{
    "time": "2022-06-30T04:30:03.320660+02:00",
    "accelleration": {
        "x": 0.11564670503139496,
        "y": -0.9214829206466675,
        "z": -0.35455307364463806
    },
    "position": {
        "pitch": 353.3352567947052,
        "roll": 248.95281054926255,
        "yaw": 136.29184866086052
    }
}