{
    "time": "2022-07-06T03:00:02.877061+02:00",
    "accelleration": {
        "x": 0.10910066217184067,
        "y": -0.9193118810653687,
        "z": -0.33888617157936096
    },
    "position": {
        "pitch": 353.66496454009365,
        "roll": 249.7402220775383,
        "yaw": 109.36687412245509
    }
}