{
    "time": "2022-07-07T15:20:02.909528+02:00",
    "accelleration": {
        "x": 0.10667620599269867,
        "y": -0.9222065806388855,
        "z": -0.3463580906391144
    },
    "position": {
        "pitch": 353.82123926830354,
        "roll": 249.40815877065978,
        "yaw": 145.77025243624897
    }
}