{
    "time": "2023-06-01T09:40:03.142793+02:00",
    "accelleration": {
        "x": 0.11028799414634705,
        "y": -0.9389119744300842,
        "z": -0.2525399923324585
    },
    "position": {
        "pitch": 353.52683420941395,
        "roll": 254.88031508837724,
        "yaw": 139.5793279914144
    }
}