{
    "time": "2023-06-11T07:40:02.488069+02:00",
    "accelleration": {
        "x": 0.11394799500703812,
        "y": -0.941107988357544,
        "z": -0.31500399112701416
    },
    "position": {
        "pitch": 353.45322099186046,
        "roll": 251.50237673245573,
        "yaw": 158.7268207634397
    }
}