{
    "time": "2022-07-13T00:30:02.637101+02:00",
    "accelleration": {
        "x": 0.10716108977794647,
        "y": -0.9195531010627747,
        "z": -0.32297831773757935
    },
    "position": {
        "pitch": 353.74038092758803,
        "roll": 250.63124074533397,
        "yaw": 181.8480665955307
    }
}