{
    "time": "2022-07-04T01:50:02.812552+02:00",
    "accelleration": {
        "x": 0.10837332904338837,
        "y": -0.9185882210731506,
        "z": -0.3461170494556427
    },
    "position": {
        "pitch": 353.7081471304606,
        "roll": 249.34794382293697,
        "yaw": 114.60770559336255
    }
}