{
    "time": "2022-07-21T22:10:02.642260+02:00",
    "accelleration": {
        "x": 0.10643375664949417,
        "y": -0.9214829206466675,
        "z": -0.31695258617401123
    },
    "position": {
        "pitch": 353.7758168027757,
        "roll": 250.98287937437374,
        "yaw": 158.22920050126922
    }
}