{
    "time": "2022-07-22T05:00:03.311630+02:00",
    "accelleration": {
        "x": 0.10594886541366577,
        "y": -0.9217241406440735,
        "z": -0.3270758092403412
    },
    "position": {
        "pitch": 353.82589062712833,
        "roll": 250.45666111014845,
        "yaw": 150.88473906788954
    }
}