{
    "time": "2023-05-27T03:20:03.299701+02:00",
    "accelleration": {
        "x": 0.11101999878883362,
        "y": -0.9408639669418335,
        "z": -0.3206160068511963
    },
    "position": {
        "pitch": 353.6290398794935,
        "roll": 251.20723742823031,
        "yaw": 146.72571393886372
    }
}