{
    "time": "2022-07-10T23:40:03.054253+02:00",
    "accelleration": {
        "x": 0.10716108977794647,
        "y": -0.9224478602409363,
        "z": -0.32635271549224854
    },
    "position": {
        "pitch": 353.82260829434534,
        "roll": 250.50187696245393,
        "yaw": 140.13189029526842
    }
}