{
    "time": "2022-07-19T17:10:02.900611+02:00",
    "accelleration": {
        "x": 0.10425174236297607,
        "y": -0.9224478602409363,
        "z": -0.3265937268733978
    },
    "position": {
        "pitch": 353.9186864309658,
        "roll": 250.4835105837758,
        "yaw": 157.64706347830904
    }
}