{
    "time": "2023-05-24T08:00:02.837171+02:00",
    "accelleration": {
        "x": 0.1134599968791008,
        "y": -0.9408639669418335,
        "z": -0.31671199202537537
    },
    "position": {
        "pitch": 353.4808512414873,
        "roll": 251.41242997127586,
        "yaw": 191.65426480956637
    }
}