{
    "time": "2023-06-08T23:30:03.267336+02:00",
    "accelleration": {
        "x": 0.11101999878883362,
        "y": -0.9391559958457947,
        "z": -0.3113439977169037
    },
    "position": {
        "pitch": 353.5965567804614,
        "roll": 251.66757168772168,
        "yaw": 158.065398904594
    }
}