{
    "time": "2023-05-17T21:40:02.804977+02:00",
    "accelleration": {
        "x": 0.10809199512004852,
        "y": -0.9440360069274902,
        "z": -0.3113439977169037
    },
    "position": {
        "pitch": 353.7964584882211,
        "roll": 251.75410335431656,
        "yaw": 144.725875531019
    }
}