{
    "time": "2023-04-29T02:40:03.339057+02:00",
    "accelleration": {
        "x": 0.10955599695444107,
        "y": -0.9393999576568604,
        "z": -0.30866000056266785
    },
    "position": {
        "pitch": 353.6776439325142,
        "roll": 251.825028038658,
        "yaw": 192.7153483575062
    }
}