{
    "time": "2023-04-30T01:30:02.883232+02:00",
    "accelleration": {
        "x": 0.10858000069856644,
        "y": -0.9425719976425171,
        "z": -0.30621999502182007
    },
    "position": {
        "pitch": 353.7450472274516,
        "roll": 252.01242110872647,
        "yaw": 168.47619180358086
    }
}