{
    "time": "2023-06-14T05:00:03.366231+02:00",
    "accelleration": {
        "x": 0.11467999964952469,
        "y": -0.9418399930000305,
        "z": -0.31500399112701416
    },
    "position": {
        "pitch": 353.4136263852419,
        "roll": 251.51196631805044,
        "yaw": 158.23124955802024
    }
}