{
    "time": "2023-06-18T04:30:03.352300+02:00",
    "accelleration": {
        "x": 0.11028799414634705,
        "y": -0.9403759837150574,
        "z": -0.30987998843193054
    },
    "position": {
        "pitch": 353.64754755771014,
        "roll": 251.7692185629498,
        "yaw": 158.3199327342037
    }
}