{
    "time": "2022-07-20T17:10:02.760192+02:00",
    "accelleration": {
        "x": 0.11225245893001556,
        "y": -0.9234127402305603,
        "z": -0.3316553235054016
    },
    "position": {
        "pitch": 353.4953606977185,
        "roll": 250.2205483007303,
        "yaw": 115.29420790684054
    }
}