{
    "time": "2023-06-16T06:20:03.086927+02:00",
    "accelleration": {
        "x": 0.1117519959807396,
        "y": -0.9408639669418335,
        "z": -0.3147599995136261
    },
    "position": {
        "pitch": 353.57494776947476,
        "roll": 251.5080867706019,
        "yaw": 157.95289202858552
    }
}