{
    "time": "2023-06-05T07:30:03.183247+02:00",
    "accelleration": {
        "x": 0.11297199875116348,
        "y": -0.9406200051307678,
        "z": -0.3164680004119873
    },
    "position": {
        "pitch": 353.506331262186,
        "roll": 251.40930174463597,
        "yaw": 158.69245125153617
    }
}