{
    "time": "2023-07-03T18:40:02.649389+02:00",
    "accelleration": {
        "x": 0.10906799882650375,
        "y": -0.937936007976532,
        "z": -0.305976003408432
    },
    "position": {
        "pitch": 353.6867831525105,
        "roll": 251.93776714109822,
        "yaw": 158.45264330977702
    }
}