{
    "time": "2023-06-14T21:40:03.359708+02:00",
    "accelleration": {
        "x": 0.11394799500703812,
        "y": -0.9406200051307678,
        "z": -0.3172000050544739
    },
    "position": {
        "pitch": 353.44844967783837,
        "roll": 251.3724938551988,
        "yaw": 158.74183351923537
    }
}