{
    "time": "2023-07-02T07:30:02.828718+02:00",
    "accelleration": {
        "x": 0.1117519959807396,
        "y": -0.9391559958457947,
        "z": -0.31378400325775146
    },
    "position": {
        "pitch": 353.5622461789395,
        "roll": 251.53472450836495,
        "yaw": 158.85531028210596
    }
}