{
    "time": "2022-06-30T09:40:03.214776+02:00",
    "accelleration": {
        "x": 0.11249490827322006,
        "y": -0.9200355410575867,
        "z": -0.3492504358291626
    },
    "position": {
        "pitch": 353.4961184218296,
        "roll": 249.2017777746987,
        "yaw": 108.04665319740499
    }
}