{
    "time": "2023-05-25T00:30:03.152814+02:00",
    "accelleration": {
        "x": 0.10906799882650375,
        "y": -0.9389119744300842,
        "z": -0.31866398453712463
    },
    "position": {
        "pitch": 353.7198865180966,
        "roll": 251.26924188551573,
        "yaw": 175.252723007474
    }
}