{
    "time": "2023-05-23T19:50:02.695955+02:00",
    "accelleration": {
        "x": 0.11077599972486496,
        "y": -0.9403759837150574,
        "z": -0.3181760013103485
    },
    "position": {
        "pitch": 353.6262651151432,
        "roll": 251.3198945684005,
        "yaw": 151.74415445039557
    }
}