{
    "time": "2022-07-13T17:40:02.442810+02:00",
    "accelleration": {
        "x": 0.10328195989131927,
        "y": -0.9226890206336975,
        "z": -0.33286046981811523
    },
    "position": {
        "pitch": 353.9937058137146,
        "roll": 250.1449517669966,
        "yaw": 141.22197482642412
    }
}