{
    "time": "2023-06-22T02:10:02.919972+02:00",
    "accelleration": {
        "x": 0.10979999601840973,
        "y": -0.9398880004882812,
        "z": -0.3042680025100708
    },
    "position": {
        "pitch": 353.66073451856334,
        "roll": 252.06997228267298,
        "yaw": 158.2879947696447
    }
}