{
    "time": "2022-07-08T17:00:03.283386+02:00",
    "accelleration": {
        "x": 0.10837332904338837,
        "y": -0.9188294410705566,
        "z": -0.34563499689102173
    },
    "position": {
        "pitch": 353.7071093685936,
        "roll": 249.36881005085135,
        "yaw": 130.98035205280013
    }
}