{
    "time": "2023-06-18T01:10:03.152710+02:00",
    "accelleration": {
        "x": 0.11150799691677094,
        "y": -0.9398880004882812,
        "z": -0.3093920052051544
    },
    "position": {
        "pitch": 353.57167312065457,
        "roll": 251.78658773400915,
        "yaw": 157.38804904460383
    }
}