{
    "time": "2023-05-27T21:10:02.634405+02:00",
    "accelleration": {
        "x": 0.11126399785280228,
        "y": -0.9386679530143738,
        "z": -0.30524399876594543
    },
    "position": {
        "pitch": 353.5082569486451,
        "roll": 251.9896082768986,
        "yaw": 174.30097712776774
    }
}