{
    "time": "2022-07-17T22:20:03.066686+02:00",
    "accelleration": {
        "x": 0.11007044464349747,
        "y": -0.9229303002357483,
        "z": -0.32177314162254333
    },
    "position": {
        "pitch": 353.58675930098383,
        "roll": 250.74660947060465,
        "yaw": 148.30677978831662
    }
}