{
    "time": "2023-06-28T16:10:02.668076+02:00",
    "accelleration": {
        "x": 0.1076039969921112,
        "y": -0.9374479651451111,
        "z": -0.3013399839401245
    },
    "position": {
        "pitch": 353.7622166154777,
        "roll": 252.18400229086635,
        "yaw": 158.2218512177223
    }
}