{
    "time": "2023-06-07T09:10:03.140922+02:00",
    "accelleration": {
        "x": 0.115167997777462,
        "y": -0.9435479640960693,
        "z": -0.31963998079299927
    },
    "position": {
        "pitch": 353.4060854295114,
        "roll": 251.29417207598624,
        "yaw": 158.9718059885897
    }
}