{
    "time": "2023-06-07T23:30:03.460871+02:00",
    "accelleration": {
        "x": 0.11224000155925751,
        "y": -0.9393999576568604,
        "z": -0.3123199939727783
    },
    "position": {
        "pitch": 353.5756726233005,
        "roll": 251.68489304745682,
        "yaw": 158.52561705086944
    }
}