{
    "time": "2022-07-13T04:30:02.673825+02:00",
    "accelleration": {
        "x": 0.11152512580156326,
        "y": -0.9212417006492615,
        "z": -0.3318963646888733
    },
    "position": {
        "pitch": 353.5201666641235,
        "roll": 250.1829617697277,
        "yaw": 127.40137390884846
    }
}