{
    "time": "2023-06-14T07:40:02.545309+02:00",
    "accelleration": {
        "x": 0.1134599968791008,
        "y": -0.9406200051307678,
        "z": -0.31622397899627686
    },
    "position": {
        "pitch": 353.4770229204575,
        "roll": 251.4226479342742,
        "yaw": 158.03732682710523
    }
}