{
    "time": "2023-04-28T10:50:02.618351+02:00",
    "accelleration": {
        "x": 0.11028799414634705,
        "y": -0.9435479640960693,
        "z": -0.30451199412345886
    },
    "position": {
        "pitch": 353.6619473040278,
        "roll": 252.12628036219058,
        "yaw": 190.34672071561582
    }
}