{
    "time": "2023-05-12T20:30:03.177209+02:00",
    "accelleration": {
        "x": 0.11004399508237839,
        "y": -0.9420839548110962,
        "z": -0.31671199202537537
    },
    "position": {
        "pitch": 353.6819238998028,
        "roll": 251.43031140652295,
        "yaw": 179.52411840872486
    }
}