{
    "time": "2023-06-01T03:00:02.915044+02:00",
    "accelleration": {
        "x": 0.10809199512004852,
        "y": -0.941107988357544,
        "z": -0.3169559836387634
    },
    "position": {
        "pitch": 353.7845372467985,
        "roll": 251.39997853641893,
        "yaw": 172.89141732837388
    }
}