{
    "time": "2023-05-29T22:00:02.960819+02:00",
    "accelleration": {
        "x": 0.10979999601840973,
        "y": -0.9440360069274902,
        "z": -0.3076840043067932
    },
    "position": {
        "pitch": 353.69140932501267,
        "roll": 251.94821733052834,
        "yaw": 163.94325479863187
    }
}