{
    "time": "2023-05-01T22:00:03.287432+02:00",
    "accelleration": {
        "x": 0.1117519959807396,
        "y": -0.9403759837150574,
        "z": -0.3159799873828888
    },
    "position": {
        "pitch": 353.57908771788544,
        "roll": 251.44649895485588,
        "yaw": 199.2395177319457
    }
}