{
    "time": "2023-07-02T04:20:02.538100+02:00",
    "accelleration": {
        "x": 0.1105320006608963,
        "y": -0.9381799697875977,
        "z": -0.3093920052051544
    },
    "position": {
        "pitch": 353.615477258236,
        "roll": 251.75729988284814,
        "yaw": 157.9397097634874
    }
}