{
    "time": "2022-07-10T00:40:02.765330+02:00",
    "accelleration": {
        "x": 0.10958555340766907,
        "y": -0.9255837798118591,
        "z": -0.3256296217441559
    },
    "position": {
        "pitch": 353.644159356995,
        "roll": 250.6020075356863,
        "yaw": 170.8559253330617
    }
}