{
    "time": "2022-07-11T22:10:03.347616+02:00",
    "accelleration": {
        "x": 0.10716108977794647,
        "y": -0.9241364002227783,
        "z": -0.33406561613082886
    },
    "position": {
        "pitch": 353.78434941659634,
        "roll": 250.12576576561804,
        "yaw": 164.6471467737367
    }
}