{
    "time": "2023-06-06T09:00:03.341227+02:00",
    "accelleration": {
        "x": 0.11394799500703812,
        "y": -0.9418399930000305,
        "z": -0.3198840022087097
    },
    "position": {
        "pitch": 353.52851315528926,
        "roll": 251.25414716744996,
        "yaw": 158.73515359422709
    }
}