{
    "time": "2023-05-05T01:10:03.404661+02:00",
    "accelleration": {
        "x": 0.11199599504470825,
        "y": -0.9403759837150574,
        "z": -0.31500399112701416
    },
    "position": {
        "pitch": 353.5664992523583,
        "roll": 251.4931149959412,
        "yaw": 188.23130184663614
    }
}