{
    "time": "2022-07-11T11:40:03.116129+02:00",
    "accelleration": {
        "x": 0.10667620599269867,
        "y": -0.9200355410575867,
        "z": -0.3287630081176758
    },
    "position": {
        "pitch": 353.7263171412001,
        "roll": 250.31974313804636,
        "yaw": 122.65549892633514
    }
}