{
    "time": "2022-07-08T02:10:02.642373+02:00",
    "accelleration": {
        "x": 0.11225245893001556,
        "y": -0.9224478602409363,
        "z": -0.3415375351905823
    },
    "position": {
        "pitch": 353.50281158032936,
        "roll": 249.6720294688649,
        "yaw": 148.18883608172882
    }
}