{
    "time": "2023-05-18T16:10:03.060077+02:00",
    "accelleration": {
        "x": 0.10931199789047241,
        "y": -0.941107988357544,
        "z": -0.3125639855861664
    },
    "position": {
        "pitch": 353.71705796600656,
        "roll": 251.57408005836254,
        "yaw": 118.77886113835433
    }
}