{
    "time": "2022-07-06T03:20:03.165701+02:00",
    "accelleration": {
        "x": 0.11346468329429626,
        "y": -0.9195531010627747,
        "z": -0.3492504358291626
    },
    "position": {
        "pitch": 353.4356836273928,
        "roll": 249.19757037816998,
        "yaw": 185.49866610311912
    }
}