{
    "time": "2023-05-17T21:10:02.560665+02:00",
    "accelleration": {
        "x": 0.11150799691677094,
        "y": -0.9403759837150574,
        "z": -0.31207600235939026
    },
    "position": {
        "pitch": 353.5790053287286,
        "roll": 251.65309851687044,
        "yaw": 124.75671100184118
    }
}