{
    "time": "2023-06-25T08:10:02.781618+02:00",
    "accelleration": {
        "x": 0.10931199789047241,
        "y": -0.9396439790725708,
        "z": -0.305976003408432
    },
    "position": {
        "pitch": 353.6931394973068,
        "roll": 251.97738906847346,
        "yaw": 157.95752289684282
    }
}