{
    "time": "2023-06-02T13:30:03.470707+02:00",
    "accelleration": {
        "x": 0.11297199875116348,
        "y": -0.9403759837150574,
        "z": -0.3118319809436798
    },
    "position": {
        "pitch": 353.4936335136321,
        "roll": 251.65760644172263,
        "yaw": 156.93100010610326
    }
}