{
    "time": "2023-05-16T08:10:03.458534+02:00",
    "accelleration": {
        "x": 0.11248400062322617,
        "y": -0.9420839548110962,
        "z": -0.313539981842041
    },
    "position": {
        "pitch": 353.5413577529103,
        "roll": 251.60728843810716,
        "yaw": 198.8749085736721
    }
}