{
    "time": "2023-05-22T03:00:02.727830+02:00",
    "accelleration": {
        "x": 0.11077599972486496,
        "y": -0.9440360069274902,
        "z": -0.32085999846458435
    },
    "position": {
        "pitch": 353.6595665562152,
        "roll": 251.2368258077148,
        "yaw": 183.15300155721832
    }
}