{
    "time": "2023-05-18T23:40:02.584549+02:00",
    "accelleration": {
        "x": 0.11077599972486496,
        "y": -0.9423279762268066,
        "z": -0.3106119930744171
    },
    "position": {
        "pitch": 353.63395462748815,
        "roll": 251.76466965696258,
        "yaw": 182.11654767142556
    }
}