{
    "time": "2023-06-26T16:30:02.976573+02:00",
    "accelleration": {
        "x": 0.10735999792814255,
        "y": -0.9376919865608215,
        "z": -0.29938799142837524
    },
    "position": {
        "pitch": 353.77416090878876,
        "roll": 252.2957783366336,
        "yaw": 157.3022345478718
    }
}