{
    "time": "2023-05-10T03:10:03.180022+02:00",
    "accelleration": {
        "x": 0.11565599590539932,
        "y": -0.9428159594535828,
        "z": -0.3123199939727783
    },
    "position": {
        "pitch": 353.3662398134408,
        "roll": 251.73863297584649,
        "yaw": 182.46647192298366
    }
}