{
    "time": "2023-06-06T04:50:03.331075+02:00",
    "accelleration": {
        "x": 0.11394799500703812,
        "y": -0.9418399930000305,
        "z": -0.31744399666786194
    },
    "position": {
        "pitch": 353.4601288744323,
        "roll": 251.38250008233285,
        "yaw": 158.96794010151947
    }
}