{
    "time": "2023-05-24T21:00:03.059978+02:00",
    "accelleration": {
        "x": 0.11224000155925751,
        "y": -0.9403759837150574,
        "z": -0.31158798933029175
    },
    "position": {
        "pitch": 353.5418969109679,
        "roll": 251.6726738390317,
        "yaw": 102.11078850674619
    }
}