{
    "time": "2022-07-05T19:50:03.351547+02:00",
    "accelleration": {
        "x": 0.11394958198070526,
        "y": -0.9202768206596375,
        "z": -0.34852734208106995
    },
    "position": {
        "pitch": 353.4102083024491,
        "roll": 249.23550524882023,
        "yaw": 114.98171309193411
    }
}