{
    "time": "2023-06-13T23:10:02.693608+02:00",
    "accelleration": {
        "x": 0.11297199875116348,
        "y": -0.9423279762268066,
        "z": -0.3172000050544739
    },
    "position": {
        "pitch": 353.51644335725223,
        "roll": 251.4019456308999,
        "yaw": 157.70796144494886
    }
}