{
    "time": "2023-06-01T16:20:03.384483+02:00",
    "accelleration": {
        "x": 0.1117519959807396,
        "y": -0.9403759837150574,
        "z": -0.30987998843193054
    },
    "position": {
        "pitch": 353.5583738885669,
        "roll": 251.76529120417706,
        "yaw": 155.20480639716592
    }
}