{
    "time": "2022-07-18T12:50:03.235613+02:00",
    "accelleration": {
        "x": 0.11055533587932587,
        "y": -0.9205180406570435,
        "z": -0.3316553235054016
    },
    "position": {
        "pitch": 353.5670793915509,
        "roll": 250.1735361086731,
        "yaw": 193.93431855830005
    }
}