{
    "time": "2022-07-14T04:00:02.764219+02:00",
    "accelleration": {
        "x": 0.10813087970018387,
        "y": -0.9207592606544495,
        "z": -0.32948607206344604
    },
    "position": {
        "pitch": 353.709287772052,
        "roll": 250.29602189105893,
        "yaw": 143.7470821021995
    }
}