{
    "time": "2023-05-10T11:30:02.879424+02:00",
    "accelleration": {
        "x": 0.11272799968719482,
        "y": -0.9420839548110962,
        "z": -0.3079279959201813
    },
    "position": {
        "pitch": 353.5179033101873,
        "roll": 251.96738967152857,
        "yaw": 126.1718852167328
    }
}