{
    "time": "2022-07-17T06:40:03.173519+02:00",
    "accelleration": {
        "x": 0.10934310406446457,
        "y": -0.9200355410575867,
        "z": -0.3287630081176758
    },
    "position": {
        "pitch": 353.6334291298089,
        "roll": 250.3247974780322,
        "yaw": 188.038417304475
    }
}