{
    "time": "2023-06-26T04:10:03.383784+02:00",
    "accelleration": {
        "x": 0.10809199512004852,
        "y": -0.9398880004882812,
        "z": -0.301827996969223
    },
    "position": {
        "pitch": 353.75572110557704,
        "roll": 252.20739568877363,
        "yaw": 158.3540700196754
    }
}