{
    "time": "2023-05-12T21:00:02.944159+02:00",
    "accelleration": {
        "x": 0.11101999878883362,
        "y": -0.9418399930000305,
        "z": -0.3152479827404022
    },
    "position": {
        "pitch": 353.62169102283343,
        "roll": 251.50554594023063,
        "yaw": 162.9757038611862
    }
}