{
    "time": "2023-06-19T01:10:03.424843+02:00",
    "accelleration": {
        "x": 0.11101999878883362,
        "y": -0.9398880004882812,
        "z": -0.30695199966430664
    },
    "position": {
        "pitch": 353.54782466139386,
        "roll": 251.91471525264942,
        "yaw": 157.52017222390856
    }
}