{
    "time": "2023-04-27T15:10:02.519852+02:00",
    "accelleration": {
        "x": 0.11028799414634705,
        "y": -0.9408639669418335,
        "z": -0.3020719885826111
    },
    "position": {
        "pitch": 353.63452025252883,
        "roll": 252.19906968817537,
        "yaw": 187.32958027241108
    }
}