{
    "time": "2023-05-04T09:40:03.226981+02:00",
    "accelleration": {
        "x": 0.11028799414634705,
        "y": -0.9406200051307678,
        "z": -0.31451600790023804
    },
    "position": {
        "pitch": 353.66329285129433,
        "roll": 251.52577013036304,
        "yaw": 99.09138727092616
    }
}