{
    "time": "2022-07-08T19:50:02.469386+02:00",
    "accelleration": {
        "x": 0.11322224140167236,
        "y": -0.9185882210731506,
        "z": -0.3376810550689697
    },
    "position": {
        "pitch": 353.41843185020986,
        "roll": 249.78925600558983,
        "yaw": 177.8493150431027
    }
}