{
    "time": "2023-06-12T01:50:03.414265+02:00",
    "accelleration": {
        "x": 0.11028799414634705,
        "y": -0.9396439790725708,
        "z": -0.3118319809436798
    },
    "position": {
        "pitch": 353.64409575085836,
        "roll": 251.58472149308943,
        "yaw": 157.7427134474459
    }
}