{
    "time": "2022-06-30T06:50:03.060429+02:00",
    "accelleration": {
        "x": 0.11467691510915756,
        "y": -0.9207592606544495,
        "z": -0.3461170494556427
    },
    "position": {
        "pitch": 353.37128561569017,
        "roll": 249.38145273100506,
        "yaw": 109.37332865122076
    }
}