{
    "time": "2023-05-07T04:00:03.033721+02:00",
    "accelleration": {
        "x": 0.1134599968791008,
        "y": -0.9403759837150574,
        "z": -0.3084160089492798
    },
    "position": {
        "pitch": 353.46540690311343,
        "roll": 251.78204565821108,
        "yaw": 196.06812429652538
    }
}