{
    "time": "2022-07-16T18:10:03.057745+02:00",
    "accelleration": {
        "x": 0.11273735016584396,
        "y": -0.9231715202331543,
        "z": -0.33117327094078064
    },
    "position": {
        "pitch": 353.46493988892894,
        "roll": 250.23879856619254,
        "yaw": 168.2625844674779
    }
}