{
    "time": "2022-07-21T05:50:02.703552+02:00",
    "accelleration": {
        "x": 0.10570641607046127,
        "y": -0.9210004806518555,
        "z": -0.32611170411109924
    },
    "position": {
        "pitch": 353.83819094404987,
        "roll": 250.4838452630451,
        "yaw": 188.29532803991586
    }
}