{
    "time": "2022-07-18T23:30:02.430188+02:00",
    "accelleration": {
        "x": 0.11152512580156326,
        "y": -0.9212417006492615,
        "z": -0.32924503087997437
    },
    "position": {
        "pitch": 353.5147960010018,
        "roll": 250.312817326228,
        "yaw": 138.08113965735043
    }
}