{
    "time": "2023-04-29T03:40:03.004521+02:00",
    "accelleration": {
        "x": 0.11126399785280228,
        "y": -0.9442799687385559,
        "z": -0.30695199966430664
    },
    "position": {
        "pitch": 353.61616283847394,
        "roll": 252.00348722129206,
        "yaw": 137.72001389555354
    }
}