{
    "time": "2022-07-05T21:40:02.643074+02:00",
    "accelleration": {
        "x": 0.10861577093601227,
        "y": -0.9166584014892578,
        "z": -0.3393682539463043
    },
    "position": {
        "pitch": 353.66697944589885,
        "roll": 249.66316388332223,
        "yaw": 110.16183983995288
    }
}