{
    "time": "2023-06-20T16:30:02.626610+02:00",
    "accelleration": {
        "x": 0.11077599972486496,
        "y": -0.9393999576568604,
        "z": -0.3054879903793335
    },
    "position": {
        "pitch": 353.59924531367346,
        "roll": 251.9857628803959,
        "yaw": 157.37938836473626
    }
}