{
    "time": "2023-05-26T06:00:02.805536+02:00",
    "accelleration": {
        "x": 0.11150799691677094,
        "y": -0.944767951965332,
        "z": -0.31915199756622314
    },
    "position": {
        "pitch": 353.62119369968445,
        "roll": 251.34998838188358,
        "yaw": 117.03033271083106
    }
}