{
    "time": "2022-07-09T22:50:03.167198+02:00",
    "accelleration": {
        "x": 0.11079778522253036,
        "y": -0.9222065806388855,
        "z": -0.3304502069950104
    },
    "position": {
        "pitch": 353.562162936009,
        "roll": 250.271638115722,
        "yaw": 181.96122916969946
    }
}