{
    "time": "2023-04-30T22:50:03.436253+02:00",
    "accelleration": {
        "x": 0.10833600163459778,
        "y": -0.9415959715843201,
        "z": -0.3123199939727783
    },
    "position": {
        "pitch": 353.7645751651755,
        "roll": 251.65966915885195,
        "yaw": 142.25576493844056
    }
}