{
    "time": "2023-05-07T05:20:02.888478+02:00",
    "accelleration": {
        "x": 0.10955599695444107,
        "y": -0.9391559958457947,
        "z": -0.30646398663520813
    },
    "position": {
        "pitch": 353.6707266584322,
        "roll": 251.93818378263757,
        "yaw": 122.74147734760726
    }
}