{
    "time": "2023-06-06T16:40:02.768756+02:00",
    "accelleration": {
        "x": 0.11199599504470825,
        "y": -0.9391559958457947,
        "z": -0.3113439977169037
    },
    "position": {
        "pitch": 353.54031145330686,
        "roll": 251.66176602692718,
        "yaw": 158.7691542759154
    }
}