{
    "time": "2023-05-15T08:10:02.891054+02:00",
    "accelleration": {
        "x": 0.11126399785280228,
        "y": -0.9413520097732544,
        "z": -0.31793197989463806
    },
    "position": {
        "pitch": 353.61327708354963,
        "roll": 251.35881298629124,
        "yaw": 149.35268665592065
    }
}