{
    "time": "2023-05-31T13:20:03.109651+02:00",
    "accelleration": {
        "x": 0.1088239997625351,
        "y": -0.9389119744300842,
        "z": -0.31280800700187683
    },
    "position": {
        "pitch": 353.7253395703752,
        "roll": 251.57662771892296,
        "yaw": 189.85379962359434
    }
}