{
    "time": "2022-07-15T09:20:02.638221+02:00",
    "accelleration": {
        "x": 0.10740353912115097,
        "y": -0.9212417006492615,
        "z": -0.33237841725349426
    },
    "position": {
        "pitch": 353.80225006175044,
        "roll": 250.16069535303347,
        "yaw": 129.27587834542345
    }
}