{
    "time": "2023-06-03T04:00:03.330050+02:00",
    "accelleration": {
        "x": 0.11443600058555603,
        "y": -0.9406200051307678,
        "z": -0.31573599576950073
    },
    "position": {
        "pitch": 353.42111013813815,
        "roll": 251.45112982311315,
        "yaw": 159.6314929793862
    }
}