{
    "time": "2023-07-02T22:00:03.044887+02:00",
    "accelleration": {
        "x": 0.11004399508237839,
        "y": -0.9376919865608215,
        "z": -0.305976003408432
    },
    "position": {
        "pitch": 353.633165740639,
        "roll": 251.93103940476576,
        "yaw": 158.41382051453468
    }
}