{
    "time": "2023-06-23T01:30:03.115082+02:00",
    "accelleration": {
        "x": 0.1105320006608963,
        "y": -0.9386679530143738,
        "z": -0.3037799894809723
    },
    "position": {
        "pitch": 353.6103294300359,
        "roll": 252.07319613196123,
        "yaw": 157.842229303653
    }
}