{
    "time": "2023-05-26T16:30:03.319939+02:00",
    "accelleration": {
        "x": 0.11394799500703812,
        "y": -0.9408639669418335,
        "z": -0.31158798933029175
    },
    "position": {
        "pitch": 353.4376515756474,
        "roll": 251.74716388211982,
        "yaw": 128.87049295780486
    }
}