{
    "time": "2022-07-05T11:40:03.044872+02:00",
    "accelleration": {
        "x": 0.11225245893001556,
        "y": -0.9200355410575867,
        "z": -0.3429836630821228
    },
    "position": {
        "pitch": 353.4932727942666,
        "roll": 249.53485877976354,
        "yaw": 140.89901616170923
    }
}