{
    "time": "2022-07-10T19:00:02.764380+02:00",
    "accelleration": {
        "x": 0.10861577093601227,
        "y": -0.9236539602279663,
        "z": -0.32297831773757935
    },
    "position": {
        "pitch": 353.6773886541939,
        "roll": 250.70911856225047,
        "yaw": 167.04903743688504
    }
}