{
    "time": "2023-06-11T19:20:02.804151+02:00",
    "accelleration": {
        "x": 0.11224000155925751,
        "y": -0.9389119744300842,
        "z": -0.3096359968185425
    },
    "position": {
        "pitch": 353.52273310770414,
        "roll": 251.75162399564786,
        "yaw": 158.29668277026894
    }
}