{
    "time": "2023-06-06T12:40:03.171517+02:00",
    "accelleration": {
        "x": 0.11272799968719482,
        "y": -0.9403759837150574,
        "z": -0.3140279948711395
    },
    "position": {
        "pitch": 353.5134858853416,
        "roll": 251.47326646621315,
        "yaw": 159.15481407721103
    }
}