{
    "time": "2023-05-22T00:50:03.141360+02:00",
    "accelleration": {
        "x": 0.11150799691677094,
        "y": -0.9425719976425171,
        "z": -0.321835994720459
    },
    "position": {
        "pitch": 353.6087589134136,
        "roll": 251.15412587724433,
        "yaw": 139.41661922500634
    }
}