{
    "time": "2022-06-30T11:20:02.432637+02:00",
    "accelleration": {
        "x": 0.10788843780755997,
        "y": -0.9200355410575867,
        "z": -0.34563499689102173
    },
    "position": {
        "pitch": 353.73856324349515,
        "roll": 249.39157507135502,
        "yaw": 137.06467090506914
    }
}