{
    "time": "2023-06-21T06:10:02.874635+02:00",
    "accelleration": {
        "x": 0.11101999878883362,
        "y": -0.9401319622993469,
        "z": -0.3067080080509186
    },
    "position": {
        "pitch": 353.5984986886198,
        "roll": 251.9418652546002,
        "yaw": 158.9395538353289
    }
}