{
    "time": "2023-05-18T10:10:03.484715+02:00",
    "accelleration": {
        "x": 0.11004399508237839,
        "y": -0.9423279762268066,
        "z": -0.3108559846878052
    },
    "position": {
        "pitch": 353.6759534606946,
        "roll": 251.7562821846618,
        "yaw": 187.8301648366813
    }
}