{
    "time": "2023-06-21T19:40:03.580904+02:00",
    "accelleration": {
        "x": 0.11126399785280228,
        "y": -0.9381799697875977,
        "z": -0.30573198199272156
    },
    "position": {
        "pitch": 353.56769112036847,
        "roll": 251.95204223646354,
        "yaw": 158.08665445329106
    }
}