{
    "time": "2023-06-16T03:00:04.081953+02:00",
    "accelleration": {
        "x": 0.11321599781513214,
        "y": -0.9406200051307678,
        "z": -0.31622397899627686
    },
    "position": {
        "pitch": 353.4435289534282,
        "roll": 251.35922962783064,
        "yaw": 158.63296030386536
    }
}