{
    "time": "2023-06-11T20:30:03.208256+02:00",
    "accelleration": {
        "x": 0.1105320006608963,
        "y": -0.9393999576568604,
        "z": -0.30987998843193054
    },
    "position": {
        "pitch": 353.62460623294857,
        "roll": 251.74972520305857,
        "yaw": 158.061382753362
    }
}