{
    "time": "2022-07-13T15:30:02.881168+02:00",
    "accelleration": {
        "x": 0.11079778522253036,
        "y": -0.9222065806388855,
        "z": -0.3297271132469177
    },
    "position": {
        "pitch": 353.5633718794921,
        "roll": 250.31321347719984,
        "yaw": 108.66524293996554
    }
}