{
    "time": "2023-06-22T22:10:03.276143+02:00",
    "accelleration": {
        "x": 0.11028799414634705,
        "y": -0.9393999576568604,
        "z": -0.3013399839401245
    },
    "position": {
        "pitch": 353.62111557939585,
        "roll": 252.21528455726502,
        "yaw": 157.52149728060752
    }
}