{
    "time": "2022-07-08T20:40:02.779013+02:00",
    "accelleration": {
        "x": 0.11007044464349747,
        "y": -0.9185882210731506,
        "z": -0.347563236951828
    },
    "position": {
        "pitch": 353.61349863781084,
        "roll": 249.2773743084324,
        "yaw": 172.99967582671857
    }
}