{
    "time": "2023-05-24T13:00:03.340173+02:00",
    "accelleration": {
        "x": 0.11028799414634705,
        "y": -0.9376919865608215,
        "z": -0.31329599022865295
    },
    "position": {
        "pitch": 353.6336229364266,
        "roll": 251.53566024428122,
        "yaw": 130.84189045794562
    }
}