{
    "time": "2023-04-28T19:30:03.164320+02:00",
    "accelleration": {
        "x": 0.11199599504470825,
        "y": -0.9430599808692932,
        "z": -0.3037799894809723
    },
    "position": {
        "pitch": 353.55903470936914,
        "roll": 252.15032945825817,
        "yaw": 127.35457345265553
    }
}