{
    "time": "2023-05-27T18:10:02.969143+02:00",
    "accelleration": {
        "x": 0.10955599695444107,
        "y": -0.9403759837150574,
        "z": -0.31158798933029175
    },
    "position": {
        "pitch": 353.68713362659224,
        "roll": 251.67240746165405,
        "yaw": 108.15086139357187
    }
}