{
    "time": "2023-06-04T19:00:02.697117+02:00",
    "accelleration": {
        "x": 0.1134599968791008,
        "y": -0.9398880004882812,
        "z": -0.3142719864845276
    },
    "position": {
        "pitch": 353.47049112517686,
        "roll": 251.51765586562908,
        "yaw": 158.56448082724683
    }
}