{
    "time": "2022-07-09T03:20:02.694134+02:00",
    "accelleration": {
        "x": 0.10982800275087357,
        "y": -0.9207592606544495,
        "z": -0.33888617157936096
    },
    "position": {
        "pitch": 353.62641708685226,
        "roll": 249.77552049516893,
        "yaw": 133.22080436472604
    }
}