{
    "time": "2023-07-03T23:40:03.208547+02:00",
    "accelleration": {
        "x": 0.11101999878883362,
        "y": -0.9389119744300842,
        "z": -0.30743998289108276
    },
    "position": {
        "pitch": 353.58881177282944,
        "roll": 251.87381607989937,
        "yaw": 158.42045945840792
    }
}