{
    "time": "2022-07-07T03:00:02.723373+02:00",
    "accelleration": {
        "x": 0.11201001703739166,
        "y": -0.9193118810653687,
        "z": -0.3408144414424896
    },
    "position": {
        "pitch": 353.5027996274983,
        "roll": 249.64520731599427,
        "yaw": 184.94848070509624
    }
}