{
    "time": "2023-05-23T15:20:02.667504+02:00",
    "accelleration": {
        "x": 0.11150799691677094,
        "y": -0.9393999576568604,
        "z": -0.31768798828125
    },
    "position": {
        "pitch": 353.57856392775346,
        "roll": 251.32703894627235,
        "yaw": 134.69540122539678
    }
}