{
    "time": "2023-06-27T00:50:02.623279+02:00",
    "accelleration": {
        "x": 0.10931199789047241,
        "y": -0.9389119744300842,
        "z": -0.30109599232673645
    },
    "position": {
        "pitch": 353.6754510149038,
        "roll": 252.22247674646104,
        "yaw": 157.97815006813624
    }
}