{
    "time": "2023-05-10T08:30:03.170561+02:00",
    "accelleration": {
        "x": 0.11272799968719482,
        "y": -0.9440360069274902,
        "z": -0.3147599995136261
    },
    "position": {
        "pitch": 353.5450072083612,
        "roll": 251.57117039777611,
        "yaw": 98.04242047857394
    }
}