{
    "time": "2023-05-09T14:30:02.664554+02:00",
    "accelleration": {
        "x": 0.11101999878883362,
        "y": -0.9420839548110962,
        "z": -0.30646398663520813
    },
    "position": {
        "pitch": 353.6074052552975,
        "roll": 251.98845397492886,
        "yaw": 131.77589150618817
    }
}