{
    "time": "2023-06-30T18:20:03.058298+02:00",
    "accelleration": {
        "x": 0.11028799414634705,
        "y": -0.9389119744300842,
        "z": -0.30646398663520813
    },
    "position": {
        "pitch": 353.62973655878886,
        "roll": 251.93179755576364,
        "yaw": 157.8500430400635
    }
}