{
    "time": "2022-07-18T20:30:03.684229+02:00",
    "accelleration": {
        "x": 0.11128267645835876,
        "y": -0.9193118810653687,
        "z": -0.3171936273574829
    },
    "position": {
        "pitch": 353.48778345660804,
        "roll": 250.92424903053836,
        "yaw": 127.79454691823108
    }
}