{
    "time": "2023-06-04T23:40:02.849838+02:00",
    "accelleration": {
        "x": 0.11224000155925751,
        "y": -0.9396439790725708,
        "z": -0.31378400325775146
    },
    "position": {
        "pitch": 353.5376066983955,
        "roll": 251.5401271879984,
        "yaw": 158.3727437568662
    }
}