{
    "time": "2023-06-18T00:30:03.239864+02:00",
    "accelleration": {
        "x": 0.11101999878883362,
        "y": -0.9384239912033081,
        "z": -0.3076840043067932
    },
    "position": {
        "pitch": 353.5859157726214,
        "roll": 251.85214388966295,
        "yaw": 158.1737257048304
    }
}