{
    "time": "2023-06-29T04:50:02.789379+02:00",
    "accelleration": {
        "x": 0.10931199789047241,
        "y": -0.9384239912033081,
        "z": -0.30451199412345886
    },
    "position": {
        "pitch": 353.6792823241413,
        "roll": 252.0286496381944,
        "yaw": 159.39970367971264
    }
}