{
    "time": "2022-07-13T16:10:02.554515+02:00",
    "accelleration": {
        "x": 0.10691864788532257,
        "y": -0.9205180406570435,
        "z": -0.32755783200263977
    },
    "position": {
        "pitch": 353.7614648677822,
        "roll": 250.39796246442137,
        "yaw": 169.33309367647232
    }
}