{
    "time": "2023-05-30T16:00:03.112042+02:00",
    "accelleration": {
        "x": 0.10809199512004852,
        "y": -0.9396439790725708,
        "z": -0.2513200044631958
    },
    "position": {
        "pitch": 353.6518574070764,
        "roll": 255.02841408015064,
        "yaw": 139.37423107101725
    }
}