{
    "time": "2023-04-27T21:40:02.656782+02:00",
    "accelleration": {
        "x": 0.10687199980020523,
        "y": -0.9450119733810425,
        "z": -0.3096359968185425
    },
    "position": {
        "pitch": 353.86526111816477,
        "roll": 251.86850219272512,
        "yaw": 138.07217844915937
    }
}