{
    "time": "2023-06-25T02:00:03.130280+02:00",
    "accelleration": {
        "x": 0.10955599695444107,
        "y": -0.9393999576568604,
        "z": -0.30109599232673645
    },
    "position": {
        "pitch": 353.66774570774635,
        "roll": 252.23608931347687,
        "yaw": 158.89314953010782
    }
}