{
    "time": "2022-07-11T04:00:02.499335+02:00",
    "accelleration": {
        "x": 0.10861577093601227,
        "y": -0.9226890206336975,
        "z": -0.3273168206214905
    },
    "position": {
        "pitch": 353.6856775156386,
        "roll": 250.45561609120546,
        "yaw": 175.10202171362684
    }
}