{
    "time": "2023-05-27T19:50:03.386034+02:00",
    "accelleration": {
        "x": 0.1117519959807396,
        "y": -0.9386679530143738,
        "z": -0.3111000061035156
    },
    "position": {
        "pitch": 353.5532247797064,
        "roll": 251.67570644302316,
        "yaw": 191.79368263090467
    }
}