{
    "time": "2023-06-05T10:10:03.314987+02:00",
    "accelleration": {
        "x": 0.11443600058555603,
        "y": -0.9401319622993469,
        "z": -0.3181760013103485
    },
    "position": {
        "pitch": 353.4229265415705,
        "roll": 251.30747728448944,
        "yaw": 158.7023823465894
    }
}