{
    "time": "2023-05-12T10:30:03.219620+02:00",
    "accelleration": {
        "x": 0.10955599695444107,
        "y": -0.9437919855117798,
        "z": -0.31451600790023804
    },
    "position": {
        "pitch": 353.7125765081374,
        "roll": 251.58031602107476,
        "yaw": 175.9447987553147
    }
}