{
    "time": "2023-06-21T07:30:02.647918+02:00",
    "accelleration": {
        "x": 0.11004399508237839,
        "y": -0.9393999576568604,
        "z": -0.30695199966430664
    },
    "position": {
        "pitch": 353.6484401780573,
        "roll": 251.91403223373243,
        "yaw": 159.29912231399504
    }
}