{
    "time": "2023-05-09T19:10:02.884891+02:00",
    "accelleration": {
        "x": 0.11370399594306946,
        "y": -0.9406200051307678,
        "z": -0.37380799651145935
    },
    "position": {
        "pitch": 353.59029990029484,
        "roll": 248.4028095663473,
        "yaw": 106.63311822791417
    }
}