{
    "time": "2023-06-25T02:30:02.828609+02:00",
    "accelleration": {
        "x": 0.10931199789047241,
        "y": -0.9398880004882812,
        "z": -0.30280399322509766
    },
    "position": {
        "pitch": 353.68713191904493,
        "roll": 252.1505958356358,
        "yaw": 158.09105309511656
    }
}