{
    "time": "2022-07-11T02:30:03.124648+02:00",
    "accelleration": {
        "x": 0.10716108977794647,
        "y": -0.9251013398170471,
        "z": -0.33286046981811523
    },
    "position": {
        "pitch": 353.79642903303034,
        "roll": 250.20746165828055,
        "yaw": 119.7972013624682
    }
}