{
    "time": "2023-06-04T10:20:02.872246+02:00",
    "accelleration": {
        "x": 0.11419199407100677,
        "y": -0.9415959715843201,
        "z": -0.3169559836387634
    },
    "position": {
        "pitch": 353.444026703464,
        "roll": 251.4017134044681,
        "yaw": 159.12799875452956
    }
}