{
    "time": "2023-04-29T08:20:03.177164+02:00",
    "accelleration": {
        "x": 0.11297199875116348,
        "y": -0.9403759837150574,
        "z": -0.30646398663520813
    },
    "position": {
        "pitch": 353.4947071339923,
        "roll": 251.9626905013796,
        "yaw": 198.2101809032681
    }
}