{
    "time": "2023-05-19T03:50:03.382119+02:00",
    "accelleration": {
        "x": 0.11199599504470825,
        "y": -0.9408639669418335,
        "z": -0.3172000050544739
    },
    "position": {
        "pitch": 353.5725584839258,
        "roll": 251.38359291260008,
        "yaw": 200.06073869661302
    }
}