{
    "time": "2023-05-18T09:40:03.346252+02:00",
    "accelleration": {
        "x": 0.11467999964952469,
        "y": -0.9442799687385559,
        "z": -0.31549200415611267
    },
    "position": {
        "pitch": 353.44191062548174,
        "roll": 251.54121318807643,
        "yaw": 109.58535138343629
    }
}