{
    "time": "2023-06-24T03:10:02.864541+02:00",
    "accelleration": {
        "x": 0.11004399508237839,
        "y": -0.9393999576568604,
        "z": -0.30402398109436035
    },
    "position": {
        "pitch": 353.6435356753464,
        "roll": 252.07439824525517,
        "yaw": 158.5462852032979
    }
}