{
    "time": "2023-05-09T07:40:03.037219+02:00",
    "accelleration": {
        "x": 0.1088239997625351,
        "y": -0.9420839548110962,
        "z": -0.31207600235939026
    },
    "position": {
        "pitch": 353.74240138292186,
        "roll": 251.6800709339028,
        "yaw": 160.30044170669726
    }
}