{
    "time": "2023-06-29T21:50:03.285879+02:00",
    "accelleration": {
        "x": 0.10906799882650375,
        "y": -0.9396439790725708,
        "z": -0.30353599786758423
    },
    "position": {
        "pitch": 353.7009327431498,
        "roll": 252.1046764738458,
        "yaw": 159.09668916737422
    }
}