{
    "time": "2023-05-18T19:40:02.791422+02:00",
    "accelleration": {
        "x": 0.11150799691677094,
        "y": -0.941107988357544,
        "z": -0.31280800700187683
    },
    "position": {
        "pitch": 353.59059658663693,
        "roll": 251.6227656467664,
        "yaw": 176.15777771401403
    }
}