{
    "time": "2023-07-03T00:10:04.281034+02:00",
    "accelleration": {
        "x": 0.11004399508237839,
        "y": -0.9374479651451111,
        "z": -0.3079279959201813
    },
    "position": {
        "pitch": 353.6376706772835,
        "roll": 251.82243939696255,
        "yaw": 157.99944659796833
    }
}