{
    "time": "2022-07-07T15:00:03.261877+02:00",
    "accelleration": {
        "x": 0.11055533587932587,
        "y": -0.9185882210731506,
        "z": -0.33382460474967957
    },
    "position": {
        "pitch": 353.5593471905237,
        "roll": 249.9959921713878,
        "yaw": 122.49294042408884
    }
}