{
    "time": "2023-06-23T07:50:03.014590+02:00",
    "accelleration": {
        "x": 0.10858000069856644,
        "y": -0.9398880004882812,
        "z": -0.3050000071525574
    },
    "position": {
        "pitch": 353.7317159788522,
        "roll": 252.02915507219296,
        "yaw": 158.2000082727566
    }
}