{
    "time": "2023-05-02T05:10:03.492127+02:00",
    "accelleration": {
        "x": 0.10833600163459778,
        "y": -0.9433040022850037,
        "z": -0.313539981842041
    },
    "position": {
        "pitch": 353.78239683626737,
        "roll": 251.6221509297411,
        "yaw": 160.22421679555993
    }
}