{
    "time": "2023-06-20T12:20:02.753120+02:00",
    "accelleration": {
        "x": 0.1105320006608963,
        "y": -0.9391559958457947,
        "z": -0.30743998289108276
    },
    "position": {
        "pitch": 353.61917751321886,
        "roll": 251.87576268381284,
        "yaw": 158.23906329443074
    }
}