{
    "time": "2023-07-03T05:50:02.724002+02:00",
    "accelleration": {
        "x": 0.11101999878883362,
        "y": -0.937936007976532,
        "z": -0.3096359968185425
    },
    "position": {
        "pitch": 353.5891733459686,
        "roll": 251.73801142863203,
        "yaw": 158.16614419485168
    }
}