{
    "time": "2023-06-09T23:30:03.050200+02:00",
    "accelleration": {
        "x": 0.11419199407100677,
        "y": -0.9401319622993469,
        "z": -0.31573599576950073
    },
    "position": {
        "pitch": 353.4957909996362,
        "roll": 251.44693608696275,
        "yaw": 158.25675348438105
    }
}