{
    "time": "2022-07-14T07:20:02.455647+02:00",
    "accelleration": {
        "x": 0.10691864788532257,
        "y": -0.9219653606414795,
        "z": -0.3268347680568695
    },
    "position": {
        "pitch": 353.77278846765245,
        "roll": 250.46347080875097,
        "yaw": 168.418626969256
    }
}