{
    "time": "2023-06-09T23:20:02.448884+02:00",
    "accelleration": {
        "x": 0.11443600058555603,
        "y": -0.9406200051307678,
        "z": -0.3130519986152649
    },
    "position": {
        "pitch": 353.41792855064534,
        "roll": 251.59722756945973,
        "yaw": 158.19935257459628
    }
}