{
    "time": "2023-06-07T14:30:02.646960+02:00",
    "accelleration": {
        "x": 0.1105320006608963,
        "y": -0.9401319622993469,
        "z": -0.2500999867916107
    },
    "position": {
        "pitch": 353.5839636191792,
        "roll": 255.04266868494847,
        "yaw": 155.92407995828162
    }
}