{
    "time": "2023-05-15T04:50:03.042273+02:00",
    "accelleration": {
        "x": 0.11150799691677094,
        "y": -0.9428159594535828,
        "z": -0.3106119930744171
    },
    "position": {
        "pitch": 353.59504560110753,
        "roll": 251.78328875264003,
        "yaw": 163.71306376322408
    }
}