{
    "time": "2023-06-29T18:10:03.288699+02:00",
    "accelleration": {
        "x": 0.10906799882650375,
        "y": -0.9384239912033081,
        "z": -0.30280399322509766
    },
    "position": {
        "pitch": 353.6905410372144,
        "roll": 252.12344583368503,
        "yaw": 158.72156151777878
    }
}