{
    "time": "2023-05-18T02:20:02.980462+02:00",
    "accelleration": {
        "x": 0.1105320006608963,
        "y": -0.9423279762268066,
        "z": -0.31549200415611267
    },
    "position": {
        "pitch": 353.65228813588095,
        "roll": 251.57202417142236,
        "yaw": 163.80670565674495
    }
}