{
    "time": "2023-06-09T05:40:03.151807+02:00",
    "accelleration": {
        "x": 0.11272799968719482,
        "y": -0.9420839548110962,
        "z": -0.3142719864845276
    },
    "position": {
        "pitch": 353.525895058403,
        "roll": 251.56089779326442,
        "yaw": 158.28500314678823
    }
}