{
    "time": "2023-05-28T10:30:02.492778+02:00",
    "accelleration": {
        "x": 0.11370399594306946,
        "y": -0.9406200051307678,
        "z": -0.3147599995136261
    },
    "position": {
        "pitch": 353.46619152109434,
        "roll": 251.50965771411097,
        "yaw": 109.67722425796214
    }
}