{
    "time": "2023-06-05T14:40:02.456510+02:00",
    "accelleration": {
        "x": 0.11321599781513214,
        "y": -0.9401319622993469,
        "z": -0.31378400325775146
    },
    "position": {
        "pitch": 353.4805169891048,
        "roll": 251.6192754201005,
        "yaw": 158.89877760598392
    }
}