{
    "time": "2023-05-12T13:00:03.411281+02:00",
    "accelleration": {
        "x": 0.11126399785280228,
        "y": -0.9418399930000305,
        "z": -0.25278398394584656
    },
    "position": {
        "pitch": 353.49882616494864,
        "roll": 254.91990969499582,
        "yaw": 175.1864838329032
    }
}