{
    "time": "2022-07-13T17:00:03.342159+02:00",
    "accelleration": {
        "x": 0.11249490827322006,
        "y": -0.9219653606414795,
        "z": -0.33093225955963135
    },
    "position": {
        "pitch": 353.46249126611144,
        "roll": 250.24033535875583,
        "yaw": 121.58733930241519
    }
}