{
    "time": "2023-06-15T00:10:05.044187+02:00",
    "accelleration": {
        "x": 0.11467999964952469,
        "y": -0.9415959715843201,
        "z": -0.3169559836387634
    },
    "position": {
        "pitch": 353.41730060012856,
        "roll": 251.40191147995404,
        "yaw": 158.2240778593917
    }
}