{
    "time": "2023-05-28T12:20:03.220741+02:00",
    "accelleration": {
        "x": 0.10833600163459778,
        "y": -0.9403759837150574,
        "z": -0.30817198753356934
    },
    "position": {
        "pitch": 353.74810885974705,
        "roll": 251.8573211730538,
        "yaw": 151.66639957688415
    }
}