{
    "time": "2023-06-22T01:30:03.248644+02:00",
    "accelleration": {
        "x": 0.11077599972486496,
        "y": -0.9403759837150574,
        "z": -0.3054879903793335
    },
    "position": {
        "pitch": 353.61107947018417,
        "roll": 252.0112258256217,
        "yaw": 158.20220759366933
    }
}