{
    "time": "2022-07-02T23:40:03.036912+02:00",
    "accelleration": {
        "x": 0.11055533587932587,
        "y": -0.9188294410705566,
        "z": -0.34226056933403015
    },
    "position": {
        "pitch": 353.57963968254774,
        "roll": 249.55198889420194,
        "yaw": 128.74054177865617
    }
}