{
    "time": "2023-05-03T22:30:02.468061+02:00",
    "accelleration": {
        "x": 0.11565599590539932,
        "y": -0.9418399930000305,
        "z": -0.2513200044631958
    },
    "position": {
        "pitch": 353.2412161888915,
        "roll": 255.06522196958784,
        "yaw": 123.139677376219
    }
}