{
    "time": "2023-06-11T19:00:02.618812+02:00",
    "accelleration": {
        "x": 0.1105320006608963,
        "y": -0.9389119744300842,
        "z": -0.3089039921760559
    },
    "position": {
        "pitch": 353.61700636683645,
        "roll": 251.7938482250969,
        "yaw": 158.65301373926852
    }
}