{
    "time": "2023-07-01T03:20:02.845200+02:00",
    "accelleration": {
        "x": 0.10955599695444107,
        "y": -0.9393999576568604,
        "z": -0.30914798378944397
    },
    "position": {
        "pitch": 353.679526930291,
        "roll": 251.79462003647308,
        "yaw": 158.2651955981952
    }
}