{
    "time": "2023-06-10T16:20:02.442943+02:00",
    "accelleration": {
        "x": 0.11028799414634705,
        "y": -0.9386679530143738,
        "z": -0.3111000061035156
    },
    "position": {
        "pitch": 353.63609973377436,
        "roll": 251.66723700845233,
        "yaw": 158.30139560079627
    }
}