{
    "time": "2023-06-08T02:00:02.578552+02:00",
    "accelleration": {
        "x": 0.11321599781513214,
        "y": -0.9403759837150574,
        "z": -0.31378400325775146
    },
    "position": {
        "pitch": 353.4858138008061,
        "roll": 251.55055005667185,
        "yaw": 158.4152275335037
    }
}