{
    "time": "2022-07-19T23:40:02.758148+02:00",
    "accelleration": {
        "x": 0.11201001703739166,
        "y": -0.9217241406440735,
        "z": -0.3258706331253052
    },
    "position": {
        "pitch": 353.48244566377167,
        "roll": 250.51630232198102,
        "yaw": 191.68991839703384
    }
}