{
    "time": "2022-07-14T13:40:02.852442+02:00",
    "accelleration": {
        "x": 0.10667620599269867,
        "y": -0.9202768206596375,
        "z": -0.3186397850513458
    },
    "position": {
        "pitch": 353.7548028720205,
        "roll": 250.87487359302833,
        "yaw": 117.05595958059695
    }
}