{
    "time": "2023-06-06T10:20:03.423607+02:00",
    "accelleration": {
        "x": 0.11297199875116348,
        "y": -0.9415959715843201,
        "z": -0.31549200415611267
    },
    "position": {
        "pitch": 353.5086462694278,
        "roll": 251.47911993833185,
        "yaw": 158.38189621035403
    }
}