{
    "time": "2023-06-10T00:30:02.826898+02:00",
    "accelleration": {
        "x": 0.11321599781513214,
        "y": -0.9415959715843201,
        "z": -0.31573599576950073
    },
    "position": {
        "pitch": 353.4973730422027,
        "roll": 251.46920250365702,
        "yaw": 158.5158088992213
    }
}