{
    "time": "2022-07-11T00:20:03.193066+02:00",
    "accelleration": {
        "x": 0.10861577093601227,
        "y": -0.9236539602279663,
        "z": -0.3287630081176758
    },
    "position": {
        "pitch": 353.69465110354747,
        "roll": 250.39283982254386,
        "yaw": 128.6502056966936
    }
}