{
    "time": "2022-07-11T18:10:02.427139+02:00",
    "accelleration": {
        "x": 0.10643375664949417,
        "y": -0.9217241406440735,
        "z": -0.31839877367019653
    },
    "position": {
        "pitch": 353.77430647719547,
        "roll": 250.90996027479468,
        "yaw": 160.80735102613892
    }
}