{
    "time": "2022-07-21T16:00:03.675043+02:00",
    "accelleration": {
        "x": 0.10982800275087357,
        "y": -0.9188294410705566,
        "z": -0.322496235370636
    },
    "position": {
        "pitch": 353.57966700330445,
        "roll": 250.6407551988478,
        "yaw": 176.76879277678503
    }
}