{
    "time": "2023-07-02T17:20:03.391459+02:00",
    "accelleration": {
        "x": 0.10955599695444107,
        "y": -0.9381799697875977,
        "z": -0.30621999502182007
    },
    "position": {
        "pitch": 353.66215092904247,
        "roll": 251.92562306475395,
        "yaw": 157.66262264923833
    }
}