{
    "time": "2023-06-09T21:20:02.879961+02:00",
    "accelleration": {
        "x": 0.11199599504470825,
        "y": -0.9403759837150574,
        "z": -0.30866000056266785
    },
    "position": {
        "pitch": 353.5450682531769,
        "roll": 251.82898271818743,
        "yaw": 157.42092957526827
    }
}