{
    "time": "2022-07-05T21:50:02.680239+02:00",
    "accelleration": {
        "x": 0.11249490827322006,
        "y": -0.9185882210731506,
        "z": -0.3446708619594574
    },
    "position": {
        "pitch": 353.47109132805014,
        "roll": 249.42579431909678,
        "yaw": 185.83577691979426
    }
}