{
    "time": "2023-06-09T07:00:02.962288+02:00",
    "accelleration": {
        "x": 0.1134599968791008,
        "y": -0.9398880004882812,
        "z": -0.3142719864845276
    },
    "position": {
        "pitch": 353.4736044107779,
        "roll": 251.52078409226894,
        "yaw": 158.73930634924247
    }
}